source_document_id,source_type,pmid,pmcid,doi,source_url,journal_or_agency,publication_year,license_status,reuse_category,release_evidence_rows,article_license,oa_subset_status,raw_redistribution_allowed,derived_annotation_allowed,commercial_reuse_allowed,candidate_rows,raw_text_used,raw_text_stored,license_review_status,reviewed_at,restriction_note
8,literature_signal,41078095,,10.1002/cbic.202500584,https://pubmed.ncbi.nlm.nih.gov/41078095/,ChemBioChem,2025,abstract_metadata_only,derived_annotations_only,1,abstract_metadata_only,not_applicable,false,true,unknown,3,not_stored; source-localized derived annotation only,false,conservative_source_metadata_review,2026-06-07T21:52:20+00:00,"OligoVigil redistributes source identifiers, source locations, matched terms, and curator decisions; raw article text and PDFs are not redistributed."
1002,literature_signal,41760661,PMC12954066,10.1038/s41467-026-69980-2,https://pubmed.ncbi.nlm.nih.gov/41760661/,Nat Commun,2026,abstract_metadata_only,derived_annotations_only,1,abstract_metadata_only,pmcid_present_license_not_verified,false,true,unknown,5,not_stored; source-localized derived annotation only,false,conservative_source_metadata_review,2026-06-07T21:52:20+00:00,"OligoVigil redistributes source identifiers, source locations, matched terms, and curator decisions; raw article text and PDFs are not redistributed."
1003,method_reference,40877521,,10.1007/978-1-0716-4742-4_24,https://pubmed.ncbi.nlm.nih.gov/40877521/,Methods Mol Biol,2025,abstract_metadata_only,derived_annotations_only,1,abstract_metadata_only,not_applicable,false,true,unknown,3,not_stored; source-localized derived annotation only,false,conservative_source_metadata_review,2026-06-07T21:52:20+00:00,"OligoVigil redistributes source identifiers, source locations, matched terms, and curator decisions; raw article text and PDFs are not redistributed."
1011,literature_signal,40134378,,10.1089/nat.2024.0090,https://pubmed.ncbi.nlm.nih.gov/40134378/,Nucleic Acid Ther,2025,abstract_metadata_only,derived_annotations_only,1,abstract_metadata_only,not_applicable,false,true,unknown,5,not_stored; source-localized derived annotation only,false,conservative_source_metadata_review,2026-06-07T21:52:20+00:00,"OligoVigil redistributes source identifiers, source locations, matched terms, and curator decisions; raw article text and PDFs are not redistributed."
1013,clinical_context,40263630,PMC12283366,10.1038/s41591-025-03656-0,https://pubmed.ncbi.nlm.nih.gov/40263630/,Nat Med,2025,abstract_metadata_only,derived_annotations_only,1,abstract_metadata_only,pmcid_present_license_not_verified,false,true,unknown,2,not_stored; source-localized derived annotation only,false,conservative_source_metadata_review,2026-06-07T21:52:20+00:00,"OligoVigil redistributes source identifiers, source locations, matched terms, and curator decisions; raw article text and PDFs are not redistributed."
1014,clinical_context,39798707,,10.1016/j.jhep.2024.12.046,https://pubmed.ncbi.nlm.nih.gov/39798707/,J Hepatol,2025,abstract_metadata_only,derived_annotations_only,1,abstract_metadata_only,not_applicable,false,true,unknown,2,not_stored; source-localized derived annotation only,false,conservative_source_metadata_review,2026-06-07T21:52:20+00:00,"OligoVigil redistributes source identifiers, source locations, matched terms, and curator decisions; raw article text and PDFs are not redistributed."
1015,clinical_context,39829133,PMC11743982,10.1002/brb3.70221,https://pubmed.ncbi.nlm.nih.gov/39829133/,Brain Behav,2025,abstract_metadata_only,derived_annotations_only,1,abstract_metadata_only,pmcid_present_license_not_verified,false,true,unknown,1,not_stored; source-localized derived annotation only,false,conservative_source_metadata_review,2026-06-07T21:52:20+00:00,"OligoVigil redistributes source identifiers, source locations, matched terms, and curator decisions; raw article text and PDFs are not redistributed."
1020,literature_signal,40098305,PMC12044654,10.1111/cas.70024,https://pubmed.ncbi.nlm.nih.gov/40098305/,Cancer Sci,2025,abstract_metadata_only,derived_annotations_only,1,abstract_metadata_only,pmcid_present_license_not_verified,false,true,unknown,4,not_stored; source-localized derived annotation only,false,conservative_source_metadata_review,2026-06-07T21:52:20+00:00,"OligoVigil redistributes source identifiers, source locations, matched terms, and curator decisions; raw article text and PDFs are not redistributed."
1028,literature_discovery,41467114,PMC12744863,10.1016/j.omtn.2025.102692,https://pubmed.ncbi.nlm.nih.gov/41467114/,Mol Ther Nucleic Acids,2025,abstract_metadata_only,derived_annotations_only,1,abstract_metadata_only,pmcid_present_license_not_verified,false,true,unknown,3,not_stored; source-localized derived annotation only,false,conservative_source_metadata_review,2026-06-07T21:52:20+00:00,"OligoVigil redistributes source identifiers, source locations, matched terms, and curator decisions; raw article text and PDFs are not redistributed."
1029,literature_discovery,41500580,,10.2131/jts.51.75,https://pubmed.ncbi.nlm.nih.gov/41500580/,J Toxicol Sci,2026,abstract_metadata_only,derived_annotations_only,1,abstract_metadata_only,not_applicable,false,true,unknown,3,not_stored; source-localized derived annotation only,false,conservative_source_metadata_review,2026-06-07T21:52:20+00:00,"OligoVigil redistributes source identifiers, source locations, matched terms, and curator decisions; raw article text and PDFs are not redistributed."
1030,literature_discovery,41021771,PMC12478598,10.1111/cts.70344,https://pubmed.ncbi.nlm.nih.gov/41021771/,Clin Transl Sci,2025,abstract_metadata_only,derived_annotations_only,1,abstract_metadata_only,pmcid_present_license_not_verified,false,true,unknown,4,not_stored; source-localized derived annotation only,false,conservative_source_metadata_review,2026-06-07T21:52:20+00:00,"OligoVigil redistributes source identifiers, source locations, matched terms, and curator decisions; raw article text and PDFs are not redistributed."
1031,literature_discovery,41994868,PMC13096799,10.1093/nar/gkag345,https://pubmed.ncbi.nlm.nih.gov/41994868/,Nucleic Acids Res,2026,abstract_metadata_only,derived_annotations_only,2,abstract_metadata_only,pmcid_present_license_not_verified,false,true,unknown,3,not_stored; source-localized derived annotation only,false,conservative_source_metadata_review,2026-06-07T21:52:20+00:00,"OligoVigil redistributes source identifiers, source locations, matched terms, and curator decisions; raw article text and PDFs are not redistributed."
1033,literature_discovery,42172871,,10.1016/j.dmd.2026.100304,https://pubmed.ncbi.nlm.nih.gov/42172871/,Drug Metab Dispos,2026,abstract_metadata_only,derived_annotations_only,1,abstract_metadata_only,not_applicable,false,true,unknown,4,not_stored; source-localized derived annotation only,false,conservative_source_metadata_review,2026-06-07T21:52:20+00:00,"OligoVigil redistributes source identifiers, source locations, matched terms, and curator decisions; raw article text and PDFs are not redistributed."
1035,literature_discovery,41918821,PMC13034028,10.1093/narmme/ugag016,https://pubmed.ncbi.nlm.nih.gov/41918821/,NAR Mol Med,2026,abstract_metadata_only,derived_annotations_only,2,abstract_metadata_only,pmcid_present_license_not_verified,false,true,unknown,3,not_stored; source-localized derived annotation only,false,conservative_source_metadata_review,2026-06-07T21:52:20+00:00,"OligoVigil redistributes source identifiers, source locations, matched terms, and curator decisions; raw article text and PDFs are not redistributed."
1037,literature_discovery,41792408,,10.1007/s11626-026-01154-2,https://pubmed.ncbi.nlm.nih.gov/41792408/,In Vitro Cell Dev Biol Anim,2026,abstract_metadata_only,derived_annotations_only,1,abstract_metadata_only,not_applicable,false,true,unknown,2,not_stored; source-localized derived annotation only,false,conservative_source_metadata_review,2026-06-07T21:52:20+00:00,"OligoVigil redistributes source identifiers, source locations, matched terms, and curator decisions; raw article text and PDFs are not redistributed."
1040,literature_discovery,41186228,PMC12691668,10.1128/aac.00679-25,https://pubmed.ncbi.nlm.nih.gov/41186228/,Antimicrob Agents Chemother,2025,abstract_metadata_only,derived_annotations_only,1,abstract_metadata_only,pmcid_present_license_not_verified,false,true,unknown,2,not_stored; source-localized derived annotation only,false,conservative_source_metadata_review,2026-06-07T21:52:20+00:00,"OligoVigil redistributes source identifiers, source locations, matched terms, and curator decisions; raw article text and PDFs are not redistributed."
1041,literature_discovery,39850319,PMC11754010,10.1016/j.omtn.2024.102387,https://pubmed.ncbi.nlm.nih.gov/39850319/,Mol Ther Nucleic Acids,2025,abstract_metadata_only,derived_annotations_only,1,abstract_metadata_only,pmcid_present_license_not_verified,false,true,unknown,4,not_stored; source-localized derived annotation only,false,conservative_source_metadata_review,2026-06-07T21:52:20+00:00,"OligoVigil redistributes source identifiers, source locations, matched terms, and curator decisions; raw article text and PDFs are not redistributed."
1043,literature_discovery,41978261,PMC13076217,10.1093/nar/gkag311,https://pubmed.ncbi.nlm.nih.gov/41978261/,Nucleic Acids Res,2026,abstract_metadata_only,derived_annotations_only,1,abstract_metadata_only,pmcid_present_license_not_verified,false,true,unknown,3,not_stored; source-localized derived annotation only,false,conservative_source_metadata_review,2026-06-07T21:52:20+00:00,"OligoVigil redistributes source identifiers, source locations, matched terms, and curator decisions; raw article text and PDFs are not redistributed."
1044,literature_discovery,41494985,PMC12865454,10.1093/nar/gkaf1333,https://pubmed.ncbi.nlm.nih.gov/41494985/,Nucleic Acids Res,2026,abstract_metadata_only,derived_annotations_only,1,abstract_metadata_only,pmcid_present_license_not_verified,false,true,unknown,4,not_stored; source-localized derived annotation only,false,conservative_source_metadata_review,2026-06-07T21:52:20+00:00,"OligoVigil redistributes source identifiers, source locations, matched terms, and curator decisions; raw article text and PDFs are not redistributed."
1048,literature_discovery,40899091,,10.1177/21593337251375804,https://pubmed.ncbi.nlm.nih.gov/40899091/,Nucleic Acid Ther,2025,abstract_metadata_only,derived_annotations_only,1,abstract_metadata_only,not_applicable,false,true,unknown,1,not_stored; source-localized derived annotation only,false,conservative_source_metadata_review,2026-06-07T21:52:20+00:00,"OligoVigil redistributes source identifiers, source locations, matched terms, and curator decisions; raw article text and PDFs are not redistributed."
1049,literature_discovery,40151235,PMC11938030,10.1021/jacsau.5c00012,https://pubmed.ncbi.nlm.nih.gov/40151235/,JACS Au,2025,abstract_metadata_only,derived_annotations_only,1,abstract_metadata_only,pmcid_present_license_not_verified,false,true,unknown,4,not_stored; source-localized derived annotation only,false,conservative_source_metadata_review,2026-06-07T21:52:20+00:00,"OligoVigil redistributes source identifiers, source locations, matched terms, and curator decisions; raw article text and PDFs are not redistributed."
1051,literature_discovery,42176239,,10.1007/s12072-026-11102-7,https://pubmed.ncbi.nlm.nih.gov/42176239/,Hepatol Int,2026,abstract_metadata_only,derived_annotations_only,1,abstract_metadata_only,not_applicable,false,true,unknown,2,not_stored; source-localized derived annotation only,false,conservative_source_metadata_review,2026-06-07T21:52:20+00:00,"OligoVigil redistributes source identifiers, source locations, matched terms, and curator decisions; raw article text and PDFs are not redistributed."
1055,literature_discovery,42095135,PMC13140060,10.1016/j.omtn.2026.102930,https://pubmed.ncbi.nlm.nih.gov/42095135/,Mol Ther Nucleic Acids,2026,abstract_metadata_only,derived_annotations_only,2,abstract_metadata_only,pmcid_present_license_not_verified,false,true,unknown,3,not_stored; source-localized derived annotation only,false,conservative_source_metadata_review,2026-06-07T21:52:20+00:00,"OligoVigil redistributes source identifiers, source locations, matched terms, and curator decisions; raw article text and PDFs are not redistributed."
1058,literature_discovery,41981306,PMC13099374,10.1038/s41591-026-04314-9,https://pubmed.ncbi.nlm.nih.gov/41981306/,Nat Med,2026,abstract_metadata_only,derived_annotations_only,2,abstract_metadata_only,pmcid_present_license_not_verified,false,true,unknown,2,not_stored; source-localized derived annotation only,false,conservative_source_metadata_review,2026-06-07T21:52:20+00:00,"OligoVigil redistributes source identifiers, source locations, matched terms, and curator decisions; raw article text and PDFs are not redistributed."
1059,literature_discovery,41949334,PMC13059674,10.1111/cts.70536,https://pubmed.ncbi.nlm.nih.gov/41949334/,Clin Transl Sci,2026,abstract_metadata_only,derived_annotations_only,1,abstract_metadata_only,pmcid_present_license_not_verified,false,true,unknown,7,not_stored; source-localized derived annotation only,false,conservative_source_metadata_review,2026-06-07T21:52:20+00:00,"OligoVigil redistributes source identifiers, source locations, matched terms, and curator decisions; raw article text and PDFs are not redistributed."
1062,literature_discovery,41878536,PMC13006219,10.3389/fonc.2026.1659341,https://pubmed.ncbi.nlm.nih.gov/41878536/,Front Oncol,2026,abstract_metadata_only,derived_annotations_only,1,abstract_metadata_only,pmcid_present_license_not_verified,false,true,unknown,2,not_stored; source-localized derived annotation only,false,conservative_source_metadata_review,2026-06-07T21:52:20+00:00,"OligoVigil redistributes source identifiers, source locations, matched terms, and curator decisions; raw article text and PDFs are not redistributed."
1063,literature_discovery,41876647,,10.1038/s41591-026-04262-4,https://pubmed.ncbi.nlm.nih.gov/41876647/,Nat Med,2026,abstract_metadata_only,derived_annotations_only,1,abstract_metadata_only,not_applicable,false,true,unknown,2,not_stored; source-localized derived annotation only,false,conservative_source_metadata_review,2026-06-07T21:52:20+00:00,"OligoVigil redistributes source identifiers, source locations, matched terms, and curator decisions; raw article text and PDFs are not redistributed."
1064,literature_discovery,41813449,,10.1016/j.nmd.2025.106256,https://pubmed.ncbi.nlm.nih.gov/41813449/,Neuromuscul Disord,2026,abstract_metadata_only,derived_annotations_only,1,abstract_metadata_only,not_applicable,false,true,unknown,2,not_stored; source-localized derived annotation only,false,conservative_source_metadata_review,2026-06-07T21:52:20+00:00,"OligoVigil redistributes source identifiers, source locations, matched terms, and curator decisions; raw article text and PDFs are not redistributed."
1065,literature_discovery,41754970,PMC12944301,10.3390/pharmaceutics18020228,https://pubmed.ncbi.nlm.nih.gov/41754970/,Pharmaceutics,2026,abstract_metadata_only,derived_annotations_only,1,abstract_metadata_only,pmcid_present_license_not_verified,false,true,unknown,3,not_stored; source-localized derived annotation only,false,conservative_source_metadata_review,2026-06-07T21:52:20+00:00,"OligoVigil redistributes source identifiers, source locations, matched terms, and curator decisions; raw article text and PDFs are not redistributed."
1069,literature_discovery,41541269,PMC12800395,10.1016/j.omtn.2025.102801,https://pubmed.ncbi.nlm.nih.gov/41541269/,Mol Ther Nucleic Acids,2026,abstract_metadata_only,derived_annotations_only,1,abstract_metadata_only,pmcid_present_license_not_verified,false,true,unknown,5,not_stored; source-localized derived annotation only,false,conservative_source_metadata_review,2026-06-07T21:52:20+00:00,"OligoVigil redistributes source identifiers, source locations, matched terms, and curator decisions; raw article text and PDFs are not redistributed."
1075,literature_discovery,41085094,PMC12856967,10.1002/cpdd.1615,https://pubmed.ncbi.nlm.nih.gov/41085094/,Clin Pharmacol Drug Dev,2026,abstract_metadata_only,derived_annotations_only,1,abstract_metadata_only,pmcid_present_license_not_verified,false,true,unknown,2,not_stored; source-localized derived annotation only,false,conservative_source_metadata_review,2026-06-07T21:52:20+00:00,"OligoVigil redistributes source identifiers, source locations, matched terms, and curator decisions; raw article text and PDFs are not redistributed."
1077,literature_discovery,41457341,,10.1177/01926233251404016,https://pubmed.ncbi.nlm.nih.gov/41457341/,Toxicol Pathol,2025,abstract_metadata_only,derived_annotations_only,1,abstract_metadata_only,not_applicable,false,true,unknown,2,not_stored; source-localized derived annotation only,false,conservative_source_metadata_review,2026-06-07T21:52:20+00:00,"OligoVigil redistributes source identifiers, source locations, matched terms, and curator decisions; raw article text and PDFs are not redistributed."
1080,literature_discovery,41166443,PMC12574672,10.1093/nar/gkaf487,https://pubmed.ncbi.nlm.nih.gov/41166443/,Nucleic Acids Res,2025,abstract_metadata_only,derived_annotations_only,1,abstract_metadata_only,pmcid_present_license_not_verified,false,true,unknown,3,not_stored; source-localized derived annotation only,false,conservative_source_metadata_review,2026-06-07T21:52:20+00:00,"OligoVigil redistributes source identifiers, source locations, matched terms, and curator decisions; raw article text and PDFs are not redistributed."
1108,literature_discovery,40134366,,10.1089/nat.2024.0047,https://pubmed.ncbi.nlm.nih.gov/40134366/,Nucleic Acid Ther,2025,abstract_metadata_only,derived_annotations_only,1,abstract_metadata_only,not_applicable,false,true,unknown,1,not_stored; source-localized derived annotation only,false,conservative_source_metadata_review,2026-06-07T21:52:20+00:00,"OligoVigil redistributes source identifiers, source locations, matched terms, and curator decisions; raw article text and PDFs are not redistributed."
1110,literature_discovery,38978695,PMC11229412,10.1016/j.omtn.2024.102161,https://pubmed.ncbi.nlm.nih.gov/38978695/,Mol Ther Nucleic Acids,2024,abstract_metadata_only,derived_annotations_only,1,abstract_metadata_only,pmcid_present_license_not_verified,false,true,unknown,4,not_stored; source-localized derived annotation only,false,conservative_source_metadata_review,2026-06-07T21:52:20+00:00,"OligoVigil redistributes source identifiers, source locations, matched terms, and curator decisions; raw article text and PDFs are not redistributed."
1112,literature_discovery,38227794,,10.1089/nat.2023.0026,https://pubmed.ncbi.nlm.nih.gov/38227794/,Nucleic Acid Ther,2024,abstract_metadata_only,derived_annotations_only,1,abstract_metadata_only,not_applicable,false,true,unknown,4,not_stored; source-localized derived annotation only,false,conservative_source_metadata_review,2026-06-07T21:52:20+00:00,"OligoVigil redistributes source identifiers, source locations, matched terms, and curator decisions; raw article text and PDFs are not redistributed."
1115,literature_discovery,39554992,PMC11567125,10.1016/j.omtn.2024.102359,https://pubmed.ncbi.nlm.nih.gov/39554992/,Mol Ther Nucleic Acids,2024,abstract_metadata_only,derived_annotations_only,1,abstract_metadata_only,pmcid_present_license_not_verified,false,true,unknown,3,not_stored; source-localized derived annotation only,false,conservative_source_metadata_review,2026-06-07T21:52:20+00:00,"OligoVigil redistributes source identifiers, source locations, matched terms, and curator decisions; raw article text and PDFs are not redistributed."
1117,literature_discovery,38089931,PMC10711485,10.1016/j.omtn.2023.102080,https://pubmed.ncbi.nlm.nih.gov/38089931/,Mol Ther Nucleic Acids,2023,abstract_metadata_only,derived_annotations_only,1,abstract_metadata_only,pmcid_present_license_not_verified,false,true,unknown,3,not_stored; source-localized derived annotation only,false,conservative_source_metadata_review,2026-06-07T21:52:20+00:00,"OligoVigil redistributes source identifiers, source locations, matched terms, and curator decisions; raw article text and PDFs are not redistributed."
1127,literature_discovery,40967408,,10.1016/j.jconrel.2025.114239,https://pubmed.ncbi.nlm.nih.gov/40967408/,J Control Release,2025,abstract_metadata_only,derived_annotations_only,1,abstract_metadata_only,not_applicable,false,true,unknown,1,not_stored; source-localized derived annotation only,false,conservative_source_metadata_review,2026-06-07T21:52:20+00:00,"OligoVigil redistributes source identifiers, source locations, matched terms, and curator decisions; raw article text and PDFs are not redistributed."
1131,literature_discovery,40101742,PMC12043408,10.1093/jimmun/vkae055,https://pubmed.ncbi.nlm.nih.gov/40101742/,J Immunol,2025,abstract_metadata_only,derived_annotations_only,1,abstract_metadata_only,pmcid_present_license_not_verified,false,true,unknown,4,not_stored; source-localized derived annotation only,false,conservative_source_metadata_review,2026-06-07T21:52:20+00:00,"OligoVigil redistributes source identifiers, source locations, matched terms, and curator decisions; raw article text and PDFs are not redistributed."
1133,literature_discovery,39500647,,10.1016/j.jcf.2024.10.004,https://pubmed.ncbi.nlm.nih.gov/39500647/,J Cyst Fibros,2025,abstract_metadata_only,derived_annotations_only,1,abstract_metadata_only,not_applicable,false,true,unknown,2,not_stored; source-localized derived annotation only,false,conservative_source_metadata_review,2026-06-07T21:52:20+00:00,"OligoVigil redistributes source identifiers, source locations, matched terms, and curator decisions; raw article text and PDFs are not redistributed."
1135,literature_discovery,39119918,PMC11417397,10.1093/nar/gkae686,https://pubmed.ncbi.nlm.nih.gov/39119918/,Nucleic Acids Res,2024,abstract_metadata_only,derived_annotations_only,1,abstract_metadata_only,pmcid_present_license_not_verified,false,true,unknown,3,not_stored; source-localized derived annotation only,false,conservative_source_metadata_review,2026-06-07T21:52:20+00:00,"OligoVigil redistributes source identifiers, source locations, matched terms, and curator decisions; raw article text and PDFs are not redistributed."
1136,literature_discovery,38042877,PMC10693639,10.1038/s41467-023-43714-0,https://pubmed.ncbi.nlm.nih.gov/38042877/,Nat Commun,2023,abstract_metadata_only,derived_annotations_only,2,abstract_metadata_only,pmcid_present_license_not_verified,false,true,unknown,4,not_stored; source-localized derived annotation only,false,conservative_source_metadata_review,2026-06-07T21:52:20+00:00,"OligoVigil redistributes source identifiers, source locations, matched terms, and curator decisions; raw article text and PDFs are not redistributed."
1137,literature_discovery,37638886,,10.1021/jacs.3c04744,https://pubmed.ncbi.nlm.nih.gov/37638886/,J Am Chem Soc,2023,abstract_metadata_only,derived_annotations_only,1,abstract_metadata_only,not_applicable,false,true,unknown,3,not_stored; source-localized derived annotation only,false,conservative_source_metadata_review,2026-06-07T21:52:20+00:00,"OligoVigil redistributes source identifiers, source locations, matched terms, and curator decisions; raw article text and PDFs are not redistributed."
1138,literature_discovery,37185731,PMC10137061,10.3390/cimb45040207,https://pubmed.ncbi.nlm.nih.gov/37185731/,Curr Issues Mol Biol,2023,abstract_metadata_only,derived_annotations_only,1,abstract_metadata_only,pmcid_present_license_not_verified,false,true,unknown,3,not_stored; source-localized derived annotation only,false,conservative_source_metadata_review,2026-06-07T21:52:20+00:00,"OligoVigil redistributes source identifiers, source locations, matched terms, and curator decisions; raw article text and PDFs are not redistributed."
1148,literature_discovery,36631935,PMC10087069,10.1111/cts.13476,https://pubmed.ncbi.nlm.nih.gov/36631935/,Clin Transl Sci,2023,abstract_metadata_only,derived_annotations_only,1,abstract_metadata_only,pmcid_present_license_not_verified,false,true,unknown,3,not_stored; source-localized derived annotation only,false,conservative_source_metadata_review,2026-06-07T21:52:20+00:00,"OligoVigil redistributes source identifiers, source locations, matched terms, and curator decisions; raw article text and PDFs are not redistributed."
1149,literature_discovery,42052104,PMC13112037,10.2147/DDDT.S589997,https://pubmed.ncbi.nlm.nih.gov/42052104/,Drug Des Devel Ther,2026,abstract_metadata_only,derived_annotations_only,1,abstract_metadata_only,pmcid_present_license_not_verified,false,true,unknown,3,not_stored; source-localized derived annotation only,false,conservative_source_metadata_review,2026-06-07T21:52:20+00:00,"OligoVigil redistributes source identifiers, source locations, matched terms, and curator decisions; raw article text and PDFs are not redistributed."
1150,literature_discovery,42030965,,10.1016/S0140-6736(26)00690-2,https://pubmed.ncbi.nlm.nih.gov/42030965/,Lancet,2026,abstract_metadata_only,derived_annotations_only,1,abstract_metadata_only,not_applicable,false,true,unknown,2,not_stored; source-localized derived annotation only,false,conservative_source_metadata_review,2026-06-07T21:52:20+00:00,"OligoVigil redistributes source identifiers, source locations, matched terms, and curator decisions; raw article text and PDFs are not redistributed."
1151,literature_discovery,41984094,,10.1007/s00204-026-04370-7,https://pubmed.ncbi.nlm.nih.gov/41984094/,Arch Toxicol,2026,abstract_metadata_only,derived_annotations_only,1,abstract_metadata_only,not_applicable,false,true,unknown,3,not_stored; source-localized derived annotation only,false,conservative_source_metadata_review,2026-06-07T21:52:20+00:00,"OligoVigil redistributes source identifiers, source locations, matched terms, and curator decisions; raw article text and PDFs are not redistributed."
1152,literature_discovery,41970250,PMC13067123,10.1016/j.mtbio.2026.103059,https://pubmed.ncbi.nlm.nih.gov/41970250/,Mater Today Bio,2026,abstract_metadata_only,derived_annotations_only,1,abstract_metadata_only,pmcid_present_license_not_verified,false,true,unknown,5,not_stored; source-localized derived annotation only,false,conservative_source_metadata_review,2026-06-07T21:52:20+00:00,"OligoVigil redistributes source identifiers, source locations, matched terms, and curator decisions; raw article text and PDFs are not redistributed."
1154,literature_discovery,41646886,PMC12870468,10.1016/j.omtn.2026.102835,https://pubmed.ncbi.nlm.nih.gov/41646886/,Mol Ther Nucleic Acids,2026,abstract_metadata_only,derived_annotations_only,2,abstract_metadata_only,pmcid_present_license_not_verified,false,true,unknown,3,not_stored; source-localized derived annotation only,false,conservative_source_metadata_review,2026-06-07T21:52:20+00:00,"OligoVigil redistributes source identifiers, source locations, matched terms, and curator decisions; raw article text and PDFs are not redistributed."
1155,literature_discovery,41616799,,10.1016/S2213-8587(25)00351-1,https://pubmed.ncbi.nlm.nih.gov/41616799/,Lancet Diabetes Endocrinol,2026,abstract_metadata_only,derived_annotations_only,1,abstract_metadata_only,not_applicable,false,true,unknown,2,not_stored; source-localized derived annotation only,false,conservative_source_metadata_review,2026-06-07T21:52:20+00:00,"OligoVigil redistributes source identifiers, source locations, matched terms, and curator decisions; raw article text and PDFs are not redistributed."
1157,literature_discovery,41467115,PMC12744844,10.1016/j.omtn.2025.102693,https://pubmed.ncbi.nlm.nih.gov/41467115/,Mol Ther Nucleic Acids,2025,abstract_metadata_only,derived_annotations_only,3,abstract_metadata_only,pmcid_present_license_not_verified,false,true,unknown,3,not_stored; source-localized derived annotation only,false,conservative_source_metadata_review,2026-06-07T21:52:20+00:00,"OligoVigil redistributes source identifiers, source locations, matched terms, and curator decisions; raw article text and PDFs are not redistributed."
1160,literature_discovery,40654713,PMC12247940,10.1101/2025.05.01.651722,https://pubmed.ncbi.nlm.nih.gov/40654713/,bioRxiv,2025,abstract_metadata_only,derived_annotations_only,1,abstract_metadata_only,pmcid_present_license_not_verified,false,true,unknown,2,not_stored; source-localized derived annotation only,false,conservative_source_metadata_review,2026-06-07T21:52:20+00:00,"OligoVigil redistributes source identifiers, source locations, matched terms, and curator decisions; raw article text and PDFs are not redistributed."
1161,literature_discovery,39580013,,10.1016/j.yrtph.2024.105743,https://pubmed.ncbi.nlm.nih.gov/39580013/,Regul Toxicol Pharmacol,2025,abstract_metadata_only,derived_annotations_only,1,abstract_metadata_only,not_applicable,false,true,unknown,2,not_stored; source-localized derived annotation only,false,conservative_source_metadata_review,2026-06-07T21:52:20+00:00,"OligoVigil redistributes source identifiers, source locations, matched terms, and curator decisions; raw article text and PDFs are not redistributed."
1164,literature_discovery,37920238,PMC10618110,10.1016/j.omtm.2023.101122,https://pubmed.ncbi.nlm.nih.gov/37920238/,Mol Ther Methods Clin Dev,2023,abstract_metadata_only,derived_annotations_only,1,abstract_metadata_only,pmcid_present_license_not_verified,false,true,unknown,5,not_stored; source-localized derived annotation only,false,conservative_source_metadata_review,2026-06-07T21:52:20+00:00,"OligoVigil redistributes source identifiers, source locations, matched terms, and curator decisions; raw article text and PDFs are not redistributed."
1166,literature_discovery,37497888,,10.1002/ajh.27015,https://pubmed.ncbi.nlm.nih.gov/37497888/,Am J Hematol,2023,abstract_metadata_only,derived_annotations_only,1,abstract_metadata_only,not_applicable,false,true,unknown,4,not_stored; source-localized derived annotation only,false,conservative_source_metadata_review,2026-06-07T21:52:20+00:00,"OligoVigil redistributes source identifiers, source locations, matched terms, and curator decisions; raw article text and PDFs are not redistributed."
1167,literature_discovery,37365583,PMC10294514,10.1186/s13045-023-01468-8,https://pubmed.ncbi.nlm.nih.gov/37365583/,J Hematol Oncol,2023,abstract_metadata_only,derived_annotations_only,1,abstract_metadata_only,pmcid_present_license_not_verified,false,true,unknown,3,not_stored; source-localized derived annotation only,false,conservative_source_metadata_review,2026-06-07T21:52:20+00:00,"OligoVigil redistributes source identifiers, source locations, matched terms, and curator decisions; raw article text and PDFs are not redistributed."
1173,literature_discovery,41984862,PMC13082648,10.1371/journal.pone.0347417,https://pubmed.ncbi.nlm.nih.gov/41984862/,PLoS One,2026,abstract_metadata_only,derived_annotations_only,1,abstract_metadata_only,pmcid_present_license_not_verified,false,true,unknown,2,not_stored; source-localized derived annotation only,false,conservative_source_metadata_review,2026-06-07T21:52:20+00:00,"OligoVigil redistributes source identifiers, source locations, matched terms, and curator decisions; raw article text and PDFs are not redistributed."
1176,literature_discovery,42198843,,10.1016/j.ymthe.2026.05.010,https://pubmed.ncbi.nlm.nih.gov/42198843/,Mol Ther,2026,abstract_metadata_only,derived_annotations_only,1,abstract_metadata_only,not_applicable,false,true,unknown,4,not_stored; source-localized derived annotation only,false,conservative_source_metadata_review,2026-06-07T21:52:20+00:00,"OligoVigil redistributes source identifiers, source locations, matched terms, and curator decisions; raw article text and PDFs are not redistributed."
1179,literature_discovery,42141407,,10.1186/s12872-026-05931-5,https://pubmed.ncbi.nlm.nih.gov/42141407/,BMC Cardiovasc Disord,2026,abstract_metadata_only,derived_annotations_only,1,abstract_metadata_only,not_applicable,false,true,unknown,2,not_stored; source-localized derived annotation only,false,conservative_source_metadata_review,2026-06-07T21:52:20+00:00,"OligoVigil redistributes source identifiers, source locations, matched terms, and curator decisions; raw article text and PDFs are not redistributed."
1182,literature_discovery,42108101,,10.5551/jat.66214,https://pubmed.ncbi.nlm.nih.gov/42108101/,J Atheroscler Thromb,2026,abstract_metadata_only,derived_annotations_only,1,abstract_metadata_only,not_applicable,false,true,unknown,2,not_stored; source-localized derived annotation only,false,conservative_source_metadata_review,2026-06-07T21:52:20+00:00,"OligoVigil redistributes source identifiers, source locations, matched terms, and curator decisions; raw article text and PDFs are not redistributed."
1185,literature_discovery,42033225,PMC13109722,10.1093/nar/gkag343,https://pubmed.ncbi.nlm.nih.gov/42033225/,Nucleic Acids Res,2026,abstract_metadata_only,derived_annotations_only,1,abstract_metadata_only,pmcid_present_license_not_verified,false,true,unknown,3,not_stored; source-localized derived annotation only,false,conservative_source_metadata_review,2026-06-07T21:52:20+00:00,"OligoVigil redistributes source identifiers, source locations, matched terms, and curator decisions; raw article text and PDFs are not redistributed."
1192,literature_discovery,41923247,PMC13169958,10.1186/s12951-026-04312-6,https://pubmed.ncbi.nlm.nih.gov/41923247/,J Nanobiotechnology,2026,abstract_metadata_only,derived_annotations_only,1,abstract_metadata_only,pmcid_present_license_not_verified,false,true,unknown,5,not_stored; source-localized derived annotation only,false,conservative_source_metadata_review,2026-06-07T21:52:20+00:00,"OligoVigil redistributes source identifiers, source locations, matched terms, and curator decisions; raw article text and PDFs are not redistributed."
1193,literature_discovery,41919978,PMC13085844,10.1021/acsnano.5c21452,https://pubmed.ncbi.nlm.nih.gov/41919978/,ACS Nano,2026,abstract_metadata_only,derived_annotations_only,1,abstract_metadata_only,pmcid_present_license_not_verified,false,true,unknown,4,not_stored; source-localized derived annotation only,false,conservative_source_metadata_review,2026-06-07T21:52:20+00:00,"OligoVigil redistributes source identifiers, source locations, matched terms, and curator decisions; raw article text and PDFs are not redistributed."
1196,literature_discovery,41907143,PMC13021479,10.3389/fmolb.2026.1785592,https://pubmed.ncbi.nlm.nih.gov/41907143/,Front Mol Biosci,2026,abstract_metadata_only,derived_annotations_only,1,abstract_metadata_only,pmcid_present_license_not_verified,false,true,unknown,3,not_stored; source-localized derived annotation only,false,conservative_source_metadata_review,2026-06-07T21:52:20+00:00,"OligoVigil redistributes source identifiers, source locations, matched terms, and curator decisions; raw article text and PDFs are not redistributed."
1201,literature_discovery,41860775,,10.2459/JCM.0000000000001852,https://pubmed.ncbi.nlm.nih.gov/41860775/,J Cardiovasc Med (Hagerstown),2026,abstract_metadata_only,derived_annotations_only,1,abstract_metadata_only,not_applicable,false,true,unknown,2,not_stored; source-localized derived annotation only,false,conservative_source_metadata_review,2026-06-07T21:52:20+00:00,"OligoVigil redistributes source identifiers, source locations, matched terms, and curator decisions; raw article text and PDFs are not redistributed."
1202,literature_discovery,41847300,PMC12990253,10.1016/j.bbrep.2026.102534,https://pubmed.ncbi.nlm.nih.gov/41847300/,Biochem Biophys Rep,2026,abstract_metadata_only,derived_annotations_only,1,abstract_metadata_only,pmcid_present_license_not_verified,false,true,unknown,3,not_stored; source-localized derived annotation only,false,conservative_source_metadata_review,2026-06-07T21:52:20+00:00,"OligoVigil redistributes source identifiers, source locations, matched terms, and curator decisions; raw article text and PDFs are not redistributed."
1209,literature_discovery,41708903,,10.1007/s13346-026-02076-y,https://pubmed.ncbi.nlm.nih.gov/41708903/,Drug Deliv Transl Res,2026,abstract_metadata_only,derived_annotations_only,2,abstract_metadata_only,not_applicable,false,true,unknown,4,not_stored; source-localized derived annotation only,false,conservative_source_metadata_review,2026-06-07T21:52:20+00:00,"OligoVigil redistributes source identifiers, source locations, matched terms, and curator decisions; raw article text and PDFs are not redistributed."
1210,literature_discovery,41704705,PMC12907196,10.3389/fmed.2026.1719202,https://pubmed.ncbi.nlm.nih.gov/41704705/,Front Med (Lausanne),2026,abstract_metadata_only,derived_annotations_only,3,abstract_metadata_only,pmcid_present_license_not_verified,false,true,unknown,3,not_stored; source-localized derived annotation only,false,conservative_source_metadata_review,2026-06-07T21:52:20+00:00,"OligoVigil redistributes source identifiers, source locations, matched terms, and curator decisions; raw article text and PDFs are not redistributed."
1213,literature_discovery,41583579,PMC12828233,10.1093/narmme/ugag001,https://pubmed.ncbi.nlm.nih.gov/41583579/,NAR Mol Med,2026,abstract_metadata_only,derived_annotations_only,1,abstract_metadata_only,pmcid_present_license_not_verified,false,true,unknown,3,not_stored; source-localized derived annotation only,false,conservative_source_metadata_review,2026-06-07T21:52:20+00:00,"OligoVigil redistributes source identifiers, source locations, matched terms, and curator decisions; raw article text and PDFs are not redistributed."
1215,literature_discovery,41399312,PMC12877987,10.1002/smll.202509094,https://pubmed.ncbi.nlm.nih.gov/41399312/,Small,2026,abstract_metadata_only,derived_annotations_only,1,abstract_metadata_only,pmcid_present_license_not_verified,false,true,unknown,3,not_stored; source-localized derived annotation only,false,conservative_source_metadata_review,2026-06-07T21:52:20+00:00,"OligoVigil redistributes source identifiers, source locations, matched terms, and curator decisions; raw article text and PDFs are not redistributed."
1217,literature_discovery,41289434,,10.1097/FJC.0000000000001778,https://pubmed.ncbi.nlm.nih.gov/41289434/,J Cardiovasc Pharmacol,2026,abstract_metadata_only,derived_annotations_only,1,abstract_metadata_only,not_applicable,false,true,unknown,2,not_stored; source-localized derived annotation only,false,conservative_source_metadata_review,2026-06-07T21:52:20+00:00,"OligoVigil redistributes source identifiers, source locations, matched terms, and curator decisions; raw article text and PDFs are not redistributed."
1218,literature_discovery,41274662,,10.1177/21593337251391029,https://pubmed.ncbi.nlm.nih.gov/41274662/,Nucleic Acid Ther,2026,abstract_metadata_only,derived_annotations_only,1,abstract_metadata_only,not_applicable,false,true,unknown,3,not_stored; source-localized derived annotation only,false,conservative_source_metadata_review,2026-06-07T21:52:20+00:00,"OligoVigil redistributes source identifiers, source locations, matched terms, and curator decisions; raw article text and PDFs are not redistributed."
1233,literature_discovery,40926414,PMC12703169,10.1016/j.ymthe.2025.08.045,https://pubmed.ncbi.nlm.nih.gov/40926414/,Mol Ther,2025,abstract_metadata_only,derived_annotations_only,2,abstract_metadata_only,pmcid_present_license_not_verified,false,true,unknown,2,not_stored; source-localized derived annotation only,false,conservative_source_metadata_review,2026-06-07T21:52:20+00:00,"OligoVigil redistributes source identifiers, source locations, matched terms, and curator decisions; raw article text and PDFs are not redistributed."
1242,literature_discovery,40692538,PMC12277184,10.2147/IJN.S510937,https://pubmed.ncbi.nlm.nih.gov/40692538/,Int J Nanomedicine,2025,abstract_metadata_only,derived_annotations_only,1,abstract_metadata_only,pmcid_present_license_not_verified,false,true,unknown,4,not_stored; source-localized derived annotation only,false,conservative_source_metadata_review,2026-06-07T21:52:20+00:00,"OligoVigil redistributes source identifiers, source locations, matched terms, and curator decisions; raw article text and PDFs are not redistributed."
1246,literature_discovery,40540297,,10.1021/jacs.5c04234,https://pubmed.ncbi.nlm.nih.gov/40540297/,J Am Chem Soc,2025,abstract_metadata_only,derived_annotations_only,1,abstract_metadata_only,not_applicable,false,true,unknown,3,not_stored; source-localized derived annotation only,false,conservative_source_metadata_review,2026-06-07T21:52:20+00:00,"OligoVigil redistributes source identifiers, source locations, matched terms, and curator decisions; raw article text and PDFs are not redistributed."
1254,literature_discovery,40414239,PMC12407188,10.1016/S0140-6736(25)00513-6,https://pubmed.ncbi.nlm.nih.gov/40414239/,Lancet,2025,abstract_metadata_only,derived_annotations_only,1,abstract_metadata_only,pmcid_present_license_not_verified,false,true,unknown,2,not_stored; source-localized derived annotation only,false,conservative_source_metadata_review,2026-06-07T21:52:20+00:00,"OligoVigil redistributes source identifiers, source locations, matched terms, and curator decisions; raw article text and PDFs are not redistributed."
1256,literature_discovery,40367190,PMC12423764,10.1126/scitranslmed.adv4656,https://pubmed.ncbi.nlm.nih.gov/40367190/,Sci Transl Med,2025,abstract_metadata_only,derived_annotations_only,1,abstract_metadata_only,pmcid_present_license_not_verified,false,true,unknown,4,not_stored; source-localized derived annotation only,false,conservative_source_metadata_review,2026-06-07T21:52:20+00:00,"OligoVigil redistributes source identifiers, source locations, matched terms, and curator decisions; raw article text and PDFs are not redistributed."
1262,literature_discovery,40243849,PMC11988723,10.3390/ijms26073098,https://pubmed.ncbi.nlm.nih.gov/40243849/,Int J Mol Sci,2025,abstract_metadata_only,derived_annotations_only,1,abstract_metadata_only,pmcid_present_license_not_verified,false,true,unknown,4,not_stored; source-localized derived annotation only,false,conservative_source_metadata_review,2026-06-07T21:52:20+00:00,"OligoVigil redistributes source identifiers, source locations, matched terms, and curator decisions; raw article text and PDFs are not redistributed."
1270,literature_discovery,39937271,PMC11995004,10.1158/1078-0432.CCR-24-1818,https://pubmed.ncbi.nlm.nih.gov/39937271/,Clin Cancer Res,2025,abstract_metadata_only,derived_annotations_only,1,abstract_metadata_only,pmcid_present_license_not_verified,false,true,unknown,3,not_stored; source-localized derived annotation only,false,conservative_source_metadata_review,2026-06-07T21:52:20+00:00,"OligoVigil redistributes source identifiers, source locations, matched terms, and curator decisions; raw article text and PDFs are not redistributed."
1274,literature_discovery,39549635,,10.1016/j.braindev.2024.10.005,https://pubmed.ncbi.nlm.nih.gov/39549635/,Brain Dev,2025,abstract_metadata_only,derived_annotations_only,1,abstract_metadata_only,not_applicable,false,true,unknown,2,not_stored; source-localized derived annotation only,false,conservative_source_metadata_review,2026-06-07T21:52:20+00:00,"OligoVigil redistributes source identifiers, source locations, matched terms, and curator decisions; raw article text and PDFs are not redistributed."
1282,literature_discovery,39460376,PMC11638874,10.1016/j.ymthe.2024.10.024,https://pubmed.ncbi.nlm.nih.gov/39460376/,Mol Ther,2024,abstract_metadata_only,derived_annotations_only,1,abstract_metadata_only,pmcid_present_license_not_verified,false,true,unknown,2,not_stored; source-localized derived annotation only,false,conservative_source_metadata_review,2026-06-07T21:52:20+00:00,"OligoVigil redistributes source identifiers, source locations, matched terms, and curator decisions; raw article text and PDFs are not redistributed."
1286,literature_discovery,39363329,PMC11448427,10.1186/s12944-024-02297-5,https://pubmed.ncbi.nlm.nih.gov/39363329/,Lipids Health Dis,2024,abstract_metadata_only,derived_annotations_only,1,abstract_metadata_only,pmcid_present_license_not_verified,false,true,unknown,1,not_stored; source-localized derived annotation only,false,conservative_source_metadata_review,2026-06-07T21:52:20+00:00,"OligoVigil redistributes source identifiers, source locations, matched terms, and curator decisions; raw article text and PDFs are not redistributed."
1290,literature_discovery,38271438,PMC10810432,10.1371/journal.pone.0294847,https://pubmed.ncbi.nlm.nih.gov/38271438/,PLoS One,2024,abstract_metadata_only,derived_annotations_only,1,abstract_metadata_only,pmcid_present_license_not_verified,false,true,unknown,2,not_stored; source-localized derived annotation only,false,conservative_source_metadata_review,2026-06-07T21:52:20+00:00,"OligoVigil redistributes source identifiers, source locations, matched terms, and curator decisions; raw article text and PDFs are not redistributed."
1292,literature_discovery,37834294,PMC10573891,10.3390/ijms241914846,https://pubmed.ncbi.nlm.nih.gov/37834294/,Int J Mol Sci,2023,abstract_metadata_only,derived_annotations_only,1,abstract_metadata_only,pmcid_present_license_not_verified,false,true,unknown,2,not_stored; source-localized derived annotation only,false,conservative_source_metadata_review,2026-06-07T21:52:20+00:00,"OligoVigil redistributes source identifiers, source locations, matched terms, and curator decisions; raw article text and PDFs are not redistributed."
1308,literature_discovery,41443406,,10.1016/j.kint.2025.11.017,https://pubmed.ncbi.nlm.nih.gov/41443406/,Kidney Int,2026,abstract_metadata_only,derived_annotations_only,1,abstract_metadata_only,not_applicable,false,true,unknown,2,not_stored; source-localized derived annotation only,false,conservative_source_metadata_review,2026-06-07T21:52:20+00:00,"OligoVigil redistributes source identifiers, source locations, matched terms, and curator decisions; raw article text and PDFs are not redistributed."
1368,literature_discovery,42005705,PMC13091633,10.2147/IJN.S588018,https://pubmed.ncbi.nlm.nih.gov/42005705/,Int J Nanomedicine,2026,abstract_metadata_only,derived_annotations_only,1,abstract_metadata_only,pmcid_present_license_not_verified,false,true,unknown,3,not_stored; source-localized derived annotation only,false,conservative_source_metadata_review,2026-06-07T21:52:20+00:00,"OligoVigil redistributes source identifiers, source locations, matched terms, and curator decisions; raw article text and PDFs are not redistributed."
1375,literature_discovery,41985596,,10.1016/j.ijpharm.2026.126878,https://pubmed.ncbi.nlm.nih.gov/41985596/,Int J Pharm,2026,abstract_metadata_only,derived_annotations_only,1,abstract_metadata_only,not_applicable,false,true,unknown,2,not_stored; source-localized derived annotation only,false,conservative_source_metadata_review,2026-06-07T21:52:20+00:00,"OligoVigil redistributes source identifiers, source locations, matched terms, and curator decisions; raw article text and PDFs are not redistributed."
1392,literature_discovery,41865608,,10.1016/j.colsurfb.2026.115616,https://pubmed.ncbi.nlm.nih.gov/41865608/,Colloids Surf B Biointerfaces,2026,abstract_metadata_only,derived_annotations_only,1,abstract_metadata_only,not_applicable,false,true,unknown,3,not_stored; source-localized derived annotation only,false,conservative_source_metadata_review,2026-06-07T21:52:20+00:00,"OligoVigil redistributes source identifiers, source locations, matched terms, and curator decisions; raw article text and PDFs are not redistributed."
1408,literature_discovery,41169576,PMC12569656,10.1021/jacsau.5c01005,https://pubmed.ncbi.nlm.nih.gov/41169576/,JACS Au,2025,abstract_metadata_only,derived_annotations_only,2,abstract_metadata_only,pmcid_present_license_not_verified,false,true,unknown,3,not_stored; source-localized derived annotation only,false,conservative_source_metadata_review,2026-06-07T21:52:20+00:00,"OligoVigil redistributes source identifiers, source locations, matched terms, and curator decisions; raw article text and PDFs are not redistributed."
1409,literature_discovery,35801870,PMC9303313,10.1093/nar/gkac562,https://pubmed.ncbi.nlm.nih.gov/35801870/,Nucleic Acids Res,2022,abstract_metadata_only,derived_annotations_only,3,abstract_metadata_only,pmcid_present_license_not_verified,false,true,unknown,3,not_stored; source-localized derived annotation only,false,conservative_source_metadata_review,2026-06-07T21:52:20+00:00,"OligoVigil redistributes source identifiers, source locations, matched terms, and curator decisions; raw article text and PDFs are not redistributed."
1410,literature_discovery,41315228,PMC12663328,10.1038/s41467-025-65799-5,https://pubmed.ncbi.nlm.nih.gov/41315228/,Nat Commun,2025,abstract_metadata_only,derived_annotations_only,2,abstract_metadata_only,pmcid_present_license_not_verified,false,true,unknown,3,not_stored; source-localized derived annotation only,false,conservative_source_metadata_review,2026-06-07T21:52:20+00:00,"OligoVigil redistributes source identifiers, source locations, matched terms, and curator decisions; raw article text and PDFs are not redistributed."
1411,literature_discovery,35736224,PMC9262600,10.1093/nar/gkac539,https://pubmed.ncbi.nlm.nih.gov/35736224/,Nucleic Acids Res,2022,abstract_metadata_only,derived_annotations_only,3,abstract_metadata_only,pmcid_present_license_not_verified,false,true,unknown,6,not_stored; source-localized derived annotation only,false,conservative_source_metadata_review,2026-06-07T21:52:20+00:00,"OligoVigil redistributes source identifiers, source locations, matched terms, and curator decisions; raw article text and PDFs are not redistributed."
1413,literature_discovery,41928909,PMC13040562,10.1039/d5cb00316d,https://pubmed.ncbi.nlm.nih.gov/41928909/,RSC Chem Biol,2026,abstract_metadata_only,derived_annotations_only,1,abstract_metadata_only,pmcid_present_license_not_verified,false,true,unknown,4,not_stored; source-localized derived annotation only,false,conservative_source_metadata_review,2026-06-07T21:52:20+00:00,"OligoVigil redistributes source identifiers, source locations, matched terms, and curator decisions; raw article text and PDFs are not redistributed."
1417,literature_discovery,38391508,PMC10885958,10.3390/antibiotics13020122,https://pubmed.ncbi.nlm.nih.gov/38391508/,Antibiotics (Basel),2024,abstract_metadata_only,derived_annotations_only,1,abstract_metadata_only,pmcid_present_license_not_verified,false,true,unknown,2,not_stored; source-localized derived annotation only,false,conservative_source_metadata_review,2026-06-07T21:52:20+00:00,"OligoVigil redistributes source identifiers, source locations, matched terms, and curator decisions; raw article text and PDFs are not redistributed."
1421,literature_discovery,33084520,,10.1177/0192623320964391,https://pubmed.ncbi.nlm.nih.gov/33084520/,Toxicol Pathol,2020,abstract_metadata_only,derived_annotations_only,1,abstract_metadata_only,not_applicable,false,true,unknown,2,not_stored; source-localized derived annotation only,false,conservative_source_metadata_review,2026-06-07T21:52:20+00:00,"OligoVigil redistributes source identifiers, source locations, matched terms, and curator decisions; raw article text and PDFs are not redistributed."
1422,literature_discovery,32833564,,10.1089/nat.2020.0867,https://pubmed.ncbi.nlm.nih.gov/32833564/,Nucleic Acid Ther,2020,abstract_metadata_only,derived_annotations_only,1,abstract_metadata_only,not_applicable,false,true,unknown,1,not_stored; source-localized derived annotation only,false,conservative_source_metadata_review,2026-06-07T21:52:20+00:00,"OligoVigil redistributes source identifiers, source locations, matched terms, and curator decisions; raw article text and PDFs are not redistributed."
1423,literature_discovery,31980820,PMC7038945,10.1093/nar/gkaa031,https://pubmed.ncbi.nlm.nih.gov/31980820/,Nucleic Acids Res,2020,abstract_metadata_only,derived_annotations_only,1,abstract_metadata_only,pmcid_present_license_not_verified,false,true,unknown,3,not_stored; source-localized derived annotation only,false,conservative_source_metadata_review,2026-06-07T21:52:20+00:00,"OligoVigil redistributes source identifiers, source locations, matched terms, and curator decisions; raw article text and PDFs are not redistributed."
1425,literature_discovery,41167339,,10.1016/j.jconrel.2025.114366,https://pubmed.ncbi.nlm.nih.gov/41167339/,J Control Release,2025,abstract_metadata_only,derived_annotations_only,1,abstract_metadata_only,not_applicable,false,true,unknown,2,not_stored; source-localized derived annotation only,false,conservative_source_metadata_review,2026-06-07T21:52:20+00:00,"OligoVigil redistributes source identifiers, source locations, matched terms, and curator decisions; raw article text and PDFs are not redistributed."
1427,literature_discovery,35917865,PMC10281028,10.1016/j.jconrel.2022.07.041,https://pubmed.ncbi.nlm.nih.gov/35917865/,J Control Release,2022,abstract_metadata_only,derived_annotations_only,1,abstract_metadata_only,pmcid_present_license_not_verified,false,true,unknown,5,not_stored; source-localized derived annotation only,false,conservative_source_metadata_review,2026-06-07T21:52:20+00:00,"OligoVigil redistributes source identifiers, source locations, matched terms, and curator decisions; raw article text and PDFs are not redistributed."
1428,literature_discovery,34592399,,10.1016/j.ijpharm.2021.121140,https://pubmed.ncbi.nlm.nih.gov/34592399/,Int J Pharm,2021,abstract_metadata_only,derived_annotations_only,1,abstract_metadata_only,not_applicable,false,true,unknown,3,not_stored; source-localized derived annotation only,false,conservative_source_metadata_review,2026-06-07T21:52:20+00:00,"OligoVigil redistributes source identifiers, source locations, matched terms, and curator decisions; raw article text and PDFs are not redistributed."
1429,literature_discovery,34060347,,10.1177/01926233211011615,https://pubmed.ncbi.nlm.nih.gov/34060347/,Toxicol Pathol,2021,abstract_metadata_only,derived_annotations_only,1,abstract_metadata_only,not_applicable,false,true,unknown,3,not_stored; source-localized derived annotation only,false,conservative_source_metadata_review,2026-06-07T21:52:20+00:00,"OligoVigil redistributes source identifiers, source locations, matched terms, and curator decisions; raw article text and PDFs are not redistributed."
1430,literature_discovery,31821125,PMC6987735,10.1089/nat.2019.0796,https://pubmed.ncbi.nlm.nih.gov/31821125/,Nucleic Acid Ther,2020,abstract_metadata_only,derived_annotations_only,1,abstract_metadata_only,pmcid_present_license_not_verified,false,true,unknown,5,not_stored; source-localized derived annotation only,false,conservative_source_metadata_review,2026-06-07T21:52:20+00:00,"OligoVigil redistributes source identifiers, source locations, matched terms, and curator decisions; raw article text and PDFs are not redistributed."
1431,literature_discovery,32530964,PMC7292364,10.1371/journal.pone.0232603,https://pubmed.ncbi.nlm.nih.gov/32530964/,PLoS One,2020,abstract_metadata_only,derived_annotations_only,1,abstract_metadata_only,pmcid_present_license_not_verified,false,true,unknown,2,not_stored; source-localized derived annotation only,false,conservative_source_metadata_review,2026-06-07T21:52:20+00:00,"OligoVigil redistributes source identifiers, source locations, matched terms, and curator decisions; raw article text and PDFs are not redistributed."
1442,literature_discovery,41066632,PMC12581821,10.1093/hmg/ddaf153,https://pubmed.ncbi.nlm.nih.gov/41066632/,Hum Mol Genet,2025,abstract_metadata_only,derived_annotations_only,2,abstract_metadata_only,pmcid_present_license_not_verified,false,true,unknown,3,not_stored; source-localized derived annotation only,false,conservative_source_metadata_review,2026-06-07T21:52:20+00:00,"OligoVigil redistributes source identifiers, source locations, matched terms, and curator decisions; raw article text and PDFs are not redistributed."
1453,literature_discovery,39192097,,10.1007/s10120-024-01548-9,https://pubmed.ncbi.nlm.nih.gov/39192097/,Gastric Cancer,2024,abstract_metadata_only,derived_annotations_only,2,abstract_metadata_only,not_applicable,false,true,unknown,4,not_stored; source-localized derived annotation only,false,conservative_source_metadata_review,2026-06-07T21:52:20+00:00,"OligoVigil redistributes source identifiers, source locations, matched terms, and curator decisions; raw article text and PDFs are not redistributed."
1454,literature_discovery,39059407,,10.1016/S1474-4422(24)00216-3,https://pubmed.ncbi.nlm.nih.gov/39059407/,Lancet Neurol,2024,abstract_metadata_only,derived_annotations_only,1,abstract_metadata_only,not_applicable,false,true,unknown,2,not_stored; source-localized derived annotation only,false,conservative_source_metadata_review,2026-06-07T21:52:20+00:00,"OligoVigil redistributes source identifiers, source locations, matched terms, and curator decisions; raw article text and PDFs are not redistributed."
1458,literature_discovery,37654022,PMC10582666,10.1111/cts.13581,https://pubmed.ncbi.nlm.nih.gov/37654022/,Clin Transl Sci,2023,abstract_metadata_only,derived_annotations_only,1,abstract_metadata_only,pmcid_present_license_not_verified,false,true,unknown,3,not_stored; source-localized derived annotation only,false,conservative_source_metadata_review,2026-06-07T21:52:20+00:00,"OligoVigil redistributes source identifiers, source locations, matched terms, and curator decisions; raw article text and PDFs are not redistributed."
1460,literature_discovery,35971951,PMC9804925,10.1002/cpdd.1154,https://pubmed.ncbi.nlm.nih.gov/35971951/,Clin Pharmacol Drug Dev,2022,abstract_metadata_only,derived_annotations_only,1,abstract_metadata_only,pmcid_present_license_not_verified,false,true,unknown,2,not_stored; source-localized derived annotation only,false,conservative_source_metadata_review,2026-06-07T21:52:20+00:00,"OligoVigil redistributes source identifiers, source locations, matched terms, and curator decisions; raw article text and PDFs are not redistributed."
1463,literature_discovery,34575518,PMC8470776,10.3390/pharmaceutics13091442,https://pubmed.ncbi.nlm.nih.gov/34575518/,Pharmaceutics,2021,abstract_metadata_only,derived_annotations_only,1,abstract_metadata_only,pmcid_present_license_not_verified,false,true,unknown,2,not_stored; source-localized derived annotation only,false,conservative_source_metadata_review,2026-06-07T21:52:20+00:00,"OligoVigil redistributes source identifiers, source locations, matched terms, and curator decisions; raw article text and PDFs are not redistributed."
1465,literature_discovery,33431610,,10.1124/jpet.120.000222,https://pubmed.ncbi.nlm.nih.gov/33431610/,J Pharmacol Exp Ther,2021,abstract_metadata_only,derived_annotations_only,2,abstract_metadata_only,not_applicable,false,true,unknown,3,not_stored; source-localized derived annotation only,false,conservative_source_metadata_review,2026-06-07T21:52:20+00:00,"OligoVigil redistributes source identifiers, source locations, matched terms, and curator decisions; raw article text and PDFs are not redistributed."
1468,literature_discovery,39325927,,10.1002/anie.202415272,https://pubmed.ncbi.nlm.nih.gov/39325927/,Angew Chem Int Ed Engl,2025,abstract_metadata_only,derived_annotations_only,1,abstract_metadata_only,not_applicable,false,true,unknown,3,not_stored; source-localized derived annotation only,false,conservative_source_metadata_review,2026-06-07T21:52:20+00:00,"OligoVigil redistributes source identifiers, source locations, matched terms, and curator decisions; raw article text and PDFs are not redistributed."
1471,literature_discovery,33633318,PMC7907328,10.1038/s41598-021-84194-w,https://pubmed.ncbi.nlm.nih.gov/33633318/,Sci Rep,2021,abstract_metadata_only,derived_annotations_only,1,abstract_metadata_only,pmcid_present_license_not_verified,false,true,unknown,2,not_stored; source-localized derived annotation only,false,conservative_source_metadata_review,2026-06-07T21:52:20+00:00,"OligoVigil redistributes source identifiers, source locations, matched terms, and curator decisions; raw article text and PDFs are not redistributed."
1472,literature_discovery,42132413,,10.1002/jcph.70207,https://pubmed.ncbi.nlm.nih.gov/42132413/,J Clin Pharmacol,2026,abstract_metadata_only,derived_annotations_only,1,abstract_metadata_only,not_applicable,false,true,unknown,1,not_stored; source-localized derived annotation only,false,conservative_source_metadata_review,2026-06-07T21:52:20+00:00,"OligoVigil redistributes source identifiers, source locations, matched terms, and curator decisions; raw article text and PDFs are not redistributed."
1476,literature_discovery,41076269,PMC12766900,10.1016/j.jtha.2025.09.012,https://pubmed.ncbi.nlm.nih.gov/41076269/,J Thromb Haemost,2026,abstract_metadata_only,derived_annotations_only,1,abstract_metadata_only,pmcid_present_license_not_verified,false,true,unknown,4,not_stored; source-localized derived annotation only,false,conservative_source_metadata_review,2026-06-07T21:52:20+00:00,"OligoVigil redistributes source identifiers, source locations, matched terms, and curator decisions; raw article text and PDFs are not redistributed."
1477,literature_discovery,40385635,PMC12083919,10.1016/j.omtn.2025.102542,https://pubmed.ncbi.nlm.nih.gov/40385635/,Mol Ther Nucleic Acids,2025,abstract_metadata_only,derived_annotations_only,3,abstract_metadata_only,pmcid_present_license_not_verified,false,true,unknown,5,not_stored; source-localized derived annotation only,false,conservative_source_metadata_review,2026-06-07T21:52:20+00:00,"OligoVigil redistributes source identifiers, source locations, matched terms, and curator decisions; raw article text and PDFs are not redistributed."
1478,literature_discovery,40179932,,10.1016/S0140-6736(25)00507-0,https://pubmed.ncbi.nlm.nih.gov/40179932/,Lancet,2025,abstract_metadata_only,derived_annotations_only,1,abstract_metadata_only,not_applicable,false,true,unknown,4,not_stored; source-localized derived annotation only,false,conservative_source_metadata_review,2026-06-07T21:52:20+00:00,"OligoVigil redistributes source identifiers, source locations, matched terms, and curator decisions; raw article text and PDFs are not redistributed."
1479,literature_discovery,37346977,PMC10280097,10.1016/j.omtn.2023.05.005,https://pubmed.ncbi.nlm.nih.gov/37346977/,Mol Ther Nucleic Acids,2023,abstract_metadata_only,derived_annotations_only,1,abstract_metadata_only,pmcid_present_license_not_verified,false,true,unknown,3,not_stored; source-localized derived annotation only,false,conservative_source_metadata_review,2026-06-07T21:52:20+00:00,"OligoVigil redistributes source identifiers, source locations, matched terms, and curator decisions; raw article text and PDFs are not redistributed."
1481,literature_discovery,37200862,PMC10185704,10.1016/j.omtn.2023.04.010,https://pubmed.ncbi.nlm.nih.gov/37200862/,Mol Ther Nucleic Acids,2023,abstract_metadata_only,derived_annotations_only,3,abstract_metadata_only,pmcid_present_license_not_verified,false,true,unknown,3,not_stored; source-localized derived annotation only,false,conservative_source_metadata_review,2026-06-07T21:52:20+00:00,"OligoVigil redistributes source identifiers, source locations, matched terms, and curator decisions; raw article text and PDFs are not redistributed."
1484,literature_discovery,35921401,PMC9389587,10.1021/jacs.2c01679,https://pubmed.ncbi.nlm.nih.gov/35921401/,J Am Chem Soc,2022,abstract_metadata_only,derived_annotations_only,1,abstract_metadata_only,pmcid_present_license_not_verified,false,true,unknown,2,not_stored; source-localized derived annotation only,false,conservative_source_metadata_review,2026-06-07T21:52:20+00:00,"OligoVigil redistributes source identifiers, source locations, matched terms, and curator decisions; raw article text and PDFs are not redistributed."
1485,literature_discovery,35861704,PMC9595634,10.1089/nat.2022.0005,https://pubmed.ncbi.nlm.nih.gov/35861704/,Nucleic Acid Ther,2022,abstract_metadata_only,derived_annotations_only,1,abstract_metadata_only,pmcid_present_license_not_verified,false,true,unknown,2,not_stored; source-localized derived annotation only,false,conservative_source_metadata_review,2026-06-07T21:52:20+00:00,"OligoVigil redistributes source identifiers, source locations, matched terms, and curator decisions; raw article text and PDFs are not redistributed."
1486,literature_discovery,35737426,PMC9516055,10.1093/toxsci/kfac067,https://pubmed.ncbi.nlm.nih.gov/35737426/,Toxicol Sci,2022,abstract_metadata_only,derived_annotations_only,2,abstract_metadata_only,pmcid_present_license_not_verified,false,true,unknown,4,not_stored; source-localized derived annotation only,false,conservative_source_metadata_review,2026-06-07T21:52:20+00:00,"OligoVigil redistributes source identifiers, source locations, matched terms, and curator decisions; raw article text and PDFs are not redistributed."
1492,literature_discovery,32178467,PMC7139664,10.3390/ijms21061952,https://pubmed.ncbi.nlm.nih.gov/32178467/,Int J Mol Sci,2020,abstract_metadata_only,derived_annotations_only,1,abstract_metadata_only,pmcid_present_license_not_verified,false,true,unknown,3,not_stored; source-localized derived annotation only,false,conservative_source_metadata_review,2026-06-07T21:52:20+00:00,"OligoVigil redistributes source identifiers, source locations, matched terms, and curator decisions; raw article text and PDFs are not redistributed."
1493,literature_discovery,32160706,PMC7036716,10.1016/j.omtn.2020.01.018,https://pubmed.ncbi.nlm.nih.gov/32160706/,Mol Ther Nucleic Acids,2020,abstract_metadata_only,derived_annotations_only,1,abstract_metadata_only,pmcid_present_license_not_verified,false,true,unknown,3,not_stored; source-localized derived annotation only,false,conservative_source_metadata_review,2026-06-07T21:52:20+00:00,"OligoVigil redistributes source identifiers, source locations, matched terms, and curator decisions; raw article text and PDFs are not redistributed."
1497,literature_discovery,40737088,PMC12309379,10.1093/nar/gkaf692,https://pubmed.ncbi.nlm.nih.gov/40737088/,Nucleic Acids Res,2025,abstract_metadata_only,derived_annotations_only,3,abstract_metadata_only,pmcid_present_license_not_verified,false,true,unknown,4,not_stored; source-localized derived annotation only,false,conservative_source_metadata_review,2026-06-07T21:52:20+00:00,"OligoVigil redistributes source identifiers, source locations, matched terms, and curator decisions; raw article text and PDFs are not redistributed."
1511,literature_discovery,41810474,PMC12925264,10.1016/j.ajps.2026.101128,https://pubmed.ncbi.nlm.nih.gov/41810474/,Asian J Pharm Sci,2026,abstract_metadata_only,derived_annotations_only,1,abstract_metadata_only,pmcid_present_license_not_verified,false,true,unknown,2,not_stored; source-localized derived annotation only,false,conservative_source_metadata_review,2026-06-07T21:52:20+00:00,"OligoVigil redistributes source identifiers, source locations, matched terms, and curator decisions; raw article text and PDFs are not redistributed."
1520,literature_discovery,41407269,,10.1016/j.ophtha.2025.12.011,https://pubmed.ncbi.nlm.nih.gov/41407269/,Ophthalmology,2026,abstract_metadata_only,derived_annotations_only,1,abstract_metadata_only,not_applicable,false,true,unknown,2,not_stored; source-localized derived annotation only,false,conservative_source_metadata_review,2026-06-07T21:52:20+00:00,"OligoVigil redistributes source identifiers, source locations, matched terms, and curator decisions; raw article text and PDFs are not redistributed."
1532,literature_discovery,41094680,PMC12523034,10.1186/s12933-025-02929-9,https://pubmed.ncbi.nlm.nih.gov/41094680/,Cardiovasc Diabetol,2025,abstract_metadata_only,derived_annotations_only,1,abstract_metadata_only,pmcid_present_license_not_verified,false,true,unknown,1,not_stored; source-localized derived annotation only,false,conservative_source_metadata_review,2026-06-07T21:52:20+00:00,"OligoVigil redistributes source identifiers, source locations, matched terms, and curator decisions; raw article text and PDFs are not redistributed."
1538,literature_discovery,40776451,PMC12616584,10.1002/adhm.202500695,https://pubmed.ncbi.nlm.nih.gov/40776451/,Adv Healthc Mater,2025,abstract_metadata_only,derived_annotations_only,1,abstract_metadata_only,pmcid_present_license_not_verified,false,true,unknown,3,not_stored; source-localized derived annotation only,false,conservative_source_metadata_review,2026-06-07T21:52:20+00:00,"OligoVigil redistributes source identifiers, source locations, matched terms, and curator decisions; raw article text and PDFs are not redistributed."
1541,literature_discovery,40607962,,10.1002/cpdd.1569,https://pubmed.ncbi.nlm.nih.gov/40607962/,Clin Pharmacol Drug Dev,2025,abstract_metadata_only,derived_annotations_only,1,abstract_metadata_only,not_applicable,false,true,unknown,2,not_stored; source-localized derived annotation only,false,conservative_source_metadata_review,2026-06-07T21:52:20+00:00,"OligoVigil redistributes source identifiers, source locations, matched terms, and curator decisions; raw article text and PDFs are not redistributed."
1551,literature_discovery,39861693,PMC11769357,10.3390/pharmaceutics17010045,https://pubmed.ncbi.nlm.nih.gov/39861693/,Pharmaceutics,2025,abstract_metadata_only,derived_annotations_only,1,abstract_metadata_only,pmcid_present_license_not_verified,false,true,unknown,3,not_stored; source-localized derived annotation only,false,conservative_source_metadata_review,2026-06-07T21:52:20+00:00,"OligoVigil redistributes source identifiers, source locations, matched terms, and curator decisions; raw article text and PDFs are not redistributed."
1562,literature_discovery,39286058,PMC11403593,10.1183/23120541.00986-2023,https://pubmed.ncbi.nlm.nih.gov/39286058/,ERJ Open Res,2024,abstract_metadata_only,derived_annotations_only,1,abstract_metadata_only,pmcid_present_license_not_verified,false,true,unknown,3,not_stored; source-localized derived annotation only,false,conservative_source_metadata_review,2026-06-07T21:52:20+00:00,"OligoVigil redistributes source identifiers, source locations, matched terms, and curator decisions; raw article text and PDFs are not redistributed."
1564,literature_discovery,39268699,,10.1002/cpdd.1454,https://pubmed.ncbi.nlm.nih.gov/39268699/,Clin Pharmacol Drug Dev,2024,abstract_metadata_only,derived_annotations_only,1,abstract_metadata_only,not_applicable,false,true,unknown,2,not_stored; source-localized derived annotation only,false,conservative_source_metadata_review,2026-06-07T21:52:20+00:00,"OligoVigil redistributes source identifiers, source locations, matched terms, and curator decisions; raw article text and PDFs are not redistributed."
1565,literature_discovery,39259836,PMC11687395,10.1093/cvr/cvae195,https://pubmed.ncbi.nlm.nih.gov/39259836/,Cardiovasc Res,2024,abstract_metadata_only,derived_annotations_only,1,abstract_metadata_only,pmcid_present_license_not_verified,false,true,unknown,4,not_stored; source-localized derived annotation only,false,conservative_source_metadata_review,2026-06-07T21:52:20+00:00,"OligoVigil redistributes source identifiers, source locations, matched terms, and curator decisions; raw article text and PDFs are not redistributed."
1571,literature_discovery,39060346,PMC11282055,10.1038/s41598-024-67627-0,https://pubmed.ncbi.nlm.nih.gov/39060346/,Sci Rep,2024,abstract_metadata_only,derived_annotations_only,1,abstract_metadata_only,pmcid_present_license_not_verified,false,true,unknown,2,not_stored; source-localized derived annotation only,false,conservative_source_metadata_review,2026-06-07T21:52:20+00:00,"OligoVigil redistributes source identifiers, source locations, matched terms, and curator decisions; raw article text and PDFs are not redistributed."
1580,literature_discovery,38819395,,10.1056/NEJMoa2402478,https://pubmed.ncbi.nlm.nih.gov/38819395/,N Engl J Med,2024,abstract_metadata_only,derived_annotations_only,1,abstract_metadata_only,not_applicable,false,true,unknown,1,not_stored; source-localized derived annotation only,false,conservative_source_metadata_review,2026-06-07T21:52:20+00:00,"OligoVigil redistributes source identifiers, source locations, matched terms, and curator decisions; raw article text and PDFs are not redistributed."
1582,literature_discovery,38749176,,10.1016/j.biopha.2024.116737,https://pubmed.ncbi.nlm.nih.gov/38749176/,Biomed Pharmacother,2024,abstract_metadata_only,derived_annotations_only,1,abstract_metadata_only,not_applicable,false,true,unknown,2,not_stored; source-localized derived annotation only,false,conservative_source_metadata_review,2026-06-07T21:52:20+00:00,"OligoVigil redistributes source identifiers, source locations, matched terms, and curator decisions; raw article text and PDFs are not redistributed."
1585,literature_discovery,38636882,,10.1016/j.ejpb.2024.114296,https://pubmed.ncbi.nlm.nih.gov/38636882/,Eur J Pharm Biopharm,2024,abstract_metadata_only,derived_annotations_only,1,abstract_metadata_only,not_applicable,false,true,unknown,3,not_stored; source-localized derived annotation only,false,conservative_source_metadata_review,2026-06-07T21:52:20+00:00,"OligoVigil redistributes source identifiers, source locations, matched terms, and curator decisions; raw article text and PDFs are not redistributed."
1592,literature_discovery,38379891,PMC10878212,10.1177/26331055241233596,https://pubmed.ncbi.nlm.nih.gov/38379891/,Neurosci Insights,2024,abstract_metadata_only,derived_annotations_only,1,abstract_metadata_only,pmcid_present_license_not_verified,false,true,unknown,3,not_stored; source-localized derived annotation only,false,conservative_source_metadata_review,2026-06-07T21:52:20+00:00,"OligoVigil redistributes source identifiers, source locations, matched terms, and curator decisions; raw article text and PDFs are not redistributed."
1600,literature_discovery,37207382,,10.1016/j.nmd.2023.03.008,https://pubmed.ncbi.nlm.nih.gov/37207382/,Neuromuscul Disord,2023,abstract_metadata_only,derived_annotations_only,1,abstract_metadata_only,not_applicable,false,true,unknown,1,not_stored; source-localized derived annotation only,false,conservative_source_metadata_review,2026-06-07T21:52:20+00:00,"OligoVigil redistributes source identifiers, source locations, matched terms, and curator decisions; raw article text and PDFs are not redistributed."
1602,literature_discovery,37005891,PMC10200237,10.3233/JND-221656,https://pubmed.ncbi.nlm.nih.gov/37005891/,J Neuromuscul Dis,2023,abstract_metadata_only,derived_annotations_only,1,abstract_metadata_only,pmcid_present_license_not_verified,false,true,unknown,2,not_stored; source-localized derived annotation only,false,conservative_source_metadata_review,2026-06-07T21:52:20+00:00,"OligoVigil redistributes source identifiers, source locations, matched terms, and curator decisions; raw article text and PDFs are not redistributed."
1613,literature_discovery,36191773,PMC10695009,10.1016/j.actbio.2022.09.065,https://pubmed.ncbi.nlm.nih.gov/36191773/,Acta Biomater,2022,abstract_metadata_only,derived_annotations_only,1,abstract_metadata_only,pmcid_present_license_not_verified,false,true,unknown,5,not_stored; source-localized derived annotation only,false,conservative_source_metadata_review,2026-06-07T21:52:20+00:00,"OligoVigil redistributes source identifiers, source locations, matched terms, and curator decisions; raw article text and PDFs are not redistributed."
1615,literature_discovery,36090761,PMC9424863,10.1016/j.omtn.2022.07.027,https://pubmed.ncbi.nlm.nih.gov/36090761/,Mol Ther Nucleic Acids,2022,abstract_metadata_only,derived_annotations_only,2,abstract_metadata_only,pmcid_present_license_not_verified,false,true,unknown,3,not_stored; source-localized derived annotation only,false,conservative_source_metadata_review,2026-06-07T21:52:20+00:00,"OligoVigil redistributes source identifiers, source locations, matched terms, and curator decisions; raw article text and PDFs are not redistributed."
1616,literature_discovery,35908242,PMC9618524,10.1007/s00415-022-11276-8,https://pubmed.ncbi.nlm.nih.gov/35908242/,J Neurol,2022,abstract_metadata_only,derived_annotations_only,1,abstract_metadata_only,pmcid_present_license_not_verified,false,true,unknown,1,not_stored; source-localized derived annotation only,false,conservative_source_metadata_review,2026-06-07T21:52:20+00:00,"OligoVigil redistributes source identifiers, source locations, matched terms, and curator decisions; raw article text and PDFs are not redistributed."
1617,literature_discovery,35860385,PMC9287140,10.1016/j.omtn.2022.06.015,https://pubmed.ncbi.nlm.nih.gov/35860385/,Mol Ther Nucleic Acids,2022,abstract_metadata_only,derived_annotations_only,1,abstract_metadata_only,pmcid_present_license_not_verified,false,true,unknown,4,not_stored; source-localized derived annotation only,false,conservative_source_metadata_review,2026-06-07T21:52:20+00:00,"OligoVigil redistributes source identifiers, source locations, matched terms, and curator decisions; raw article text and PDFs are not redistributed."
1619,literature_discovery,35667416,PMC9270256,10.1016/j.jlr.2022.100237,https://pubmed.ncbi.nlm.nih.gov/35667416/,J Lipid Res,2022,abstract_metadata_only,derived_annotations_only,1,abstract_metadata_only,pmcid_present_license_not_verified,false,true,unknown,3,not_stored; source-localized derived annotation only,false,conservative_source_metadata_review,2026-06-07T21:52:20+00:00,"OligoVigil redistributes source identifiers, source locations, matched terms, and curator decisions; raw article text and PDFs are not redistributed."
1621,literature_discovery,35634851,PMC9398057,10.3233/JND-220811,https://pubmed.ncbi.nlm.nih.gov/35634851/,J Neuromuscul Dis,2022,abstract_metadata_only,derived_annotations_only,1,abstract_metadata_only,pmcid_present_license_not_verified,false,true,unknown,2,not_stored; source-localized derived annotation only,false,conservative_source_metadata_review,2026-06-07T21:52:20+00:00,"OligoVigil redistributes source identifiers, source locations, matched terms, and curator decisions; raw article text and PDFs are not redistributed."
1629,literature_discovery,34788571,PMC8817703,10.1089/nat.2021.0043,https://pubmed.ncbi.nlm.nih.gov/34788571/,Nucleic Acid Ther,2022,abstract_metadata_only,derived_annotations_only,1,abstract_metadata_only,pmcid_present_license_not_verified,false,true,unknown,2,not_stored; source-localized derived annotation only,false,conservative_source_metadata_review,2026-06-07T21:52:20+00:00,"OligoVigil redistributes source identifiers, source locations, matched terms, and curator decisions; raw article text and PDFs are not redistributed."
1632,literature_discovery,34760338,PMC8560717,10.1016/j.omtn.2021.10.008,https://pubmed.ncbi.nlm.nih.gov/34760338/,Mol Ther Nucleic Acids,2021,abstract_metadata_only,derived_annotations_only,1,abstract_metadata_only,pmcid_present_license_not_verified,false,true,unknown,3,not_stored; source-localized derived annotation only,false,conservative_source_metadata_review,2026-06-07T21:52:20+00:00,"OligoVigil redistributes source identifiers, source locations, matched terms, and curator decisions; raw article text and PDFs are not redistributed."
1635,literature_discovery,34683974,PMC8539450,10.3390/pharmaceutics13101681,https://pubmed.ncbi.nlm.nih.gov/34683974/,Pharmaceutics,2021,abstract_metadata_only,derived_annotations_only,1,abstract_metadata_only,pmcid_present_license_not_verified,false,true,unknown,4,not_stored; source-localized derived annotation only,false,conservative_source_metadata_review,2026-06-07T21:52:20+00:00,"OligoVigil redistributes source identifiers, source locations, matched terms, and curator decisions; raw article text and PDFs are not redistributed."
1636,literature_discovery,34629736,PMC8484925,10.1293/tox.2021-0007,https://pubmed.ncbi.nlm.nih.gov/34629736/,J Toxicol Pathol,2021,abstract_metadata_only,derived_annotations_only,1,abstract_metadata_only,pmcid_present_license_not_verified,false,true,unknown,2,not_stored; source-localized derived annotation only,false,conservative_source_metadata_review,2026-06-07T21:52:20+00:00,"OligoVigil redistributes source identifiers, source locations, matched terms, and curator decisions; raw article text and PDFs are not redistributed."
1638,literature_discovery,34141070,PMC8201499,10.1021/acsmedchemlett.1c00072,https://pubmed.ncbi.nlm.nih.gov/34141070/,ACS Med Chem Lett,2021,abstract_metadata_only,derived_annotations_only,1,abstract_metadata_only,pmcid_present_license_not_verified,false,true,unknown,2,not_stored; source-localized derived annotation only,false,conservative_source_metadata_review,2026-06-07T21:52:20+00:00,"OligoVigil redistributes source identifiers, source locations, matched terms, and curator decisions; raw article text and PDFs are not redistributed."
1639,literature_discovery,34105177,PMC9290993,10.1002/mus.27347,https://pubmed.ncbi.nlm.nih.gov/34105177/,Muscle Nerve,2021,abstract_metadata_only,derived_annotations_only,1,abstract_metadata_only,pmcid_present_license_not_verified,false,true,unknown,2,not_stored; source-localized derived annotation only,false,conservative_source_metadata_review,2026-06-07T21:52:20+00:00,"OligoVigil redistributes source identifiers, source locations, matched terms, and curator decisions; raw article text and PDFs are not redistributed."
1641,literature_discovery,34042551,PMC8168781,10.1080/10717544.2021.1928794,https://pubmed.ncbi.nlm.nih.gov/34042551/,Drug Deliv,2021,abstract_metadata_only,derived_annotations_only,1,abstract_metadata_only,pmcid_present_license_not_verified,false,true,unknown,5,not_stored; source-localized derived annotation only,false,conservative_source_metadata_review,2026-06-07T21:52:20+00:00,"OligoVigil redistributes source identifiers, source locations, matched terms, and curator decisions; raw article text and PDFs are not redistributed."
1643,literature_discovery,33899154,PMC8563549,10.1007/s00415-021-10569-8,https://pubmed.ncbi.nlm.nih.gov/33899154/,J Neurol,2021,abstract_metadata_only,derived_annotations_only,1,abstract_metadata_only,pmcid_present_license_not_verified,false,true,unknown,2,not_stored; source-localized derived annotation only,false,conservative_source_metadata_review,2026-06-07T21:52:20+00:00,"OligoVigil redistributes source identifiers, source locations, matched terms, and curator decisions; raw article text and PDFs are not redistributed."
1645,literature_discovery,33860461,PMC8609055,10.1007/s13311-021-01045-2,https://pubmed.ncbi.nlm.nih.gov/33860461/,Neurotherapeutics,2021,abstract_metadata_only,derived_annotations_only,1,abstract_metadata_only,pmcid_present_license_not_verified,false,true,unknown,2,not_stored; source-localized derived annotation only,false,conservative_source_metadata_review,2026-06-07T21:52:20+00:00,"OligoVigil redistributes source identifiers, source locations, matched terms, and curator decisions; raw article text and PDFs are not redistributed."
1646,literature_discovery,33738134,PMC7937577,10.1016/j.omtn.2021.02.007,https://pubmed.ncbi.nlm.nih.gov/33738134/,Mol Ther Nucleic Acids,2021,abstract_metadata_only,derived_annotations_only,1,abstract_metadata_only,pmcid_present_license_not_verified,false,true,unknown,4,not_stored; source-localized derived annotation only,false,conservative_source_metadata_review,2026-06-07T21:52:20+00:00,"OligoVigil redistributes source identifiers, source locations, matched terms, and curator decisions; raw article text and PDFs are not redistributed."
1658,literature_discovery,32343462,PMC7496583,10.1111/ene.14285,https://pubmed.ncbi.nlm.nih.gov/32343462/,Eur J Neurol,2020,abstract_metadata_only,derived_annotations_only,1,abstract_metadata_only,pmcid_present_license_not_verified,false,true,unknown,2,not_stored; source-localized derived annotation only,false,conservative_source_metadata_review,2026-06-07T21:52:20+00:00,"OligoVigil redistributes source identifiers, source locations, matched terms, and curator decisions; raw article text and PDFs are not redistributed."
1660,literature_discovery,31873063,PMC7133450,10.1089/nat.2019.0811,https://pubmed.ncbi.nlm.nih.gov/31873063/,Nucleic Acid Ther,2020,abstract_metadata_only,derived_annotations_only,1,abstract_metadata_only,pmcid_present_license_not_verified,false,true,unknown,2,not_stored; source-localized derived annotation only,false,conservative_source_metadata_review,2026-06-07T21:52:20+00:00,"OligoVigil redistributes source identifiers, source locations, matched terms, and curator decisions; raw article text and PDFs are not redistributed."
1726,literature_discovery,41956189,,10.1016/j.ijbiomac.2026.151876,https://pubmed.ncbi.nlm.nih.gov/41956189/,Int J Biol Macromol,2026,abstract_metadata_only,derived_annotations_only,1,abstract_metadata_only,not_applicable,false,true,unknown,3,not_stored; source-localized derived annotation only,false,conservative_source_metadata_review,2026-06-07T21:52:20+00:00,"OligoVigil redistributes source identifiers, source locations, matched terms, and curator decisions; raw article text and PDFs are not redistributed."
1732,literature_discovery,41859644,PMC12996677,10.1016/j.mtbio.2026.102999,https://pubmed.ncbi.nlm.nih.gov/41859644/,Mater Today Bio,2026,abstract_metadata_only,derived_annotations_only,2,abstract_metadata_only,pmcid_present_license_not_verified,false,true,unknown,4,not_stored; source-localized derived annotation only,false,conservative_source_metadata_review,2026-06-07T21:52:20+00:00,"OligoVigil redistributes source identifiers, source locations, matched terms, and curator decisions; raw article text and PDFs are not redistributed."
1735,literature_discovery,41809386,PMC12969650,10.1016/j.mtbio.2026.102991,https://pubmed.ncbi.nlm.nih.gov/41809386/,Mater Today Bio,2026,abstract_metadata_only,derived_annotations_only,1,abstract_metadata_only,pmcid_present_license_not_verified,false,true,unknown,4,not_stored; source-localized derived annotation only,false,conservative_source_metadata_review,2026-06-07T21:52:20+00:00,"OligoVigil redistributes source identifiers, source locations, matched terms, and curator decisions; raw article text and PDFs are not redistributed."
1737,literature_discovery,41797405,,10.1021/acsnano.5c16693,https://pubmed.ncbi.nlm.nih.gov/41797405/,ACS Nano,2026,abstract_metadata_only,derived_annotations_only,1,abstract_metadata_only,not_applicable,false,true,unknown,3,not_stored; source-localized derived annotation only,false,conservative_source_metadata_review,2026-06-07T21:52:20+00:00,"OligoVigil redistributes source identifiers, source locations, matched terms, and curator decisions; raw article text and PDFs are not redistributed."
1741,literature_discovery,41776767,PMC13001080,10.1021/acsnano.5c18044,https://pubmed.ncbi.nlm.nih.gov/41776767/,ACS Nano,2026,abstract_metadata_only,derived_annotations_only,1,abstract_metadata_only,pmcid_present_license_not_verified,false,true,unknown,3,not_stored; source-localized derived annotation only,false,conservative_source_metadata_review,2026-06-07T21:52:20+00:00,"OligoVigil redistributes source identifiers, source locations, matched terms, and curator decisions; raw article text and PDFs are not redistributed."
1744,literature_discovery,41755009,PMC12944025,10.3390/pharmaceutics18020268,https://pubmed.ncbi.nlm.nih.gov/41755009/,Pharmaceutics,2026,abstract_metadata_only,derived_annotations_only,1,abstract_metadata_only,pmcid_present_license_not_verified,false,true,unknown,4,not_stored; source-localized derived annotation only,false,conservative_source_metadata_review,2026-06-07T21:52:20+00:00,"OligoVigil redistributes source identifiers, source locations, matched terms, and curator decisions; raw article text and PDFs are not redistributed."
1750,literature_discovery,41634015,PMC12976281,10.1038/s41467-026-68993-1,https://pubmed.ncbi.nlm.nih.gov/41634015/,Nat Commun,2026,abstract_metadata_only,derived_annotations_only,1,abstract_metadata_only,pmcid_present_license_not_verified,false,true,unknown,6,not_stored; source-localized derived annotation only,false,conservative_source_metadata_review,2026-06-07T21:52:20+00:00,"OligoVigil redistributes source identifiers, source locations, matched terms, and curator decisions; raw article text and PDFs are not redistributed."
1773,literature_discovery,41220296,PMC12908211,10.1002/adhm.202503748,https://pubmed.ncbi.nlm.nih.gov/41220296/,Adv Healthc Mater,2026,abstract_metadata_only,derived_annotations_only,1,abstract_metadata_only,pmcid_present_license_not_verified,false,true,unknown,3,not_stored; source-localized derived annotation only,false,conservative_source_metadata_review,2026-06-07T21:52:20+00:00,"OligoVigil redistributes source identifiers, source locations, matched terms, and curator decisions; raw article text and PDFs are not redistributed."
1775,literature_discovery,41193172,,10.1136/gutjnl-2025-336592,https://pubmed.ncbi.nlm.nih.gov/41193172/,Gut,2026,abstract_metadata_only,derived_annotations_only,1,abstract_metadata_only,not_applicable,false,true,unknown,2,not_stored; source-localized derived annotation only,false,conservative_source_metadata_review,2026-06-07T21:52:20+00:00,"OligoVigil redistributes source identifiers, source locations, matched terms, and curator decisions; raw article text and PDFs are not redistributed."
1776,literature_discovery,41041909,PMC12836460,10.1002/adhm.202502186,https://pubmed.ncbi.nlm.nih.gov/41041909/,Adv Healthc Mater,2026,abstract_metadata_only,derived_annotations_only,1,abstract_metadata_only,pmcid_present_license_not_verified,false,true,unknown,3,not_stored; source-localized derived annotation only,false,conservative_source_metadata_review,2026-06-07T21:52:20+00:00,"OligoVigil redistributes source identifiers, source locations, matched terms, and curator decisions; raw article text and PDFs are not redistributed."
1780,literature_discovery,41480638,PMC12754785,10.1093/narcan/zcaf053,https://pubmed.ncbi.nlm.nih.gov/41480638/,NAR Cancer,2025,abstract_metadata_only,derived_annotations_only,1,abstract_metadata_only,pmcid_present_license_not_verified,false,true,unknown,4,not_stored; source-localized derived annotation only,false,conservative_source_metadata_review,2026-06-07T21:52:20+00:00,"OligoVigil redistributes source identifiers, source locations, matched terms, and curator decisions; raw article text and PDFs are not redistributed."
1782,literature_discovery,41446212,PMC12724171,10.64898/2025.12.17.693452,https://pubmed.ncbi.nlm.nih.gov/41446212/,bioRxiv,2025,abstract_metadata_only,derived_annotations_only,1,abstract_metadata_only,pmcid_present_license_not_verified,false,true,unknown,5,not_stored; source-localized derived annotation only,false,conservative_source_metadata_review,2026-06-07T21:52:20+00:00,"OligoVigil redistributes source identifiers, source locations, matched terms, and curator decisions; raw article text and PDFs are not redistributed."
1783,literature_discovery,41429785,PMC12722745,10.1038/s41467-025-66765-x,https://pubmed.ncbi.nlm.nih.gov/41429785/,Nat Commun,2025,abstract_metadata_only,derived_annotations_only,1,abstract_metadata_only,pmcid_present_license_not_verified,false,true,unknown,3,not_stored; source-localized derived annotation only,false,conservative_source_metadata_review,2026-06-07T21:52:20+00:00,"OligoVigil redistributes source identifiers, source locations, matched terms, and curator decisions; raw article text and PDFs are not redistributed."
1788,literature_discovery,41373822,PMC12692593,10.3390/ijms262311675,https://pubmed.ncbi.nlm.nih.gov/41373822/,Int J Mol Sci,2025,abstract_metadata_only,derived_annotations_only,2,abstract_metadata_only,pmcid_present_license_not_verified,false,true,unknown,3,not_stored; source-localized derived annotation only,false,conservative_source_metadata_review,2026-06-07T21:52:20+00:00,"OligoVigil redistributes source identifiers, source locations, matched terms, and curator decisions; raw article text and PDFs are not redistributed."
1789,literature_discovery,41341748,PMC12670904,10.1016/j.omtn.2025.102768,https://pubmed.ncbi.nlm.nih.gov/41341748/,Mol Ther Nucleic Acids,2025,abstract_metadata_only,derived_annotations_only,2,abstract_metadata_only,pmcid_present_license_not_verified,false,true,unknown,2,not_stored; source-localized derived annotation only,false,conservative_source_metadata_review,2026-06-07T21:52:20+00:00,"OligoVigil redistributes source identifiers, source locations, matched terms, and curator decisions; raw article text and PDFs are not redistributed."
1791,literature_discovery,41268339,PMC12628137,10.1016/j.bioactmat.2025.09.007,https://pubmed.ncbi.nlm.nih.gov/41268339/,Bioact Mater,2025,abstract_metadata_only,derived_annotations_only,1,abstract_metadata_only,pmcid_present_license_not_verified,false,true,unknown,3,not_stored; source-localized derived annotation only,false,conservative_source_metadata_review,2026-06-07T21:52:20+00:00,"OligoVigil redistributes source identifiers, source locations, matched terms, and curator decisions; raw article text and PDFs are not redistributed."
1803,literature_discovery,41027940,PMC12485160,10.1038/s41467-025-63718-2,https://pubmed.ncbi.nlm.nih.gov/41027940/,Nat Commun,2025,abstract_metadata_only,derived_annotations_only,1,abstract_metadata_only,pmcid_present_license_not_verified,false,true,unknown,3,not_stored; source-localized derived annotation only,false,conservative_source_metadata_review,2026-06-07T21:52:20+00:00,"OligoVigil redistributes source identifiers, source locations, matched terms, and curator decisions; raw article text and PDFs are not redistributed."
1815,literature_discovery,40825982,PMC12361575,10.1038/s41467-025-63037-6,https://pubmed.ncbi.nlm.nih.gov/40825982/,Nat Commun,2025,abstract_metadata_only,derived_annotations_only,1,abstract_metadata_only,pmcid_present_license_not_verified,false,true,unknown,3,not_stored; source-localized derived annotation only,false,conservative_source_metadata_review,2026-06-07T21:52:20+00:00,"OligoVigil redistributes source identifiers, source locations, matched terms, and curator decisions; raw article text and PDFs are not redistributed."
1822,literature_discovery,40700483,PMC12285696,10.1126/sciadv.adv6990,https://pubmed.ncbi.nlm.nih.gov/40700483/,Sci Adv,2025,abstract_metadata_only,derived_annotations_only,1,abstract_metadata_only,pmcid_present_license_not_verified,false,true,unknown,4,not_stored; source-localized derived annotation only,false,conservative_source_metadata_review,2026-06-07T21:52:20+00:00,"OligoVigil redistributes source identifiers, source locations, matched terms, and curator decisions; raw article text and PDFs are not redistributed."
1824,literature_discovery,40672232,PMC12265680,10.1101/2025.07.11.664364,https://pubmed.ncbi.nlm.nih.gov/40672232/,bioRxiv,2025,abstract_metadata_only,derived_annotations_only,2,abstract_metadata_only,pmcid_present_license_not_verified,false,true,unknown,5,not_stored; source-localized derived annotation only,false,conservative_source_metadata_review,2026-06-07T21:52:20+00:00,"OligoVigil redistributes source identifiers, source locations, matched terms, and curator decisions; raw article text and PDFs are not redistributed."
1825,literature_discovery,40654340,PMC12254858,10.1016/j.apsb.2025.04.003,https://pubmed.ncbi.nlm.nih.gov/40654340/,Acta Pharm Sin B,2025,abstract_metadata_only,derived_annotations_only,1,abstract_metadata_only,pmcid_present_license_not_verified,false,true,unknown,3,not_stored; source-localized derived annotation only,false,conservative_source_metadata_review,2026-06-07T21:52:20+00:00,"OligoVigil redistributes source identifiers, source locations, matched terms, and curator decisions; raw article text and PDFs are not redistributed."
1828,literature_discovery,40599554,PMC12208382,10.1097/CP9.0000000000000122,https://pubmed.ncbi.nlm.nih.gov/40599554/,Cardiol Plus,2025,abstract_metadata_only,derived_annotations_only,1,abstract_metadata_only,pmcid_present_license_not_verified,false,true,unknown,2,not_stored; source-localized derived annotation only,false,conservative_source_metadata_review,2026-06-07T21:52:20+00:00,"OligoVigil redistributes source identifiers, source locations, matched terms, and curator decisions; raw article text and PDFs are not redistributed."
1829,literature_discovery,40584785,PMC12204100,10.2147/IJN.S519906,https://pubmed.ncbi.nlm.nih.gov/40584785/,Int J Nanomedicine,2025,abstract_metadata_only,derived_annotations_only,1,abstract_metadata_only,pmcid_present_license_not_verified,false,true,unknown,4,not_stored; source-localized derived annotation only,false,conservative_source_metadata_review,2026-06-07T21:52:20+00:00,"OligoVigil redistributes source identifiers, source locations, matched terms, and curator decisions; raw article text and PDFs are not redistributed."
1842,literature_discovery,40280496,,10.1016/j.spinee.2025.04.021,https://pubmed.ncbi.nlm.nih.gov/40280496/,Spine J,2025,abstract_metadata_only,derived_annotations_only,1,abstract_metadata_only,not_applicable,false,true,unknown,2,not_stored; source-localized derived annotation only,false,conservative_source_metadata_review,2026-06-07T21:52:20+00:00,"OligoVigil redistributes source identifiers, source locations, matched terms, and curator decisions; raw article text and PDFs are not redistributed."
1843,literature_discovery,40214214,PMC12526143,10.1093/neuonc/noaf099,https://pubmed.ncbi.nlm.nih.gov/40214214/,Neuro Oncol,2025,abstract_metadata_only,derived_annotations_only,1,abstract_metadata_only,pmcid_present_license_not_verified,false,true,unknown,3,not_stored; source-localized derived annotation only,false,conservative_source_metadata_review,2026-06-07T21:52:20+00:00,"OligoVigil redistributes source identifiers, source locations, matched terms, and curator decisions; raw article text and PDFs are not redistributed."
1846,literature_discovery,40178922,PMC12233840,10.34067/KID.0000000771,https://pubmed.ncbi.nlm.nih.gov/40178922/,Kidney360,2025,abstract_metadata_only,derived_annotations_only,1,abstract_metadata_only,pmcid_present_license_not_verified,false,true,unknown,4,not_stored; source-localized derived annotation only,false,conservative_source_metadata_review,2026-06-07T21:52:20+00:00,"OligoVigil redistributes source identifiers, source locations, matched terms, and curator decisions; raw article text and PDFs are not redistributed."
1878,literature_discovery,39447842,,10.1016/j.jconrel.2024.10.047,https://pubmed.ncbi.nlm.nih.gov/39447842/,J Control Release,2024,abstract_metadata_only,derived_annotations_only,1,abstract_metadata_only,not_applicable,false,true,unknown,3,not_stored; source-localized derived annotation only,false,conservative_source_metadata_review,2026-06-07T21:52:20+00:00,"OligoVigil redistributes source identifiers, source locations, matched terms, and curator decisions; raw article text and PDFs are not redistributed."
1886,literature_discovery,39264964,PMC11421824,10.1371/journal.pntd.0012502,https://pubmed.ncbi.nlm.nih.gov/39264964/,PLoS Negl Trop Dis,2024,abstract_metadata_only,derived_annotations_only,1,abstract_metadata_only,pmcid_present_license_not_verified,false,true,unknown,3,not_stored; source-localized derived annotation only,false,conservative_source_metadata_review,2026-06-07T21:52:20+00:00,"OligoVigil redistributes source identifiers, source locations, matched terms, and curator decisions; raw article text and PDFs are not redistributed."
1900,literature_discovery,38829038,,10.1002/smll.202402362,https://pubmed.ncbi.nlm.nih.gov/38829038/,Small,2024,abstract_metadata_only,derived_annotations_only,0,abstract_metadata_only,not_applicable,false,true,unknown,3,not_stored; source-localized derived annotation only,false,conservative_source_metadata_review,2026-06-07T21:52:20+00:00,"OligoVigil redistributes source identifiers, source locations, matched terms, and curator decisions; raw article text and PDFs are not redistributed."
1926,literature_discovery,37994483,,10.1002/adhm.202302712,https://pubmed.ncbi.nlm.nih.gov/37994483/,Adv Healthc Mater,2024,abstract_metadata_only,derived_annotations_only,2,abstract_metadata_only,not_applicable,false,true,unknown,2,not_stored; source-localized derived annotation only,false,conservative_source_metadata_review,2026-06-07T21:52:20+00:00,"OligoVigil redistributes source identifiers, source locations, matched terms, and curator decisions; raw article text and PDFs are not redistributed."
1933,literature_discovery,37871289,,10.1021/acs.biomac.3c00813,https://pubmed.ncbi.nlm.nih.gov/37871289/,Biomacromolecules,2023,abstract_metadata_only,derived_annotations_only,1,abstract_metadata_only,not_applicable,false,true,unknown,2,not_stored; source-localized derived annotation only,false,conservative_source_metadata_review,2026-06-07T21:52:20+00:00,"OligoVigil redistributes source identifiers, source locations, matched terms, and curator decisions; raw article text and PDFs are not redistributed."
1955,literature_discovery,36798116,PMC9927222,10.3389/fimmu.2023.1006741,https://pubmed.ncbi.nlm.nih.gov/36798116/,Front Immunol,2023,abstract_metadata_only,derived_annotations_only,1,abstract_metadata_only,pmcid_present_license_not_verified,false,true,unknown,2,not_stored; source-localized derived annotation only,false,conservative_source_metadata_review,2026-06-07T21:52:20+00:00,"OligoVigil redistributes source identifiers, source locations, matched terms, and curator decisions; raw article text and PDFs are not redistributed."
1958,literature_discovery,36727438,PMC9976930,10.1093/nar/gkad023,https://pubmed.ncbi.nlm.nih.gov/36727438/,Nucleic Acids Res,2023,abstract_metadata_only,derived_annotations_only,1,abstract_metadata_only,pmcid_present_license_not_verified,false,true,unknown,2,not_stored; source-localized derived annotation only,false,conservative_source_metadata_review,2026-06-07T21:52:20+00:00,"OligoVigil redistributes source identifiers, source locations, matched terms, and curator decisions; raw article text and PDFs are not redistributed."
1960,literature_discovery,36632217,PMC9830430,10.7150/thno.73568,https://pubmed.ncbi.nlm.nih.gov/36632217/,Theranostics,2023,abstract_metadata_only,derived_annotations_only,1,abstract_metadata_only,pmcid_present_license_not_verified,false,true,unknown,3,not_stored; source-localized derived annotation only,false,conservative_source_metadata_review,2026-06-07T21:52:20+00:00,"OligoVigil redistributes source identifiers, source locations, matched terms, and curator decisions; raw article text and PDFs are not redistributed."
1964,literature_discovery,36520934,PMC9754606,10.1371/journal.pone.0276905,https://pubmed.ncbi.nlm.nih.gov/36520934/,PLoS One,2022,abstract_metadata_only,derived_annotations_only,1,abstract_metadata_only,pmcid_present_license_not_verified,false,true,unknown,3,not_stored; source-localized derived annotation only,false,conservative_source_metadata_review,2026-06-07T21:52:20+00:00,"OligoVigil redistributes source identifiers, source locations, matched terms, and curator decisions; raw article text and PDFs are not redistributed."
1979,literature_discovery,35642083,PMC9621687,10.1021/acs.molpharmaceut.2c00033,https://pubmed.ncbi.nlm.nih.gov/35642083/,Mol Pharm,2022,abstract_metadata_only,derived_annotations_only,1,abstract_metadata_only,pmcid_present_license_not_verified,false,true,unknown,3,not_stored; source-localized derived annotation only,false,conservative_source_metadata_review,2026-06-07T21:52:20+00:00,"OligoVigil redistributes source identifiers, source locations, matched terms, and curator decisions; raw article text and PDFs are not redistributed."
1980,literature_discovery,35436109,PMC9112330,10.1021/acsinfecdis.2c00089,https://pubmed.ncbi.nlm.nih.gov/35436109/,ACS Infect Dis,2022,abstract_metadata_only,derived_annotations_only,1,abstract_metadata_only,pmcid_present_license_not_verified,false,true,unknown,3,not_stored; source-localized derived annotation only,false,conservative_source_metadata_review,2026-06-07T21:52:20+00:00,"OligoVigil redistributes source identifiers, source locations, matched terms, and curator decisions; raw article text and PDFs are not redistributed."
1981,literature_discovery,35155859,PMC8820988,10.1016/j.ekir.2021.11.011,https://pubmed.ncbi.nlm.nih.gov/35155859/,Kidney Int Rep,2022,abstract_metadata_only,derived_annotations_only,1,abstract_metadata_only,pmcid_present_license_not_verified,false,true,unknown,3,not_stored; source-localized derived annotation only,false,conservative_source_metadata_review,2026-06-07T21:52:20+00:00,"OligoVigil redistributes source identifiers, source locations, matched terms, and curator decisions; raw article text and PDFs are not redistributed."
1992,literature_discovery,34222719,PMC8246029,10.1016/j.jacbts.2021.04.004,https://pubmed.ncbi.nlm.nih.gov/34222719/,JACC Basic Transl Sci,2021,abstract_metadata_only,derived_annotations_only,1,abstract_metadata_only,pmcid_present_license_not_verified,false,true,unknown,3,not_stored; source-localized derived annotation only,false,conservative_source_metadata_review,2026-06-07T21:52:20+00:00,"OligoVigil redistributes source identifiers, source locations, matched terms, and curator decisions; raw article text and PDFs are not redistributed."
1996,literature_discovery,34037271,PMC9291828,10.1002/hep.31920,https://pubmed.ncbi.nlm.nih.gov/34037271/,Hepatology,2021,abstract_metadata_only,derived_annotations_only,1,abstract_metadata_only,pmcid_present_license_not_verified,false,true,unknown,3,not_stored; source-localized derived annotation only,false,conservative_source_metadata_review,2026-06-07T21:52:20+00:00,"OligoVigil redistributes source identifiers, source locations, matched terms, and curator decisions; raw article text and PDFs are not redistributed."
1999,literature_discovery,33924589,PMC8070490,10.3390/pharmaceutics13040544,https://pubmed.ncbi.nlm.nih.gov/33924589/,Pharmaceutics,2021,abstract_metadata_only,derived_annotations_only,1,abstract_metadata_only,pmcid_present_license_not_verified,false,true,unknown,3,not_stored; source-localized derived annotation only,false,conservative_source_metadata_review,2026-06-07T21:52:20+00:00,"OligoVigil redistributes source identifiers, source locations, matched terms, and curator decisions; raw article text and PDFs are not redistributed."
2002,literature_discovery,33753212,,10.1016/j.ejpb.2021.03.006,https://pubmed.ncbi.nlm.nih.gov/33753212/,Eur J Pharm Biopharm,2021,abstract_metadata_only,derived_annotations_only,0,abstract_metadata_only,not_applicable,false,true,unknown,2,not_stored; source-localized derived annotation only,false,conservative_source_metadata_review,2026-06-07T21:52:20+00:00,"OligoVigil redistributes source identifiers, source locations, matched terms, and curator decisions; raw article text and PDFs are not redistributed."
2009,literature_discovery,33016851,,10.1089/nat.2020.0894,https://pubmed.ncbi.nlm.nih.gov/33016851/,Nucleic Acid Ther,2020,abstract_metadata_only,derived_annotations_only,0,abstract_metadata_only,not_applicable,false,true,unknown,2,not_stored; source-localized derived annotation only,false,conservative_source_metadata_review,2026-06-07T21:52:20+00:00,"OligoVigil redistributes source identifiers, source locations, matched terms, and curator decisions; raw article text and PDFs are not redistributed."
2015,literature_discovery,31875524,,10.1016/j.canlet.2019.12.031,https://pubmed.ncbi.nlm.nih.gov/31875524/,Cancer Lett,2020,abstract_metadata_only,derived_annotations_only,0,abstract_metadata_only,not_applicable,false,true,unknown,1,not_stored; source-localized derived annotation only,false,conservative_source_metadata_review,2026-06-07T21:52:20+00:00,"OligoVigil redistributes source identifiers, source locations, matched terms, and curator decisions; raw article text and PDFs are not redistributed."
2058,literature_discovery,29459660,PMC5818625,10.1038/s41467-018-02989-4,https://pubmed.ncbi.nlm.nih.gov/29459660/,Nat Commun,2018,abstract_metadata_only,derived_annotations_only,3,abstract_metadata_only,pmcid_present_license_not_verified,false,true,unknown,5,not_stored; source-localized derived annotation only,false,conservative_source_metadata_review,2026-06-07T21:52:20+00:00,"OligoVigil redistributes source identifiers, source locations, matched terms, and curator decisions; raw article text and PDFs are not redistributed."
2059,literature_discovery,30583097,PMC6305803,10.1016/j.omtn.2018.11.005,https://pubmed.ncbi.nlm.nih.gov/30583097/,Mol Ther Nucleic Acids,2019,abstract_metadata_only,derived_annotations_only,1,abstract_metadata_only,pmcid_present_license_not_verified,false,true,unknown,4,not_stored; source-localized derived annotation only,false,conservative_source_metadata_review,2026-06-07T21:52:20+00:00,"OligoVigil redistributes source identifiers, source locations, matched terms, and curator decisions; raw article text and PDFs are not redistributed."
2060,literature_discovery,29390093,PMC5861398,10.1093/nar/gky060,https://pubmed.ncbi.nlm.nih.gov/29390093/,Nucleic Acids Res,2018,abstract_metadata_only,derived_annotations_only,3,abstract_metadata_only,pmcid_present_license_not_verified,false,true,unknown,4,not_stored; source-localized derived annotation only,false,conservative_source_metadata_review,2026-06-07T21:52:20+00:00,"OligoVigil redistributes source identifiers, source locations, matched terms, and curator decisions; raw article text and PDFs are not redistributed."
2061,literature_discovery,27461380,PMC4961955,10.1038/srep30377,https://pubmed.ncbi.nlm.nih.gov/27461380/,Sci Rep,2016,abstract_metadata_only,derived_annotations_only,2,abstract_metadata_only,pmcid_present_license_not_verified,false,true,unknown,4,not_stored; source-localized derived annotation only,false,conservative_source_metadata_review,2026-06-07T21:52:20+00:00,"OligoVigil redistributes source identifiers, source locations, matched terms, and curator decisions; raw article text and PDFs are not redistributed."
2062,literature_discovery,26553810,PMC4797265,10.1093/nar/gkv1210,https://pubmed.ncbi.nlm.nih.gov/26553810/,Nucleic Acids Res,2016,abstract_metadata_only,derived_annotations_only,3,abstract_metadata_only,pmcid_present_license_not_verified,false,true,unknown,3,not_stored; source-localized derived annotation only,false,conservative_source_metadata_review,2026-06-07T21:52:20+00:00,"OligoVigil redistributes source identifiers, source locations, matched terms, and curator decisions; raw article text and PDFs are not redistributed."
2063,literature_discovery,24550163,PMC4005641,10.1093/nar/gku142,https://pubmed.ncbi.nlm.nih.gov/24550163/,Nucleic Acids Res,2014,abstract_metadata_only,derived_annotations_only,2,abstract_metadata_only,pmcid_present_license_not_verified,false,true,unknown,3,not_stored; source-localized derived annotation only,false,conservative_source_metadata_review,2026-06-07T21:52:20+00:00,"OligoVigil redistributes source identifiers, source locations, matched terms, and curator decisions; raw article text and PDFs are not redistributed."
2064,literature_discovery,28918038,PMC5537172,10.1016/j.omtn.2017.07.003,https://pubmed.ncbi.nlm.nih.gov/28918038/,Mol Ther Nucleic Acids,2017,abstract_metadata_only,derived_annotations_only,2,abstract_metadata_only,pmcid_present_license_not_verified,false,true,unknown,4,not_stored; source-localized derived annotation only,false,conservative_source_metadata_review,2026-06-07T21:52:20+00:00,"OligoVigil redistributes source identifiers, source locations, matched terms, and curator decisions; raw article text and PDFs are not redistributed."
2066,literature_discovery,20886212,,10.1007/s00280-010-1473-z,https://pubmed.ncbi.nlm.nih.gov/20886212/,Cancer Chemother Pharmacol,2011,abstract_metadata_only,derived_annotations_only,1,abstract_metadata_only,not_applicable,false,true,unknown,3,not_stored; source-localized derived annotation only,false,conservative_source_metadata_review,2026-06-07T21:52:20+00:00,"OligoVigil redistributes source identifiers, source locations, matched terms, and curator decisions; raw article text and PDFs are not redistributed."
2082,literature_discovery,29708844,,10.1089/nat.2017.0706,https://pubmed.ncbi.nlm.nih.gov/29708844/,Nucleic Acid Ther,2018,abstract_metadata_only,derived_annotations_only,1,abstract_metadata_only,not_applicable,false,true,unknown,2,not_stored; source-localized derived annotation only,false,conservative_source_metadata_review,2026-06-07T21:52:20+00:00,"OligoVigil redistributes source identifiers, source locations, matched terms, and curator decisions; raw article text and PDFs are not redistributed."
2083,literature_discovery,28986168,,10.1016/j.jconrel.2017.09.044,https://pubmed.ncbi.nlm.nih.gov/28986168/,J Control Release,2017,abstract_metadata_only,derived_annotations_only,1,abstract_metadata_only,not_applicable,false,true,unknown,3,not_stored; source-localized derived annotation only,false,conservative_source_metadata_review,2026-06-07T21:52:20+00:00,"OligoVigil redistributes source identifiers, source locations, matched terms, and curator decisions; raw article text and PDFs are not redistributed."
2084,literature_discovery,24336348,,10.1093/toxsci/kft278,https://pubmed.ncbi.nlm.nih.gov/24336348/,Toxicol Sci,2014,abstract_metadata_only,derived_annotations_only,1,abstract_metadata_only,not_applicable,false,true,unknown,1,not_stored; source-localized derived annotation only,false,conservative_source_metadata_review,2026-06-07T21:52:20+00:00,"OligoVigil redistributes source identifiers, source locations, matched terms, and curator decisions; raw article text and PDFs are not redistributed."
2086,literature_discovery,22915769,,10.1124/jpet.112.197426,https://pubmed.ncbi.nlm.nih.gov/22915769/,J Pharmacol Exp Ther,2012,abstract_metadata_only,derived_annotations_only,1,abstract_metadata_only,not_applicable,false,true,unknown,1,not_stored; source-localized derived annotation only,false,conservative_source_metadata_review,2026-06-07T21:52:20+00:00,"OligoVigil redistributes source identifiers, source locations, matched terms, and curator decisions; raw article text and PDFs are not redistributed."
2090,literature_discovery,37093125,,10.1089/nat.2022.0042,https://pubmed.ncbi.nlm.nih.gov/37093125/,Nucleic Acid Ther,2023,abstract_metadata_only,derived_annotations_only,1,abstract_metadata_only,not_applicable,false,true,unknown,1,not_stored; source-localized derived annotation only,false,conservative_source_metadata_review,2026-06-07T21:52:20+00:00,"OligoVigil redistributes source identifiers, source locations, matched terms, and curator decisions; raw article text and PDFs are not redistributed."
2096,literature_discovery,41439881,PMC12730731,10.3390/biomimetics10120812,https://pubmed.ncbi.nlm.nih.gov/41439881/,Biomimetics (Basel),2025,abstract_metadata_only,derived_annotations_only,1,abstract_metadata_only,pmcid_present_license_not_verified,false,true,unknown,4,not_stored; source-localized derived annotation only,false,conservative_source_metadata_review,2026-06-07T21:52:20+00:00,"OligoVigil redistributes source identifiers, source locations, matched terms, and curator decisions; raw article text and PDFs are not redistributed."
2097,literature_discovery,41121471,,10.2174/0113816128395585250923122829,https://pubmed.ncbi.nlm.nih.gov/41121471/,Curr Pharm Des,2025,abstract_metadata_only,derived_annotations_only,1,abstract_metadata_only,not_applicable,false,true,unknown,2,not_stored; source-localized derived annotation only,false,conservative_source_metadata_review,2026-06-07T21:52:20+00:00,"OligoVigil redistributes source identifiers, source locations, matched terms, and curator decisions; raw article text and PDFs are not redistributed."
2098,literature_discovery,40911569,PMC12412931,10.1371/journal.pone.0327375,https://pubmed.ncbi.nlm.nih.gov/40911569/,PLoS One,2025,abstract_metadata_only,derived_annotations_only,1,abstract_metadata_only,pmcid_present_license_not_verified,false,true,unknown,3,not_stored; source-localized derived annotation only,false,conservative_source_metadata_review,2026-06-07T21:52:20+00:00,"OligoVigil redistributes source identifiers, source locations, matched terms, and curator decisions; raw article text and PDFs are not redistributed."
2104,literature_discovery,39539730,PMC11558258,10.1016/j.bioactmat.2024.06.008,https://pubmed.ncbi.nlm.nih.gov/39539730/,Bioact Mater,2024,abstract_metadata_only,derived_annotations_only,1,abstract_metadata_only,pmcid_present_license_not_verified,false,true,unknown,4,not_stored; source-localized derived annotation only,false,conservative_source_metadata_review,2026-06-07T21:52:20+00:00,"OligoVigil redistributes source identifiers, source locations, matched terms, and curator decisions; raw article text and PDFs are not redistributed."
2105,literature_discovery,30820542,PMC6468299,10.1093/nar/gkz140,https://pubmed.ncbi.nlm.nih.gov/30820542/,Nucleic Acids Res,2019,abstract_metadata_only,derived_annotations_only,1,abstract_metadata_only,pmcid_present_license_not_verified,false,true,unknown,4,not_stored; source-localized derived annotation only,false,conservative_source_metadata_review,2026-06-07T21:52:20+00:00,"OligoVigil redistributes source identifiers, source locations, matched terms, and curator decisions; raw article text and PDFs are not redistributed."
2106,literature_discovery,28325303,PMC5363415,10.1016/j.omtn.2016.11.006,https://pubmed.ncbi.nlm.nih.gov/28325303/,Mol Ther Nucleic Acids,2017,abstract_metadata_only,derived_annotations_only,1,abstract_metadata_only,pmcid_present_license_not_verified,false,true,unknown,4,not_stored; source-localized derived annotation only,false,conservative_source_metadata_review,2026-06-07T21:52:20+00:00,"OligoVigil redistributes source identifiers, source locations, matched terms, and curator decisions; raw article text and PDFs are not redistributed."
2107,literature_discovery,27923110,,10.1089/nat.2016.0639,https://pubmed.ncbi.nlm.nih.gov/27923110/,Nucleic Acid Ther,2017,abstract_metadata_only,derived_annotations_only,1,abstract_metadata_only,not_applicable,false,true,unknown,3,not_stored; source-localized derived annotation only,false,conservative_source_metadata_review,2026-06-07T21:52:20+00:00,"OligoVigil redistributes source identifiers, source locations, matched terms, and curator decisions; raw article text and PDFs are not redistributed."
2109,literature_discovery,22704926,,10.1016/j.vaccine.2012.05.074,https://pubmed.ncbi.nlm.nih.gov/22704926/,Vaccine,2012,abstract_metadata_only,derived_annotations_only,1,abstract_metadata_only,not_applicable,false,true,unknown,3,not_stored; source-localized derived annotation only,false,conservative_source_metadata_review,2026-06-07T21:52:20+00:00,"OligoVigil redistributes source identifiers, source locations, matched terms, and curator decisions; raw article text and PDFs are not redistributed."
2110,literature_discovery,22326642,,10.1016/j.vaccine.2012.01.087,https://pubmed.ncbi.nlm.nih.gov/22326642/,Vaccine,2012,abstract_metadata_only,derived_annotations_only,1,abstract_metadata_only,not_applicable,false,true,unknown,3,not_stored; source-localized derived annotation only,false,conservative_source_metadata_review,2026-06-07T21:52:20+00:00,"OligoVigil redistributes source identifiers, source locations, matched terms, and curator decisions; raw article text and PDFs are not redistributed."
2111,literature_discovery,41390988,PMC12702135,10.1111/cts.70431,https://pubmed.ncbi.nlm.nih.gov/41390988/,Clin Transl Sci,2025,abstract_metadata_only,derived_annotations_only,1,abstract_metadata_only,pmcid_present_license_not_verified,false,true,unknown,2,not_stored; source-localized derived annotation only,false,conservative_source_metadata_review,2026-06-07T21:52:20+00:00,"OligoVigil redistributes source identifiers, source locations, matched terms, and curator decisions; raw article text and PDFs are not redistributed."
2113,literature_discovery,34388351,PMC8713556,10.1089/nat.2020.0921,https://pubmed.ncbi.nlm.nih.gov/34388351/,Nucleic Acid Ther,2021,abstract_metadata_only,derived_annotations_only,1,abstract_metadata_only,pmcid_present_license_not_verified,false,true,unknown,2,not_stored; source-localized derived annotation only,false,conservative_source_metadata_review,2026-06-07T21:52:20+00:00,"OligoVigil redistributes source identifiers, source locations, matched terms, and curator decisions; raw article text and PDFs are not redistributed."
2116,literature_discovery,29565739,PMC5899290,10.1089/nat.2017.0705,https://pubmed.ncbi.nlm.nih.gov/29565739/,Nucleic Acid Ther,2018,abstract_metadata_only,derived_annotations_only,1,abstract_metadata_only,pmcid_present_license_not_verified,false,true,unknown,3,not_stored; source-localized derived annotation only,false,conservative_source_metadata_review,2026-06-07T21:52:20+00:00,"OligoVigil redistributes source identifiers, source locations, matched terms, and curator decisions; raw article text and PDFs are not redistributed."
2117,literature_discovery,29450406,PMC5808362,10.1021/acsomega.7b00291,https://pubmed.ncbi.nlm.nih.gov/29450406/,ACS Omega,2017,abstract_metadata_only,derived_annotations_only,1,abstract_metadata_only,pmcid_present_license_not_verified,false,true,unknown,3,not_stored; source-localized derived annotation only,false,conservative_source_metadata_review,2026-06-07T21:52:20+00:00,"OligoVigil redistributes source identifiers, source locations, matched terms, and curator decisions; raw article text and PDFs are not redistributed."
2155,literature_discovery,40882634,PMC12404672,10.1016/j.ccell.2025.07.015,https://pubmed.ncbi.nlm.nih.gov/40882634/,Cancer Cell,2025,abstract_metadata_only,derived_annotations_only,1,abstract_metadata_only,pmcid_present_license_not_verified,false,true,unknown,5,not_stored; source-localized derived annotation only,false,conservative_source_metadata_review,2026-06-07T21:52:20+00:00,"OligoVigil redistributes source identifiers, source locations, matched terms, and curator decisions; raw article text and PDFs are not redistributed."
2193,literature_discovery,37310350,,10.1039/d3ob00574g,https://pubmed.ncbi.nlm.nih.gov/37310350/,Org Biomol Chem,2023,abstract_metadata_only,derived_annotations_only,1,abstract_metadata_only,not_applicable,false,true,unknown,1,not_stored; source-localized derived annotation only,false,conservative_source_metadata_review,2026-06-07T21:52:20+00:00,"OligoVigil redistributes source identifiers, source locations, matched terms, and curator decisions; raw article text and PDFs are not redistributed."
2195,literature_discovery,37040258,PMC10189729,10.1021/acsabm.3c00155,https://pubmed.ncbi.nlm.nih.gov/37040258/,ACS Appl Bio Mater,2023,abstract_metadata_only,derived_annotations_only,1,abstract_metadata_only,pmcid_present_license_not_verified,false,true,unknown,2,not_stored; source-localized derived annotation only,false,conservative_source_metadata_review,2026-06-07T21:52:20+00:00,"OligoVigil redistributes source identifiers, source locations, matched terms, and curator decisions; raw article text and PDFs are not redistributed."
2198,literature_discovery,36909507,PMC10002694,10.1101/2023.02.25.530026,https://pubmed.ncbi.nlm.nih.gov/36909507/,bioRxiv,2023,abstract_metadata_only,derived_annotations_only,1,abstract_metadata_only,pmcid_present_license_not_verified,false,true,unknown,2,not_stored; source-localized derived annotation only,false,conservative_source_metadata_review,2026-06-07T21:52:20+00:00,"OligoVigil redistributes source identifiers, source locations, matched terms, and curator decisions; raw article text and PDFs are not redistributed."
2199,literature_discovery,36801361,,10.1016/j.tiv.2023.105569,https://pubmed.ncbi.nlm.nih.gov/36801361/,Toxicol In Vitro,2023,abstract_metadata_only,derived_annotations_only,1,abstract_metadata_only,not_applicable,false,true,unknown,3,not_stored; source-localized derived annotation only,false,conservative_source_metadata_review,2026-06-07T21:52:20+00:00,"OligoVigil redistributes source identifiers, source locations, matched terms, and curator decisions; raw article text and PDFs are not redistributed."
2204,literature_discovery,35921069,,10.1089/nat.2022.0024,https://pubmed.ncbi.nlm.nih.gov/35921069/,Nucleic Acid Ther,2022,abstract_metadata_only,derived_annotations_only,1,abstract_metadata_only,not_applicable,false,true,unknown,3,not_stored; source-localized derived annotation only,false,conservative_source_metadata_review,2026-06-07T21:52:20+00:00,"OligoVigil redistributes source identifiers, source locations, matched terms, and curator decisions; raw article text and PDFs are not redistributed."
2210,literature_discovery,35464859,PMC9019733,10.3389/fgene.2022.791416,https://pubmed.ncbi.nlm.nih.gov/35464859/,Front Genet,2022,abstract_metadata_only,derived_annotations_only,2,abstract_metadata_only,pmcid_present_license_not_verified,false,true,unknown,4,not_stored; source-localized derived annotation only,false,conservative_source_metadata_review,2026-06-07T21:52:20+00:00,"OligoVigil redistributes source identifiers, source locations, matched terms, and curator decisions; raw article text and PDFs are not redistributed."
2216,literature_discovery,33314011,,10.1007/s40291-020-00504-4,https://pubmed.ncbi.nlm.nih.gov/33314011/,Mol Diagn Ther,2021,abstract_metadata_only,derived_annotations_only,1,abstract_metadata_only,not_applicable,false,true,unknown,2,not_stored; source-localized derived annotation only,false,conservative_source_metadata_review,2026-06-07T21:52:20+00:00,"OligoVigil redistributes source identifiers, source locations, matched terms, and curator decisions; raw article text and PDFs are not redistributed."
2225,literature_discovery,31881528,PMC7063478,10.1016/j.omtn.2019.11.020,https://pubmed.ncbi.nlm.nih.gov/31881528/,Mol Ther Nucleic Acids,2020,abstract_metadata_only,derived_annotations_only,1,abstract_metadata_only,pmcid_present_license_not_verified,false,true,unknown,2,not_stored; source-localized derived annotation only,false,conservative_source_metadata_review,2026-06-07T21:52:20+00:00,"OligoVigil redistributes source identifiers, source locations, matched terms, and curator decisions; raw article text and PDFs are not redistributed."
2230,literature_discovery,28929521,PMC5736848,10.1111/bcp.13405,https://pubmed.ncbi.nlm.nih.gov/28929521/,Br J Clin Pharmacol,2018,abstract_metadata_only,derived_annotations_only,1,abstract_metadata_only,pmcid_present_license_not_verified,false,true,unknown,2,not_stored; source-localized derived annotation only,false,conservative_source_metadata_review,2026-06-07T21:52:20+00:00,"OligoVigil redistributes source identifiers, source locations, matched terms, and curator decisions; raw article text and PDFs are not redistributed."
2231,literature_discovery,28853853,PMC5694563,10.1021/acschembio.7b00416,https://pubmed.ncbi.nlm.nih.gov/28853853/,ACS Chem Biol,2017,abstract_metadata_only,derived_annotations_only,1,abstract_metadata_only,pmcid_present_license_not_verified,false,true,unknown,2,not_stored; source-localized derived annotation only,false,conservative_source_metadata_review,2026-06-07T21:52:20+00:00,"OligoVigil redistributes source identifiers, source locations, matched terms, and curator decisions; raw article text and PDFs are not redistributed."
2232,literature_discovery,28295562,,10.1002/em.22076,https://pubmed.ncbi.nlm.nih.gov/28295562/,Environ Mol Mutagen,2017,abstract_metadata_only,derived_annotations_only,1,abstract_metadata_only,not_applicable,false,true,unknown,2,not_stored; source-localized derived annotation only,false,conservative_source_metadata_review,2026-06-07T21:52:20+00:00,"OligoVigil redistributes source identifiers, source locations, matched terms, and curator decisions; raw article text and PDFs are not redistributed."
2237,literature_discovery,27357629,PMC5112040,10.1038/mt.2016.136,https://pubmed.ncbi.nlm.nih.gov/27357629/,Mol Ther,2016,abstract_metadata_only,derived_annotations_only,1,abstract_metadata_only,pmcid_present_license_not_verified,false,true,unknown,2,not_stored; source-localized derived annotation only,false,conservative_source_metadata_review,2026-06-07T21:52:20+00:00,"OligoVigil redistributes source identifiers, source locations, matched terms, and curator decisions; raw article text and PDFs are not redistributed."
2246,literature_discovery,21687525,PMC3109444,10.4161/adna.1.1.12204,https://pubmed.ncbi.nlm.nih.gov/21687525/,Artif DNA PNA XNA,2010,abstract_metadata_only,derived_annotations_only,1,abstract_metadata_only,pmcid_present_license_not_verified,false,true,unknown,3,not_stored; source-localized derived annotation only,false,conservative_source_metadata_review,2026-06-07T21:52:20+00:00,"OligoVigil redistributes source identifiers, source locations, matched terms, and curator decisions; raw article text and PDFs are not redistributed."
2253,literature_discovery,36511872,PMC9825156,10.1093/nar/gkac1108,https://pubmed.ncbi.nlm.nih.gov/36511872/,Nucleic Acids Res,2022,abstract_metadata_only,derived_annotations_only,2,abstract_metadata_only,pmcid_present_license_not_verified,false,true,unknown,3,not_stored; source-localized derived annotation only,false,conservative_source_metadata_review,2026-06-07T21:52:20+00:00,"OligoVigil redistributes source identifiers, source locations, matched terms, and curator decisions; raw article text and PDFs are not redistributed."
2255,literature_discovery,35071927,PMC8771963,10.1021/acsomega.1c06455,https://pubmed.ncbi.nlm.nih.gov/35071927/,ACS Omega,2022,abstract_metadata_only,derived_annotations_only,1,abstract_metadata_only,pmcid_present_license_not_verified,false,true,unknown,3,not_stored; source-localized derived annotation only,false,conservative_source_metadata_review,2026-06-07T21:52:20+00:00,"OligoVigil redistributes source identifiers, source locations, matched terms, and curator decisions; raw article text and PDFs are not redistributed."
2257,literature_discovery,33801683,PMC8037512,10.3390/ijms22073470,https://pubmed.ncbi.nlm.nih.gov/33801683/,Int J Mol Sci,2021,abstract_metadata_only,derived_annotations_only,1,abstract_metadata_only,pmcid_present_license_not_verified,false,true,unknown,3,not_stored; source-localized derived annotation only,false,conservative_source_metadata_review,2026-06-07T21:52:20+00:00,"OligoVigil redistributes source identifiers, source locations, matched terms, and curator decisions; raw article text and PDFs are not redistributed."
2269,literature_discovery,22709826,,10.1016/j.tox.2012.06.005,https://pubmed.ncbi.nlm.nih.gov/22709826/,Toxicology,2012,abstract_metadata_only,derived_annotations_only,1,abstract_metadata_only,not_applicable,false,true,unknown,3,not_stored; source-localized derived annotation only,false,conservative_source_metadata_review,2026-06-07T21:52:20+00:00,"OligoVigil redistributes source identifiers, source locations, matched terms, and curator decisions; raw article text and PDFs are not redistributed."
2270,literature_discovery,20544786,,10.1002/cmdc.201000156,https://pubmed.ncbi.nlm.nih.gov/20544786/,ChemMedChem,2010,abstract_metadata_only,derived_annotations_only,1,abstract_metadata_only,not_applicable,false,true,unknown,2,not_stored; source-localized derived annotation only,false,conservative_source_metadata_review,2026-06-07T21:52:20+00:00,"OligoVigil redistributes source identifiers, source locations, matched terms, and curator decisions; raw article text and PDFs are not redistributed."
2280,literature_discovery,40392667,,10.1016/j.jacc.2025.04.049,https://pubmed.ncbi.nlm.nih.gov/40392667/,J Am Coll Cardiol,2025,abstract_metadata_only,derived_annotations_only,1,abstract_metadata_only,not_applicable,false,true,unknown,3,not_stored; source-localized derived annotation only,false,conservative_source_metadata_review,2026-06-07T21:52:20+00:00,"OligoVigil redistributes source identifiers, source locations, matched terms, and curator decisions; raw article text and PDFs are not redistributed."
2281,literature_discovery,40337520,PMC12055788,10.3389/fphar.2025.1576151,https://pubmed.ncbi.nlm.nih.gov/40337520/,Front Pharmacol,2025,abstract_metadata_only,derived_annotations_only,1,abstract_metadata_only,pmcid_present_license_not_verified,false,true,unknown,2,not_stored; source-localized derived annotation only,false,conservative_source_metadata_review,2026-06-07T21:52:20+00:00,"OligoVigil redistributes source identifiers, source locations, matched terms, and curator decisions; raw article text and PDFs are not redistributed."
2285,literature_discovery,40160160,PMC11955805,10.1111/cts.70207,https://pubmed.ncbi.nlm.nih.gov/40160160/,Clin Transl Sci,2025,abstract_metadata_only,derived_annotations_only,1,abstract_metadata_only,pmcid_present_license_not_verified,false,true,unknown,4,not_stored; source-localized derived annotation only,false,conservative_source_metadata_review,2026-06-07T21:52:20+00:00,"OligoVigil redistributes source identifiers, source locations, matched terms, and curator decisions; raw article text and PDFs are not redistributed."
2286,literature_discovery,40116355,PMC11926758,10.1111/cts.70202,https://pubmed.ncbi.nlm.nih.gov/40116355/,Clin Transl Sci,2025,abstract_metadata_only,derived_annotations_only,1,abstract_metadata_only,pmcid_present_license_not_verified,false,true,unknown,3,not_stored; source-localized derived annotation only,false,conservative_source_metadata_review,2026-06-07T21:52:20+00:00,"OligoVigil redistributes source identifiers, source locations, matched terms, and curator decisions; raw article text and PDFs are not redistributed."
2297,literature_discovery,38563414,PMC10985948,10.1111/cts.13784,https://pubmed.ncbi.nlm.nih.gov/38563414/,Clin Transl Sci,2024,abstract_metadata_only,derived_annotations_only,1,abstract_metadata_only,pmcid_present_license_not_verified,false,true,unknown,2,not_stored; source-localized derived annotation only,false,conservative_source_metadata_review,2026-06-07T21:52:20+00:00,"OligoVigil redistributes source identifiers, source locations, matched terms, and curator decisions; raw article text and PDFs are not redistributed."
2299,literature_discovery,37850379,PMC10815002,10.1161/CIRCULATIONAHA.122.063460,https://pubmed.ncbi.nlm.nih.gov/37850379/,Circulation,2024,abstract_metadata_only,derived_annotations_only,1,abstract_metadata_only,pmcid_present_license_not_verified,false,true,unknown,2,not_stored; source-localized derived annotation only,false,conservative_source_metadata_review,2026-06-07T21:52:20+00:00,"OligoVigil redistributes source identifiers, source locations, matched terms, and curator decisions; raw article text and PDFs are not redistributed."
2301,literature_discovery,38057066,,10.1016/j.jacc.2023.10.007,https://pubmed.ncbi.nlm.nih.gov/38057066/,J Am Coll Cardiol,2023,abstract_metadata_only,derived_annotations_only,1,abstract_metadata_only,not_applicable,false,true,unknown,2,not_stored; source-localized derived annotation only,false,conservative_source_metadata_review,2026-06-07T21:52:20+00:00,"OligoVigil redistributes source identifiers, source locations, matched terms, and curator decisions; raw article text and PDFs are not redistributed."
2303,literature_discovery,37442152,,10.1016/S2468-1253(23)00148-6,https://pubmed.ncbi.nlm.nih.gov/37442152/,Lancet Gastroenterol Hepatol,2023,abstract_metadata_only,derived_annotations_only,1,abstract_metadata_only,not_applicable,false,true,unknown,2,not_stored; source-localized derived annotation only,false,conservative_source_metadata_review,2026-06-07T21:52:20+00:00,"OligoVigil redistributes source identifiers, source locations, matched terms, and curator decisions; raw article text and PDFs are not redistributed."
2304,literature_discovery,36415122,,10.1002/cpdd.1197,https://pubmed.ncbi.nlm.nih.gov/36415122/,Clin Pharmacol Drug Dev,2023,abstract_metadata_only,derived_annotations_only,1,abstract_metadata_only,not_applicable,false,true,unknown,1,not_stored; source-localized derived annotation only,false,conservative_source_metadata_review,2026-06-07T21:52:20+00:00,"OligoVigil redistributes source identifiers, source locations, matched terms, and curator decisions; raw article text and PDFs are not redistributed."
2305,literature_discovery,36412852,PMC9680366,10.3390/jfb13040211,https://pubmed.ncbi.nlm.nih.gov/36412852/,J Funct Biomater,2022,abstract_metadata_only,derived_annotations_only,1,abstract_metadata_only,pmcid_present_license_not_verified,false,true,unknown,4,not_stored; source-localized derived annotation only,false,conservative_source_metadata_review,2026-06-07T21:52:20+00:00,"OligoVigil redistributes source identifiers, source locations, matched terms, and curator decisions; raw article text and PDFs are not redistributed."
2306,literature_discovery,36229039,PMC9825163,10.1093/nar/gkac838,https://pubmed.ncbi.nlm.nih.gov/36229039/,Nucleic Acids Res,2022,abstract_metadata_only,derived_annotations_only,1,abstract_metadata_only,pmcid_present_license_not_verified,false,true,unknown,3,not_stored; source-localized derived annotation only,false,conservative_source_metadata_review,2026-06-07T21:52:20+00:00,"OligoVigil redistributes source identifiers, source locations, matched terms, and curator decisions; raw article text and PDFs are not redistributed."
2308,literature_discovery,35205363,PMC8872465,10.3390/genes13020319,https://pubmed.ncbi.nlm.nih.gov/35205363/,Genes (Basel),2022,abstract_metadata_only,derived_annotations_only,2,abstract_metadata_only,pmcid_present_license_not_verified,false,true,unknown,2,not_stored; source-localized derived annotation only,false,conservative_source_metadata_review,2026-06-07T21:52:20+00:00,"OligoVigil redistributes source identifiers, source locations, matched terms, and curator decisions; raw article text and PDFs are not redistributed."
2309,literature_discovery,34648028,PMC8565336,10.1093/nar/gkab916,https://pubmed.ncbi.nlm.nih.gov/34648028/,Nucleic Acids Res,2021,abstract_metadata_only,derived_annotations_only,2,abstract_metadata_only,pmcid_present_license_not_verified,false,true,unknown,5,not_stored; source-localized derived annotation only,false,conservative_source_metadata_review,2026-06-07T21:52:20+00:00,"OligoVigil redistributes source identifiers, source locations, matched terms, and curator decisions; raw article text and PDFs are not redistributed."
2314,literature_discovery,31687889,,10.1089/nat.2019.0780,https://pubmed.ncbi.nlm.nih.gov/31687889/,Nucleic Acid Ther,2020,abstract_metadata_only,derived_annotations_only,1,abstract_metadata_only,not_applicable,false,true,unknown,3,not_stored; source-localized derived annotation only,false,conservative_source_metadata_review,2026-06-07T21:52:20+00:00,"OligoVigil redistributes source identifiers, source locations, matched terms, and curator decisions; raw article text and PDFs are not redistributed."
2318,literature_discovery,29846725,,10.1093/toxsci/kfy119,https://pubmed.ncbi.nlm.nih.gov/29846725/,Toxicol Sci,2018,abstract_metadata_only,derived_annotations_only,1,abstract_metadata_only,not_applicable,false,true,unknown,2,not_stored; source-localized derived annotation only,false,conservative_source_metadata_review,2026-06-07T21:52:20+00:00,"OligoVigil redistributes source identifiers, source locations, matched terms, and curator decisions; raw article text and PDFs are not redistributed."
2319,literature_discovery,29499955,PMC5725219,10.1016/j.omtn.2017.11.004,https://pubmed.ncbi.nlm.nih.gov/29499955/,Mol Ther Nucleic Acids,2018,abstract_metadata_only,derived_annotations_only,1,abstract_metadata_only,pmcid_present_license_not_verified,false,true,unknown,3,not_stored; source-localized derived annotation only,false,conservative_source_metadata_review,2026-06-07T21:52:20+00:00,"OligoVigil redistributes source identifiers, source locations, matched terms, and curator decisions; raw article text and PDFs are not redistributed."
2321,literature_discovery,29107969,PMC5673186,10.1371/journal.pone.0187574,https://pubmed.ncbi.nlm.nih.gov/29107969/,PLoS One,2017,abstract_metadata_only,derived_annotations_only,1,abstract_metadata_only,pmcid_present_license_not_verified,false,true,unknown,2,not_stored; source-localized derived annotation only,false,conservative_source_metadata_review,2026-06-07T21:52:20+00:00,"OligoVigil redistributes source identifiers, source locations, matched terms, and curator decisions; raw article text and PDFs are not redistributed."
2322,literature_discovery,28145801,PMC5467133,10.1089/nat.2016.0650,https://pubmed.ncbi.nlm.nih.gov/28145801/,Nucleic Acid Ther,2017,abstract_metadata_only,derived_annotations_only,1,abstract_metadata_only,pmcid_present_license_not_verified,false,true,unknown,3,not_stored; source-localized derived annotation only,false,conservative_source_metadata_review,2026-06-07T21:52:20+00:00,"OligoVigil redistributes source identifiers, source locations, matched terms, and curator decisions; raw article text and PDFs are not redistributed."
2323,literature_discovery,28129130,PMC5363199,10.1016/j.ymthe.2016.10.019,https://pubmed.ncbi.nlm.nih.gov/28129130/,Mol Ther,2017,abstract_metadata_only,derived_annotations_only,1,abstract_metadata_only,pmcid_present_license_not_verified,false,true,unknown,6,not_stored; source-localized derived annotation only,false,conservative_source_metadata_review,2026-06-07T21:52:20+00:00,"OligoVigil redistributes source identifiers, source locations, matched terms, and curator decisions; raw article text and PDFs are not redistributed."
2324,literature_discovery,28123102,PMC5414856,10.1093/toxsci/kfx025,https://pubmed.ncbi.nlm.nih.gov/28123102/,Toxicol Sci,2017,abstract_metadata_only,derived_annotations_only,1,abstract_metadata_only,pmcid_present_license_not_verified,false,true,unknown,5,not_stored; source-localized derived annotation only,false,conservative_source_metadata_review,2026-06-07T21:52:20+00:00,"OligoVigil redistributes source identifiers, source locations, matched terms, and curator decisions; raw article text and PDFs are not redistributed."
2327,literature_discovery,26444021,PMC5058343,10.3233/JHD-150163,https://pubmed.ncbi.nlm.nih.gov/26444021/,J Huntingtons Dis,2015,abstract_metadata_only,derived_annotations_only,1,abstract_metadata_only,pmcid_present_license_not_verified,false,true,unknown,4,not_stored; source-localized derived annotation only,false,conservative_source_metadata_review,2026-06-07T21:52:20+00:00,"OligoVigil redistributes source identifiers, source locations, matched terms, and curator decisions; raw article text and PDFs are not redistributed."
2328,literature_discovery,24321374,PMC4145871,10.1016/j.nmd.2013.09.004,https://pubmed.ncbi.nlm.nih.gov/24321374/,Neuromuscul Disord,2014,abstract_metadata_only,derived_annotations_only,1,abstract_metadata_only,pmcid_present_license_not_verified,false,true,unknown,2,not_stored; source-localized derived annotation only,false,conservative_source_metadata_review,2026-06-07T21:52:20+00:00,"OligoVigil redistributes source identifiers, source locations, matched terms, and curator decisions; raw article text and PDFs are not redistributed."
2329,literature_discovery,23952551,PMC3760025,10.1089/nat.2013.0436,https://pubmed.ncbi.nlm.nih.gov/23952551/,Nucleic Acid Ther,2013,abstract_metadata_only,derived_annotations_only,1,abstract_metadata_only,pmcid_present_license_not_verified,false,true,unknown,3,not_stored; source-localized derived annotation only,false,conservative_source_metadata_review,2026-06-07T21:52:20+00:00,"OligoVigil redistributes source identifiers, source locations, matched terms, and curator decisions; raw article text and PDFs are not redistributed."
2331,literature_discovery,23692080,,10.1089/nat.2013.0422,https://pubmed.ncbi.nlm.nih.gov/23692080/,Nucleic Acid Ther,2013,abstract_metadata_only,derived_annotations_only,1,abstract_metadata_only,not_applicable,false,true,unknown,3,not_stored; source-localized derived annotation only,false,conservative_source_metadata_review,2026-06-07T21:52:20+00:00,"OligoVigil redistributes source identifiers, source locations, matched terms, and curator decisions; raw article text and PDFs are not redistributed."
2347,literature_discovery,40017137,PMC12060635,10.1002/mus.28372,https://pubmed.ncbi.nlm.nih.gov/40017137/,Muscle Nerve,2025,abstract_metadata_only,derived_annotations_only,1,abstract_metadata_only,pmcid_present_license_not_verified,false,true,unknown,2,not_stored; source-localized derived annotation only,false,conservative_source_metadata_review,2026-06-07T21:52:20+00:00,"OligoVigil redistributes source identifiers, source locations, matched terms, and curator decisions; raw article text and PDFs are not redistributed."
2348,literature_discovery,39459005,PMC11511047,10.3390/ph17101365,https://pubmed.ncbi.nlm.nih.gov/39459005/,Pharmaceuticals (Basel),2024,abstract_metadata_only,derived_annotations_only,1,abstract_metadata_only,pmcid_present_license_not_verified,false,true,unknown,2,not_stored; source-localized derived annotation only,false,conservative_source_metadata_review,2026-06-07T21:52:20+00:00,"OligoVigil redistributes source identifiers, source locations, matched terms, and curator decisions; raw article text and PDFs are not redistributed."
2412,literature_discovery,41587091,PMC12994142,10.1182/blood.2025029834,https://pubmed.ncbi.nlm.nih.gov/41587091/,Blood,2026,abstract_metadata_only,derived_annotations_only,1,abstract_metadata_only,pmcid_present_license_not_verified,false,true,unknown,6,not_stored; source-localized derived annotation only,false,conservative_source_metadata_review,2026-06-07T21:52:20+00:00,"OligoVigil redistributes source identifiers, source locations, matched terms, and curator decisions; raw article text and PDFs are not redistributed."
2417,literature_discovery,41461996,,10.1007/s12325-025-03475-2,https://pubmed.ncbi.nlm.nih.gov/41461996/,Adv Ther,2026,abstract_metadata_only,derived_annotations_only,1,abstract_metadata_only,not_applicable,false,true,unknown,1,not_stored; source-localized derived annotation only,false,conservative_source_metadata_review,2026-06-07T21:52:20+00:00,"OligoVigil redistributes source identifiers, source locations, matched terms, and curator decisions; raw article text and PDFs are not redistributed."
2428,literature_discovery,41274361,PMC12700850,10.1016/j.ejps.2025.107386,https://pubmed.ncbi.nlm.nih.gov/41274361/,Eur J Pharm Sci,2026,abstract_metadata_only,derived_annotations_only,1,abstract_metadata_only,pmcid_present_license_not_verified,false,true,unknown,3,not_stored; source-localized derived annotation only,false,conservative_source_metadata_review,2026-06-07T21:52:20+00:00,"OligoVigil redistributes source identifiers, source locations, matched terms, and curator decisions; raw article text and PDFs are not redistributed."
2454,literature_discovery,41020503,PMC12477598,10.1093/nar/gkaf937,https://pubmed.ncbi.nlm.nih.gov/41020503/,Nucleic Acids Res,2025,abstract_metadata_only,derived_annotations_only,1,abstract_metadata_only,pmcid_present_license_not_verified,false,true,unknown,3,not_stored; source-localized derived annotation only,false,conservative_source_metadata_review,2026-06-07T21:52:20+00:00,"OligoVigil redistributes source identifiers, source locations, matched terms, and curator decisions; raw article text and PDFs are not redistributed."
2475,literature_discovery,40717437,,10.1021/acs.molpharmaceut.5c00272,https://pubmed.ncbi.nlm.nih.gov/40717437/,Mol Pharm,2025,abstract_metadata_only,derived_annotations_only,1,abstract_metadata_only,not_applicable,false,true,unknown,2,not_stored; source-localized derived annotation only,false,conservative_source_metadata_review,2026-06-07T21:52:20+00:00,"OligoVigil redistributes source identifiers, source locations, matched terms, and curator decisions; raw article text and PDFs are not redistributed."
2483,literature_discovery,40604820,PMC12225093,10.1186/s12951-025-03529-1,https://pubmed.ncbi.nlm.nih.gov/40604820/,J Nanobiotechnology,2025,abstract_metadata_only,derived_annotations_only,1,abstract_metadata_only,pmcid_present_license_not_verified,false,true,unknown,3,not_stored; source-localized derived annotation only,false,conservative_source_metadata_review,2026-06-07T21:52:20+00:00,"OligoVigil redistributes source identifiers, source locations, matched terms, and curator decisions; raw article text and PDFs are not redistributed."
2498,literature_discovery,40391436,PMC12180692,10.1161/CIRCULATIONAHA.124.073233,https://pubmed.ncbi.nlm.nih.gov/40391436/,Circulation,2025,abstract_metadata_only,derived_annotations_only,1,abstract_metadata_only,pmcid_present_license_not_verified,false,true,unknown,2,not_stored; source-localized derived annotation only,false,conservative_source_metadata_review,2026-06-07T21:52:20+00:00,"OligoVigil redistributes source identifiers, source locations, matched terms, and curator decisions; raw article text and PDFs are not redistributed."
2503,literature_discovery,40312531,PMC12045942,10.1038/s41598-025-99526-3,https://pubmed.ncbi.nlm.nih.gov/40312531/,Sci Rep,2025,abstract_metadata_only,derived_annotations_only,1,abstract_metadata_only,pmcid_present_license_not_verified,false,true,unknown,2,not_stored; source-localized derived annotation only,false,conservative_source_metadata_review,2026-06-07T21:52:20+00:00,"OligoVigil redistributes source identifiers, source locations, matched terms, and curator decisions; raw article text and PDFs are not redistributed."
2510,literature_discovery,40242982,,10.1093/eurjpc/zwaf214,https://pubmed.ncbi.nlm.nih.gov/40242982/,Eur J Prev Cardiol,2025,abstract_metadata_only,derived_annotations_only,1,abstract_metadata_only,not_applicable,false,true,unknown,2,not_stored; source-localized derived annotation only,false,conservative_source_metadata_review,2026-06-07T21:52:20+00:00,"OligoVigil redistributes source identifiers, source locations, matched terms, and curator decisions; raw article text and PDFs are not redistributed."
2522,literature_discovery,40053895,PMC12824673,10.1182/blood.2024027008,https://pubmed.ncbi.nlm.nih.gov/40053895/,Blood,2025,abstract_metadata_only,derived_annotations_only,1,abstract_metadata_only,pmcid_present_license_not_verified,false,true,unknown,2,not_stored; source-localized derived annotation only,false,conservative_source_metadata_review,2026-06-07T21:52:20+00:00,"OligoVigil redistributes source identifiers, source locations, matched terms, and curator decisions; raw article text and PDFs are not redistributed."
2526,literature_discovery,40006524,PMC11859093,10.3390/pharmaceutics17020157,https://pubmed.ncbi.nlm.nih.gov/40006524/,Pharmaceutics,2025,abstract_metadata_only,derived_annotations_only,1,abstract_metadata_only,pmcid_present_license_not_verified,false,true,unknown,4,not_stored; source-localized derived annotation only,false,conservative_source_metadata_review,2026-06-07T21:52:20+00:00,"OligoVigil redistributes source identifiers, source locations, matched terms, and curator decisions; raw article text and PDFs are not redistributed."
2535,literature_discovery,39692702,PMC11845920,10.1111/jocd.16722,https://pubmed.ncbi.nlm.nih.gov/39692702/,J Cosmet Dermatol,2025,abstract_metadata_only,derived_annotations_only,1,abstract_metadata_only,pmcid_present_license_not_verified,false,true,unknown,5,not_stored; source-localized derived annotation only,false,conservative_source_metadata_review,2026-06-07T21:52:20+00:00,"OligoVigil redistributes source identifiers, source locations, matched terms, and curator decisions; raw article text and PDFs are not redistributed."
2538,literature_discovery,39642315,PMC11914172,10.1182/bloodadvances.2024013900,https://pubmed.ncbi.nlm.nih.gov/39642315/,Blood Adv,2025,abstract_metadata_only,derived_annotations_only,1,abstract_metadata_only,pmcid_present_license_not_verified,false,true,unknown,1,not_stored; source-localized derived annotation only,false,conservative_source_metadata_review,2026-06-07T21:52:20+00:00,"OligoVigil redistributes source identifiers, source locations, matched terms, and curator decisions; raw article text and PDFs are not redistributed."
2556,literature_discovery,39379106,PMC11571808,10.1261/rna.080220.124,https://pubmed.ncbi.nlm.nih.gov/39379106/,RNA,2024,abstract_metadata_only,derived_annotations_only,1,abstract_metadata_only,pmcid_present_license_not_verified,false,true,unknown,2,not_stored; source-localized derived annotation only,false,conservative_source_metadata_review,2026-06-07T21:52:20+00:00,"OligoVigil redistributes source identifiers, source locations, matched terms, and curator decisions; raw article text and PDFs are not redistributed."
2577,literature_discovery,38973655,PMC11823468,10.1002/adma.202313791,https://pubmed.ncbi.nlm.nih.gov/38973655/,Adv Mater,2024,abstract_metadata_only,derived_annotations_only,1,abstract_metadata_only,pmcid_present_license_not_verified,false,true,unknown,4,not_stored; source-localized derived annotation only,false,conservative_source_metadata_review,2026-06-07T21:52:20+00:00,"OligoVigil redistributes source identifiers, source locations, matched terms, and curator decisions; raw article text and PDFs are not redistributed."
2588,literature_discovery,38779336,PMC11109470,10.1016/j.omtm.2024.101258,https://pubmed.ncbi.nlm.nih.gov/38779336/,Mol Ther Methods Clin Dev,2024,abstract_metadata_only,derived_annotations_only,1,abstract_metadata_only,pmcid_present_license_not_verified,false,true,unknown,3,not_stored; source-localized derived annotation only,false,conservative_source_metadata_review,2026-06-07T21:52:20+00:00,"OligoVigil redistributes source identifiers, source locations, matched terms, and curator decisions; raw article text and PDFs are not redistributed."
2597,literature_discovery,38707801,PMC11068990,10.1016/j.ekir.2024.02.1439,https://pubmed.ncbi.nlm.nih.gov/38707801/,Kidney Int Rep,2024,abstract_metadata_only,derived_annotations_only,1,abstract_metadata_only,pmcid_present_license_not_verified,false,true,unknown,1,not_stored; source-localized derived annotation only,false,conservative_source_metadata_review,2026-06-07T21:52:20+00:00,"OligoVigil redistributes source identifiers, source locations, matched terms, and curator decisions; raw article text and PDFs are not redistributed."
2600,literature_discovery,38573183,PMC11534120,10.2217/fon-2023-0872,https://pubmed.ncbi.nlm.nih.gov/38573183/,Future Oncol,2024,abstract_metadata_only,derived_annotations_only,1,abstract_metadata_only,pmcid_present_license_not_verified,false,true,unknown,3,not_stored; source-localized derived annotation only,false,conservative_source_metadata_review,2026-06-07T21:52:20+00:00,"OligoVigil redistributes source identifiers, source locations, matched terms, and curator decisions; raw article text and PDFs are not redistributed."
2609,literature_discovery,38371290,PMC10866732,10.1016/j.jacasi.2023.09.006,https://pubmed.ncbi.nlm.nih.gov/38371290/,JACC Asia,2024,abstract_metadata_only,derived_annotations_only,1,abstract_metadata_only,pmcid_present_license_not_verified,false,true,unknown,2,not_stored; source-localized derived annotation only,false,conservative_source_metadata_review,2026-06-07T21:52:20+00:00,"OligoVigil redistributes source identifiers, source locations, matched terms, and curator decisions; raw article text and PDFs are not redistributed."
2611,literature_discovery,38361750,PMC10864329,10.1016/j.lanepe.2024.100862,https://pubmed.ncbi.nlm.nih.gov/38361750/,Lancet Reg Health Eur,2024,abstract_metadata_only,derived_annotations_only,1,abstract_metadata_only,pmcid_present_license_not_verified,false,true,unknown,2,not_stored; source-localized derived annotation only,false,conservative_source_metadata_review,2026-06-07T21:52:20+00:00,"OligoVigil redistributes source identifiers, source locations, matched terms, and curator decisions; raw article text and PDFs are not redistributed."
2614,literature_discovery,38327047,PMC11163203,10.1016/j.ymthe.2024.02.004,https://pubmed.ncbi.nlm.nih.gov/38327047/,Mol Ther,2024,abstract_metadata_only,derived_annotations_only,1,abstract_metadata_only,pmcid_present_license_not_verified,false,true,unknown,3,not_stored; source-localized derived annotation only,false,conservative_source_metadata_review,2026-06-07T21:52:20+00:00,"OligoVigil redistributes source identifiers, source locations, matched terms, and curator decisions; raw article text and PDFs are not redistributed."
2618,literature_discovery,38276948,PMC11221813,10.1152/ajpheart.00745.2023,https://pubmed.ncbi.nlm.nih.gov/38276948/,Am J Physiol Heart Circ Physiol,2024,abstract_metadata_only,derived_annotations_only,1,abstract_metadata_only,pmcid_present_license_not_verified,false,true,unknown,2,not_stored; source-localized derived annotation only,false,conservative_source_metadata_review,2026-06-07T21:52:20+00:00,"OligoVigil redistributes source identifiers, source locations, matched terms, and curator decisions; raw article text and PDFs are not redistributed."
2619,literature_discovery,38269451,,10.1002/ejhf.3139,https://pubmed.ncbi.nlm.nih.gov/38269451/,Eur J Heart Fail,2024,abstract_metadata_only,derived_annotations_only,1,abstract_metadata_only,not_applicable,false,true,unknown,2,not_stored; source-localized derived annotation only,false,conservative_source_metadata_review,2026-06-07T21:52:20+00:00,"OligoVigil redistributes source identifiers, source locations, matched terms, and curator decisions; raw article text and PDFs are not redistributed."
2621,literature_discovery,38220186,PMC11150722,10.5551/jat.64454,https://pubmed.ncbi.nlm.nih.gov/38220186/,J Atheroscler Thromb,2024,abstract_metadata_only,derived_annotations_only,1,abstract_metadata_only,pmcid_present_license_not_verified,false,true,unknown,2,not_stored; source-localized derived annotation only,false,conservative_source_metadata_review,2026-06-07T21:52:20+00:00,"OligoVigil redistributes source identifiers, source locations, matched terms, and curator decisions; raw article text and PDFs are not redistributed."
2630,literature_discovery,37649429,,10.1080/00207454.2023.2251662,https://pubmed.ncbi.nlm.nih.gov/37649429/,Int J Neurosci,2024,abstract_metadata_only,derived_annotations_only,1,abstract_metadata_only,not_applicable,false,true,unknown,2,not_stored; source-localized derived annotation only,false,conservative_source_metadata_review,2026-06-07T21:52:20+00:00,"OligoVigil redistributes source identifiers, source locations, matched terms, and curator decisions; raw article text and PDFs are not redistributed."
2632,literature_discovery,36550348,PMC11101568,10.1007/s10557-022-07413-0,https://pubmed.ncbi.nlm.nih.gov/36550348/,Cardiovasc Drugs Ther,2024,abstract_metadata_only,derived_annotations_only,1,abstract_metadata_only,pmcid_present_license_not_verified,false,true,unknown,2,not_stored; source-localized derived annotation only,false,conservative_source_metadata_review,2026-06-07T21:52:20+00:00,"OligoVigil redistributes source identifiers, source locations, matched terms, and curator decisions; raw article text and PDFs are not redistributed."
2634,literature_discovery,35787224,,10.1080/00207454.2022.2095270,https://pubmed.ncbi.nlm.nih.gov/35787224/,Int J Neurosci,2024,abstract_metadata_only,derived_annotations_only,1,abstract_metadata_only,not_applicable,false,true,unknown,2,not_stored; source-localized derived annotation only,false,conservative_source_metadata_review,2026-06-07T21:52:20+00:00,"OligoVigil redistributes source identifiers, source locations, matched terms, and curator decisions; raw article text and PDFs are not redistributed."
2644,literature_discovery,37956785,,10.1016/j.ejpb.2023.11.007,https://pubmed.ncbi.nlm.nih.gov/37956785/,Eur J Pharm Biopharm,2023,abstract_metadata_only,derived_annotations_only,0,abstract_metadata_only,not_applicable,false,true,unknown,3,not_stored; source-localized derived annotation only,false,conservative_source_metadata_review,2026-06-07T21:52:20+00:00,"OligoVigil redistributes source identifiers, source locations, matched terms, and curator decisions; raw article text and PDFs are not redistributed."
2652,literature_discovery,37738329,,10.1089/jamp.2023.0014,https://pubmed.ncbi.nlm.nih.gov/37738329/,J Aerosol Med Pulm Drug Deliv,2023,abstract_metadata_only,derived_annotations_only,0,abstract_metadata_only,not_applicable,false,true,unknown,2,not_stored; source-localized derived annotation only,false,conservative_source_metadata_review,2026-06-07T21:52:20+00:00,"OligoVigil redistributes source identifiers, source locations, matched terms, and curator decisions; raw article text and PDFs are not redistributed."
2657,literature_discovery,37680985,PMC10480457,10.1016/j.omtn.2023.08.020,https://pubmed.ncbi.nlm.nih.gov/37680985/,Mol Ther Nucleic Acids,2023,abstract_metadata_only,derived_annotations_only,1,abstract_metadata_only,pmcid_present_license_not_verified,false,true,unknown,3,not_stored; source-localized derived annotation only,false,conservative_source_metadata_review,2026-06-07T21:52:20+00:00,"OligoVigil redistributes source identifiers, source locations, matched terms, and curator decisions; raw article text and PDFs are not redistributed."
2666,literature_discovery,37479139,,10.1016/j.jhep.2023.06.013,https://pubmed.ncbi.nlm.nih.gov/37479139/,J Hepatol,2023,abstract_metadata_only,derived_annotations_only,1,abstract_metadata_only,not_applicable,false,true,unknown,2,not_stored; source-localized derived annotation only,false,conservative_source_metadata_review,2026-06-07T21:52:20+00:00,"OligoVigil redistributes source identifiers, source locations, matched terms, and curator decisions; raw article text and PDFs are not redistributed."
2669,literature_discovery,37437196,,10.1021/acs.bioconjchem.3c00186,https://pubmed.ncbi.nlm.nih.gov/37437196/,Bioconjug Chem,2023,abstract_metadata_only,derived_annotations_only,1,abstract_metadata_only,not_applicable,false,true,unknown,2,not_stored; source-localized derived annotation only,false,conservative_source_metadata_review,2026-06-07T21:52:20+00:00,"OligoVigil redistributes source identifiers, source locations, matched terms, and curator decisions; raw article text and PDFs are not redistributed."
2676,literature_discovery,37252442,PMC10209488,10.1016/j.ajpc.2023.100503,https://pubmed.ncbi.nlm.nih.gov/37252442/,Am J Prev Cardiol,2023,abstract_metadata_only,derived_annotations_only,1,abstract_metadata_only,pmcid_present_license_not_verified,false,true,unknown,2,not_stored; source-localized derived annotation only,false,conservative_source_metadata_review,2026-06-07T21:52:20+00:00,"OligoVigil redistributes source identifiers, source locations, matched terms, and curator decisions; raw article text and PDFs are not redistributed."
2680,literature_discovery,37111598,PMC10143489,10.3390/pharmaceutics15041112,https://pubmed.ncbi.nlm.nih.gov/37111598/,Pharmaceutics,2023,abstract_metadata_only,derived_annotations_only,1,abstract_metadata_only,pmcid_present_license_not_verified,false,true,unknown,2,not_stored; source-localized derived annotation only,false,conservative_source_metadata_review,2026-06-07T21:52:20+00:00,"OligoVigil redistributes source identifiers, source locations, matched terms, and curator decisions; raw article text and PDFs are not redistributed."
2681,literature_discovery,37100699,,10.1016/j.jacl.2023.03.007,https://pubmed.ncbi.nlm.nih.gov/37100699/,J Clin Lipidol,2023,abstract_metadata_only,derived_annotations_only,1,abstract_metadata_only,not_applicable,false,true,unknown,2,not_stored; source-localized derived annotation only,false,conservative_source_metadata_review,2026-06-07T21:52:20+00:00,"OligoVigil redistributes source identifiers, source locations, matched terms, and curator decisions; raw article text and PDFs are not redistributed."
2685,literature_discovery,37003287,,10.1016/S0140-6736(23)00284-2,https://pubmed.ncbi.nlm.nih.gov/37003287/,Lancet,2023,abstract_metadata_only,derived_annotations_only,1,abstract_metadata_only,not_applicable,false,true,unknown,2,not_stored; source-localized derived annotation only,false,conservative_source_metadata_review,2026-06-07T21:52:20+00:00,"OligoVigil redistributes source identifiers, source locations, matched terms, and curator decisions; raw article text and PDFs are not redistributed."
2697,literature_discovery,36620965,,10.1016/S2213-8587(22)00353-9,https://pubmed.ncbi.nlm.nih.gov/36620965/,Lancet Diabetes Endocrinol,2023,abstract_metadata_only,derived_annotations_only,1,abstract_metadata_only,not_applicable,false,true,unknown,2,not_stored; source-localized derived annotation only,false,conservative_source_metadata_review,2026-06-07T21:52:20+00:00,"OligoVigil redistributes source identifiers, source locations, matched terms, and curator decisions; raw article text and PDFs are not redistributed."
2701,literature_discovery,35913563,PMC9925547,10.1007/s00467-022-05684-1,https://pubmed.ncbi.nlm.nih.gov/35913563/,Pediatr Nephrol,2023,abstract_metadata_only,derived_annotations_only,1,abstract_metadata_only,pmcid_present_license_not_verified,false,true,unknown,2,not_stored; source-localized derived annotation only,false,conservative_source_metadata_review,2026-06-07T21:52:20+00:00,"OligoVigil redistributes source identifiers, source locations, matched terms, and curator decisions; raw article text and PDFs are not redistributed."
2712,literature_discovery,35976085,,10.1089/nat.2022.0033,https://pubmed.ncbi.nlm.nih.gov/35976085/,Nucleic Acid Ther,2022,abstract_metadata_only,derived_annotations_only,0,abstract_metadata_only,not_applicable,false,true,unknown,1,not_stored; source-localized derived annotation only,false,conservative_source_metadata_review,2026-06-07T21:52:20+00:00,"OligoVigil redistributes source identifiers, source locations, matched terms, and curator decisions; raw article text and PDFs are not redistributed."
2727,literature_discovery,34949835,PMC8861976,10.1038/s41591-021-01557-6,https://pubmed.ncbi.nlm.nih.gov/34949835/,Nat Med,2022,abstract_metadata_only,derived_annotations_only,1,abstract_metadata_only,pmcid_present_license_not_verified,false,true,unknown,2,not_stored; source-localized derived annotation only,false,conservative_source_metadata_review,2026-06-07T21:52:20+00:00,"OligoVigil redistributes source identifiers, source locations, matched terms, and curator decisions; raw article text and PDFs are not redistributed."
2730,literature_discovery,33567808,PMC8804562,10.3324/haematol.2020.260059,https://pubmed.ncbi.nlm.nih.gov/33567808/,Haematologica,2022,abstract_metadata_only,derived_annotations_only,1,abstract_metadata_only,pmcid_present_license_not_verified,false,true,unknown,2,not_stored; source-localized derived annotation only,false,conservative_source_metadata_review,2026-06-07T21:52:20+00:00,"OligoVigil redistributes source identifiers, source locations, matched terms, and curator decisions; raw article text and PDFs are not redistributed."
2741,literature_discovery,34242101,PMC8713270,10.1089/nat.2020.0917,https://pubmed.ncbi.nlm.nih.gov/34242101/,Nucleic Acid Ther,2021,abstract_metadata_only,derived_annotations_only,1,abstract_metadata_only,pmcid_present_license_not_verified,false,true,unknown,3,not_stored; source-localized derived annotation only,false,conservative_source_metadata_review,2026-06-07T21:52:20+00:00,"OligoVigil redistributes source identifiers, source locations, matched terms, and curator decisions; raw article text and PDFs are not redistributed."
2754,literature_discovery,33798466,,10.1016/S2213-8587(21)00046-2,https://pubmed.ncbi.nlm.nih.gov/33798466/,Lancet Diabetes Endocrinol,2021,abstract_metadata_only,derived_annotations_only,1,abstract_metadata_only,not_applicable,false,true,unknown,2,not_stored; source-localized derived annotation only,false,conservative_source_metadata_review,2026-06-07T21:52:20+00:00,"OligoVigil redistributes source identifiers, source locations, matched terms, and curator decisions; raw article text and PDFs are not redistributed."
2755,literature_discovery,33540294,PMC8264460,10.1016/j.thromres.2021.01.006,https://pubmed.ncbi.nlm.nih.gov/33540294/,Thromb Res,2021,abstract_metadata_only,derived_annotations_only,1,abstract_metadata_only,pmcid_present_license_not_verified,false,true,unknown,2,not_stored; source-localized derived annotation only,false,conservative_source_metadata_review,2026-06-07T21:52:20+00:00,"OligoVigil redistributes source identifiers, source locations, matched terms, and curator decisions; raw article text and PDFs are not redistributed."
2762,literature_discovery,32610253,PMC7327867,10.1016/j.omtn.2020.05.010,https://pubmed.ncbi.nlm.nih.gov/32610253/,Mol Ther Nucleic Acids,2020,abstract_metadata_only,derived_annotations_only,1,abstract_metadata_only,pmcid_present_license_not_verified,false,true,unknown,4,not_stored; source-localized derived annotation only,false,conservative_source_metadata_review,2026-06-07T21:52:20+00:00,"OligoVigil redistributes source identifiers, source locations, matched terms, and curator decisions; raw article text and PDFs are not redistributed."
2768,literature_discovery,32260534,PMC7226018,10.3390/biom10040553,https://pubmed.ncbi.nlm.nih.gov/32260534/,Biomolecules,2020,abstract_metadata_only,derived_annotations_only,1,abstract_metadata_only,pmcid_present_license_not_verified,false,true,unknown,3,not_stored; source-localized derived annotation only,false,conservative_source_metadata_review,2026-06-07T21:52:20+00:00,"OligoVigil redistributes source identifiers, source locations, matched terms, and curator decisions; raw article text and PDFs are not redistributed."
2770,literature_discovery,32180554,PMC7036698,10.1016/j.molmet.2020.01.010,https://pubmed.ncbi.nlm.nih.gov/32180554/,Mol Metab,2020,abstract_metadata_only,derived_annotations_only,2,abstract_metadata_only,pmcid_present_license_not_verified,false,true,unknown,3,not_stored; source-localized derived annotation only,false,conservative_source_metadata_review,2026-06-07T21:52:20+00:00,"OligoVigil redistributes source identifiers, source locations, matched terms, and curator decisions; raw article text and PDFs are not redistributed."
2782,literature_discovery,30988454,PMC6465270,10.1038/s41598-019-42523-0,https://pubmed.ncbi.nlm.nih.gov/30988454/,Sci Rep,2019,abstract_metadata_only,derived_annotations_only,1,abstract_metadata_only,pmcid_present_license_not_verified,false,true,unknown,3,not_stored; source-localized derived annotation only,false,conservative_source_metadata_review,2026-06-07T21:52:20+00:00,"OligoVigil redistributes source identifiers, source locations, matched terms, and curator decisions; raw article text and PDFs are not redistributed."
2784,literature_discovery,30576769,PMC6411916,10.1016/j.jcmgh.2018.12.004,https://pubmed.ncbi.nlm.nih.gov/30576769/,Cell Mol Gastroenterol Hepatol,2019,abstract_metadata_only,derived_annotations_only,1,abstract_metadata_only,pmcid_present_license_not_verified,false,true,unknown,3,not_stored; source-localized derived annotation only,false,conservative_source_metadata_review,2026-06-07T21:52:20+00:00,"OligoVigil redistributes source identifiers, source locations, matched terms, and curator decisions; raw article text and PDFs are not redistributed."
2787,literature_discovery,29858054,PMC5992344,10.1016/j.omtn.2018.02.004,https://pubmed.ncbi.nlm.nih.gov/29858054/,Mol Ther Nucleic Acids,2018,abstract_metadata_only,derived_annotations_only,1,abstract_metadata_only,pmcid_present_license_not_verified,false,true,unknown,4,not_stored; source-localized derived annotation only,false,conservative_source_metadata_review,2026-06-07T21:52:20+00:00,"OligoVigil redistributes source identifiers, source locations, matched terms, and curator decisions; raw article text and PDFs are not redistributed."
2789,literature_discovery,29669851,,10.1126/scitranslmed.aan0713,https://pubmed.ncbi.nlm.nih.gov/29669851/,Sci Transl Med,2018,abstract_metadata_only,derived_annotations_only,0,abstract_metadata_only,not_applicable,false,true,unknown,2,not_stored; source-localized derived annotation only,false,conservative_source_metadata_review,2026-06-07T21:52:20+00:00,"OligoVigil redistributes source identifiers, source locations, matched terms, and curator decisions; raw article text and PDFs are not redistributed."
2801,literature_discovery,27854228,,10.3233/JND-160157,https://pubmed.ncbi.nlm.nih.gov/27854228/,J Neuromuscul Dis,2016,abstract_metadata_only,derived_annotations_only,1,abstract_metadata_only,not_applicable,false,true,unknown,2,not_stored; source-localized derived annotation only,false,conservative_source_metadata_review,2026-06-07T21:52:20+00:00,"OligoVigil redistributes source identifiers, source locations, matched terms, and curator decisions; raw article text and PDFs are not redistributed."
2804,literature_discovery,27355239,,10.1080/13506129.2016.1191458,https://pubmed.ncbi.nlm.nih.gov/27355239/,Amyloid,2016,abstract_metadata_only,derived_annotations_only,0,abstract_metadata_only,not_applicable,false,true,unknown,1,not_stored; source-localized derived annotation only,false,conservative_source_metadata_review,2026-06-07T21:52:20+00:00,"OligoVigil redistributes source identifiers, source locations, matched terms, and curator decisions; raw article text and PDFs are not redistributed."
2807,literature_discovery,26855051,,10.1016/j.jconrel.2016.02.007,https://pubmed.ncbi.nlm.nih.gov/26855051/,J Control Release,2016,abstract_metadata_only,derived_annotations_only,1,abstract_metadata_only,not_applicable,false,true,unknown,4,not_stored; source-localized derived annotation only,false,conservative_source_metadata_review,2026-06-07T21:52:20+00:00,"OligoVigil redistributes source identifiers, source locations, matched terms, and curator decisions; raw article text and PDFs are not redistributed."
2812,literature_discovery,26366082,PMC4562748,10.2147/IJN.S89910,https://pubmed.ncbi.nlm.nih.gov/26366082/,Int J Nanomedicine,2015,abstract_metadata_only,derived_annotations_only,1,abstract_metadata_only,pmcid_present_license_not_verified,false,true,unknown,4,not_stored; source-localized derived annotation only,false,conservative_source_metadata_review,2026-06-07T21:52:20+00:00,"OligoVigil redistributes source identifiers, source locations, matched terms, and curator decisions; raw article text and PDFs are not redistributed."
2813,literature_discovery,26338776,PMC4605310,10.1093/nar/gkv857,https://pubmed.ncbi.nlm.nih.gov/26338776/,Nucleic Acids Res,2015,abstract_metadata_only,derived_annotations_only,2,abstract_metadata_only,pmcid_present_license_not_verified,false,true,unknown,3,not_stored; source-localized derived annotation only,false,conservative_source_metadata_review,2026-06-07T21:52:20+00:00,"OligoVigil redistributes source identifiers, source locations, matched terms, and curator decisions; raw article text and PDFs are not redistributed."
2821,literature_discovery,25209738,,10.1016/S1474-4422(14)70195-4,https://pubmed.ncbi.nlm.nih.gov/25209738/,Lancet Neurol,2014,abstract_metadata_only,derived_annotations_only,1,abstract_metadata_only,not_applicable,false,true,unknown,2,not_stored; source-localized derived annotation only,false,conservative_source_metadata_review,2026-06-07T21:52:20+00:00,"OligoVigil redistributes source identifiers, source locations, matched terms, and curator decisions; raw article text and PDFs are not redistributed."
2822,literature_discovery,25155593,PMC4249403,10.1128/AAC.03442-14,https://pubmed.ncbi.nlm.nih.gov/25155593/,Antimicrob Agents Chemother,2014,abstract_metadata_only,derived_annotations_only,1,abstract_metadata_only,pmcid_present_license_not_verified,false,true,unknown,3,not_stored; source-localized derived annotation only,false,conservative_source_metadata_review,2026-06-07T21:52:20+00:00,"OligoVigil redistributes source identifiers, source locations, matched terms, and curator decisions; raw article text and PDFs are not redistributed."
2823,literature_discovery,24932560,,10.3109/08958378.2014.907587,https://pubmed.ncbi.nlm.nih.gov/24932560/,Inhal Toxicol,2014,abstract_metadata_only,derived_annotations_only,1,abstract_metadata_only,not_applicable,false,true,unknown,2,not_stored; source-localized derived annotation only,false,conservative_source_metadata_review,2026-06-07T21:52:20+00:00,"OligoVigil redistributes source identifiers, source locations, matched terms, and curator decisions; raw article text and PDFs are not redistributed."
2825,literature_discovery,24292388,,10.1177/0192623313505781,https://pubmed.ncbi.nlm.nih.gov/24292388/,Toxicol Pathol,2014,abstract_metadata_only,derived_annotations_only,0,abstract_metadata_only,not_applicable,false,true,unknown,1,not_stored; source-localized derived annotation only,false,conservative_source_metadata_review,2026-06-07T21:52:20+00:00,"OligoVigil redistributes source identifiers, source locations, matched terms, and curator decisions; raw article text and PDFs are not redistributed."
2831,literature_discovery,22872057,,10.1093/toxsci/kfs247,https://pubmed.ncbi.nlm.nih.gov/22872057/,Toxicol Sci,2012,abstract_metadata_only,derived_annotations_only,0,abstract_metadata_only,not_applicable,false,true,unknown,1,not_stored; source-localized derived annotation only,false,conservative_source_metadata_review,2026-06-07T21:52:20+00:00,"OligoVigil redistributes source identifiers, source locations, matched terms, and curator decisions; raw article text and PDFs are not redistributed."
2839,literature_discovery,21540336,,10.1177/1091581811403505,https://pubmed.ncbi.nlm.nih.gov/21540336/,Int J Toxicol,2011,abstract_metadata_only,derived_annotations_only,1,abstract_metadata_only,not_applicable,false,true,unknown,3,not_stored; source-localized derived annotation only,false,conservative_source_metadata_review,2026-06-07T21:52:20+00:00,"OligoVigil redistributes source identifiers, source locations, matched terms, and curator decisions; raw article text and PDFs are not redistributed."
2840,literature_discovery,21540335,,10.1177/1091581811403504,https://pubmed.ncbi.nlm.nih.gov/21540335/,Int J Toxicol,2011,abstract_metadata_only,derived_annotations_only,1,abstract_metadata_only,not_applicable,false,true,unknown,3,not_stored; source-localized derived annotation only,false,conservative_source_metadata_review,2026-06-07T21:52:20+00:00,"OligoVigil redistributes source identifiers, source locations, matched terms, and curator decisions; raw article text and PDFs are not redistributed."
2845,literature_discovery,19854938,PMC2800216,10.1093/nar/gkp841,https://pubmed.ncbi.nlm.nih.gov/19854938/,Nucleic Acids Res,2010,abstract_metadata_only,derived_annotations_only,1,abstract_metadata_only,pmcid_present_license_not_verified,false,true,unknown,5,not_stored; source-localized derived annotation only,false,conservative_source_metadata_review,2026-06-07T21:52:20+00:00,"OligoVigil redistributes source identifiers, source locations, matched terms, and curator decisions; raw article text and PDFs are not redistributed."
3148,literature_discovery,31034558,PMC6582325,10.1093/nar/gkz247,https://pubmed.ncbi.nlm.nih.gov/31034558/,Nucleic Acids Res,2019,abstract_metadata_only,derived_annotations_only,1,abstract_metadata_only,pmcid_present_license_not_verified,false,true,unknown,3,not_stored; source-localized derived annotation only,false,conservative_source_metadata_review,2026-06-07T21:52:20+00:00,"OligoVigil redistributes source identifiers, source locations, matched terms, and curator decisions; raw article text and PDFs are not redistributed."
3211,literature_discovery,41898774,PMC13026121,10.3390/ijms27062915,https://pubmed.ncbi.nlm.nih.gov/41898774/,Int J Mol Sci,2026,abstract_metadata_only,derived_annotations_only,1,abstract_metadata_only,pmcid_present_license_not_verified,false,true,unknown,4,not_stored; source-localized derived annotation only,false,conservative_source_metadata_review,2026-06-07T21:52:20+00:00,"OligoVigil redistributes source identifiers, source locations, matched terms, and curator decisions; raw article text and PDFs are not redistributed."
3228,literature_discovery,41815210,PMC12972210,10.1002/mco2.70673,https://pubmed.ncbi.nlm.nih.gov/41815210/,MedComm (2020),2026,abstract_metadata_only,derived_annotations_only,1,abstract_metadata_only,pmcid_present_license_not_verified,false,true,unknown,3,not_stored; source-localized derived annotation only,false,conservative_source_metadata_review,2026-06-07T21:52:20+00:00,"OligoVigil redistributes source identifiers, source locations, matched terms, and curator decisions; raw article text and PDFs are not redistributed."
3251,literature_discovery,41732207,PMC12925542,10.1016/j.omtn.2026.102848,https://pubmed.ncbi.nlm.nih.gov/41732207/,Mol Ther Nucleic Acids,2026,abstract_metadata_only,derived_annotations_only,1,abstract_metadata_only,pmcid_present_license_not_verified,false,true,unknown,3,not_stored; source-localized derived annotation only,false,conservative_source_metadata_review,2026-06-07T21:52:20+00:00,"OligoVigil redistributes source identifiers, source locations, matched terms, and curator decisions; raw article text and PDFs are not redistributed."
3262,literature_discovery,41704233,PMC12907503,10.1016/j.bioactmat.2026.02.006,https://pubmed.ncbi.nlm.nih.gov/41704233/,Bioact Mater,2026,abstract_metadata_only,derived_annotations_only,1,abstract_metadata_only,pmcid_present_license_not_verified,false,true,unknown,3,not_stored; source-localized derived annotation only,false,conservative_source_metadata_review,2026-06-07T21:52:20+00:00,"OligoVigil redistributes source identifiers, source locations, matched terms, and curator decisions; raw article text and PDFs are not redistributed."
3263,literature_discovery,41691982,PMC13183465,10.1016/j.bbrc.2026.153430,https://pubmed.ncbi.nlm.nih.gov/41691982/,Biochem Biophys Res Commun,2026,abstract_metadata_only,derived_annotations_only,1,abstract_metadata_only,pmcid_present_license_not_verified,false,true,unknown,3,not_stored; source-localized derived annotation only,false,conservative_source_metadata_review,2026-06-07T21:52:20+00:00,"OligoVigil redistributes source identifiers, source locations, matched terms, and curator decisions; raw article text and PDFs are not redistributed."
3272,literature_discovery,41664462,,10.1021/acsami.5c12952,https://pubmed.ncbi.nlm.nih.gov/41664462/,ACS Appl Mater Interfaces,2026,abstract_metadata_only,derived_annotations_only,1,abstract_metadata_only,not_applicable,false,true,unknown,2,not_stored; source-localized derived annotation only,false,conservative_source_metadata_review,2026-06-07T21:52:20+00:00,"OligoVigil redistributes source identifiers, source locations, matched terms, and curator decisions; raw article text and PDFs are not redistributed."
3276,literature_discovery,41647289,PMC12869795,10.1093/rb/rbaf115,https://pubmed.ncbi.nlm.nih.gov/41647289/,Regen Biomater,2026,abstract_metadata_only,derived_annotations_only,2,abstract_metadata_only,pmcid_present_license_not_verified,false,true,unknown,4,not_stored; source-localized derived annotation only,false,conservative_source_metadata_review,2026-06-07T21:52:20+00:00,"OligoVigil redistributes source identifiers, source locations, matched terms, and curator decisions; raw article text and PDFs are not redistributed."
3294,literature_discovery,41572432,PMC13042977,10.1002/advs.202510547,https://pubmed.ncbi.nlm.nih.gov/41572432/,Adv Sci (Weinh),2026,abstract_metadata_only,derived_annotations_only,1,abstract_metadata_only,pmcid_present_license_not_verified,false,true,unknown,3,not_stored; source-localized derived annotation only,false,conservative_source_metadata_review,2026-06-07T21:52:20+00:00,"OligoVigil redistributes source identifiers, source locations, matched terms, and curator decisions; raw article text and PDFs are not redistributed."
3297,literature_discovery,41560836,PMC12814076,10.1016/j.mtbio.2026.102764,https://pubmed.ncbi.nlm.nih.gov/41560836/,Mater Today Bio,2026,abstract_metadata_only,derived_annotations_only,1,abstract_metadata_only,pmcid_present_license_not_verified,false,true,unknown,3,not_stored; source-localized derived annotation only,false,conservative_source_metadata_review,2026-06-07T21:52:20+00:00,"OligoVigil redistributes source identifiers, source locations, matched terms, and curator decisions; raw article text and PDFs are not redistributed."
3301,literature_discovery,41552385,PMC12804371,10.1016/j.omtn.2025.102802,https://pubmed.ncbi.nlm.nih.gov/41552385/,Mol Ther Nucleic Acids,2026,abstract_metadata_only,derived_annotations_only,3,abstract_metadata_only,pmcid_present_license_not_verified,false,true,unknown,4,not_stored; source-localized derived annotation only,false,conservative_source_metadata_review,2026-06-07T21:52:20+00:00,"OligoVigil redistributes source identifiers, source locations, matched terms, and curator decisions; raw article text and PDFs are not redistributed."
3312,literature_discovery,41518301,,10.1021/acs.bioconjchem.5c00554,https://pubmed.ncbi.nlm.nih.gov/41518301/,Bioconjug Chem,2026,abstract_metadata_only,derived_annotations_only,1,abstract_metadata_only,not_applicable,false,true,unknown,3,not_stored; source-localized derived annotation only,false,conservative_source_metadata_review,2026-06-07T21:52:20+00:00,"OligoVigil redistributes source identifiers, source locations, matched terms, and curator decisions; raw article text and PDFs are not redistributed."
3316,literature_discovery,41510156,PMC12775651,10.7150/thno.121865,https://pubmed.ncbi.nlm.nih.gov/41510156/,Theranostics,2026,abstract_metadata_only,derived_annotations_only,1,abstract_metadata_only,pmcid_present_license_not_verified,false,true,unknown,3,not_stored; source-localized derived annotation only,false,conservative_source_metadata_review,2026-06-07T21:52:20+00:00,"OligoVigil redistributes source identifiers, source locations, matched terms, and curator decisions; raw article text and PDFs are not redistributed."
3325,literature_discovery,41491215,PMC12781530,10.1186/s12951-025-03954-2,https://pubmed.ncbi.nlm.nih.gov/41491215/,J Nanobiotechnology,2026,abstract_metadata_only,derived_annotations_only,2,abstract_metadata_only,pmcid_present_license_not_verified,false,true,unknown,4,not_stored; source-localized derived annotation only,false,conservative_source_metadata_review,2026-06-07T21:52:20+00:00,"OligoVigil redistributes source identifiers, source locations, matched terms, and curator decisions; raw article text and PDFs are not redistributed."
3330,literature_discovery,41477663,PMC12752751,10.1016/j.bioactmat.2025.11.049,https://pubmed.ncbi.nlm.nih.gov/41477663/,Bioact Mater,2026,abstract_metadata_only,derived_annotations_only,1,abstract_metadata_only,pmcid_present_license_not_verified,false,true,unknown,4,not_stored; source-localized derived annotation only,false,conservative_source_metadata_review,2026-06-07T21:52:20+00:00,"OligoVigil redistributes source identifiers, source locations, matched terms, and curator decisions; raw article text and PDFs are not redistributed."
3333,literature_discovery,41443351,,10.1016/j.jconrel.2025.114568,https://pubmed.ncbi.nlm.nih.gov/41443351/,J Control Release,2026,abstract_metadata_only,derived_annotations_only,1,abstract_metadata_only,not_applicable,false,true,unknown,1,not_stored; source-localized derived annotation only,false,conservative_source_metadata_review,2026-06-07T21:52:20+00:00,"OligoVigil redistributes source identifiers, source locations, matched terms, and curator decisions; raw article text and PDFs are not redistributed."
3376,literature_discovery,41076799,,10.1016/j.bioadv.2025.214537,https://pubmed.ncbi.nlm.nih.gov/41076799/,Biomater Adv,2026,abstract_metadata_only,derived_annotations_only,1,abstract_metadata_only,not_applicable,false,true,unknown,3,not_stored; source-localized derived annotation only,false,conservative_source_metadata_review,2026-06-07T21:52:20+00:00,"OligoVigil redistributes source identifiers, source locations, matched terms, and curator decisions; raw article text and PDFs are not redistributed."
3396,literature_discovery,41625362,PMC12859616,10.1016/j.mtbio.2025.102267,https://pubmed.ncbi.nlm.nih.gov/41625362/,Mater Today Bio,2025,abstract_metadata_only,derived_annotations_only,1,abstract_metadata_only,pmcid_present_license_not_verified,false,true,unknown,3,not_stored; source-localized derived annotation only,false,conservative_source_metadata_review,2026-06-07T21:52:20+00:00,"OligoVigil redistributes source identifiers, source locations, matched terms, and curator decisions; raw article text and PDFs are not redistributed."
3399,literature_discovery,41599118,PMC12844724,10.3390/pharmaceutics18010010,https://pubmed.ncbi.nlm.nih.gov/41599118/,Pharmaceutics,2025,abstract_metadata_only,derived_annotations_only,1,abstract_metadata_only,pmcid_present_license_not_verified,false,true,unknown,3,not_stored; source-localized derived annotation only,false,conservative_source_metadata_review,2026-06-07T21:52:20+00:00,"OligoVigil redistributes source identifiers, source locations, matched terms, and curator decisions; raw article text and PDFs are not redistributed."
3402,literature_discovery,41473322,PMC12746015,10.64898/2025.12.16.694641,https://pubmed.ncbi.nlm.nih.gov/41473322/,bioRxiv,2025,abstract_metadata_only,derived_annotations_only,1,abstract_metadata_only,pmcid_present_license_not_verified,false,true,unknown,5,not_stored; source-localized derived annotation only,false,conservative_source_metadata_review,2026-06-07T21:52:20+00:00,"OligoVigil redistributes source identifiers, source locations, matched terms, and curator decisions; raw article text and PDFs are not redistributed."
3407,literature_discovery,41432033,PMC12723224,10.1093/nar/gkaf1374,https://pubmed.ncbi.nlm.nih.gov/41432033/,Nucleic Acids Res,2025,abstract_metadata_only,derived_annotations_only,1,abstract_metadata_only,pmcid_present_license_not_verified,false,true,unknown,4,not_stored; source-localized derived annotation only,false,conservative_source_metadata_review,2026-06-07T21:52:20+00:00,"OligoVigil redistributes source identifiers, source locations, matched terms, and curator decisions; raw article text and PDFs are not redistributed."
3423,literature_discovery,41360814,PMC12804779,10.1038/s41467-025-67183-9,https://pubmed.ncbi.nlm.nih.gov/41360814/,Nat Commun,2025,abstract_metadata_only,derived_annotations_only,1,abstract_metadata_only,pmcid_present_license_not_verified,false,true,unknown,3,not_stored; source-localized derived annotation only,false,conservative_source_metadata_review,2026-06-07T21:52:20+00:00,"OligoVigil redistributes source identifiers, source locations, matched terms, and curator decisions; raw article text and PDFs are not redistributed."
3426,literature_discovery,41326382,PMC12780110,10.1038/s41467-025-66876-5,https://pubmed.ncbi.nlm.nih.gov/41326382/,Nat Commun,2025,abstract_metadata_only,derived_annotations_only,1,abstract_metadata_only,pmcid_present_license_not_verified,false,true,unknown,1,not_stored; source-localized derived annotation only,false,conservative_source_metadata_review,2026-06-07T21:52:20+00:00,"OligoVigil redistributes source identifiers, source locations, matched terms, and curator decisions; raw article text and PDFs are not redistributed."
3428,literature_discovery,41299672,PMC12837076,10.1186/s12951-025-03872-3,https://pubmed.ncbi.nlm.nih.gov/41299672/,J Nanobiotechnology,2025,abstract_metadata_only,derived_annotations_only,1,abstract_metadata_only,pmcid_present_license_not_verified,false,true,unknown,5,not_stored; source-localized derived annotation only,false,conservative_source_metadata_review,2026-06-07T21:52:20+00:00,"OligoVigil redistributes source identifiers, source locations, matched terms, and curator decisions; raw article text and PDFs are not redistributed."
3472,literature_discovery,41096791,PMC12525168,10.3390/ijms26199526,https://pubmed.ncbi.nlm.nih.gov/41096791/,Int J Mol Sci,2025,abstract_metadata_only,derived_annotations_only,1,abstract_metadata_only,pmcid_present_license_not_verified,false,true,unknown,3,not_stored; source-localized derived annotation only,false,conservative_source_metadata_review,2026-06-07T21:52:20+00:00,"OligoVigil redistributes source identifiers, source locations, matched terms, and curator decisions; raw article text and PDFs are not redistributed."
3484,literature_discovery,41037472,,10.1021/acsabm.5c01486,https://pubmed.ncbi.nlm.nih.gov/41037472/,ACS Appl Bio Mater,2025,abstract_metadata_only,derived_annotations_only,1,abstract_metadata_only,not_applicable,false,true,unknown,2,not_stored; source-localized derived annotation only,false,conservative_source_metadata_review,2026-06-07T21:52:20+00:00,"OligoVigil redistributes source identifiers, source locations, matched terms, and curator decisions; raw article text and PDFs are not redistributed."
3493,literature_discovery,41007671,PMC12467891,10.3390/biomedicines13092108,https://pubmed.ncbi.nlm.nih.gov/41007671/,Biomedicines,2025,abstract_metadata_only,derived_annotations_only,1,abstract_metadata_only,pmcid_present_license_not_verified,false,true,unknown,3,not_stored; source-localized derived annotation only,false,conservative_source_metadata_review,2026-06-07T21:52:20+00:00,"OligoVigil redistributes source identifiers, source locations, matched terms, and curator decisions; raw article text and PDFs are not redistributed."
3500,literature_discovery,40978531,PMC12447568,10.1016/j.omtn.2025.102671,https://pubmed.ncbi.nlm.nih.gov/40978531/,Mol Ther Nucleic Acids,2025,abstract_metadata_only,derived_annotations_only,1,abstract_metadata_only,pmcid_present_license_not_verified,false,true,unknown,5,not_stored; source-localized derived annotation only,false,conservative_source_metadata_review,2026-06-07T21:52:20+00:00,"OligoVigil redistributes source identifiers, source locations, matched terms, and curator decisions; raw article text and PDFs are not redistributed."
3501,literature_discovery,40977834,PMC12446780,10.1016/j.mtbio.2025.102226,https://pubmed.ncbi.nlm.nih.gov/40977834/,Mater Today Bio,2025,abstract_metadata_only,derived_annotations_only,2,abstract_metadata_only,pmcid_present_license_not_verified,false,true,unknown,4,not_stored; source-localized derived annotation only,false,conservative_source_metadata_review,2026-06-07T21:52:20+00:00,"OligoVigil redistributes source identifiers, source locations, matched terms, and curator decisions; raw article text and PDFs are not redistributed."
3517,literature_discovery,40919077,PMC12409438,10.1016/j.jhepr.2025.101516,https://pubmed.ncbi.nlm.nih.gov/40919077/,JHEP Rep,2025,abstract_metadata_only,derived_annotations_only,1,abstract_metadata_only,pmcid_present_license_not_verified,false,true,unknown,3,not_stored; source-localized derived annotation only,false,conservative_source_metadata_review,2026-06-07T21:52:20+00:00,"OligoVigil redistributes source identifiers, source locations, matched terms, and curator decisions; raw article text and PDFs are not redistributed."
3529,literature_discovery,40898177,PMC12406594,10.1186/s12896-025-01000-5,https://pubmed.ncbi.nlm.nih.gov/40898177/,BMC Biotechnol,2025,abstract_metadata_only,derived_annotations_only,2,abstract_metadata_only,pmcid_present_license_not_verified,false,true,unknown,5,not_stored; source-localized derived annotation only,false,conservative_source_metadata_review,2026-06-07T21:52:20+00:00,"OligoVigil redistributes source identifiers, source locations, matched terms, and curator decisions; raw article text and PDFs are not redistributed."
3544,literature_discovery,40861898,PMC12375242,10.1016/j.omtn.2025.102667,https://pubmed.ncbi.nlm.nih.gov/40861898/,Mol Ther Nucleic Acids,2025,abstract_metadata_only,derived_annotations_only,1,abstract_metadata_only,pmcid_present_license_not_verified,false,true,unknown,4,not_stored; source-localized derived annotation only,false,conservative_source_metadata_review,2026-06-07T21:52:20+00:00,"OligoVigil redistributes source identifiers, source locations, matched terms, and curator decisions; raw article text and PDFs are not redistributed."
3571,literature_discovery,40747059,PMC12308423,10.1021/jacsau.5c00474,https://pubmed.ncbi.nlm.nih.gov/40747059/,JACS Au,2025,abstract_metadata_only,derived_annotations_only,1,abstract_metadata_only,pmcid_present_license_not_verified,false,true,unknown,5,not_stored; source-localized derived annotation only,false,conservative_source_metadata_review,2026-06-07T21:52:20+00:00,"OligoVigil redistributes source identifiers, source locations, matched terms, and curator decisions; raw article text and PDFs are not redistributed."
3572,literature_discovery,40736337,,10.1021/acsami.5c07808,https://pubmed.ncbi.nlm.nih.gov/40736337/,ACS Appl Mater Interfaces,2025,abstract_metadata_only,derived_annotations_only,1,abstract_metadata_only,not_applicable,false,true,unknown,2,not_stored; source-localized derived annotation only,false,conservative_source_metadata_review,2026-06-07T21:52:20+00:00,"OligoVigil redistributes source identifiers, source locations, matched terms, and curator decisions; raw article text and PDFs are not redistributed."
3573,literature_discovery,40736236,PMC12403870,10.1128/spectrum.02622-24,https://pubmed.ncbi.nlm.nih.gov/40736236/,Microbiol Spectr,2025,abstract_metadata_only,derived_annotations_only,1,abstract_metadata_only,pmcid_present_license_not_verified,false,true,unknown,4,not_stored; source-localized derived annotation only,false,conservative_source_metadata_review,2026-06-07T21:52:20+00:00,"OligoVigil redistributes source identifiers, source locations, matched terms, and curator decisions; raw article text and PDFs are not redistributed."
3574,literature_discovery,40735032,PMC12305587,10.1016/j.jpha.2025.101203,https://pubmed.ncbi.nlm.nih.gov/40735032/,J Pharm Anal,2025,abstract_metadata_only,derived_annotations_only,1,abstract_metadata_only,pmcid_present_license_not_verified,false,true,unknown,3,not_stored; source-localized derived annotation only,false,conservative_source_metadata_review,2026-06-07T21:52:20+00:00,"OligoVigil redistributes source identifiers, source locations, matched terms, and curator decisions; raw article text and PDFs are not redistributed."
3590,literature_discovery,40688667,PMC12274865,10.1016/j.mtbio.2025.102074,https://pubmed.ncbi.nlm.nih.gov/40688667/,Mater Today Bio,2025,abstract_metadata_only,derived_annotations_only,1,abstract_metadata_only,pmcid_present_license_not_verified,false,true,unknown,3,not_stored; source-localized derived annotation only,false,conservative_source_metadata_review,2026-06-07T21:52:20+00:00,"OligoVigil redistributes source identifiers, source locations, matched terms, and curator decisions; raw article text and PDFs are not redistributed."
3595,literature_discovery,40681573,PMC12274417,10.1038/s41598-025-10960-9,https://pubmed.ncbi.nlm.nih.gov/40681573/,Sci Rep,2025,abstract_metadata_only,derived_annotations_only,1,abstract_metadata_only,pmcid_present_license_not_verified,false,true,unknown,5,not_stored; source-localized derived annotation only,false,conservative_source_metadata_review,2026-06-07T21:52:20+00:00,"OligoVigil redistributes source identifiers, source locations, matched terms, and curator decisions; raw article text and PDFs are not redistributed."
3596,literature_discovery,40679089,PMC12344721,10.1021/acs.biomac.5c00344,https://pubmed.ncbi.nlm.nih.gov/40679089/,Biomacromolecules,2025,abstract_metadata_only,derived_annotations_only,1,abstract_metadata_only,pmcid_present_license_not_verified,false,true,unknown,3,not_stored; source-localized derived annotation only,false,conservative_source_metadata_review,2026-06-07T21:52:20+00:00,"OligoVigil redistributes source identifiers, source locations, matched terms, and curator decisions; raw article text and PDFs are not redistributed."
3598,literature_discovery,40673060,PMC12264612,10.1016/j.omtm.2025.101513,https://pubmed.ncbi.nlm.nih.gov/40673060/,Mol Ther Methods Clin Dev,2025,abstract_metadata_only,derived_annotations_only,1,abstract_metadata_only,pmcid_present_license_not_verified,false,true,unknown,4,not_stored; source-localized derived annotation only,false,conservative_source_metadata_review,2026-06-07T21:52:20+00:00,"OligoVigil redistributes source identifiers, source locations, matched terms, and curator decisions; raw article text and PDFs are not redistributed."
3614,literature_discovery,40616527,PMC12269356,10.1021/acsnano.5c05395,https://pubmed.ncbi.nlm.nih.gov/40616527/,ACS Nano,2025,abstract_metadata_only,derived_annotations_only,1,abstract_metadata_only,pmcid_present_license_not_verified,false,true,unknown,3,not_stored; source-localized derived annotation only,false,conservative_source_metadata_review,2026-06-07T21:52:20+00:00,"OligoVigil redistributes source identifiers, source locations, matched terms, and curator decisions; raw article text and PDFs are not redistributed."
3619,literature_discovery,40598893,PMC12214009,10.1093/nar/gkaf600,https://pubmed.ncbi.nlm.nih.gov/40598893/,Nucleic Acids Res,2025,abstract_metadata_only,derived_annotations_only,1,abstract_metadata_only,pmcid_present_license_not_verified,false,true,unknown,5,not_stored; source-localized derived annotation only,false,conservative_source_metadata_review,2026-06-07T21:52:20+00:00,"OligoVigil redistributes source identifiers, source locations, matched terms, and curator decisions; raw article text and PDFs are not redistributed."
3626,literature_discovery,40582054,PMC12268195,10.1016/j.ultsonch.2025.107446,https://pubmed.ncbi.nlm.nih.gov/40582054/,Ultrason Sonochem,2025,abstract_metadata_only,derived_annotations_only,1,abstract_metadata_only,pmcid_present_license_not_verified,false,true,unknown,3,not_stored; source-localized derived annotation only,false,conservative_source_metadata_review,2026-06-07T21:52:20+00:00,"OligoVigil redistributes source identifiers, source locations, matched terms, and curator decisions; raw article text and PDFs are not redistributed."
3640,literature_discovery,40524159,PMC12168320,10.1186/s12951-025-03521-9,https://pubmed.ncbi.nlm.nih.gov/40524159/,J Nanobiotechnology,2025,abstract_metadata_only,derived_annotations_only,1,abstract_metadata_only,pmcid_present_license_not_verified,false,true,unknown,2,not_stored; source-localized derived annotation only,false,conservative_source_metadata_review,2026-06-07T21:52:20+00:00,"OligoVigil redistributes source identifiers, source locations, matched terms, and curator decisions; raw article text and PDFs are not redistributed."
3666,literature_discovery,40433119,PMC12106909,10.2147/IJN.S510514,https://pubmed.ncbi.nlm.nih.gov/40433119/,Int J Nanomedicine,2025,abstract_metadata_only,derived_annotations_only,1,abstract_metadata_only,pmcid_present_license_not_verified,false,true,unknown,3,not_stored; source-localized derived annotation only,false,conservative_source_metadata_review,2026-06-07T21:52:20+00:00,"OligoVigil redistributes source identifiers, source locations, matched terms, and curator decisions; raw article text and PDFs are not redistributed."
3685,literature_discovery,40380202,PMC12082952,10.1186/s13046-025-03396-6,https://pubmed.ncbi.nlm.nih.gov/40380202/,J Exp Clin Cancer Res,2025,abstract_metadata_only,derived_annotations_only,1,abstract_metadata_only,pmcid_present_license_not_verified,false,true,unknown,3,not_stored; source-localized derived annotation only,false,conservative_source_metadata_review,2026-06-07T21:52:20+00:00,"OligoVigil redistributes source identifiers, source locations, matched terms, and curator decisions; raw article text and PDFs are not redistributed."
3690,literature_discovery,40364633,PMC12147987,10.1002/adhm.202500107,https://pubmed.ncbi.nlm.nih.gov/40364633/,Adv Healthc Mater,2025,abstract_metadata_only,derived_annotations_only,1,abstract_metadata_only,pmcid_present_license_not_verified,false,true,unknown,4,not_stored; source-localized derived annotation only,false,conservative_source_metadata_review,2026-06-07T21:52:20+00:00,"OligoVigil redistributes source identifiers, source locations, matched terms, and curator decisions; raw article text and PDFs are not redistributed."
3695,literature_discovery,40347142,PMC12152932,10.1021/acs.biomac.5c00267,https://pubmed.ncbi.nlm.nih.gov/40347142/,Biomacromolecules,2025,abstract_metadata_only,derived_annotations_only,1,abstract_metadata_only,pmcid_present_license_not_verified,false,true,unknown,4,not_stored; source-localized derived annotation only,false,conservative_source_metadata_review,2026-06-07T21:52:20+00:00,"OligoVigil redistributes source identifiers, source locations, matched terms, and curator decisions; raw article text and PDFs are not redistributed."
3700,literature_discovery,40314193,PMC12051533,10.1080/13880209.2025.2498169,https://pubmed.ncbi.nlm.nih.gov/40314193/,Pharm Biol,2025,abstract_metadata_only,derived_annotations_only,1,abstract_metadata_only,pmcid_present_license_not_verified,false,true,unknown,4,not_stored; source-localized derived annotation only,false,conservative_source_metadata_review,2026-06-07T21:52:20+00:00,"OligoVigil redistributes source identifiers, source locations, matched terms, and curator decisions; raw article text and PDFs are not redistributed."
3701,literature_discovery,40313754,PMC12045366,10.21203/rs.3.rs-6465542/v1,https://pubmed.ncbi.nlm.nih.gov/40313754/,Res Sq,2025,abstract_metadata_only,derived_annotations_only,1,abstract_metadata_only,pmcid_present_license_not_verified,false,true,unknown,5,not_stored; source-localized derived annotation only,false,conservative_source_metadata_review,2026-06-07T21:52:20+00:00,"OligoVigil redistributes source identifiers, source locations, matched terms, and curator decisions; raw article text and PDFs are not redistributed."
3710,literature_discovery,40259913,PMC12010081,10.2147/IJN.S511655,https://pubmed.ncbi.nlm.nih.gov/40259913/,Int J Nanomedicine,2025,abstract_metadata_only,derived_annotations_only,1,abstract_metadata_only,pmcid_present_license_not_verified,false,true,unknown,3,not_stored; source-localized derived annotation only,false,conservative_source_metadata_review,2026-06-07T21:52:20+00:00,"OligoVigil redistributes source identifiers, source locations, matched terms, and curator decisions; raw article text and PDFs are not redistributed."
3717,literature_discovery,40196492,PMC11974818,10.1101/2025.03.26.645328,https://pubmed.ncbi.nlm.nih.gov/40196492/,bioRxiv,2025,abstract_metadata_only,derived_annotations_only,1,abstract_metadata_only,pmcid_present_license_not_verified,false,true,unknown,5,not_stored; source-localized derived annotation only,false,conservative_source_metadata_review,2026-06-07T21:52:20+00:00,"OligoVigil redistributes source identifiers, source locations, matched terms, and curator decisions; raw article text and PDFs are not redistributed."
3725,literature_discovery,40143003,PMC11946471,10.3390/pharmaceutics17030339,https://pubmed.ncbi.nlm.nih.gov/40143003/,Pharmaceutics,2025,abstract_metadata_only,derived_annotations_only,1,abstract_metadata_only,pmcid_present_license_not_verified,false,true,unknown,3,not_stored; source-localized derived annotation only,false,conservative_source_metadata_review,2026-06-07T21:52:20+00:00,"OligoVigil redistributes source identifiers, source locations, matched terms, and curator decisions; raw article text and PDFs are not redistributed."
3740,literature_discovery,40046817,PMC11881639,10.2147/IJN.S497428,https://pubmed.ncbi.nlm.nih.gov/40046817/,Int J Nanomedicine,2025,abstract_metadata_only,derived_annotations_only,1,abstract_metadata_only,pmcid_present_license_not_verified,false,true,unknown,3,not_stored; source-localized derived annotation only,false,conservative_source_metadata_review,2026-06-07T21:52:20+00:00,"OligoVigil redistributes source identifiers, source locations, matched terms, and curator decisions; raw article text and PDFs are not redistributed."
3747,literature_discovery,40010411,,10.1016/j.jconrel.2025.02.067,https://pubmed.ncbi.nlm.nih.gov/40010411/,J Control Release,2025,abstract_metadata_only,derived_annotations_only,1,abstract_metadata_only,not_applicable,false,true,unknown,3,not_stored; source-localized derived annotation only,false,conservative_source_metadata_review,2026-06-07T21:52:20+00:00,"OligoVigil redistributes source identifiers, source locations, matched terms, and curator decisions; raw article text and PDFs are not redistributed."
3749,literature_discovery,39990947,PMC11843345,10.1021/acsbiomedchemau.4c00061,https://pubmed.ncbi.nlm.nih.gov/39990947/,ACS Bio Med Chem Au,2025,abstract_metadata_only,derived_annotations_only,1,abstract_metadata_only,pmcid_present_license_not_verified,false,true,unknown,4,not_stored; source-localized derived annotation only,false,conservative_source_metadata_review,2026-06-07T21:52:20+00:00,"OligoVigil redistributes source identifiers, source locations, matched terms, and curator decisions; raw article text and PDFs are not redistributed."
3751,literature_discovery,39980062,PMC11842220,10.1111/cts.70169,https://pubmed.ncbi.nlm.nih.gov/39980062/,Clin Transl Sci,2025,abstract_metadata_only,derived_annotations_only,1,abstract_metadata_only,pmcid_present_license_not_verified,false,true,unknown,2,not_stored; source-localized derived annotation only,false,conservative_source_metadata_review,2026-06-07T21:52:20+00:00,"OligoVigil redistributes source identifiers, source locations, matched terms, and curator decisions; raw article text and PDFs are not redistributed."
3759,literature_discovery,39934917,PMC11816505,10.1186/s13287-025-04151-6,https://pubmed.ncbi.nlm.nih.gov/39934917/,Stem Cell Res Ther,2025,abstract_metadata_only,derived_annotations_only,2,abstract_metadata_only,pmcid_present_license_not_verified,false,true,unknown,6,not_stored; source-localized derived annotation only,false,conservative_source_metadata_review,2026-06-07T21:52:20+00:00,"OligoVigil redistributes source identifiers, source locations, matched terms, and curator decisions; raw article text and PDFs are not redistributed."
3764,literature_discovery,39907973,,10.1007/s13346-025-01800-4,https://pubmed.ncbi.nlm.nih.gov/39907973/,Drug Deliv Transl Res,2025,abstract_metadata_only,derived_annotations_only,1,abstract_metadata_only,not_applicable,false,true,unknown,4,not_stored; source-localized derived annotation only,false,conservative_source_metadata_review,2026-06-07T21:52:20+00:00,"OligoVigil redistributes source identifiers, source locations, matched terms, and curator decisions; raw article text and PDFs are not redistributed."
3765,literature_discovery,39906612,PMC11790197,10.22038/ijbms.2024.81998.17744,https://pubmed.ncbi.nlm.nih.gov/39906612/,Iran J Basic Med Sci,2025,abstract_metadata_only,derived_annotations_only,1,abstract_metadata_only,pmcid_present_license_not_verified,false,true,unknown,3,not_stored; source-localized derived annotation only,false,conservative_source_metadata_review,2026-06-07T21:52:20+00:00,"OligoVigil redistributes source identifiers, source locations, matched terms, and curator decisions; raw article text and PDFs are not redistributed."
3771,literature_discovery,39860035,PMC11766699,10.3390/life15010095,https://pubmed.ncbi.nlm.nih.gov/39860035/,Life (Basel),2025,abstract_metadata_only,derived_annotations_only,1,abstract_metadata_only,pmcid_present_license_not_verified,false,true,unknown,3,not_stored; source-localized derived annotation only,false,conservative_source_metadata_review,2026-06-07T21:52:20+00:00,"OligoVigil redistributes source identifiers, source locations, matched terms, and curator decisions; raw article text and PDFs are not redistributed."
3789,literature_discovery,39733890,,10.1016/j.ijbiomac.2024.139219,https://pubmed.ncbi.nlm.nih.gov/39733890/,Int J Biol Macromol,2025,abstract_metadata_only,derived_annotations_only,1,abstract_metadata_only,not_applicable,false,true,unknown,2,not_stored; source-localized derived annotation only,false,conservative_source_metadata_review,2026-06-07T21:52:20+00:00,"OligoVigil redistributes source identifiers, source locations, matched terms, and curator decisions; raw article text and PDFs are not redistributed."
3790,literature_discovery,39723844,,10.1021/acsabm.4c01319,https://pubmed.ncbi.nlm.nih.gov/39723844/,ACS Appl Bio Mater,2025,abstract_metadata_only,derived_annotations_only,1,abstract_metadata_only,not_applicable,false,true,unknown,3,not_stored; source-localized derived annotation only,false,conservative_source_metadata_review,2026-06-07T21:52:20+00:00,"OligoVigil redistributes source identifiers, source locations, matched terms, and curator decisions; raw article text and PDFs are not redistributed."
3801,literature_discovery,39632755,PMC11704396,10.4062/biomolther.2024.071,https://pubmed.ncbi.nlm.nih.gov/39632755/,Biomol Ther (Seoul),2025,abstract_metadata_only,derived_annotations_only,1,abstract_metadata_only,pmcid_present_license_not_verified,false,true,unknown,4,not_stored; source-localized derived annotation only,false,conservative_source_metadata_review,2026-06-07T21:52:20+00:00,"OligoVigil redistributes source identifiers, source locations, matched terms, and curator decisions; raw article text and PDFs are not redistributed."
3813,literature_discovery,40308740,PMC12043328,10.59566/isrnn.2024.0101079,https://pubmed.ncbi.nlm.nih.gov/40308740/,RNA Nanomed,2024,abstract_metadata_only,derived_annotations_only,1,abstract_metadata_only,pmcid_present_license_not_verified,false,true,unknown,3,not_stored; source-localized derived annotation only,false,conservative_source_metadata_review,2026-06-07T21:52:20+00:00,"OligoVigil redistributes source identifiers, source locations, matched terms, and curator decisions; raw article text and PDFs are not redistributed."
3848,literature_discovery,39296267,PMC11406681,10.1021/acsptsci.4c00336,https://pubmed.ncbi.nlm.nih.gov/39296267/,ACS Pharmacol Transl Sci,2024,abstract_metadata_only,derived_annotations_only,1,abstract_metadata_only,pmcid_present_license_not_verified,false,true,unknown,4,not_stored; source-localized derived annotation only,false,conservative_source_metadata_review,2026-06-07T21:52:20+00:00,"OligoVigil redistributes source identifiers, source locations, matched terms, and curator decisions; raw article text and PDFs are not redistributed."
3851,literature_discovery,39263399,PMC11386170,10.1039/d4na00363b,https://pubmed.ncbi.nlm.nih.gov/39263399/,Nanoscale Adv,2024,abstract_metadata_only,derived_annotations_only,1,abstract_metadata_only,pmcid_present_license_not_verified,false,true,unknown,3,not_stored; source-localized derived annotation only,false,conservative_source_metadata_review,2026-06-07T21:52:20+00:00,"OligoVigil redistributes source identifiers, source locations, matched terms, and curator decisions; raw article text and PDFs are not redistributed."
3865,literature_discovery,39166716,,10.1111/jocd.16535,https://pubmed.ncbi.nlm.nih.gov/39166716/,J Cosmet Dermatol,2024,abstract_metadata_only,derived_annotations_only,0,abstract_metadata_only,not_applicable,false,true,unknown,5,not_stored; source-localized derived annotation only,false,conservative_source_metadata_review,2026-06-07T21:52:20+00:00,"OligoVigil redistributes source identifiers, source locations, matched terms, and curator decisions; raw article text and PDFs are not redistributed."
3866,literature_discovery,39146787,,10.1016/j.intimp.2024.112892,https://pubmed.ncbi.nlm.nih.gov/39146787/,Int Immunopharmacol,2024,abstract_metadata_only,derived_annotations_only,1,abstract_metadata_only,not_applicable,false,true,unknown,4,not_stored; source-localized derived annotation only,false,conservative_source_metadata_review,2026-06-07T21:52:20+00:00,"OligoVigil redistributes source identifiers, source locations, matched terms, and curator decisions; raw article text and PDFs are not redistributed."
3903,literature_discovery,38672408,PMC11048556,10.3390/biom14040390,https://pubmed.ncbi.nlm.nih.gov/38672408/,Biomolecules,2024,abstract_metadata_only,derived_annotations_only,1,abstract_metadata_only,pmcid_present_license_not_verified,false,true,unknown,3,not_stored; source-localized derived annotation only,false,conservative_source_metadata_review,2026-06-07T21:52:20+00:00,"OligoVigil redistributes source identifiers, source locations, matched terms, and curator decisions; raw article text and PDFs are not redistributed."
3912,literature_discovery,38617800,PMC11015852,10.2147/IJN.S443413,https://pubmed.ncbi.nlm.nih.gov/38617800/,Int J Nanomedicine,2024,abstract_metadata_only,derived_annotations_only,1,abstract_metadata_only,pmcid_present_license_not_verified,false,true,unknown,3,not_stored; source-localized derived annotation only,false,conservative_source_metadata_review,2026-06-07T21:52:20+00:00,"OligoVigil redistributes source identifiers, source locations, matched terms, and curator decisions; raw article text and PDFs are not redistributed."
3913,literature_discovery,38613388,PMC11109979,10.1093/nar/gkae260,https://pubmed.ncbi.nlm.nih.gov/38613388/,Nucleic Acids Res,2024,abstract_metadata_only,derived_annotations_only,1,abstract_metadata_only,pmcid_present_license_not_verified,false,true,unknown,5,not_stored; source-localized derived annotation only,false,conservative_source_metadata_review,2026-06-07T21:52:20+00:00,"OligoVigil redistributes source identifiers, source locations, matched terms, and curator decisions; raw article text and PDFs are not redistributed."
3922,literature_discovery,38554525,,10.1016/j.biopha.2024.116506,https://pubmed.ncbi.nlm.nih.gov/38554525/,Biomed Pharmacother,2024,abstract_metadata_only,derived_annotations_only,0,abstract_metadata_only,not_applicable,false,true,unknown,3,not_stored; source-localized derived annotation only,false,conservative_source_metadata_review,2026-06-07T21:52:20+00:00,"OligoVigil redistributes source identifiers, source locations, matched terms, and curator decisions; raw article text and PDFs are not redistributed."
3950,literature_discovery,38311577,PMC11005685,10.1002/advs.202308345,https://pubmed.ncbi.nlm.nih.gov/38311577/,Adv Sci (Weinh),2024,abstract_metadata_only,derived_annotations_only,1,abstract_metadata_only,pmcid_present_license_not_verified,false,true,unknown,5,not_stored; source-localized derived annotation only,false,conservative_source_metadata_review,2026-06-07T21:52:20+00:00,"OligoVigil redistributes source identifiers, source locations, matched terms, and curator decisions; raw article text and PDFs are not redistributed."
3957,literature_discovery,38197438,,10.1039/d3nr05738k,https://pubmed.ncbi.nlm.nih.gov/38197438/,Nanoscale,2024,abstract_metadata_only,derived_annotations_only,1,abstract_metadata_only,not_applicable,false,true,unknown,4,not_stored; source-localized derived annotation only,false,conservative_source_metadata_review,2026-06-07T21:52:20+00:00,"OligoVigil redistributes source identifiers, source locations, matched terms, and curator decisions; raw article text and PDFs are not redistributed."
3958,literature_discovery,38192611,PMC10772295,10.1016/j.omtn.2023.102088,https://pubmed.ncbi.nlm.nih.gov/38192611/,Mol Ther Nucleic Acids,2024,abstract_metadata_only,derived_annotations_only,1,abstract_metadata_only,pmcid_present_license_not_verified,false,true,unknown,3,not_stored; source-localized derived annotation only,false,conservative_source_metadata_review,2026-06-07T21:52:20+00:00,"OligoVigil redistributes source identifiers, source locations, matched terms, and curator decisions; raw article text and PDFs are not redistributed."
3959,literature_discovery,38191947,,10.1208/s12249-023-02728-z,https://pubmed.ncbi.nlm.nih.gov/38191947/,AAPS PharmSciTech,2024,abstract_metadata_only,derived_annotations_only,1,abstract_metadata_only,not_applicable,false,true,unknown,3,not_stored; source-localized derived annotation only,false,conservative_source_metadata_review,2026-06-07T21:52:20+00:00,"OligoVigil redistributes source identifiers, source locations, matched terms, and curator decisions; raw article text and PDFs are not redistributed."
3960,literature_discovery,38157582,,10.1016/j.bbrc.2023.149397,https://pubmed.ncbi.nlm.nih.gov/38157582/,Biochem Biophys Res Commun,2024,abstract_metadata_only,derived_annotations_only,1,abstract_metadata_only,not_applicable,false,true,unknown,4,not_stored; source-localized derived annotation only,false,conservative_source_metadata_review,2026-06-07T21:52:20+00:00,"OligoVigil redistributes source identifiers, source locations, matched terms, and curator decisions; raw article text and PDFs are not redistributed."
3961,literature_discovery,38126895,PMC7616748,10.1002/smll.202308775,https://pubmed.ncbi.nlm.nih.gov/38126895/,Small,2024,abstract_metadata_only,derived_annotations_only,1,abstract_metadata_only,pmcid_present_license_not_verified,false,true,unknown,4,not_stored; source-localized derived annotation only,false,conservative_source_metadata_review,2026-06-07T21:52:20+00:00,"OligoVigil redistributes source identifiers, source locations, matched terms, and curator decisions; raw article text and PDFs are not redistributed."
3970,literature_discovery,38168301,PMC10760232,10.21203/rs.3.rs-3713164/v1,https://pubmed.ncbi.nlm.nih.gov/38168301/,Res Sq,2023,abstract_metadata_only,derived_annotations_only,1,abstract_metadata_only,pmcid_present_license_not_verified,false,true,unknown,6,not_stored; source-localized derived annotation only,false,conservative_source_metadata_review,2026-06-07T21:52:20+00:00,"OligoVigil redistributes source identifiers, source locations, matched terms, and curator decisions; raw article text and PDFs are not redistributed."
3979,literature_discovery,37925520,PMC10625637,10.1038/s41467-023-42714-4,https://pubmed.ncbi.nlm.nih.gov/37925520/,Nat Commun,2023,abstract_metadata_only,derived_annotations_only,1,abstract_metadata_only,pmcid_present_license_not_verified,false,true,unknown,3,not_stored; source-localized derived annotation only,false,conservative_source_metadata_review,2026-06-07T21:52:20+00:00,"OligoVigil redistributes source identifiers, source locations, matched terms, and curator decisions; raw article text and PDFs are not redistributed."
4000,literature_discovery,37290591,,10.1016/j.jhep.2023.05.023,https://pubmed.ncbi.nlm.nih.gov/37290591/,J Hepatol,2023,abstract_metadata_only,derived_annotations_only,0,abstract_metadata_only,not_applicable,false,true,unknown,3,not_stored; source-localized derived annotation only,false,conservative_source_metadata_review,2026-06-07T21:52:20+00:00,"OligoVigil redistributes source identifiers, source locations, matched terms, and curator decisions; raw article text and PDFs are not redistributed."
4022,literature_discovery,37016578,PMC10188904,10.1016/j.ymthe.2023.03.036,https://pubmed.ncbi.nlm.nih.gov/37016578/,Mol Ther,2023,abstract_metadata_only,derived_annotations_only,1,abstract_metadata_only,pmcid_present_license_not_verified,false,true,unknown,3,not_stored; source-localized derived annotation only,false,conservative_source_metadata_review,2026-06-07T21:52:20+00:00,"OligoVigil redistributes source identifiers, source locations, matched terms, and curator decisions; raw article text and PDFs are not redistributed."
4035,literature_discovery,36650129,PMC9845313,10.1038/s41467-022-35637-z,https://pubmed.ncbi.nlm.nih.gov/36650129/,Nat Commun,2023,abstract_metadata_only,derived_annotations_only,1,abstract_metadata_only,pmcid_present_license_not_verified,false,true,unknown,3,not_stored; source-localized derived annotation only,false,conservative_source_metadata_review,2026-06-07T21:52:20+00:00,"OligoVigil redistributes source identifiers, source locations, matched terms, and curator decisions; raw article text and PDFs are not redistributed."
4042,literature_discovery,36513186,,10.1016/j.jhep.2022.11.025,https://pubmed.ncbi.nlm.nih.gov/36513186/,J Hepatol,2023,abstract_metadata_only,derived_annotations_only,1,abstract_metadata_only,not_applicable,false,true,unknown,2,not_stored; source-localized derived annotation only,false,conservative_source_metadata_review,2026-06-07T21:52:20+00:00,"OligoVigil redistributes source identifiers, source locations, matched terms, and curator decisions; raw article text and PDFs are not redistributed."
4047,literature_discovery,36318487,,10.1089/nat.2022.0038,https://pubmed.ncbi.nlm.nih.gov/36318487/,Nucleic Acid Ther,2023,abstract_metadata_only,derived_annotations_only,1,abstract_metadata_only,not_applicable,false,true,unknown,4,not_stored; source-localized derived annotation only,false,conservative_source_metadata_review,2026-06-07T21:52:20+00:00,"OligoVigil redistributes source identifiers, source locations, matched terms, and curator decisions; raw article text and PDFs are not redistributed."
4051,literature_discovery,36457549,PMC9707323,10.2147/IJN.S383862,https://pubmed.ncbi.nlm.nih.gov/36457549/,Int J Nanomedicine,2022,abstract_metadata_only,derived_annotations_only,1,abstract_metadata_only,pmcid_present_license_not_verified,false,true,unknown,3,not_stored; source-localized derived annotation only,false,conservative_source_metadata_review,2026-06-07T21:52:20+00:00,"OligoVigil redistributes source identifiers, source locations, matched terms, and curator decisions; raw article text and PDFs are not redistributed."
4056,literature_discovery,36365241,PMC9692777,10.3390/pharmaceutics14112424,https://pubmed.ncbi.nlm.nih.gov/36365241/,Pharmaceutics,2022,abstract_metadata_only,derived_annotations_only,1,abstract_metadata_only,pmcid_present_license_not_verified,false,true,unknown,4,not_stored; source-localized derived annotation only,false,conservative_source_metadata_review,2026-06-07T21:52:20+00:00,"OligoVigil redistributes source identifiers, source locations, matched terms, and curator decisions; raw article text and PDFs are not redistributed."
4061,literature_discovery,36192390,PMC9530163,10.1038/s41467-022-33061-x,https://pubmed.ncbi.nlm.nih.gov/36192390/,Nat Commun,2022,abstract_metadata_only,derived_annotations_only,1,abstract_metadata_only,pmcid_present_license_not_verified,false,true,unknown,5,not_stored; source-localized derived annotation only,false,conservative_source_metadata_review,2026-06-07T21:52:20+00:00,"OligoVigil redistributes source identifiers, source locations, matched terms, and curator decisions; raw article text and PDFs are not redistributed."
4065,literature_discovery,36064365,PMC9446571,10.1186/s12951-022-01603-6,https://pubmed.ncbi.nlm.nih.gov/36064365/,J Nanobiotechnology,2022,abstract_metadata_only,derived_annotations_only,1,abstract_metadata_only,pmcid_present_license_not_verified,false,true,unknown,3,not_stored; source-localized derived annotation only,false,conservative_source_metadata_review,2026-06-07T21:52:20+00:00,"OligoVigil redistributes source identifiers, source locations, matched terms, and curator decisions; raw article text and PDFs are not redistributed."
4069,literature_discovery,35847173,PMC9263991,10.1016/j.omtn.2022.06.009,https://pubmed.ncbi.nlm.nih.gov/35847173/,Mol Ther Nucleic Acids,2022,abstract_metadata_only,derived_annotations_only,2,abstract_metadata_only,pmcid_present_license_not_verified,false,true,unknown,4,not_stored; source-localized derived annotation only,false,conservative_source_metadata_review,2026-06-07T21:52:20+00:00,"OligoVigil redistributes source identifiers, source locations, matched terms, and curator decisions; raw article text and PDFs are not redistributed."
4073,literature_discovery,35745067,PMC9228010,10.3390/molecules27123944,https://pubmed.ncbi.nlm.nih.gov/35745067/,Molecules,2022,abstract_metadata_only,derived_annotations_only,1,abstract_metadata_only,pmcid_present_license_not_verified,false,true,unknown,3,not_stored; source-localized derived annotation only,false,conservative_source_metadata_review,2026-06-07T21:52:20+00:00,"OligoVigil redistributes source identifiers, source locations, matched terms, and curator decisions; raw article text and PDFs are not redistributed."
4091,literature_discovery,35156491,PMC8856077,10.1080/10717544.2022.2032874,https://pubmed.ncbi.nlm.nih.gov/35156491/,Drug Deliv,2022,abstract_metadata_only,derived_annotations_only,1,abstract_metadata_only,pmcid_present_license_not_verified,false,true,unknown,3,not_stored; source-localized derived annotation only,false,conservative_source_metadata_review,2026-06-07T21:52:20+00:00,"OligoVigil redistributes source identifiers, source locations, matched terms, and curator decisions; raw article text and PDFs are not redistributed."
4092,literature_discovery,35143189,PMC8938942,10.1021/jacs.1c12750,https://pubmed.ncbi.nlm.nih.gov/35143189/,J Am Chem Soc,2022,abstract_metadata_only,derived_annotations_only,1,abstract_metadata_only,pmcid_present_license_not_verified,false,true,unknown,2,not_stored; source-localized derived annotation only,false,conservative_source_metadata_review,2026-06-07T21:52:20+00:00,"OligoVigil redistributes source identifiers, source locations, matched terms, and curator decisions; raw article text and PDFs are not redistributed."
4096,literature_discovery,35037525,PMC8765274,10.1080/10717544.2022.2026532,https://pubmed.ncbi.nlm.nih.gov/35037525/,Drug Deliv,2022,abstract_metadata_only,derived_annotations_only,1,abstract_metadata_only,pmcid_present_license_not_verified,false,true,unknown,3,not_stored; source-localized derived annotation only,false,conservative_source_metadata_review,2026-06-07T21:52:20+00:00,"OligoVigil redistributes source identifiers, source locations, matched terms, and curator decisions; raw article text and PDFs are not redistributed."
4105,literature_discovery,34382360,PMC11468224,10.1002/adhm.202101202,https://pubmed.ncbi.nlm.nih.gov/34382360/,Adv Healthc Mater,2022,abstract_metadata_only,derived_annotations_only,1,abstract_metadata_only,pmcid_present_license_not_verified,false,true,unknown,4,not_stored; source-localized derived annotation only,false,conservative_source_metadata_review,2026-06-07T21:52:20+00:00,"OligoVigil redistributes source identifiers, source locations, matched terms, and curator decisions; raw article text and PDFs are not redistributed."
4106,literature_discovery,34959463,PMC8703291,10.3390/pharmaceutics13122182,https://pubmed.ncbi.nlm.nih.gov/34959463/,Pharmaceutics,2021,abstract_metadata_only,derived_annotations_only,1,abstract_metadata_only,pmcid_present_license_not_verified,false,true,unknown,4,not_stored; source-localized derived annotation only,false,conservative_source_metadata_review,2026-06-07T21:52:20+00:00,"OligoVigil redistributes source identifiers, source locations, matched terms, and curator decisions; raw article text and PDFs are not redistributed."
4112,literature_discovery,34841414,PMC8611673,10.1021/jacsau.1c00327,https://pubmed.ncbi.nlm.nih.gov/34841414/,JACS Au,2021,abstract_metadata_only,derived_annotations_only,1,abstract_metadata_only,pmcid_present_license_not_verified,false,true,unknown,3,not_stored; source-localized derived annotation only,false,conservative_source_metadata_review,2026-06-07T21:52:20+00:00,"OligoVigil redistributes source identifiers, source locations, matched terms, and curator decisions; raw article text and PDFs are not redistributed."
4114,literature_discovery,34684009,PMC8539707,10.3390/pharmaceutics13101716,https://pubmed.ncbi.nlm.nih.gov/34684009/,Pharmaceutics,2021,abstract_metadata_only,derived_annotations_only,1,abstract_metadata_only,pmcid_present_license_not_verified,false,true,unknown,3,not_stored; source-localized derived annotation only,false,conservative_source_metadata_review,2026-06-07T21:52:20+00:00,"OligoVigil redistributes source identifiers, source locations, matched terms, and curator decisions; raw article text and PDFs are not redistributed."
4126,literature_discovery,34437914,,10.1016/j.jconrel.2021.08.039,https://pubmed.ncbi.nlm.nih.gov/34437914/,J Control Release,2021,abstract_metadata_only,derived_annotations_only,1,abstract_metadata_only,not_applicable,false,true,unknown,4,not_stored; source-localized derived annotation only,false,conservative_source_metadata_review,2026-06-07T21:52:20+00:00,"OligoVigil redistributes source identifiers, source locations, matched terms, and curator decisions; raw article text and PDFs are not redistributed."
4145,literature_discovery,33952251,PMC8097905,10.1186/s12951-021-00869-6,https://pubmed.ncbi.nlm.nih.gov/33952251/,J Nanobiotechnology,2021,abstract_metadata_only,derived_annotations_only,1,abstract_metadata_only,pmcid_present_license_not_verified,false,true,unknown,4,not_stored; source-localized derived annotation only,false,conservative_source_metadata_review,2026-06-07T21:52:20+00:00,"OligoVigil redistributes source identifiers, source locations, matched terms, and curator decisions; raw article text and PDFs are not redistributed."
4163,literature_discovery,33577685,PMC7969009,10.1093/nar/gkab050,https://pubmed.ncbi.nlm.nih.gov/33577685/,Nucleic Acids Res,2021,abstract_metadata_only,derived_annotations_only,1,abstract_metadata_only,pmcid_present_license_not_verified,false,true,unknown,3,not_stored; source-localized derived annotation only,false,conservative_source_metadata_review,2026-06-07T21:52:20+00:00,"OligoVigil redistributes source identifiers, source locations, matched terms, and curator decisions; raw article text and PDFs are not redistributed."
4173,literature_discovery,33068777,PMC7854280,10.1016/j.ymthe.2020.10.010,https://pubmed.ncbi.nlm.nih.gov/33068777/,Mol Ther,2021,abstract_metadata_only,derived_annotations_only,1,abstract_metadata_only,pmcid_present_license_not_verified,false,true,unknown,2,not_stored; source-localized derived annotation only,false,conservative_source_metadata_review,2026-06-07T21:52:20+00:00,"OligoVigil redistributes source identifiers, source locations, matched terms, and curator decisions; raw article text and PDFs are not redistributed."
4197,literature_discovery,32059541,PMC7072202,10.3390/biom10020285,https://pubmed.ncbi.nlm.nih.gov/32059541/,Biomolecules,2020,abstract_metadata_only,derived_annotations_only,1,abstract_metadata_only,pmcid_present_license_not_verified,false,true,unknown,4,not_stored; source-localized derived annotation only,false,conservative_source_metadata_review,2026-06-07T21:52:20+00:00,"OligoVigil redistributes source identifiers, source locations, matched terms, and curator decisions; raw article text and PDFs are not redistributed."
4207,literature_discovery,31676815,PMC6825139,10.1038/s41598-019-52142-4,https://pubmed.ncbi.nlm.nih.gov/31676815/,Sci Rep,2019,abstract_metadata_only,derived_annotations_only,1,abstract_metadata_only,pmcid_present_license_not_verified,false,true,unknown,4,not_stored; source-localized derived annotation only,false,conservative_source_metadata_review,2026-06-07T21:52:20+00:00,"OligoVigil redistributes source identifiers, source locations, matched terms, and curator decisions; raw article text and PDFs are not redistributed."
4212,literature_discovery,31479430,PMC6819114,10.1172/JCI128205,https://pubmed.ncbi.nlm.nih.gov/31479430/,J Clin Invest,2019,abstract_metadata_only,derived_annotations_only,2,abstract_metadata_only,pmcid_present_license_not_verified,false,true,unknown,6,not_stored; source-localized derived annotation only,false,conservative_source_metadata_review,2026-06-07T21:52:20+00:00,"OligoVigil redistributes source identifiers, source locations, matched terms, and curator decisions; raw article text and PDFs are not redistributed."
4213,literature_discovery,31375812,PMC6879195,10.1038/s41587-019-0205-0,https://pubmed.ncbi.nlm.nih.gov/31375812/,Nat Biotechnol,2019,abstract_metadata_only,derived_annotations_only,3,abstract_metadata_only,pmcid_present_license_not_verified,false,true,unknown,4,not_stored; source-localized derived annotation only,false,conservative_source_metadata_review,2026-06-07T21:52:20+00:00,"OligoVigil redistributes source identifiers, source locations, matched terms, and curator decisions; raw article text and PDFs are not redistributed."
4216,literature_discovery,30765435,,10.2337/dc18-1343,https://pubmed.ncbi.nlm.nih.gov/30765435/,Diabetes Care,2019,abstract_metadata_only,derived_annotations_only,0,abstract_metadata_only,not_applicable,false,true,unknown,2,not_stored; source-localized derived annotation only,false,conservative_source_metadata_review,2026-06-07T21:52:20+00:00,"OligoVigil redistributes source identifiers, source locations, matched terms, and curator decisions; raw article text and PDFs are not redistributed."
4227,literature_discovery,29250742,,10.1007/s10637-017-0553-x,https://pubmed.ncbi.nlm.nih.gov/29250742/,Invest New Drugs,2018,abstract_metadata_only,derived_annotations_only,0,abstract_metadata_only,not_applicable,false,true,unknown,2,not_stored; source-localized derived annotation only,false,conservative_source_metadata_review,2026-06-07T21:52:20+00:00,"OligoVigil redistributes source identifiers, source locations, matched terms, and curator decisions; raw article text and PDFs are not redistributed."
4230,literature_discovery,29246303,PMC5675723,10.1016/j.omtn.2017.10.003,https://pubmed.ncbi.nlm.nih.gov/29246303/,Mol Ther Nucleic Acids,2017,abstract_metadata_only,derived_annotations_only,2,abstract_metadata_only,pmcid_present_license_not_verified,false,true,unknown,3,not_stored; source-localized derived annotation only,false,conservative_source_metadata_review,2026-06-07T21:52:20+00:00,"OligoVigil redistributes source identifiers, source locations, matched terms, and curator decisions; raw article text and PDFs are not redistributed."
4234,literature_discovery,28633548,PMC8241187,10.1080/10717544.2017.1337827,https://pubmed.ncbi.nlm.nih.gov/28633548/,Drug Deliv,2017,abstract_metadata_only,derived_annotations_only,1,abstract_metadata_only,pmcid_present_license_not_verified,false,true,unknown,4,not_stored; source-localized derived annotation only,false,conservative_source_metadata_review,2026-06-07T21:52:20+00:00,"OligoVigil redistributes source identifiers, source locations, matched terms, and curator decisions; raw article text and PDFs are not redistributed."
4239,literature_discovery,27327137,PMC5022129,10.1038/mtna.2016.36,https://pubmed.ncbi.nlm.nih.gov/27327137/,Mol Ther Nucleic Acids,2016,abstract_metadata_only,derived_annotations_only,1,abstract_metadata_only,pmcid_present_license_not_verified,false,true,unknown,3,not_stored; source-localized derived annotation only,false,conservative_source_metadata_review,2026-06-07T21:52:20+00:00,"OligoVigil redistributes source identifiers, source locations, matched terms, and curator decisions; raw article text and PDFs are not redistributed."
4241,literature_discovery,26964641,PMC4793046,10.1038/ncomms10981,https://pubmed.ncbi.nlm.nih.gov/26964641/,Nat Commun,2016,abstract_metadata_only,derived_annotations_only,1,abstract_metadata_only,pmcid_present_license_not_verified,false,true,unknown,3,not_stored; source-localized derived annotation only,false,conservative_source_metadata_review,2026-06-07T21:52:20+00:00,"OligoVigil redistributes source identifiers, source locations, matched terms, and curator decisions; raw article text and PDFs are not redistributed."
4246,literature_discovery,26134311,PMC4598944,10.1039/c5nr01665g,https://pubmed.ncbi.nlm.nih.gov/26134311/,Nanoscale,2015,abstract_metadata_only,derived_annotations_only,1,abstract_metadata_only,pmcid_present_license_not_verified,false,true,unknown,4,not_stored; source-localized derived annotation only,false,conservative_source_metadata_review,2026-06-07T21:52:20+00:00,"OligoVigil redistributes source identifiers, source locations, matched terms, and curator decisions; raw article text and PDFs are not redistributed."
4253,literature_discovery,25434769,,10.1021/ja505986a,https://pubmed.ncbi.nlm.nih.gov/25434769/,J Am Chem Soc,2014,abstract_metadata_only,derived_annotations_only,1,abstract_metadata_only,not_applicable,false,true,unknown,4,not_stored; source-localized derived annotation only,false,conservative_source_metadata_review,2026-06-07T21:52:20+00:00,"OligoVigil redistributes source identifiers, source locations, matched terms, and curator decisions; raw article text and PDFs are not redistributed."
4256,literature_discovery,24586944,PMC3931823,10.1371/journal.pone.0089659,https://pubmed.ncbi.nlm.nih.gov/24586944/,PLoS One,2014,abstract_metadata_only,derived_annotations_only,1,abstract_metadata_only,pmcid_present_license_not_verified,false,true,unknown,3,not_stored; source-localized derived annotation only,false,conservative_source_metadata_review,2026-06-07T21:52:20+00:00,"OligoVigil redistributes source identifiers, source locations, matched terms, and curator decisions; raw article text and PDFs are not redistributed."
4257,literature_discovery,24511611,,,https://pubmed.ncbi.nlm.nih.gov/24511611/,J Control Release,2014,abstract_metadata_only,derived_annotations_only,1,abstract_metadata_only,not_applicable,false,true,unknown,1,not_stored; source-localized derived annotation only,false,conservative_source_metadata_review,2026-06-07T21:52:20+00:00,"OligoVigil redistributes source identifiers, source locations, matched terms, and curator decisions; raw article text and PDFs are not redistributed."
4259,literature_discovery,24405395,PMC4028087,10.1089/hum.2013.156,https://pubmed.ncbi.nlm.nih.gov/24405395/,Hum Gene Ther,2014,abstract_metadata_only,derived_annotations_only,1,abstract_metadata_only,pmcid_present_license_not_verified,false,true,unknown,4,not_stored; source-localized derived annotation only,false,conservative_source_metadata_review,2026-06-07T21:52:20+00:00,"OligoVigil redistributes source identifiers, source locations, matched terms, and curator decisions; raw article text and PDFs are not redistributed."
4261,literature_discovery,24308267,PMC3908873,10.1021/nn4053827,https://pubmed.ncbi.nlm.nih.gov/24308267/,ACS Nano,2014,abstract_metadata_only,derived_annotations_only,1,abstract_metadata_only,pmcid_present_license_not_verified,false,true,unknown,5,not_stored; source-localized derived annotation only,false,conservative_source_metadata_review,2026-06-07T21:52:20+00:00,"OligoVigil redistributes source identifiers, source locations, matched terms, and curator decisions; raw article text and PDFs are not redistributed."
4262,literature_discovery,24065781,,10.1093/intimm/dxt040,https://pubmed.ncbi.nlm.nih.gov/24065781/,Int Immunol,2014,abstract_metadata_only,derived_annotations_only,0,abstract_metadata_only,not_applicable,false,true,unknown,3,not_stored; source-localized derived annotation only,false,conservative_source_metadata_review,2026-06-07T21:52:20+00:00,"OligoVigil redistributes source identifiers, source locations, matched terms, and curator decisions; raw article text and PDFs are not redistributed."
4268,literature_discovery,23876758,PMC3810404,10.1016/j.biomaterials.2013.06.066,https://pubmed.ncbi.nlm.nih.gov/23876758/,Biomaterials,2013,abstract_metadata_only,derived_annotations_only,1,abstract_metadata_only,pmcid_present_license_not_verified,false,true,unknown,4,not_stored; source-localized derived annotation only,false,conservative_source_metadata_review,2026-06-07T21:52:20+00:00,"OligoVigil redistributes source identifiers, source locations, matched terms, and curator decisions; raw article text and PDFs are not redistributed."
4277,literature_discovery,22505629,,10.1124/jpet.112.193789,https://pubmed.ncbi.nlm.nih.gov/22505629/,J Pharmacol Exp Ther,2012,abstract_metadata_only,derived_annotations_only,1,abstract_metadata_only,not_applicable,false,true,unknown,1,not_stored; source-localized derived annotation only,false,conservative_source_metadata_review,2026-06-07T21:52:20+00:00,"OligoVigil redistributes source identifiers, source locations, matched terms, and curator decisions; raw article text and PDFs are not redistributed."
4279,literature_discovery,22246038,,10.1182/blood-2011-10-387134,https://pubmed.ncbi.nlm.nih.gov/22246038/,Blood,2012,abstract_metadata_only,derived_annotations_only,1,abstract_metadata_only,not_applicable,false,true,unknown,1,not_stored; source-localized derived annotation only,false,conservative_source_metadata_review,2026-06-07T21:52:20+00:00,"OligoVigil redistributes source identifiers, source locations, matched terms, and curator decisions; raw article text and PDFs are not redistributed."
4288,literature_discovery,20886816,PMC2993159,10.1021/ja105875e,https://pubmed.ncbi.nlm.nih.gov/20886816/,J Am Chem Soc,2010,abstract_metadata_only,derived_annotations_only,1,abstract_metadata_only,pmcid_present_license_not_verified,false,true,unknown,3,not_stored; source-localized derived annotation only,false,conservative_source_metadata_review,2026-06-07T21:52:20+00:00,"OligoVigil redistributes source identifiers, source locations, matched terms, and curator decisions; raw article text and PDFs are not redistributed."
4516,literature_discovery,42173110,,10.1016/S2468-1253(26)00058-0,https://pubmed.ncbi.nlm.nih.gov/42173110/,Lancet Gastroenterol Hepatol,2026,abstract_metadata_only,derived_annotations_only,1,abstract_metadata_only,not_applicable,false,true,unknown,2,not_stored; source-localized derived annotation only,false,conservative_source_metadata_review,2026-06-07T21:52:20+00:00,"OligoVigil redistributes source identifiers, source locations, matched terms, and curator decisions; raw article text and PDFs are not redistributed."
4532,literature_discovery,42170556,PMC13187621,10.1016/j.ijpx.2026.100555,https://pubmed.ncbi.nlm.nih.gov/42170556/,Int J Pharm X,2026,abstract_metadata_only,derived_annotations_only,1,abstract_metadata_only,pmcid_present_license_not_verified,false,true,unknown,2,not_stored; source-localized derived annotation only,false,conservative_source_metadata_review,2026-06-07T21:52:20+00:00,"OligoVigil redistributes source identifiers, source locations, matched terms, and curator decisions; raw article text and PDFs are not redistributed."
4787,literature_discovery,42108271,,10.1038/s41591-026-04408-4,https://pubmed.ncbi.nlm.nih.gov/42108271/,Nat Med,2026,abstract_metadata_only,derived_annotations_only,1,abstract_metadata_only,not_applicable,false,true,unknown,2,not_stored; source-localized derived annotation only,false,conservative_source_metadata_review,2026-06-07T21:52:20+00:00,"OligoVigil redistributes source identifiers, source locations, matched terms, and curator decisions; raw article text and PDFs are not redistributed."
4844,literature_discovery,42093739,PMC13141635,10.1016/j.mtbio.2026.103116,https://pubmed.ncbi.nlm.nih.gov/42093739/,Mater Today Bio,2026,abstract_metadata_only,derived_annotations_only,1,abstract_metadata_only,pmcid_present_license_not_verified,false,true,unknown,3,not_stored; source-localized derived annotation only,false,conservative_source_metadata_review,2026-06-07T21:52:20+00:00,"OligoVigil redistributes source identifiers, source locations, matched terms, and curator decisions; raw article text and PDFs are not redistributed."
5189,literature_discovery,42007960,,10.1002/smll.202512276,https://pubmed.ncbi.nlm.nih.gov/42007960/,Small,2026,abstract_metadata_only,derived_annotations_only,1,abstract_metadata_only,not_applicable,false,true,unknown,3,not_stored; source-localized derived annotation only,false,conservative_source_metadata_review,2026-06-07T21:52:20+00:00,"OligoVigil redistributes source identifiers, source locations, matched terms, and curator decisions; raw article text and PDFs are not redistributed."
5375,literature_discovery,41961051,PMC13154584,10.57264/cer-2025-0108,https://pubmed.ncbi.nlm.nih.gov/41961051/,J Comp Eff Res,2026,abstract_metadata_only,derived_annotations_only,1,abstract_metadata_only,pmcid_present_license_not_verified,false,true,unknown,2,not_stored; source-localized derived annotation only,false,conservative_source_metadata_review,2026-06-07T21:52:20+00:00,"OligoVigil redistributes source identifiers, source locations, matched terms, and curator decisions; raw article text and PDFs are not redistributed."
5621,literature_discovery,41897327,PMC13024069,10.3390/biom16030393,https://pubmed.ncbi.nlm.nih.gov/41897327/,Biomolecules,2026,abstract_metadata_only,derived_annotations_only,1,abstract_metadata_only,pmcid_present_license_not_verified,false,true,unknown,1,not_stored; source-localized derived annotation only,false,conservative_source_metadata_review,2026-06-07T21:52:20+00:00,"OligoVigil redistributes source identifiers, source locations, matched terms, and curator decisions; raw article text and PDFs are not redistributed."
5624,literature_discovery,41896932,PMC13151111,10.1186/s12951-026-04311-7,https://pubmed.ncbi.nlm.nih.gov/41896932/,J Nanobiotechnology,2026,abstract_metadata_only,derived_annotations_only,1,abstract_metadata_only,pmcid_present_license_not_verified,false,true,unknown,4,not_stored; source-localized derived annotation only,false,conservative_source_metadata_review,2026-06-07T21:52:20+00:00,"OligoVigil redistributes source identifiers, source locations, matched terms, and curator decisions; raw article text and PDFs are not redistributed."
6205,literature_discovery,41732388,PMC12925212,10.1016/j.mtbio.2026.102877,https://pubmed.ncbi.nlm.nih.gov/41732388/,Mater Today Bio,2026,abstract_metadata_only,derived_annotations_only,1,abstract_metadata_only,pmcid_present_license_not_verified,false,true,unknown,4,not_stored; source-localized derived annotation only,false,conservative_source_metadata_review,2026-06-07T21:52:20+00:00,"OligoVigil redistributes source identifiers, source locations, matched terms, and curator decisions; raw article text and PDFs are not redistributed."
6238,literature_discovery,41716677,PMC12914854,10.1016/j.bioactmat.2026.02.009,https://pubmed.ncbi.nlm.nih.gov/41716677/,Bioact Mater,2026,abstract_metadata_only,derived_annotations_only,1,abstract_metadata_only,pmcid_present_license_not_verified,false,true,unknown,2,not_stored; source-localized derived annotation only,false,conservative_source_metadata_review,2026-06-07T21:52:20+00:00,"OligoVigil redistributes source identifiers, source locations, matched terms, and curator decisions; raw article text and PDFs are not redistributed."
6390,literature_discovery,41661214,PMC12723595,10.1001/jamaneurol.2025.4946,https://pubmed.ncbi.nlm.nih.gov/41661214/,JAMA Neurol,2026,abstract_metadata_only,derived_annotations_only,1,abstract_metadata_only,pmcid_present_license_not_verified,false,true,unknown,1,not_stored; source-localized derived annotation only,false,conservative_source_metadata_review,2026-06-07T21:52:20+00:00,"OligoVigil redistributes source identifiers, source locations, matched terms, and curator decisions; raw article text and PDFs are not redistributed."
6475,literature_discovery,41630990,PMC12860987,10.1016/j.omtn.2026.102834,https://pubmed.ncbi.nlm.nih.gov/41630990/,Mol Ther Nucleic Acids,2026,abstract_metadata_only,derived_annotations_only,1,abstract_metadata_only,pmcid_present_license_not_verified,false,true,unknown,2,not_stored; source-localized derived annotation only,false,conservative_source_metadata_review,2026-06-07T21:52:20+00:00,"OligoVigil redistributes source identifiers, source locations, matched terms, and curator decisions; raw article text and PDFs are not redistributed."
6668,literature_discovery,41565615,PMC12824223,10.1038/s41467-025-66486-1,https://pubmed.ncbi.nlm.nih.gov/41565615/,Nat Commun,2026,abstract_metadata_only,derived_annotations_only,1,abstract_metadata_only,pmcid_present_license_not_verified,false,true,unknown,2,not_stored; source-localized derived annotation only,false,conservative_source_metadata_review,2026-06-07T21:52:20+00:00,"OligoVigil redistributes source identifiers, source locations, matched terms, and curator decisions; raw article text and PDFs are not redistributed."
6682,literature_discovery,41560791,PMC12813177,10.1016/j.mtbio.2025.102734,https://pubmed.ncbi.nlm.nih.gov/41560791/,Mater Today Bio,2026,abstract_metadata_only,derived_annotations_only,1,abstract_metadata_only,pmcid_present_license_not_verified,false,true,unknown,3,not_stored; source-localized derived annotation only,false,conservative_source_metadata_review,2026-06-07T21:52:20+00:00,"OligoVigil redistributes source identifiers, source locations, matched terms, and curator decisions; raw article text and PDFs are not redistributed."
6684,literature_discovery,41560785,PMC12813121,10.1016/j.mtbio.2025.102631,https://pubmed.ncbi.nlm.nih.gov/41560785/,Mater Today Bio,2026,abstract_metadata_only,derived_annotations_only,1,abstract_metadata_only,pmcid_present_license_not_verified,false,true,unknown,5,not_stored; source-localized derived annotation only,false,conservative_source_metadata_review,2026-06-07T21:52:20+00:00,"OligoVigil redistributes source identifiers, source locations, matched terms, and curator decisions; raw article text and PDFs are not redistributed."
6833,literature_discovery,41500988,PMC12780282,10.1038/s41467-025-66788-4,https://pubmed.ncbi.nlm.nih.gov/41500988/,Nat Commun,2026,abstract_metadata_only,derived_annotations_only,2,abstract_metadata_only,pmcid_present_license_not_verified,false,true,unknown,2,not_stored; source-localized derived annotation only,false,conservative_source_metadata_review,2026-06-07T21:52:20+00:00,"OligoVigil redistributes source identifiers, source locations, matched terms, and curator decisions; raw article text and PDFs are not redistributed."
7065,literature_discovery,41334811,PMC12801319,10.1021/acs.biomac.5c01202,https://pubmed.ncbi.nlm.nih.gov/41334811/,Biomacromolecules,2026,abstract_metadata_only,derived_annotations_only,1,abstract_metadata_only,pmcid_present_license_not_verified,false,true,unknown,1,not_stored; source-localized derived annotation only,false,conservative_source_metadata_review,2026-06-07T21:52:20+00:00,"OligoVigil redistributes source identifiers, source locations, matched terms, and curator decisions; raw article text and PDFs are not redistributed."
7129,literature_discovery,41270206,PMC12866702,10.1002/advs.202515052,https://pubmed.ncbi.nlm.nih.gov/41270206/,Adv Sci (Weinh),2026,abstract_metadata_only,derived_annotations_only,1,abstract_metadata_only,pmcid_present_license_not_verified,false,true,unknown,1,not_stored; source-localized derived annotation only,false,conservative_source_metadata_review,2026-06-07T21:52:20+00:00,"OligoVigil redistributes source identifiers, source locations, matched terms, and curator decisions; raw article text and PDFs are not redistributed."
7173,literature_discovery,41211918,,10.1056/NEJMoa2512761,https://pubmed.ncbi.nlm.nih.gov/41211918/,N Engl J Med,2026,abstract_metadata_only,derived_annotations_only,1,abstract_metadata_only,not_applicable,false,true,unknown,1,not_stored; source-localized derived annotation only,false,conservative_source_metadata_review,2026-06-07T21:52:20+00:00,"OligoVigil redistributes source identifiers, source locations, matched terms, and curator decisions; raw article text and PDFs are not redistributed."
7336,literature_discovery,40762902,PMC12893402,10.1007/s13346-025-01920-x,https://pubmed.ncbi.nlm.nih.gov/40762902/,Drug Deliv Transl Res,2026,abstract_metadata_only,derived_annotations_only,1,abstract_metadata_only,pmcid_present_license_not_verified,false,true,unknown,3,not_stored; source-localized derived annotation only,false,conservative_source_metadata_review,2026-06-07T21:52:20+00:00,"OligoVigil redistributes source identifiers, source locations, matched terms, and curator decisions; raw article text and PDFs are not redistributed."
7559,literature_discovery,41392621,PMC12754758,10.1021/acsami.5c15253,https://pubmed.ncbi.nlm.nih.gov/41392621/,ACS Appl Mater Interfaces,2025,abstract_metadata_only,derived_annotations_only,1,abstract_metadata_only,pmcid_present_license_not_verified,false,true,unknown,3,not_stored; source-localized derived annotation only,false,conservative_source_metadata_review,2026-06-07T21:52:20+00:00,"OligoVigil redistributes source identifiers, source locations, matched terms, and curator decisions; raw article text and PDFs are not redistributed."
7632,literature_discovery,41337773,,,https://pubmed.ncbi.nlm.nih.gov/41337773/,Pain Physician,2025,abstract_metadata_only,derived_annotations_only,1,abstract_metadata_only,not_applicable,false,true,unknown,3,not_stored; source-localized derived annotation only,false,conservative_source_metadata_review,2026-06-07T21:52:20+00:00,"OligoVigil redistributes source identifiers, source locations, matched terms, and curator decisions; raw article text and PDFs are not redistributed."
7646,literature_discovery,41323796,PMC12663631,10.1016/j.omtn.2025.102757,https://pubmed.ncbi.nlm.nih.gov/41323796/,Mol Ther Nucleic Acids,2025,abstract_metadata_only,derived_annotations_only,1,abstract_metadata_only,pmcid_present_license_not_verified,false,true,unknown,2,not_stored; source-localized derived annotation only,false,conservative_source_metadata_review,2026-06-07T21:52:20+00:00,"OligoVigil redistributes source identifiers, source locations, matched terms, and curator decisions; raw article text and PDFs are not redistributed."
7717,literature_discovery,41290746,PMC12749358,10.1038/s41467-025-66630-x,https://pubmed.ncbi.nlm.nih.gov/41290746/,Nat Commun,2025,abstract_metadata_only,derived_annotations_only,1,abstract_metadata_only,pmcid_present_license_not_verified,false,true,unknown,2,not_stored; source-localized derived annotation only,false,conservative_source_metadata_review,2026-06-07T21:52:20+00:00,"OligoVigil redistributes source identifiers, source locations, matched terms, and curator decisions; raw article text and PDFs are not redistributed."
7835,literature_discovery,41226635,PMC12607363,10.3390/ijms262110582,https://pubmed.ncbi.nlm.nih.gov/41226635/,Int J Mol Sci,2025,abstract_metadata_only,derived_annotations_only,1,abstract_metadata_only,pmcid_present_license_not_verified,false,true,unknown,6,not_stored; source-localized derived annotation only,false,conservative_source_metadata_review,2026-06-07T21:52:20+00:00,"OligoVigil redistributes source identifiers, source locations, matched terms, and curator decisions; raw article text and PDFs are not redistributed."
7859,literature_discovery,41214041,PMC12603185,10.1038/s41598-025-22922-2,https://pubmed.ncbi.nlm.nih.gov/41214041/,Sci Rep,2025,abstract_metadata_only,derived_annotations_only,1,abstract_metadata_only,pmcid_present_license_not_verified,false,true,unknown,2,not_stored; source-localized derived annotation only,false,conservative_source_metadata_review,2026-06-07T21:52:20+00:00,"OligoVigil redistributes source identifiers, source locations, matched terms, and curator decisions; raw article text and PDFs are not redistributed."
8005,literature_discovery,41135032,PMC12614338,10.1200/JCO-25-01369,https://pubmed.ncbi.nlm.nih.gov/41135032/,J Clin Oncol,2025,abstract_metadata_only,derived_annotations_only,1,abstract_metadata_only,pmcid_present_license_not_verified,false,true,unknown,2,not_stored; source-localized derived annotation only,false,conservative_source_metadata_review,2026-06-07T21:52:20+00:00,"OligoVigil redistributes source identifiers, source locations, matched terms, and curator decisions; raw article text and PDFs are not redistributed."
8330,literature_discovery,40970667,PMC12453064,10.1167/iovs.66.12.46,https://pubmed.ncbi.nlm.nih.gov/40970667/,Invest Ophthalmol Vis Sci,2025,abstract_metadata_only,derived_annotations_only,1,abstract_metadata_only,pmcid_present_license_not_verified,false,true,unknown,1,not_stored; source-localized derived annotation only,false,conservative_source_metadata_review,2026-06-07T21:52:20+00:00,"OligoVigil redistributes source identifiers, source locations, matched terms, and curator decisions; raw article text and PDFs are not redistributed."
8415,literature_discovery,40928446,PMC12790151,10.1016/j.jacbts.2025.101364,https://pubmed.ncbi.nlm.nih.gov/40928446/,JACC Basic Transl Sci,2025,abstract_metadata_only,derived_annotations_only,3,abstract_metadata_only,pmcid_present_license_not_verified,false,true,unknown,3,not_stored; source-localized derived annotation only,false,conservative_source_metadata_review,2026-06-07T21:52:20+00:00,"OligoVigil redistributes source identifiers, source locations, matched terms, and curator decisions; raw article text and PDFs are not redistributed."
8490,literature_discovery,40896585,PMC12396431,10.1016/j.omtn.2025.102644,https://pubmed.ncbi.nlm.nih.gov/40896585/,Mol Ther Nucleic Acids,2025,abstract_metadata_only,derived_annotations_only,1,abstract_metadata_only,pmcid_present_license_not_verified,false,true,unknown,4,not_stored; source-localized derived annotation only,false,conservative_source_metadata_review,2026-06-07T21:52:20+00:00,"OligoVigil redistributes source identifiers, source locations, matched terms, and curator decisions; raw article text and PDFs are not redistributed."
8508,literature_discovery,40885724,PMC12398490,10.1038/s41467-025-63415-0,https://pubmed.ncbi.nlm.nih.gov/40885724/,Nat Commun,2025,abstract_metadata_only,derived_annotations_only,1,abstract_metadata_only,pmcid_present_license_not_verified,false,true,unknown,2,not_stored; source-localized derived annotation only,false,conservative_source_metadata_review,2026-06-07T21:52:20+00:00,"OligoVigil redistributes source identifiers, source locations, matched terms, and curator decisions; raw article text and PDFs are not redistributed."
8595,literature_discovery,40852577,PMC12369976,10.1002/adfm.202508122,https://pubmed.ncbi.nlm.nih.gov/40852577/,Adv Funct Mater,2025,abstract_metadata_only,derived_annotations_only,2,abstract_metadata_only,pmcid_present_license_not_verified,false,true,unknown,4,not_stored; source-localized derived annotation only,false,conservative_source_metadata_review,2026-06-07T21:52:20+00:00,"OligoVigil redistributes source identifiers, source locations, matched terms, and curator decisions; raw article text and PDFs are not redistributed."
8603,literature_discovery,40848064,PMC12374930,10.1007/s00262-025-04148-3,https://pubmed.ncbi.nlm.nih.gov/40848064/,Cancer Immunol Immunother,2025,abstract_metadata_only,derived_annotations_only,1,abstract_metadata_only,pmcid_present_license_not_verified,false,true,unknown,2,not_stored; source-localized derived annotation only,false,conservative_source_metadata_review,2026-06-07T21:52:20+00:00,"OligoVigil redistributes source identifiers, source locations, matched terms, and curator decisions; raw article text and PDFs are not redistributed."
8812,literature_discovery,40735483,PMC12303805,10.3389/fphar.2025.1554631,https://pubmed.ncbi.nlm.nih.gov/40735483/,Front Pharmacol,2025,abstract_metadata_only,derived_annotations_only,1,abstract_metadata_only,pmcid_present_license_not_verified,false,true,unknown,1,not_stored; source-localized derived annotation only,false,conservative_source_metadata_review,2026-06-07T21:52:20+00:00,"OligoVigil redistributes source identifiers, source locations, matched terms, and curator decisions; raw article text and PDFs are not redistributed."
9006,literature_discovery,40654369,PMC12254698,10.1016/j.apsb.2025.03.015,https://pubmed.ncbi.nlm.nih.gov/40654369/,Acta Pharm Sin B,2025,abstract_metadata_only,derived_annotations_only,1,abstract_metadata_only,pmcid_present_license_not_verified,false,true,unknown,6,not_stored; source-localized derived annotation only,false,conservative_source_metadata_review,2026-06-07T21:52:20+00:00,"OligoVigil redistributes source identifiers, source locations, matched terms, and curator decisions; raw article text and PDFs are not redistributed."
9021,literature_discovery,40645721,PMC12441398,10.1016/j.jaccas.2025.103897,https://pubmed.ncbi.nlm.nih.gov/40645721/,JACC Case Rep,2025,abstract_metadata_only,derived_annotations_only,1,abstract_metadata_only,pmcid_present_license_not_verified,false,true,unknown,1,not_stored; source-localized derived annotation only,false,conservative_source_metadata_review,2026-06-07T21:52:20+00:00,"OligoVigil redistributes source identifiers, source locations, matched terms, and curator decisions; raw article text and PDFs are not redistributed."
9102,literature_discovery,40608957,PMC12677909,10.1093/brain/awaf249,https://pubmed.ncbi.nlm.nih.gov/40608957/,Brain,2025,abstract_metadata_only,derived_annotations_only,1,abstract_metadata_only,pmcid_present_license_not_verified,false,true,unknown,3,not_stored; source-localized derived annotation only,false,conservative_source_metadata_review,2026-06-07T21:52:20+00:00,"OligoVigil redistributes source identifiers, source locations, matched terms, and curator decisions; raw article text and PDFs are not redistributed."
9180,literature_discovery,40574101,PMC12196915,10.3390/pharmaceutics17060789,https://pubmed.ncbi.nlm.nih.gov/40574101/,Pharmaceutics,2025,abstract_metadata_only,derived_annotations_only,1,abstract_metadata_only,pmcid_present_license_not_verified,false,true,unknown,2,not_stored; source-localized derived annotation only,false,conservative_source_metadata_review,2026-06-07T21:52:20+00:00,"OligoVigil redistributes source identifiers, source locations, matched terms, and curator decisions; raw article text and PDFs are not redistributed."
9274,literature_discovery,40528841,PMC12173670,10.1016/j.mtbio.2025.101917,https://pubmed.ncbi.nlm.nih.gov/40528841/,Mater Today Bio,2025,abstract_metadata_only,derived_annotations_only,1,abstract_metadata_only,pmcid_present_license_not_verified,false,true,unknown,3,not_stored; source-localized derived annotation only,false,conservative_source_metadata_review,2026-06-07T21:52:20+00:00,"OligoVigil redistributes source identifiers, source locations, matched terms, and curator decisions; raw article text and PDFs are not redistributed."
9324,literature_discovery,40503175,PMC12156227,10.1016/j.omtn.2025.102567,https://pubmed.ncbi.nlm.nih.gov/40503175/,Mol Ther Nucleic Acids,2025,abstract_metadata_only,derived_annotations_only,2,abstract_metadata_only,pmcid_present_license_not_verified,false,true,unknown,4,not_stored; source-localized derived annotation only,false,conservative_source_metadata_review,2026-06-07T21:52:20+00:00,"OligoVigil redistributes source identifiers, source locations, matched terms, and curator decisions; raw article text and PDFs are not redistributed."
9397,literature_discovery,40464222,PMC12134771,10.1002/jcsm.13831,https://pubmed.ncbi.nlm.nih.gov/40464222/,J Cachexia Sarcopenia Muscle,2025,abstract_metadata_only,derived_annotations_only,1,abstract_metadata_only,pmcid_present_license_not_verified,false,true,unknown,1,not_stored; source-localized derived annotation only,false,conservative_source_metadata_review,2026-06-07T21:52:20+00:00,"OligoVigil redistributes source identifiers, source locations, matched terms, and curator decisions; raw article text and PDFs are not redistributed."
9437,literature_discovery,40444266,PMC12120247,10.34133/bmr.0209,https://pubmed.ncbi.nlm.nih.gov/40444266/,Biomater Res,2025,abstract_metadata_only,derived_annotations_only,1,abstract_metadata_only,pmcid_present_license_not_verified,false,true,unknown,4,not_stored; source-localized derived annotation only,false,conservative_source_metadata_review,2026-06-07T21:52:20+00:00,"OligoVigil redistributes source identifiers, source locations, matched terms, and curator decisions; raw article text and PDFs are not redistributed."
9471,literature_discovery,40427146,PMC12109797,10.3390/cancers17101648,https://pubmed.ncbi.nlm.nih.gov/40427146/,Cancers (Basel),2025,abstract_metadata_only,derived_annotations_only,1,abstract_metadata_only,pmcid_present_license_not_verified,false,true,unknown,5,not_stored; source-localized derived annotation only,false,conservative_source_metadata_review,2026-06-07T21:52:20+00:00,"OligoVigil redistributes source identifiers, source locations, matched terms, and curator decisions; raw article text and PDFs are not redistributed."
9560,literature_discovery,40368879,PMC12078682,10.1038/s41467-025-59494-8,https://pubmed.ncbi.nlm.nih.gov/40368879/,Nat Commun,2025,abstract_metadata_only,derived_annotations_only,1,abstract_metadata_only,pmcid_present_license_not_verified,false,true,unknown,3,not_stored; source-localized derived annotation only,false,conservative_source_metadata_review,2026-06-07T21:52:20+00:00,"OligoVigil redistributes source identifiers, source locations, matched terms, and curator decisions; raw article text and PDFs are not redistributed."
9646,literature_discovery,40308203,PMC12303760,10.1161/CIRCULATIONAHA.124.072411,https://pubmed.ncbi.nlm.nih.gov/40308203/,Circulation,2025,abstract_metadata_only,derived_annotations_only,1,abstract_metadata_only,pmcid_present_license_not_verified,false,true,unknown,4,not_stored; source-localized derived annotation only,false,conservative_source_metadata_review,2026-06-07T21:52:20+00:00,"OligoVigil redistributes source identifiers, source locations, matched terms, and curator decisions; raw article text and PDFs are not redistributed."
9647,literature_discovery,40306578,,10.1016/j.jconrel.2025.113791,https://pubmed.ncbi.nlm.nih.gov/40306578/,J Control Release,2025,abstract_metadata_only,derived_annotations_only,1,abstract_metadata_only,not_applicable,false,true,unknown,2,not_stored; source-localized derived annotation only,false,conservative_source_metadata_review,2026-06-07T21:52:20+00:00,"OligoVigil redistributes source identifiers, source locations, matched terms, and curator decisions; raw article text and PDFs are not redistributed."
9651,literature_discovery,40305283,PMC12024947,10.3390/biom15040537,https://pubmed.ncbi.nlm.nih.gov/40305283/,Biomolecules,2025,abstract_metadata_only,derived_annotations_only,1,abstract_metadata_only,pmcid_present_license_not_verified,false,true,unknown,3,not_stored; source-localized derived annotation only,false,conservative_source_metadata_review,2026-06-07T21:52:20+00:00,"OligoVigil redistributes source identifiers, source locations, matched terms, and curator decisions; raw article text and PDFs are not redistributed."
9662,literature_discovery,40297405,PMC12036690,10.2147/IJN.S514375,https://pubmed.ncbi.nlm.nih.gov/40297405/,Int J Nanomedicine,2025,abstract_metadata_only,derived_annotations_only,1,abstract_metadata_only,pmcid_present_license_not_verified,false,true,unknown,1,not_stored; source-localized derived annotation only,false,conservative_source_metadata_review,2026-06-07T21:52:20+00:00,"OligoVigil redistributes source identifiers, source locations, matched terms, and curator decisions; raw article text and PDFs are not redistributed."
9750,literature_discovery,40236812,PMC11999372,10.1016/j.mtbio.2025.101718,https://pubmed.ncbi.nlm.nih.gov/40236812/,Mater Today Bio,2025,abstract_metadata_only,derived_annotations_only,1,abstract_metadata_only,pmcid_present_license_not_verified,false,true,unknown,2,not_stored; source-localized derived annotation only,false,conservative_source_metadata_review,2026-06-07T21:52:20+00:00,"OligoVigil redistributes source identifiers, source locations, matched terms, and curator decisions; raw article text and PDFs are not redistributed."
9792,literature_discovery,40207309,PMC11980806,10.2147/IJN.S501561,https://pubmed.ncbi.nlm.nih.gov/40207309/,Int J Nanomedicine,2025,abstract_metadata_only,derived_annotations_only,1,abstract_metadata_only,pmcid_present_license_not_verified,false,true,unknown,2,not_stored; source-localized derived annotation only,false,conservative_source_metadata_review,2026-06-07T21:52:20+00:00,"OligoVigil redistributes source identifiers, source locations, matched terms, and curator decisions; raw article text and PDFs are not redistributed."
9875,literature_discovery,40147647,,10.1016/j.ijbiomac.2025.142492,https://pubmed.ncbi.nlm.nih.gov/40147647/,Int J Biol Macromol,2025,abstract_metadata_only,derived_annotations_only,1,abstract_metadata_only,not_applicable,false,true,unknown,3,not_stored; source-localized derived annotation only,false,conservative_source_metadata_review,2026-06-07T21:52:20+00:00,"OligoVigil redistributes source identifiers, source locations, matched terms, and curator decisions; raw article text and PDFs are not redistributed."
9881,literature_discovery,40142497,PMC11946339,10.3390/microorganisms13030604,https://pubmed.ncbi.nlm.nih.gov/40142497/,Microorganisms,2025,abstract_metadata_only,derived_annotations_only,1,abstract_metadata_only,pmcid_present_license_not_verified,false,true,unknown,1,not_stored; source-localized derived annotation only,false,conservative_source_metadata_review,2026-06-07T21:52:20+00:00,"OligoVigil redistributes source identifiers, source locations, matched terms, and curator decisions; raw article text and PDFs are not redistributed."
9935,literature_discovery,40084851,PMC12132915,10.1002/cmdc.202400885,https://pubmed.ncbi.nlm.nih.gov/40084851/,ChemMedChem,2025,abstract_metadata_only,derived_annotations_only,1,abstract_metadata_only,pmcid_present_license_not_verified,false,true,unknown,4,not_stored; source-localized derived annotation only,false,conservative_source_metadata_review,2026-06-07T21:52:20+00:00,"OligoVigil redistributes source identifiers, source locations, matched terms, and curator decisions; raw article text and PDFs are not redistributed."
9951,literature_discovery,40073943,,10.1016/j.jconrel.2025.113624,https://pubmed.ncbi.nlm.nih.gov/40073943/,J Control Release,2025,abstract_metadata_only,derived_annotations_only,2,abstract_metadata_only,not_applicable,false,true,unknown,3,not_stored; source-localized derived annotation only,false,conservative_source_metadata_review,2026-06-07T21:52:20+00:00,"OligoVigil redistributes source identifiers, source locations, matched terms, and curator decisions; raw article text and PDFs are not redistributed."
9961,literature_discovery,40064874,PMC11893799,10.1038/s41467-025-57488-0,https://pubmed.ncbi.nlm.nih.gov/40064874/,Nat Commun,2025,abstract_metadata_only,derived_annotations_only,1,abstract_metadata_only,pmcid_present_license_not_verified,false,true,unknown,2,not_stored; source-localized derived annotation only,false,conservative_source_metadata_review,2026-06-07T21:52:20+00:00,"OligoVigil redistributes source identifiers, source locations, matched terms, and curator decisions; raw article text and PDFs are not redistributed."
9966,literature_discovery,40060931,PMC11889396,10.1016/j.omtn.2025.102479,https://pubmed.ncbi.nlm.nih.gov/40060931/,Mol Ther Nucleic Acids,2025,abstract_metadata_only,derived_annotations_only,1,abstract_metadata_only,pmcid_present_license_not_verified,false,true,unknown,2,not_stored; source-localized derived annotation only,false,conservative_source_metadata_review,2026-06-07T21:52:20+00:00,"OligoVigil redistributes source identifiers, source locations, matched terms, and curator decisions; raw article text and PDFs are not redistributed."
10025,literature_discovery,40024534,PMC12022666,10.1016/j.jcmgh.2025.101485,https://pubmed.ncbi.nlm.nih.gov/40024534/,Cell Mol Gastroenterol Hepatol,2025,abstract_metadata_only,derived_annotations_only,1,abstract_metadata_only,pmcid_present_license_not_verified,false,true,unknown,2,not_stored; source-localized derived annotation only,false,conservative_source_metadata_review,2026-06-07T21:52:20+00:00,"OligoVigil redistributes source identifiers, source locations, matched terms, and curator decisions; raw article text and PDFs are not redistributed."
10126,literature_discovery,39950874,PMC11967816,10.1002/advs.202415169,https://pubmed.ncbi.nlm.nih.gov/39950874/,Adv Sci (Weinh),2025,abstract_metadata_only,derived_annotations_only,1,abstract_metadata_only,pmcid_present_license_not_verified,false,true,unknown,2,not_stored; source-localized derived annotation only,false,conservative_source_metadata_review,2026-06-07T21:52:20+00:00,"OligoVigil redistributes source identifiers, source locations, matched terms, and curator decisions; raw article text and PDFs are not redistributed."
10132,literature_discovery,39946362,PMC11825018,10.1371/journal.pone.0317559,https://pubmed.ncbi.nlm.nih.gov/39946362/,PLoS One,2025,abstract_metadata_only,derived_annotations_only,1,abstract_metadata_only,pmcid_present_license_not_verified,false,true,unknown,4,not_stored; source-localized derived annotation only,false,conservative_source_metadata_review,2026-06-07T21:52:20+00:00,"OligoVigil redistributes source identifiers, source locations, matched terms, and curator decisions; raw article text and PDFs are not redistributed."
10207,literature_discovery,39875734,PMC12031765,10.1007/s00467-025-06675-8,https://pubmed.ncbi.nlm.nih.gov/39875734/,Pediatr Nephrol,2025,abstract_metadata_only,derived_annotations_only,1,abstract_metadata_only,pmcid_present_license_not_verified,false,true,unknown,2,not_stored; source-localized derived annotation only,false,conservative_source_metadata_review,2026-06-07T21:52:20+00:00,"OligoVigil redistributes source identifiers, source locations, matched terms, and curator decisions; raw article text and PDFs are not redistributed."
10245,literature_discovery,39838063,PMC11751084,10.1038/s43856-024-00712-7,https://pubmed.ncbi.nlm.nih.gov/39838063/,Commun Med (Lond),2025,abstract_metadata_only,derived_annotations_only,1,abstract_metadata_only,pmcid_present_license_not_verified,false,true,unknown,3,not_stored; source-localized derived annotation only,false,conservative_source_metadata_review,2026-06-07T21:52:20+00:00,"OligoVigil redistributes source identifiers, source locations, matched terms, and curator decisions; raw article text and PDFs are not redistributed."
10466,literature_discovery,39225259,,10.1056/NEJMoa2409368,https://pubmed.ncbi.nlm.nih.gov/39225259/,N Engl J Med,2025,abstract_metadata_only,derived_annotations_only,1,abstract_metadata_only,not_applicable,false,true,unknown,1,not_stored; source-localized derived annotation only,false,conservative_source_metadata_review,2026-06-07T21:52:20+00:00,"OligoVigil redistributes source identifiers, source locations, matched terms, and curator decisions; raw article text and PDFs are not redistributed."
10468,literature_discovery,39214467,,10.1016/j.jhep.2024.08.010,https://pubmed.ncbi.nlm.nih.gov/39214467/,J Hepatol,2025,abstract_metadata_only,derived_annotations_only,0,abstract_metadata_only,not_applicable,false,true,unknown,2,not_stored; source-localized derived annotation only,false,conservative_source_metadata_review,2026-06-07T21:52:20+00:00,"OligoVigil redistributes source identifiers, source locations, matched terms, and curator decisions; raw article text and PDFs are not redistributed."
10539,literature_discovery,39697325,PMC11652358,10.3389/fimmu.2024.1501679,https://pubmed.ncbi.nlm.nih.gov/39697325/,Front Immunol,2024,abstract_metadata_only,derived_annotations_only,2,abstract_metadata_only,pmcid_present_license_not_verified,false,true,unknown,3,not_stored; source-localized derived annotation only,false,conservative_source_metadata_review,2026-06-07T21:52:20+00:00,"OligoVigil redistributes source identifiers, source locations, matched terms, and curator decisions; raw article text and PDFs are not redistributed."
10547,literature_discovery,39676860,PMC11638040,10.3389/fimmu.2024.1491230,https://pubmed.ncbi.nlm.nih.gov/39676860/,Front Immunol,2024,abstract_metadata_only,derived_annotations_only,1,abstract_metadata_only,pmcid_present_license_not_verified,false,true,unknown,3,not_stored; source-localized derived annotation only,false,conservative_source_metadata_review,2026-06-07T21:52:20+00:00,"OligoVigil redistributes source identifiers, source locations, matched terms, and curator decisions; raw article text and PDFs are not redistributed."
10550,literature_discovery,39657238,,10.1021/acsami.4c13535,https://pubmed.ncbi.nlm.nih.gov/39657238/,ACS Appl Mater Interfaces,2024,abstract_metadata_only,derived_annotations_only,0,abstract_metadata_only,not_applicable,false,true,unknown,2,not_stored; source-localized derived annotation only,false,conservative_source_metadata_review,2026-06-07T21:52:20+00:00,"OligoVigil redistributes source identifiers, source locations, matched terms, and curator decisions; raw article text and PDFs are not redistributed."
10566,literature_discovery,39597922,PMC11594983,10.3390/jcm13226779,https://pubmed.ncbi.nlm.nih.gov/39597922/,J Clin Med,2024,abstract_metadata_only,derived_annotations_only,1,abstract_metadata_only,pmcid_present_license_not_verified,false,true,unknown,3,not_stored; source-localized derived annotation only,false,conservative_source_metadata_review,2026-06-07T21:52:20+00:00,"OligoVigil redistributes source identifiers, source locations, matched terms, and curator decisions; raw article text and PDFs are not redistributed."
10623,literature_discovery,39491068,,10.1016/j.jcis.2023.10.036,https://pubmed.ncbi.nlm.nih.gov/39491068/,J Colloid Interface Sci,2024,abstract_metadata_only,derived_annotations_only,0,abstract_metadata_only,not_applicable,false,true,unknown,2,not_stored; source-localized derived annotation only,false,conservative_source_metadata_review,2026-06-07T21:52:20+00:00,"OligoVigil redistributes source identifiers, source locations, matched terms, and curator decisions; raw article text and PDFs are not redistributed."
10648,literature_discovery,39458966,PMC11509954,10.3390/ph17101325,https://pubmed.ncbi.nlm.nih.gov/39458966/,Pharmaceuticals (Basel),2024,abstract_metadata_only,derived_annotations_only,1,abstract_metadata_only,pmcid_present_license_not_verified,false,true,unknown,2,not_stored; source-localized derived annotation only,false,conservative_source_metadata_review,2026-06-07T21:52:20+00:00,"OligoVigil redistributes source identifiers, source locations, matched terms, and curator decisions; raw article text and PDFs are not redistributed."
10686,literature_discovery,39392531,,10.1021/acsabm.4c00923,https://pubmed.ncbi.nlm.nih.gov/39392531/,ACS Appl Bio Mater,2024,abstract_metadata_only,derived_annotations_only,0,abstract_metadata_only,not_applicable,false,true,unknown,3,not_stored; source-localized derived annotation only,false,conservative_source_metadata_review,2026-06-07T21:52:20+00:00,"OligoVigil redistributes source identifiers, source locations, matched terms, and curator decisions; raw article text and PDFs are not redistributed."
10687,literature_discovery,39389081,,10.1016/S2468-1253(24)00237-1,https://pubmed.ncbi.nlm.nih.gov/39389081/,Lancet Gastroenterol Hepatol,2024,abstract_metadata_only,derived_annotations_only,1,abstract_metadata_only,not_applicable,false,true,unknown,2,not_stored; source-localized derived annotation only,false,conservative_source_metadata_review,2026-06-07T21:52:20+00:00,"OligoVigil redistributes source identifiers, source locations, matched terms, and curator decisions; raw article text and PDFs are not redistributed."
10749,literature_discovery,39306863,,10.1021/acsinfecdis.4c00514,https://pubmed.ncbi.nlm.nih.gov/39306863/,ACS Infect Dis,2024,abstract_metadata_only,derived_annotations_only,0,abstract_metadata_only,not_applicable,false,true,unknown,1,not_stored; source-localized derived annotation only,false,conservative_source_metadata_review,2026-06-07T21:52:20+00:00,"OligoVigil redistributes source identifiers, source locations, matched terms, and curator decisions; raw article text and PDFs are not redistributed."
10778,literature_discovery,39252874,PMC11382116,10.1016/j.omtn.2024.102289,https://pubmed.ncbi.nlm.nih.gov/39252874/,Mol Ther Nucleic Acids,2024,abstract_metadata_only,derived_annotations_only,1,abstract_metadata_only,pmcid_present_license_not_verified,false,true,unknown,2,not_stored; source-localized derived annotation only,false,conservative_source_metadata_review,2026-06-07T21:52:20+00:00,"OligoVigil redistributes source identifiers, source locations, matched terms, and curator decisions; raw article text and PDFs are not redistributed."
10888,literature_discovery,39106627,,10.1016/j.ijbiomac.2024.134515,https://pubmed.ncbi.nlm.nih.gov/39106627/,Int J Biol Macromol,2024,abstract_metadata_only,derived_annotations_only,1,abstract_metadata_only,not_applicable,false,true,unknown,1,not_stored; source-localized derived annotation only,false,conservative_source_metadata_review,2026-06-07T21:52:20+00:00,"OligoVigil redistributes source identifiers, source locations, matched terms, and curator decisions; raw article text and PDFs are not redistributed."
10925,literature_discovery,39064553,PMC11278919,10.3390/medicina60071124,https://pubmed.ncbi.nlm.nih.gov/39064553/,Medicina (Kaunas),2024,abstract_metadata_only,derived_annotations_only,1,abstract_metadata_only,pmcid_present_license_not_verified,false,true,unknown,2,not_stored; source-localized derived annotation only,false,conservative_source_metadata_review,2026-06-07T21:52:20+00:00,"OligoVigil redistributes source identifiers, source locations, matched terms, and curator decisions; raw article text and PDFs are not redistributed."
10973,literature_discovery,38998694,PMC11243722,10.3390/nano14131089,https://pubmed.ncbi.nlm.nih.gov/38998694/,Nanomaterials (Basel),2024,abstract_metadata_only,derived_annotations_only,1,abstract_metadata_only,pmcid_present_license_not_verified,false,true,unknown,4,not_stored; source-localized derived annotation only,false,conservative_source_metadata_review,2026-06-07T21:52:20+00:00,"OligoVigil redistributes source identifiers, source locations, matched terms, and curator decisions; raw article text and PDFs are not redistributed."
10988,literature_discovery,38979291,PMC11230209,10.1101/2024.06.20.599943,https://pubmed.ncbi.nlm.nih.gov/38979291/,bioRxiv,2024,abstract_metadata_only,derived_annotations_only,1,abstract_metadata_only,pmcid_present_license_not_verified,false,true,unknown,3,not_stored; source-localized derived annotation only,false,conservative_source_metadata_review,2026-06-07T21:52:20+00:00,"OligoVigil redistributes source identifiers, source locations, matched terms, and curator decisions; raw article text and PDFs are not redistributed."
11005,literature_discovery,38963794,,10.1021/acsabm.4c00507,https://pubmed.ncbi.nlm.nih.gov/38963794/,ACS Appl Bio Mater,2024,abstract_metadata_only,derived_annotations_only,0,abstract_metadata_only,not_applicable,false,true,unknown,1,not_stored; source-localized derived annotation only,false,conservative_source_metadata_review,2026-06-07T21:52:20+00:00,"OligoVigil redistributes source identifiers, source locations, matched terms, and curator decisions; raw article text and PDFs are not redistributed."
11036,literature_discovery,38921951,PMC11206794,10.3390/neurolint16030047,https://pubmed.ncbi.nlm.nih.gov/38921951/,Neurol Int,2024,abstract_metadata_only,derived_annotations_only,1,abstract_metadata_only,pmcid_present_license_not_verified,false,true,unknown,2,not_stored; source-localized derived annotation only,false,conservative_source_metadata_review,2026-06-07T21:52:20+00:00,"OligoVigil redistributes source identifiers, source locations, matched terms, and curator decisions; raw article text and PDFs are not redistributed."
11191,literature_discovery,38741123,PMC11089668,10.1186/s12951-024-02505-5,https://pubmed.ncbi.nlm.nih.gov/38741123/,J Nanobiotechnology,2024,abstract_metadata_only,derived_annotations_only,1,abstract_metadata_only,pmcid_present_license_not_verified,false,true,unknown,3,not_stored; source-localized derived annotation only,false,conservative_source_metadata_review,2026-06-07T21:52:20+00:00,"OligoVigil redistributes source identifiers, source locations, matched terms, and curator decisions; raw article text and PDFs are not redistributed."
11199,literature_discovery,38722537,PMC11213752,10.1007/s12325-024-02852-7,https://pubmed.ncbi.nlm.nih.gov/38722537/,Adv Ther,2024,abstract_metadata_only,derived_annotations_only,1,abstract_metadata_only,pmcid_present_license_not_verified,false,true,unknown,2,not_stored; source-localized derived annotation only,false,conservative_source_metadata_review,2026-06-07T21:52:20+00:00,"OligoVigil redistributes source identifiers, source locations, matched terms, and curator decisions; raw article text and PDFs are not redistributed."
11219,literature_discovery,38697280,,10.1016/j.lfs.2024.122680,https://pubmed.ncbi.nlm.nih.gov/38697280/,Life Sci,2024,abstract_metadata_only,derived_annotations_only,0,abstract_metadata_only,not_applicable,false,true,unknown,4,not_stored; source-localized derived annotation only,false,conservative_source_metadata_review,2026-06-07T21:52:20+00:00,"OligoVigil redistributes source identifiers, source locations, matched terms, and curator decisions; raw article text and PDFs are not redistributed."
11250,literature_discovery,38666665,,,https://pubmed.ncbi.nlm.nih.gov/38666665/,Lakartidningen,2024,abstract_metadata_only,derived_annotations_only,0,abstract_metadata_only,not_applicable,false,true,unknown,1,not_stored; source-localized derived annotation only,false,conservative_source_metadata_review,2026-06-07T21:52:20+00:00,"OligoVigil redistributes source identifiers, source locations, matched terms, and curator decisions; raw article text and PDFs are not redistributed."
11345,literature_discovery,38548524,,10.1016/j.jfma.2024.03.008,https://pubmed.ncbi.nlm.nih.gov/38548524/,J Formos Med Assoc,2024,abstract_metadata_only,derived_annotations_only,0,abstract_metadata_only,not_applicable,false,true,unknown,2,not_stored; source-localized derived annotation only,false,conservative_source_metadata_review,2026-06-07T21:52:20+00:00,"OligoVigil redistributes source identifiers, source locations, matched terms, and curator decisions; raw article text and PDFs are not redistributed."
11357,literature_discovery,38532802,PMC10964446,10.1177/17562864241239755,https://pubmed.ncbi.nlm.nih.gov/38532802/,Ther Adv Neurol Disord,2024,abstract_metadata_only,derived_annotations_only,1,abstract_metadata_only,pmcid_present_license_not_verified,false,true,unknown,1,not_stored; source-localized derived annotation only,false,conservative_source_metadata_review,2026-06-07T21:52:20+00:00,"OligoVigil redistributes source identifiers, source locations, matched terms, and curator decisions; raw article text and PDFs are not redistributed."
11416,literature_discovery,38452197,PMC11181353,10.1182/blood.2023021864,https://pubmed.ncbi.nlm.nih.gov/38452197/,Blood,2024,abstract_metadata_only,derived_annotations_only,1,abstract_metadata_only,pmcid_present_license_not_verified,false,true,unknown,2,not_stored; source-localized derived annotation only,false,conservative_source_metadata_review,2026-06-07T21:52:20+00:00,"OligoVigil redistributes source identifiers, source locations, matched terms, and curator decisions; raw article text and PDFs are not redistributed."
11479,literature_discovery,38383439,PMC10882889,10.1186/s12943-024-01955-7,https://pubmed.ncbi.nlm.nih.gov/38383439/,Mol Cancer,2024,abstract_metadata_only,derived_annotations_only,1,abstract_metadata_only,pmcid_present_license_not_verified,false,true,unknown,1,not_stored; source-localized derived annotation only,false,conservative_source_metadata_review,2026-06-07T21:52:20+00:00,"OligoVigil redistributes source identifiers, source locations, matched terms, and curator decisions; raw article text and PDFs are not redistributed."
11551,literature_discovery,38321605,,10.1021/acsnano.3c10213,https://pubmed.ncbi.nlm.nih.gov/38321605/,ACS Nano,2024,abstract_metadata_only,derived_annotations_only,0,abstract_metadata_only,not_applicable,false,true,unknown,2,not_stored; source-localized derived annotation only,false,conservative_source_metadata_review,2026-06-07T21:52:20+00:00,"OligoVigil redistributes source identifiers, source locations, matched terms, and curator decisions; raw article text and PDFs are not redistributed."
11712,literature_discovery,37951519,,10.1016/j.actbio.2023.10.038,https://pubmed.ncbi.nlm.nih.gov/37951519/,Acta Biomater,2024,abstract_metadata_only,derived_annotations_only,1,abstract_metadata_only,not_applicable,false,true,unknown,2,not_stored; source-localized derived annotation only,false,conservative_source_metadata_review,2026-06-07T21:52:20+00:00,"OligoVigil redistributes source identifiers, source locations, matched terms, and curator decisions; raw article text and PDFs are not redistributed."
11811,literature_discovery,38077055,PMC10705697,10.21203/rs.3.rs-1297358/v3,https://pubmed.ncbi.nlm.nih.gov/38077055/,Res Sq,2023,abstract_metadata_only,derived_annotations_only,1,abstract_metadata_only,pmcid_present_license_not_verified,false,true,unknown,1,not_stored; source-localized derived annotation only,false,conservative_source_metadata_review,2026-06-07T21:52:20+00:00,"OligoVigil redistributes source identifiers, source locations, matched terms, and curator decisions; raw article text and PDFs are not redistributed."
11827,literature_discovery,38015828,PMC10683999,10.1371/journal.pone.0294731,https://pubmed.ncbi.nlm.nih.gov/38015828/,PLoS One,2023,abstract_metadata_only,derived_annotations_only,1,abstract_metadata_only,pmcid_present_license_not_verified,false,true,unknown,4,not_stored; source-localized derived annotation only,false,conservative_source_metadata_review,2026-06-07T21:52:20+00:00,"OligoVigil redistributes source identifiers, source locations, matched terms, and curator decisions; raw article text and PDFs are not redistributed."
11863,literature_discovery,37905978,,10.1002/anie.202315768,https://pubmed.ncbi.nlm.nih.gov/37905978/,Angew Chem Int Ed Engl,2023,abstract_metadata_only,derived_annotations_only,0,abstract_metadata_only,not_applicable,false,true,unknown,3,not_stored; source-localized derived annotation only,false,conservative_source_metadata_review,2026-06-07T21:52:20+00:00,"OligoVigil redistributes source identifiers, source locations, matched terms, and curator decisions; raw article text and PDFs are not redistributed."
11924,literature_discovery,37768671,PMC10540057,10.1001/jama.2023.18688,https://pubmed.ncbi.nlm.nih.gov/37768671/,JAMA,2023,abstract_metadata_only,derived_annotations_only,1,abstract_metadata_only,pmcid_present_license_not_verified,false,true,unknown,2,not_stored; source-localized derived annotation only,false,conservative_source_metadata_review,2026-06-07T21:52:20+00:00,"OligoVigil redistributes source identifiers, source locations, matched terms, and curator decisions; raw article text and PDFs are not redistributed."
11931,literature_discovery,37744174,PMC10514136,10.1016/j.omtn.2023.09.001,https://pubmed.ncbi.nlm.nih.gov/37744174/,Mol Ther Nucleic Acids,2023,abstract_metadata_only,derived_annotations_only,1,abstract_metadata_only,pmcid_present_license_not_verified,false,true,unknown,3,not_stored; source-localized derived annotation only,false,conservative_source_metadata_review,2026-06-07T21:52:20+00:00,"OligoVigil redistributes source identifiers, source locations, matched terms, and curator decisions; raw article text and PDFs are not redistributed."
12017,literature_discovery,37524230,,10.1016/j.jhep.2023.07.026,https://pubmed.ncbi.nlm.nih.gov/37524230/,J Hepatol,2023,abstract_metadata_only,derived_annotations_only,1,abstract_metadata_only,not_applicable,false,true,unknown,2,not_stored; source-localized derived annotation only,false,conservative_source_metadata_review,2026-06-07T21:52:20+00:00,"OligoVigil redistributes source identifiers, source locations, matched terms, and curator decisions; raw article text and PDFs are not redistributed."
12058,literature_discovery,37799089,,10.1080/17425255.2023.2266361,https://pubmed.ncbi.nlm.nih.gov/37799089/,Expert Opin Drug Metab Toxicol,2023,abstract_metadata_only,derived_annotations_only,1,abstract_metadata_only,not_applicable,false,true,unknown,2,not_stored; source-localized derived annotation only,false,conservative_source_metadata_review,2026-06-07T21:52:20+00:00,"OligoVigil redistributes source identifiers, source locations, matched terms, and curator decisions; raw article text and PDFs are not redistributed."
12059,literature_discovery,30095329,,10.1089/nat.2018.0724,https://pubmed.ncbi.nlm.nih.gov/30095329/,Nucleic Acid Ther,2018,abstract_metadata_only,derived_annotations_only,2,abstract_metadata_only,not_applicable,false,true,unknown,2,not_stored; source-localized derived annotation only,false,conservative_source_metadata_review,2026-06-07T21:52:20+00:00,"OligoVigil redistributes source identifiers, source locations, matched terms, and curator decisions; raw article text and PDFs are not redistributed."
12064,literature_discovery,39684010,PMC11644305,10.3390/polym16233265,https://pubmed.ncbi.nlm.nih.gov/39684010/,Polymers (Basel),2024,abstract_metadata_only,derived_annotations_only,1,abstract_metadata_only,pmcid_present_license_not_verified,false,true,unknown,3,not_stored; source-localized derived annotation only,false,conservative_source_metadata_review,2026-06-07T21:52:20+00:00,"OligoVigil redistributes source identifiers, source locations, matched terms, and curator decisions; raw article text and PDFs are not redistributed."
12067,literature_discovery,36700050,PMC9843489,10.1016/j.omtn.2022.12.010,https://pubmed.ncbi.nlm.nih.gov/36700050/,Mol Ther Nucleic Acids,2023,abstract_metadata_only,derived_annotations_only,1,abstract_metadata_only,pmcid_present_license_not_verified,false,true,unknown,2,not_stored; source-localized derived annotation only,false,conservative_source_metadata_review,2026-06-07T21:52:20+00:00,"OligoVigil redistributes source identifiers, source locations, matched terms, and curator decisions; raw article text and PDFs are not redistributed."
12077,literature_discovery,39231537,PMC11472056,10.1093/nar/gkae741,https://pubmed.ncbi.nlm.nih.gov/39231537/,Nucleic Acids Res,2024,abstract_metadata_only,derived_annotations_only,2,abstract_metadata_only,pmcid_present_license_not_verified,false,true,unknown,2,not_stored; source-localized derived annotation only,false,conservative_source_metadata_review,2026-06-07T21:52:20+00:00,"OligoVigil redistributes source identifiers, source locations, matched terms, and curator decisions; raw article text and PDFs are not redistributed."
12078,literature_discovery,39690144,,10.1080/14740338.2024.2443796,https://pubmed.ncbi.nlm.nih.gov/39690144/,Expert Opin Drug Saf,2026,abstract_metadata_only,derived_annotations_only,1,abstract_metadata_only,not_applicable,false,true,unknown,3,not_stored; source-localized derived annotation only,false,conservative_source_metadata_review,2026-06-07T21:52:20+00:00,"OligoVigil redistributes source identifiers, source locations, matched terms, and curator decisions; raw article text and PDFs are not redistributed."
12104,literature_discovery,39348656,,,https://pubmed.ncbi.nlm.nih.gov/39348656/,Pak J Pharm Sci,2024,abstract_metadata_only,derived_annotations_only,1,abstract_metadata_only,not_applicable,false,true,unknown,3,not_stored; source-localized derived annotation only,false,conservative_source_metadata_review,2026-06-07T21:52:20+00:00,"OligoVigil redistributes source identifiers, source locations, matched terms, and curator decisions; raw article text and PDFs are not redistributed."
12106,literature_discovery,39274180,PMC11398103,10.3390/polym16172547,https://pubmed.ncbi.nlm.nih.gov/39274180/,Polymers (Basel),2024,abstract_metadata_only,derived_annotations_only,1,abstract_metadata_only,pmcid_present_license_not_verified,false,true,unknown,4,not_stored; source-localized derived annotation only,false,conservative_source_metadata_review,2026-06-07T21:52:20+00:00,"OligoVigil redistributes source identifiers, source locations, matched terms, and curator decisions; raw article text and PDFs are not redistributed."
12115,literature_discovery,31063435,,10.1089/nat.2018.0767,https://pubmed.ncbi.nlm.nih.gov/31063435/,Nucleic Acid Ther,2019,abstract_metadata_only,derived_annotations_only,1,abstract_metadata_only,not_applicable,false,true,unknown,1,not_stored; source-localized derived annotation only,false,conservative_source_metadata_review,2026-06-07T21:52:20+00:00,"OligoVigil redistributes source identifiers, source locations, matched terms, and curator decisions; raw article text and PDFs are not redistributed."
12119,literature_discovery,27504598,PMC5023396,10.1038/mtna.2016.50,https://pubmed.ncbi.nlm.nih.gov/27504598/,Mol Ther Nucleic Acids,2016,abstract_metadata_only,derived_annotations_only,1,abstract_metadata_only,pmcid_present_license_not_verified,false,true,unknown,3,not_stored; source-localized derived annotation only,false,conservative_source_metadata_review,2026-06-07T21:52:20+00:00,"OligoVigil redistributes source identifiers, source locations, matched terms, and curator decisions; raw article text and PDFs are not redistributed."
12122,literature_discovery,39068444,PMC11282766,10.1186/s12951-024-02700-4,https://pubmed.ncbi.nlm.nih.gov/39068444/,J Nanobiotechnology,2024,abstract_metadata_only,derived_annotations_only,1,abstract_metadata_only,pmcid_present_license_not_verified,false,true,unknown,3,not_stored; source-localized derived annotation only,false,conservative_source_metadata_review,2026-06-07T21:52:20+00:00,"OligoVigil redistributes source identifiers, source locations, matched terms, and curator decisions; raw article text and PDFs are not redistributed."
12141,literature_discovery,40011938,PMC11866593,10.1186/s13023-025-03603-9,https://pubmed.ncbi.nlm.nih.gov/40011938/,Orphanet J Rare Dis,2025,abstract_metadata_only,derived_annotations_only,1,abstract_metadata_only,pmcid_present_license_not_verified,false,true,unknown,2,not_stored; source-localized derived annotation only,false,conservative_source_metadata_review,2026-06-07T21:52:20+00:00,"OligoVigil redistributes source identifiers, source locations, matched terms, and curator decisions; raw article text and PDFs are not redistributed."
12147,literature_discovery,39813044,PMC12522049,10.1021/acschembio.4c00824,https://pubmed.ncbi.nlm.nih.gov/39813044/,ACS Chem Biol,2025,abstract_metadata_only,derived_annotations_only,1,abstract_metadata_only,pmcid_present_license_not_verified,false,true,unknown,1,not_stored; source-localized derived annotation only,false,conservative_source_metadata_review,2026-06-07T21:52:20+00:00,"OligoVigil redistributes source identifiers, source locations, matched terms, and curator decisions; raw article text and PDFs are not redistributed."
12161,literature_discovery,39411247,PMC11474373,10.1016/j.omtn.2024.102340,https://pubmed.ncbi.nlm.nih.gov/39411247/,Mol Ther Nucleic Acids,2024,abstract_metadata_only,derived_annotations_only,1,abstract_metadata_only,pmcid_present_license_not_verified,false,true,unknown,3,not_stored; source-localized derived annotation only,false,conservative_source_metadata_review,2026-06-07T21:52:20+00:00,"OligoVigil redistributes source identifiers, source locations, matched terms, and curator decisions; raw article text and PDFs are not redistributed."
12175,literature_discovery,37704069,PMC10591917,10.1016/j.bone.2023.116898,https://pubmed.ncbi.nlm.nih.gov/37704069/,Bone,2023,abstract_metadata_only,derived_annotations_only,1,abstract_metadata_only,pmcid_present_license_not_verified,false,true,unknown,2,not_stored; source-localized derived annotation only,false,conservative_source_metadata_review,2026-06-07T21:52:20+00:00,"OligoVigil redistributes source identifiers, source locations, matched terms, and curator decisions; raw article text and PDFs are not redistributed."
12177,literature_discovery,37659896,,10.1016/j.vaccine.2023.08.053,https://pubmed.ncbi.nlm.nih.gov/37659896/,Vaccine,2023,abstract_metadata_only,derived_annotations_only,1,abstract_metadata_only,not_applicable,false,true,unknown,1,not_stored; source-localized derived annotation only,false,conservative_source_metadata_review,2026-06-07T21:52:20+00:00,"OligoVigil redistributes source identifiers, source locations, matched terms, and curator decisions; raw article text and PDFs are not redistributed."
12201,literature_discovery,36529659,,10.1016/j.jacl.2022.12.001,https://pubmed.ncbi.nlm.nih.gov/36529659/,J Clin Lipidol,2023,abstract_metadata_only,derived_annotations_only,1,abstract_metadata_only,not_applicable,false,true,unknown,1,not_stored; source-localized derived annotation only,false,conservative_source_metadata_review,2026-06-07T21:52:20+00:00,"OligoVigil redistributes source identifiers, source locations, matched terms, and curator decisions; raw article text and PDFs are not redistributed."
12219,literature_discovery,31877238,,10.1002/jat.3938,https://pubmed.ncbi.nlm.nih.gov/31877238/,J Appl Toxicol,2020,abstract_metadata_only,derived_annotations_only,1,abstract_metadata_only,not_applicable,false,true,unknown,2,not_stored; source-localized derived annotation only,false,conservative_source_metadata_review,2026-06-07T21:52:20+00:00,"OligoVigil redistributes source identifiers, source locations, matched terms, and curator decisions; raw article text and PDFs are not redistributed."
12278,literature_discovery,39896757,PMC11782793,10.34133/bmr.0136,https://pubmed.ncbi.nlm.nih.gov/39896757/,Biomater Res,2025,abstract_metadata_only,derived_annotations_only,1,abstract_metadata_only,pmcid_present_license_not_verified,false,true,unknown,5,not_stored; source-localized derived annotation only,false,conservative_source_metadata_review,2026-06-07T21:52:20+00:00,"OligoVigil redistributes source identifiers, source locations, matched terms, and curator decisions; raw article text and PDFs are not redistributed."
12337,literature_discovery,41282509,PMC12635908,10.3892/br.2025.2085,https://pubmed.ncbi.nlm.nih.gov/41282509/,Biomed Rep,2026,abstract_metadata_only,derived_annotations_only,1,abstract_metadata_only,pmcid_present_license_not_verified,false,true,unknown,5,not_stored; source-localized derived annotation only,false,conservative_source_metadata_review,2026-06-07T21:52:20+00:00,"OligoVigil redistributes source identifiers, source locations, matched terms, and curator decisions; raw article text and PDFs are not redistributed."
12342,literature_discovery,41304812,PMC12655120,10.3390/pharmaceutics17111476,https://pubmed.ncbi.nlm.nih.gov/41304812/,Pharmaceutics,2025,abstract_metadata_only,derived_annotations_only,1,abstract_metadata_only,pmcid_present_license_not_verified,false,true,unknown,3,not_stored; source-localized derived annotation only,false,conservative_source_metadata_review,2026-06-07T21:52:20+00:00,"OligoVigil redistributes source identifiers, source locations, matched terms, and curator decisions; raw article text and PDFs are not redistributed."
12389,literature_discovery,39955653,,10.1002/adma.202419418,https://pubmed.ncbi.nlm.nih.gov/39955653/,Adv Mater,2025,abstract_metadata_only,derived_annotations_only,0,abstract_metadata_only,not_applicable,false,true,unknown,2,not_stored; source-localized derived annotation only,false,conservative_source_metadata_review,2026-06-07T21:52:20+00:00,"OligoVigil redistributes source identifiers, source locations, matched terms, and curator decisions; raw article text and PDFs are not redistributed."
12392,literature_discovery,39940962,PMC11818693,10.3390/ijms26031196,https://pubmed.ncbi.nlm.nih.gov/39940962/,Int J Mol Sci,2025,abstract_metadata_only,derived_annotations_only,1,abstract_metadata_only,pmcid_present_license_not_verified,false,true,unknown,2,not_stored; source-localized derived annotation only,false,conservative_source_metadata_review,2026-06-07T21:52:20+00:00,"OligoVigil redistributes source identifiers, source locations, matched terms, and curator decisions; raw article text and PDFs are not redistributed."
12426,literature_discovery,39448881,PMC12018592,10.1038/s41587-024-02448-0,https://pubmed.ncbi.nlm.nih.gov/39448881/,Nat Biotechnol,2025,abstract_metadata_only,derived_annotations_only,1,abstract_metadata_only,pmcid_present_license_not_verified,false,true,unknown,3,not_stored; source-localized derived annotation only,false,conservative_source_metadata_review,2026-06-07T21:52:20+00:00,"OligoVigil redistributes source identifiers, source locations, matched terms, and curator decisions; raw article text and PDFs are not redistributed."
12427,literature_discovery,39447239,,10.1016/j.bioadv.2024.214078,https://pubmed.ncbi.nlm.nih.gov/39447239/,Biomater Adv,2025,abstract_metadata_only,derived_annotations_only,1,abstract_metadata_only,not_applicable,false,true,unknown,3,not_stored; source-localized derived annotation only,false,conservative_source_metadata_review,2026-06-07T21:52:20+00:00,"OligoVigil redistributes source identifiers, source locations, matched terms, and curator decisions; raw article text and PDFs are not redistributed."
12433,literature_discovery,39684325,PMC11641217,10.3390/ijms252312614,https://pubmed.ncbi.nlm.nih.gov/39684325/,Int J Mol Sci,2024,abstract_metadata_only,derived_annotations_only,1,abstract_metadata_only,pmcid_present_license_not_verified,false,true,unknown,2,not_stored; source-localized derived annotation only,false,conservative_source_metadata_review,2026-06-07T21:52:20+00:00,"OligoVigil redistributes source identifiers, source locations, matched terms, and curator decisions; raw article text and PDFs are not redistributed."
12435,literature_discovery,39627280,PMC11615393,10.1038/s41598-024-80646-1,https://pubmed.ncbi.nlm.nih.gov/39627280/,Sci Rep,2024,abstract_metadata_only,derived_annotations_only,1,abstract_metadata_only,pmcid_present_license_not_verified,false,true,unknown,4,not_stored; source-localized derived annotation only,false,conservative_source_metadata_review,2026-06-07T21:52:20+00:00,"OligoVigil redistributes source identifiers, source locations, matched terms, and curator decisions; raw article text and PDFs are not redistributed."
12439,literature_discovery,39606561,PMC11598607,10.2147/IJN.S492363,https://pubmed.ncbi.nlm.nih.gov/39606561/,Int J Nanomedicine,2024,abstract_metadata_only,derived_annotations_only,1,abstract_metadata_only,pmcid_present_license_not_verified,false,true,unknown,2,not_stored; source-localized derived annotation only,false,conservative_source_metadata_review,2026-06-07T21:52:20+00:00,"OligoVigil redistributes source identifiers, source locations, matched terms, and curator decisions; raw article text and PDFs are not redistributed."
12442,literature_discovery,39583320,PMC11585994,10.2147/IJN.S477597,https://pubmed.ncbi.nlm.nih.gov/39583320/,Int J Nanomedicine,2024,abstract_metadata_only,derived_annotations_only,1,abstract_metadata_only,pmcid_present_license_not_verified,false,true,unknown,4,not_stored; source-localized derived annotation only,false,conservative_source_metadata_review,2026-06-07T21:52:20+00:00,"OligoVigil redistributes source identifiers, source locations, matched terms, and curator decisions; raw article text and PDFs are not redistributed."
12444,literature_discovery,39553720,PMC11566511,10.7717/peerj.18214,https://pubmed.ncbi.nlm.nih.gov/39553720/,PeerJ,2024,abstract_metadata_only,derived_annotations_only,1,abstract_metadata_only,pmcid_present_license_not_verified,false,true,unknown,3,not_stored; source-localized derived annotation only,false,conservative_source_metadata_review,2026-06-07T21:52:20+00:00,"OligoVigil redistributes source identifiers, source locations, matched terms, and curator decisions; raw article text and PDFs are not redistributed."
12446,literature_discovery,39539970,PMC11559232,10.2147/IJN.S483252,https://pubmed.ncbi.nlm.nih.gov/39539970/,Int J Nanomedicine,2024,abstract_metadata_only,derived_annotations_only,1,abstract_metadata_only,pmcid_present_license_not_verified,false,true,unknown,4,not_stored; source-localized derived annotation only,false,conservative_source_metadata_review,2026-06-07T21:52:20+00:00,"OligoVigil redistributes source identifiers, source locations, matched terms, and curator decisions; raw article text and PDFs are not redistributed."
12451,literature_discovery,39447458,,10.1016/j.ejmech.2024.116978,https://pubmed.ncbi.nlm.nih.gov/39447458/,Eur J Med Chem,2024,abstract_metadata_only,derived_annotations_only,0,abstract_metadata_only,not_applicable,false,true,unknown,1,not_stored; source-localized derived annotation only,false,conservative_source_metadata_review,2026-06-07T21:52:20+00:00,"OligoVigil redistributes source identifiers, source locations, matched terms, and curator decisions; raw article text and PDFs are not redistributed."
12453,literature_discovery,39431993,PMC11583972,10.1021/acs.bioconjchem.4c00255,https://pubmed.ncbi.nlm.nih.gov/39431993/,Bioconjug Chem,2024,abstract_metadata_only,derived_annotations_only,1,abstract_metadata_only,pmcid_present_license_not_verified,false,true,unknown,4,not_stored; source-localized derived annotation only,false,conservative_source_metadata_review,2026-06-07T21:52:20+00:00,"OligoVigil redistributes source identifiers, source locations, matched terms, and curator decisions; raw article text and PDFs are not redistributed."
12464,literature_discovery,39329032,PMC11424689,10.2147/IJN.S461167,https://pubmed.ncbi.nlm.nih.gov/39329032/,Int J Nanomedicine,2024,abstract_metadata_only,derived_annotations_only,1,abstract_metadata_only,pmcid_present_license_not_verified,false,true,unknown,3,not_stored; source-localized derived annotation only,false,conservative_source_metadata_review,2026-06-07T21:52:20+00:00,"OligoVigil redistributes source identifiers, source locations, matched terms, and curator decisions; raw article text and PDFs are not redistributed."
12475,literature_discovery,39258001,PMC11385781,10.1016/j.ajps.2024.100929,https://pubmed.ncbi.nlm.nih.gov/39258001/,Asian J Pharm Sci,2024,abstract_metadata_only,derived_annotations_only,1,abstract_metadata_only,pmcid_present_license_not_verified,false,true,unknown,4,not_stored; source-localized derived annotation only,false,conservative_source_metadata_review,2026-06-07T21:52:20+00:00,"OligoVigil redistributes source identifiers, source locations, matched terms, and curator decisions; raw article text and PDFs are not redistributed."
12485,literature_discovery,39118143,PMC11308685,10.1186/s12951-024-02756-2,https://pubmed.ncbi.nlm.nih.gov/39118143/,J Nanobiotechnology,2024,abstract_metadata_only,derived_annotations_only,1,abstract_metadata_only,pmcid_present_license_not_verified,false,true,unknown,3,not_stored; source-localized derived annotation only,false,conservative_source_metadata_review,2026-06-07T21:52:20+00:00,"OligoVigil redistributes source identifiers, source locations, matched terms, and curator decisions; raw article text and PDFs are not redistributed."
12500,literature_discovery,39006767,PMC11240087,10.1039/d4ra01965b,https://pubmed.ncbi.nlm.nih.gov/39006767/,RSC Adv,2024,abstract_metadata_only,derived_annotations_only,1,abstract_metadata_only,pmcid_present_license_not_verified,false,true,unknown,2,not_stored; source-localized derived annotation only,false,conservative_source_metadata_review,2026-06-07T21:52:20+00:00,"OligoVigil redistributes source identifiers, source locations, matched terms, and curator decisions; raw article text and PDFs are not redistributed."
12511,literature_discovery,37700336,PMC10496174,10.1186/s13578-023-01108-1,https://pubmed.ncbi.nlm.nih.gov/37700336/,Cell Biosci,2023,abstract_metadata_only,derived_annotations_only,1,abstract_metadata_only,pmcid_present_license_not_verified,false,true,unknown,1,not_stored; source-localized derived annotation only,false,conservative_source_metadata_review,2026-06-07T21:52:20+00:00,"OligoVigil redistributes source identifiers, source locations, matched terms, and curator decisions; raw article text and PDFs are not redistributed."
12521,literature_discovery,37110552,PMC10144622,10.3390/molecules28083318,https://pubmed.ncbi.nlm.nih.gov/37110552/,Molecules,2023,abstract_metadata_only,derived_annotations_only,1,abstract_metadata_only,pmcid_present_license_not_verified,false,true,unknown,3,not_stored; source-localized derived annotation only,false,conservative_source_metadata_review,2026-06-07T21:52:20+00:00,"OligoVigil redistributes source identifiers, source locations, matched terms, and curator decisions; raw article text and PDFs are not redistributed."
12533,literature_discovery,36755201,PMC10074117,10.1002/advs.202300282,https://pubmed.ncbi.nlm.nih.gov/36755201/,Adv Sci (Weinh),2023,abstract_metadata_only,derived_annotations_only,1,abstract_metadata_only,pmcid_present_license_not_verified,false,true,unknown,4,not_stored; source-localized derived annotation only,false,conservative_source_metadata_review,2026-06-07T21:52:20+00:00,"OligoVigil redistributes source identifiers, source locations, matched terms, and curator decisions; raw article text and PDFs are not redistributed."
12538,literature_discovery,36541426,,10.1002/biot.202200415,https://pubmed.ncbi.nlm.nih.gov/36541426/,Biotechnol J,2023,abstract_metadata_only,derived_annotations_only,1,abstract_metadata_only,not_applicable,false,true,unknown,4,not_stored; source-localized derived annotation only,false,conservative_source_metadata_review,2026-06-07T21:52:20+00:00,"OligoVigil redistributes source identifiers, source locations, matched terms, and curator decisions; raw article text and PDFs are not redistributed."
12545,literature_discovery,36371191,PMC9652794,10.1186/s12967-022-03740-w,https://pubmed.ncbi.nlm.nih.gov/36371191/,J Transl Med,2022,abstract_metadata_only,derived_annotations_only,2,abstract_metadata_only,pmcid_present_license_not_verified,false,true,unknown,4,not_stored; source-localized derived annotation only,false,conservative_source_metadata_review,2026-06-07T21:52:20+00:00,"OligoVigil redistributes source identifiers, source locations, matched terms, and curator decisions; raw article text and PDFs are not redistributed."
12550,literature_discovery,35992044,PMC9384066,10.1016/j.omtn.2022.08.011,https://pubmed.ncbi.nlm.nih.gov/35992044/,Mol Ther Nucleic Acids,2022,abstract_metadata_only,derived_annotations_only,1,abstract_metadata_only,pmcid_present_license_not_verified,false,true,unknown,4,not_stored; source-localized derived annotation only,false,conservative_source_metadata_review,2026-06-07T21:52:20+00:00,"OligoVigil redistributes source identifiers, source locations, matched terms, and curator decisions; raw article text and PDFs are not redistributed."
12553,literature_discovery,34172725,PMC8233311,10.1038/s41467-021-24191-9,https://pubmed.ncbi.nlm.nih.gov/34172725/,Nat Commun,2021,abstract_metadata_only,derived_annotations_only,1,abstract_metadata_only,pmcid_present_license_not_verified,false,true,unknown,3,not_stored; source-localized derived annotation only,false,conservative_source_metadata_review,2026-06-07T21:52:20+00:00,"OligoVigil redistributes source identifiers, source locations, matched terms, and curator decisions; raw article text and PDFs are not redistributed."
12558,literature_discovery,33664996,PMC7900643,10.1016/j.omtn.2021.01.018,https://pubmed.ncbi.nlm.nih.gov/33664996/,Mol Ther Nucleic Acids,2021,abstract_metadata_only,derived_annotations_only,1,abstract_metadata_only,pmcid_present_license_not_verified,false,true,unknown,2,not_stored; source-localized derived annotation only,false,conservative_source_metadata_review,2026-06-07T21:52:20+00:00,"OligoVigil redistributes source identifiers, source locations, matched terms, and curator decisions; raw article text and PDFs are not redistributed."
12601,literature_discovery,31381852,,10.1021/acs.nanolett.9b01660,https://pubmed.ncbi.nlm.nih.gov/31381852/,Nano Lett,2019,abstract_metadata_only,derived_annotations_only,1,abstract_metadata_only,not_applicable,false,true,unknown,3,not_stored; source-localized derived annotation only,false,conservative_source_metadata_review,2026-06-07T21:52:20+00:00,"OligoVigil redistributes source identifiers, source locations, matched terms, and curator decisions; raw article text and PDFs are not redistributed."
12604,literature_discovery,31140918,PMC6686697,10.1089/nat.2019.0784,https://pubmed.ncbi.nlm.nih.gov/31140918/,Nucleic Acid Ther,2019,abstract_metadata_only,derived_annotations_only,1,abstract_metadata_only,pmcid_present_license_not_verified,false,true,unknown,5,not_stored; source-localized derived annotation only,false,conservative_source_metadata_review,2026-06-07T21:52:20+00:00,"OligoVigil redistributes source identifiers, source locations, matched terms, and curator decisions; raw article text and PDFs are not redistributed."
12610,literature_discovery,30817230,PMC6461157,10.1089/nat.2018.0754,https://pubmed.ncbi.nlm.nih.gov/30817230/,Nucleic Acid Ther,2019,abstract_metadata_only,derived_annotations_only,1,abstract_metadata_only,pmcid_present_license_not_verified,false,true,unknown,2,not_stored; source-localized derived annotation only,false,conservative_source_metadata_review,2026-06-07T21:52:20+00:00,"OligoVigil redistributes source identifiers, source locations, matched terms, and curator decisions; raw article text and PDFs are not redistributed."
12615,literature_discovery,30544191,PMC6379722,10.1093/nar/gky1239,https://pubmed.ncbi.nlm.nih.gov/30544191/,Nucleic Acids Res,2019,abstract_metadata_only,derived_annotations_only,1,abstract_metadata_only,pmcid_present_license_not_verified,false,true,unknown,5,not_stored; source-localized derived annotation only,false,conservative_source_metadata_review,2026-06-07T21:52:20+00:00,"OligoVigil redistributes source identifiers, source locations, matched terms, and curator decisions; raw article text and PDFs are not redistributed."
12616,literature_discovery,30535404,PMC6379714,10.1093/nar/gky1232,https://pubmed.ncbi.nlm.nih.gov/30535404/,Nucleic Acids Res,2019,abstract_metadata_only,derived_annotations_only,1,abstract_metadata_only,pmcid_present_license_not_verified,false,true,unknown,5,not_stored; source-localized derived annotation only,false,conservative_source_metadata_review,2026-06-07T21:52:20+00:00,"OligoVigil redistributes source identifiers, source locations, matched terms, and curator decisions; raw article text and PDFs are not redistributed."
12621,literature_discovery,30114557,PMC6092551,10.1016/j.omtn.2018.07.010,https://pubmed.ncbi.nlm.nih.gov/30114557/,Mol Ther Nucleic Acids,2018,abstract_metadata_only,derived_annotations_only,3,abstract_metadata_only,pmcid_present_license_not_verified,false,true,unknown,5,not_stored; source-localized derived annotation only,false,conservative_source_metadata_review,2026-06-07T21:52:20+00:00,"OligoVigil redistributes source identifiers, source locations, matched terms, and curator decisions; raw article text and PDFs are not redistributed."
12636,literature_discovery,29432571,PMC5861422,10.1093/nar/gky037,https://pubmed.ncbi.nlm.nih.gov/29432571/,Nucleic Acids Res,2018,abstract_metadata_only,derived_annotations_only,2,abstract_metadata_only,pmcid_present_license_not_verified,false,true,unknown,5,not_stored; source-localized derived annotation only,false,conservative_source_metadata_review,2026-06-07T21:52:20+00:00,"OligoVigil redistributes source identifiers, source locations, matched terms, and curator decisions; raw article text and PDFs are not redistributed."
12641,literature_discovery,29121767,,10.1021/acs.molpharmaceut.7b00725,https://pubmed.ncbi.nlm.nih.gov/29121767/,Mol Pharm,2017,abstract_metadata_only,derived_annotations_only,1,abstract_metadata_only,not_applicable,false,true,unknown,3,not_stored; source-localized derived annotation only,false,conservative_source_metadata_review,2026-06-07T21:52:20+00:00,"OligoVigil redistributes source identifiers, source locations, matched terms, and curator decisions; raw article text and PDFs are not redistributed."
12648,literature_discovery,28694238,PMC5942204,10.1016/j.actbio.2017.07.014,https://pubmed.ncbi.nlm.nih.gov/28694238/,Acta Biomater,2017,abstract_metadata_only,derived_annotations_only,1,abstract_metadata_only,pmcid_present_license_not_verified,false,true,unknown,3,not_stored; source-localized derived annotation only,false,conservative_source_metadata_review,2026-06-07T21:52:20+00:00,"OligoVigil redistributes source identifiers, source locations, matched terms, and curator decisions; raw article text and PDFs are not redistributed."
12652,literature_discovery,28591791,PMC5570069,10.1093/nar/gkx507,https://pubmed.ncbi.nlm.nih.gov/28591791/,Nucleic Acids Res,2017,abstract_metadata_only,derived_annotations_only,1,abstract_metadata_only,pmcid_present_license_not_verified,false,true,unknown,4,not_stored; source-localized derived annotation only,false,conservative_source_metadata_review,2026-06-07T21:52:20+00:00,"OligoVigil redistributes source identifiers, source locations, matched terms, and curator decisions; raw article text and PDFs are not redistributed."
12658,literature_discovery,28118087,PMC5467147,10.1089/nat.2016.0652,https://pubmed.ncbi.nlm.nih.gov/28118087/,Nucleic Acid Ther,2017,abstract_metadata_only,derived_annotations_only,1,abstract_metadata_only,pmcid_present_license_not_verified,false,true,unknown,6,not_stored; source-localized derived annotation only,false,conservative_source_metadata_review,2026-06-07T21:52:20+00:00,"OligoVigil redistributes source identifiers, source locations, matched terms, and curator decisions; raw article text and PDFs are not redistributed."
12672,literature_discovery,27483025,PMC5023400,10.1038/mtna.2016.55,https://pubmed.ncbi.nlm.nih.gov/27483025/,Mol Ther Nucleic Acids,2016,abstract_metadata_only,derived_annotations_only,1,abstract_metadata_only,pmcid_present_license_not_verified,false,true,unknown,5,not_stored; source-localized derived annotation only,false,conservative_source_metadata_review,2026-06-07T21:52:20+00:00,"OligoVigil redistributes source identifiers, source locations, matched terms, and curator decisions; raw article text and PDFs are not redistributed."
12938,literature_discovery,41266661,PMC12634668,10.1038/s41598-025-24808-9,https://pubmed.ncbi.nlm.nih.gov/41266661/,Sci Rep,2025,abstract_metadata_only,derived_annotations_only,1,abstract_metadata_only,pmcid_present_license_not_verified,false,true,unknown,3,not_stored; source-localized derived annotation only,false,conservative_source_metadata_review,2026-06-07T21:52:20+00:00,"OligoVigil redistributes source identifiers, source locations, matched terms, and curator decisions; raw article text and PDFs are not redistributed."
13359,literature_discovery,39985265,PMC12005807,10.1002/advs.202412881,https://pubmed.ncbi.nlm.nih.gov/39985265/,Adv Sci (Weinh),2025,abstract_metadata_only,derived_annotations_only,1,abstract_metadata_only,pmcid_present_license_not_verified,false,true,unknown,3,not_stored; source-localized derived annotation only,false,conservative_source_metadata_review,2026-06-07T21:52:20+00:00,"OligoVigil redistributes source identifiers, source locations, matched terms, and curator decisions; raw article text and PDFs are not redistributed."
13436,literature_discovery,39910045,PMC11799145,10.1038/s41420-025-02336-9,https://pubmed.ncbi.nlm.nih.gov/39910045/,Cell Death Discov,2025,abstract_metadata_only,derived_annotations_only,1,abstract_metadata_only,pmcid_present_license_not_verified,false,true,unknown,2,not_stored; source-localized derived annotation only,false,conservative_source_metadata_review,2026-06-07T21:52:20+00:00,"OligoVigil redistributes source identifiers, source locations, matched terms, and curator decisions; raw article text and PDFs are not redistributed."
13678,literature_discovery,39629104,PMC11614587,10.2147/IJN.S487598,https://pubmed.ncbi.nlm.nih.gov/39629104/,Int J Nanomedicine,2024,abstract_metadata_only,derived_annotations_only,1,abstract_metadata_only,pmcid_present_license_not_verified,false,true,unknown,3,not_stored; source-localized derived annotation only,false,conservative_source_metadata_review,2026-06-07T21:52:20+00:00,"OligoVigil redistributes source identifiers, source locations, matched terms, and curator decisions; raw article text and PDFs are not redistributed."
13711,literature_discovery,39521158,,10.1016/j.ijpharm.2024.124928,https://pubmed.ncbi.nlm.nih.gov/39521158/,Int J Pharm,2024,abstract_metadata_only,derived_annotations_only,2,abstract_metadata_only,not_applicable,false,true,unknown,3,not_stored; source-localized derived annotation only,false,conservative_source_metadata_review,2026-06-07T21:52:20+00:00,"OligoVigil redistributes source identifiers, source locations, matched terms, and curator decisions; raw article text and PDFs are not redistributed."
13796,literature_discovery,39264298,,10.1039/d4bm00843j,https://pubmed.ncbi.nlm.nih.gov/39264298/,Biomater Sci,2024,abstract_metadata_only,derived_annotations_only,0,abstract_metadata_only,not_applicable,false,true,unknown,1,not_stored; source-localized derived annotation only,false,conservative_source_metadata_review,2026-06-07T21:52:20+00:00,"OligoVigil redistributes source identifiers, source locations, matched terms, and curator decisions; raw article text and PDFs are not redistributed."
13877,literature_discovery,39052238,,10.1039/d4nr01955e,https://pubmed.ncbi.nlm.nih.gov/39052238/,Nanoscale,2024,abstract_metadata_only,derived_annotations_only,1,abstract_metadata_only,not_applicable,false,true,unknown,2,not_stored; source-localized derived annotation only,false,conservative_source_metadata_review,2026-06-07T21:52:20+00:00,"OligoVigil redistributes source identifiers, source locations, matched terms, and curator decisions; raw article text and PDFs are not redistributed."
13881,literature_discovery,39031853,,10.1002/smll.202401776,https://pubmed.ncbi.nlm.nih.gov/39031853/,Small,2024,abstract_metadata_only,derived_annotations_only,1,abstract_metadata_only,not_applicable,false,true,unknown,1,not_stored; source-localized derived annotation only,false,conservative_source_metadata_review,2026-06-07T21:52:20+00:00,"OligoVigil redistributes source identifiers, source locations, matched terms, and curator decisions; raw article text and PDFs are not redistributed."
13888,literature_discovery,38973319,PMC11425963,10.1002/advs.202400951,https://pubmed.ncbi.nlm.nih.gov/38973319/,Adv Sci (Weinh),2024,abstract_metadata_only,derived_annotations_only,1,abstract_metadata_only,pmcid_present_license_not_verified,false,true,unknown,3,not_stored; source-localized derived annotation only,false,conservative_source_metadata_review,2026-06-07T21:52:20+00:00,"OligoVigil redistributes source identifiers, source locations, matched terms, and curator decisions; raw article text and PDFs are not redistributed."
13969,literature_discovery,37719367,PMC10501866,10.1016/j.apsb.2023.03.020,https://pubmed.ncbi.nlm.nih.gov/37719367/,Acta Pharm Sin B,2023,abstract_metadata_only,derived_annotations_only,1,abstract_metadata_only,pmcid_present_license_not_verified,false,true,unknown,2,not_stored; source-localized derived annotation only,false,conservative_source_metadata_review,2026-06-07T21:52:20+00:00,"OligoVigil redistributes source identifiers, source locations, matched terms, and curator decisions; raw article text and PDFs are not redistributed."
13975,literature_discovery,37692001,PMC10483903,10.4103/JAPTR.JAPTR_117_23,https://pubmed.ncbi.nlm.nih.gov/37692001/,J Adv Pharm Technol Res,2023,abstract_metadata_only,derived_annotations_only,1,abstract_metadata_only,pmcid_present_license_not_verified,false,true,unknown,1,not_stored; source-localized derived annotation only,false,conservative_source_metadata_review,2026-06-07T21:52:20+00:00,"OligoVigil redistributes source identifiers, source locations, matched terms, and curator decisions; raw article text and PDFs are not redistributed."
14031,literature_discovery,37424909,PMC10326624,10.3389/fcvm.2023.1181720,https://pubmed.ncbi.nlm.nih.gov/37424909/,Front Cardiovasc Med,2023,abstract_metadata_only,derived_annotations_only,1,abstract_metadata_only,pmcid_present_license_not_verified,false,true,unknown,1,not_stored; source-localized derived annotation only,false,conservative_source_metadata_review,2026-06-07T21:52:20+00:00,"OligoVigil redistributes source identifiers, source locations, matched terms, and curator decisions; raw article text and PDFs are not redistributed."
14112,literature_discovery,37251692,PMC10220282,10.1016/j.omtn.2023.04.028,https://pubmed.ncbi.nlm.nih.gov/37251692/,Mol Ther Nucleic Acids,2023,abstract_metadata_only,derived_annotations_only,2,abstract_metadata_only,pmcid_present_license_not_verified,false,true,unknown,2,not_stored; source-localized derived annotation only,false,conservative_source_metadata_review,2026-06-07T21:52:20+00:00,"OligoVigil redistributes source identifiers, source locations, matched terms, and curator decisions; raw article text and PDFs are not redistributed."
14152,literature_discovery,37147890,PMC10339693,10.1111/cts.13531,https://pubmed.ncbi.nlm.nih.gov/37147890/,Clin Transl Sci,2023,abstract_metadata_only,derived_annotations_only,1,abstract_metadata_only,pmcid_present_license_not_verified,false,true,unknown,1,not_stored; source-localized derived annotation only,false,conservative_source_metadata_review,2026-06-07T21:52:20+00:00,"OligoVigil redistributes source identifiers, source locations, matched terms, and curator decisions; raw article text and PDFs are not redistributed."
14195,literature_discovery,37021909,PMC10077952,10.1002/prp2.1080,https://pubmed.ncbi.nlm.nih.gov/37021909/,Pharmacol Res Perspect,2023,abstract_metadata_only,derived_annotations_only,1,abstract_metadata_only,pmcid_present_license_not_verified,false,true,unknown,2,not_stored; source-localized derived annotation only,false,conservative_source_metadata_review,2026-06-07T21:52:20+00:00,"OligoVigil redistributes source identifiers, source locations, matched terms, and curator decisions; raw article text and PDFs are not redistributed."
14202,literature_discovery,37002654,PMC10175964,10.1111/cts.13498,https://pubmed.ncbi.nlm.nih.gov/37002654/,Clin Transl Sci,2023,abstract_metadata_only,derived_annotations_only,1,abstract_metadata_only,pmcid_present_license_not_verified,false,true,unknown,1,not_stored; source-localized derived annotation only,false,conservative_source_metadata_review,2026-06-07T21:52:20+00:00,"OligoVigil redistributes source identifiers, source locations, matched terms, and curator decisions; raw article text and PDFs are not redistributed."
14276,literature_discovery,36719755,PMC10077475,10.1172/jci.insight.160516,https://pubmed.ncbi.nlm.nih.gov/36719755/,JCI Insight,2023,abstract_metadata_only,derived_annotations_only,1,abstract_metadata_only,pmcid_present_license_not_verified,false,true,unknown,1,not_stored; source-localized derived annotation only,false,conservative_source_metadata_review,2026-06-07T21:52:20+00:00,"OligoVigil redistributes source identifiers, source locations, matched terms, and curator decisions; raw article text and PDFs are not redistributed."
14301,literature_discovery,36618268,PMC9813581,10.1016/j.omtn.2022.12.008,https://pubmed.ncbi.nlm.nih.gov/36618268/,Mol Ther Nucleic Acids,2023,abstract_metadata_only,derived_annotations_only,1,abstract_metadata_only,pmcid_present_license_not_verified,false,true,unknown,2,not_stored; source-localized derived annotation only,false,conservative_source_metadata_review,2026-06-07T21:52:20+00:00,"OligoVigil redistributes source identifiers, source locations, matched terms, and curator decisions; raw article text and PDFs are not redistributed."
14302,literature_discovery,36614194,PMC9821664,10.3390/ijms24010752,https://pubmed.ncbi.nlm.nih.gov/36614194/,Int J Mol Sci,2023,abstract_metadata_only,derived_annotations_only,1,abstract_metadata_only,pmcid_present_license_not_verified,false,true,unknown,2,not_stored; source-localized derived annotation only,false,conservative_source_metadata_review,2026-06-07T21:52:20+00:00,"OligoVigil redistributes source identifiers, source locations, matched terms, and curator decisions; raw article text and PDFs are not redistributed."
14317,literature_discovery,36525882,,10.1016/j.ejpn.2022.12.003,https://pubmed.ncbi.nlm.nih.gov/36525882/,Eur J Paediatr Neurol,2023,abstract_metadata_only,derived_annotations_only,0,abstract_metadata_only,not_applicable,false,true,unknown,1,not_stored; source-localized derived annotation only,false,conservative_source_metadata_review,2026-06-07T21:52:20+00:00,"OligoVigil redistributes source identifiers, source locations, matched terms, and curator decisions; raw article text and PDFs are not redistributed."
14599,literature_discovery,35289020,PMC9314115,10.1111/ene.15325,https://pubmed.ncbi.nlm.nih.gov/35289020/,Eur J Neurol,2022,abstract_metadata_only,derived_annotations_only,1,abstract_metadata_only,pmcid_present_license_not_verified,false,true,unknown,2,not_stored; source-localized derived annotation only,false,conservative_source_metadata_review,2026-06-07T21:52:20+00:00,"OligoVigil redistributes source identifiers, source locations, matched terms, and curator decisions; raw article text and PDFs are not redistributed."
14660,literature_discovery,34921016,PMC8898261,10.1158/0008-5472.CAN-20-0948,https://pubmed.ncbi.nlm.nih.gov/34921016/,Cancer Res,2022,abstract_metadata_only,derived_annotations_only,1,abstract_metadata_only,pmcid_present_license_not_verified,false,true,unknown,2,not_stored; source-localized derived annotation only,false,conservative_source_metadata_review,2026-06-07T21:52:20+00:00,"OligoVigil redistributes source identifiers, source locations, matched terms, and curator decisions; raw article text and PDFs are not redistributed."
14708,literature_discovery,34948105,PMC8703959,10.3390/ijms222413314,https://pubmed.ncbi.nlm.nih.gov/34948105/,Int J Mol Sci,2021,abstract_metadata_only,derived_annotations_only,1,abstract_metadata_only,pmcid_present_license_not_verified,false,true,unknown,1,not_stored; source-localized derived annotation only,false,conservative_source_metadata_review,2026-06-07T21:52:20+00:00,"OligoVigil redistributes source identifiers, source locations, matched terms, and curator decisions; raw article text and PDFs are not redistributed."
14741,literature_discovery,34566407,PMC8459178,10.2147/DDDT.S325790,https://pubmed.ncbi.nlm.nih.gov/34566407/,Drug Des Devel Ther,2021,abstract_metadata_only,derived_annotations_only,1,abstract_metadata_only,pmcid_present_license_not_verified,false,true,unknown,1,not_stored; source-localized derived annotation only,false,conservative_source_metadata_review,2026-06-07T21:52:20+00:00,"OligoVigil redistributes source identifiers, source locations, matched terms, and curator decisions; raw article text and PDFs are not redistributed."
14753,literature_discovery,34440222,PMC8394971,10.3390/biomedicines9081018,https://pubmed.ncbi.nlm.nih.gov/34440222/,Biomedicines,2021,abstract_metadata_only,derived_annotations_only,1,abstract_metadata_only,pmcid_present_license_not_verified,false,true,unknown,1,not_stored; source-localized derived annotation only,false,conservative_source_metadata_review,2026-06-07T21:52:20+00:00,"OligoVigil redistributes source identifiers, source locations, matched terms, and curator decisions; raw article text and PDFs are not redistributed."
14789,literature_discovery,34251414,PMC8288671,10.1182/bloodadvances.2021004233,https://pubmed.ncbi.nlm.nih.gov/34251414/,Blood Adv,2021,abstract_metadata_only,derived_annotations_only,1,abstract_metadata_only,pmcid_present_license_not_verified,false,true,unknown,1,not_stored; source-localized derived annotation only,false,conservative_source_metadata_review,2026-06-07T21:52:20+00:00,"OligoVigil redistributes source identifiers, source locations, matched terms, and curator decisions; raw article text and PDFs are not redistributed."
14905,literature_discovery,33544849,PMC7913697,10.1093/nar/gkab047,https://pubmed.ncbi.nlm.nih.gov/33544849/,Nucleic Acids Res,2021,abstract_metadata_only,derived_annotations_only,1,abstract_metadata_only,pmcid_present_license_not_verified,false,true,unknown,2,not_stored; source-localized derived annotation only,false,conservative_source_metadata_review,2026-06-07T21:52:20+00:00,"OligoVigil redistributes source identifiers, source locations, matched terms, and curator decisions; raw article text and PDFs are not redistributed."
14926,literature_discovery,33337582,PMC7863382,10.15252/emmm.202012993,https://pubmed.ncbi.nlm.nih.gov/33337582/,EMBO Mol Med,2021,abstract_metadata_only,derived_annotations_only,1,abstract_metadata_only,pmcid_present_license_not_verified,false,true,unknown,1,not_stored; source-localized derived annotation only,false,conservative_source_metadata_review,2026-06-07T21:52:20+00:00,"OligoVigil redistributes source identifiers, source locations, matched terms, and curator decisions; raw article text and PDFs are not redistributed."
14986,literature_discovery,32805488,PMC7452286,10.1016/j.omtn.2020.07.008,https://pubmed.ncbi.nlm.nih.gov/32805488/,Mol Ther Nucleic Acids,2020,abstract_metadata_only,derived_annotations_only,1,abstract_metadata_only,pmcid_present_license_not_verified,false,true,unknown,2,not_stored; source-localized derived annotation only,false,conservative_source_metadata_review,2026-06-07T21:52:20+00:00,"OligoVigil redistributes source identifiers, source locations, matched terms, and curator decisions; raw article text and PDFs are not redistributed."
15084,literature_discovery,31629961,PMC6807288,10.1016/j.omtn.2019.09.012,https://pubmed.ncbi.nlm.nih.gov/31629961/,Mol Ther Nucleic Acids,2019,abstract_metadata_only,derived_annotations_only,1,abstract_metadata_only,pmcid_present_license_not_verified,false,true,unknown,1,not_stored; source-localized derived annotation only,false,conservative_source_metadata_review,2026-06-07T21:52:20+00:00,"OligoVigil redistributes source identifiers, source locations, matched terms, and curator decisions; raw article text and PDFs are not redistributed."
15203,literature_discovery,27939059,,10.1016/S0140-6736(16)31408-8,https://pubmed.ncbi.nlm.nih.gov/27939059/,Lancet,2016,abstract_metadata_only,derived_annotations_only,1,abstract_metadata_only,not_applicable,false,true,unknown,1,not_stored; source-localized derived annotation only,false,conservative_source_metadata_review,2026-06-07T21:52:20+00:00,"OligoVigil redistributes source identifiers, source locations, matched terms, and curator decisions; raw article text and PDFs are not redistributed."
15206,literature_discovery,27378237,PMC5023379,10.1038/mt.2016.111,https://pubmed.ncbi.nlm.nih.gov/27378237/,Mol Ther,2016,abstract_metadata_only,derived_annotations_only,2,abstract_metadata_only,pmcid_present_license_not_verified,false,true,unknown,2,not_stored; source-localized derived annotation only,false,conservative_source_metadata_review,2026-06-07T21:52:20+00:00,"OligoVigil redistributes source identifiers, source locations, matched terms, and curator decisions; raw article text and PDFs are not redistributed."
15336,literature_discovery,18420656,PMC2396434,10.1093/nar/gkn190,https://pubmed.ncbi.nlm.nih.gov/18420656/,Nucleic Acids Res,2008,abstract_metadata_only,derived_annotations_only,1,abstract_metadata_only,pmcid_present_license_not_verified,false,true,unknown,2,not_stored; source-localized derived annotation only,false,conservative_source_metadata_review,2026-06-07T21:52:20+00:00,"OligoVigil redistributes source identifiers, source locations, matched terms, and curator decisions; raw article text and PDFs are not redistributed."
15362,literature_discovery,21047800,PMC3061082,10.1093/nar/gkq961,https://pubmed.ncbi.nlm.nih.gov/21047800/,Nucleic Acids Res,2011,abstract_metadata_only,derived_annotations_only,1,abstract_metadata_only,pmcid_present_license_not_verified,false,true,unknown,2,not_stored; source-localized derived annotation only,false,conservative_source_metadata_review,2026-06-07T21:52:20+00:00,"OligoVigil redistributes source identifiers, source locations, matched terms, and curator decisions; raw article text and PDFs are not redistributed."
15373,literature_discovery,21673662,PMC3182346,10.1038/mt.2011.109,https://pubmed.ncbi.nlm.nih.gov/21673662/,Mol Ther,2011,abstract_metadata_only,derived_annotations_only,1,abstract_metadata_only,pmcid_present_license_not_verified,false,true,unknown,2,not_stored; source-localized derived annotation only,false,conservative_source_metadata_review,2026-06-07T21:52:20+00:00,"OligoVigil redistributes source identifiers, source locations, matched terms, and curator decisions; raw article text and PDFs are not redistributed."
15470,literature_discovery,19767612,PMC2777430,10.1093/nar/gkp735,https://pubmed.ncbi.nlm.nih.gov/19767612/,Nucleic Acids Res,2009,abstract_metadata_only,derived_annotations_only,1,abstract_metadata_only,pmcid_present_license_not_verified,false,true,unknown,2,not_stored; source-localized derived annotation only,false,conservative_source_metadata_review,2026-06-07T21:52:20+00:00,"OligoVigil redistributes source identifiers, source locations, matched terms, and curator decisions; raw article text and PDFs are not redistributed."
15558,literature_discovery,20453030,PMC2943616,10.1093/nar/gkq341,https://pubmed.ncbi.nlm.nih.gov/20453030/,Nucleic Acids Res,2010,abstract_metadata_only,derived_annotations_only,1,abstract_metadata_only,pmcid_present_license_not_verified,false,true,unknown,2,not_stored; source-localized derived annotation only,false,conservative_source_metadata_review,2026-06-07T21:52:20+00:00,"OligoVigil redistributes source identifiers, source locations, matched terms, and curator decisions; raw article text and PDFs are not redistributed."
15837,literature_discovery,19815667,PMC2794185,10.1093/nar/gkp835,https://pubmed.ncbi.nlm.nih.gov/19815667/,Nucleic Acids Res,2009,abstract_metadata_only,derived_annotations_only,1,abstract_metadata_only,pmcid_present_license_not_verified,false,true,unknown,2,not_stored; source-localized derived annotation only,false,conservative_source_metadata_review,2026-06-07T21:52:20+00:00,"OligoVigil redistributes source identifiers, source locations, matched terms, and curator decisions; raw article text and PDFs are not redistributed."
15845,literature_discovery,22258146,PMC3342946,10.4161/rna.9.1.18121,https://pubmed.ncbi.nlm.nih.gov/22258146/,RNA Biol,2012,abstract_metadata_only,derived_annotations_only,1,abstract_metadata_only,pmcid_present_license_not_verified,false,true,unknown,2,not_stored; source-localized derived annotation only,false,conservative_source_metadata_review,2026-06-07T21:52:20+00:00,"OligoVigil redistributes source identifiers, source locations, matched terms, and curator decisions; raw article text and PDFs are not redistributed."
16582,literature_discovery,24875475,PMC4081087,10.1093/nar/gku480,https://pubmed.ncbi.nlm.nih.gov/24875475/,Nucleic Acids Res,2014,abstract_metadata_only,derived_annotations_only,1,abstract_metadata_only,pmcid_present_license_not_verified,false,true,unknown,2,not_stored; source-localized derived annotation only,false,conservative_source_metadata_review,2026-06-07T21:52:20+00:00,"OligoVigil redistributes source identifiers, source locations, matched terms, and curator decisions; raw article text and PDFs are not redistributed."
20894,literature_discovery,16091630,PMC1184219,10.1093/nar/gki762,https://pubmed.ncbi.nlm.nih.gov/16091630/,Nucleic Acids Res,2005,abstract_metadata_only,derived_annotations_only,1,abstract_metadata_only,pmcid_present_license_not_verified,false,true,unknown,2,not_stored; source-localized derived annotation only,false,conservative_source_metadata_review,2026-06-07T21:52:20+00:00,"OligoVigil redistributes source identifiers, source locations, matched terms, and curator decisions; raw article text and PDFs are not redistributed."
21536,literature_discovery,18096615,PMC2275081,10.1093/nar/gkm630,https://pubmed.ncbi.nlm.nih.gov/18096615/,Nucleic Acids Res,2008,abstract_metadata_only,derived_annotations_only,1,abstract_metadata_only,pmcid_present_license_not_verified,false,true,unknown,2,not_stored; source-localized derived annotation only,false,conservative_source_metadata_review,2026-06-07T21:52:20+00:00,"OligoVigil redistributes source identifiers, source locations, matched terms, and curator decisions; raw article text and PDFs are not redistributed."
28684,literature_discovery,34994962,PMC8766371,10.1007/s40291-021-00573-z,https://pubmed.ncbi.nlm.nih.gov/34994962/,Mol Diagn Ther,2022,abstract_metadata_only,derived_annotations_only,1,abstract_metadata_only,pmcid_present_license_not_verified,false,true,unknown,2,not_stored; source-localized derived annotation only,false,conservative_source_metadata_review,2026-06-07T21:52:20+00:00,"OligoVigil redistributes source identifiers, source locations, matched terms, and curator decisions; raw article text and PDFs are not redistributed."
28702,literature_discovery,34445083,PMC8395096,10.3390/ijms22168378,https://pubmed.ncbi.nlm.nih.gov/34445083/,Int J Mol Sci,2021,abstract_metadata_only,derived_annotations_only,1,abstract_metadata_only,pmcid_present_license_not_verified,false,true,unknown,2,not_stored; source-localized derived annotation only,false,conservative_source_metadata_review,2026-06-07T21:52:20+00:00,"OligoVigil redistributes source identifiers, source locations, matched terms, and curator decisions; raw article text and PDFs are not redistributed."
31422,literature_discovery,25072142,PMC4114480,10.1371/journal.pone.0101752,https://pubmed.ncbi.nlm.nih.gov/25072142/,PLoS One,2014,abstract_metadata_only,derived_annotations_only,1,abstract_metadata_only,pmcid_present_license_not_verified,false,true,unknown,2,not_stored; source-localized derived annotation only,false,conservative_source_metadata_review,2026-06-07T21:52:20+00:00,"OligoVigil redistributes source identifiers, source locations, matched terms, and curator decisions; raw article text and PDFs are not redistributed."
