domain,entity_id,raw_category,endpoint_name,grade,molecule_name,modality,source_id,pmid,pmcid,doi,publication_year,journal,organism,model_system,tissue,dose_value,split_name,sense_sequence,antisense_sequence,guide_sequence,seed_region,backbone_chemistry,sugar_modification,base_modification,conjugate_delivery,modality_group,endpoint_group,benchmark_status,source_depth,has_sequence_or_seed,has_chemistry_or_delivery,has_dose
toxicity,1,genotoxicity,DNA damage response,A,phosphorothioate ASO panel from PMID 41760661,ASO,1002,41760661,PMC12954066,10.1038/s41467-026-69980-2,2026,Nat Commun,human; mouse,U2OS cells and mouse brain after ASO exposure,U2OS cells; brain,,train,,,,,,,,,ASO/gapmer,genotoxicity,benchmark split,PMC full text,0,0,0
toxicity,2,hepatic,hepatotoxicity,A,tool ASO safety panel from PMID 41918821,ASO,1035,41918821,PMC13034028,10.1093/narmme/ugag016,2026,NAR Mol Med,mouse; human,mouse high-dose ASO exposure and HepG2 transfection time course,HepG2 cells; plasma,,train,,,,,,,,,ASO/gapmer,hepatic,benchmark split,PMC full text,0,0,0
toxicity,4,neurological,neurotoxicity,A,5?-CP-modified PS-ASO panel from PMID 41467114,ASO,1028,41467114,PMC12744863,10.1016/j.omtn.2025.102692,2025,Mol Ther Nucleic Acids,mouse; rat,"Neuro-2a cells, mouse ICV dosing, and rat intrathecal dosing",Neuro-2a cells; CNS tissue,,train,,,,,,,,,ASO/gapmer,neurological,benchmark split,PMC full text,0,0,0
toxicity,5,hepatic,hepatotoxicity,B,BND6482,ASO,1780,41480638,PMC12754785,10.1093/narcan/zcaf053,2025,NAR Cancer,mouse,EMT6 tumor-bearing female Balb/c mice treated with BND6482,serum; liver; kidney,5.0,train,,,,,,,,,ASO/gapmer,hepatic,benchmark split,PMC full text,0,0,1
toxicity,6,general safety,safety/tolerability,B,L2-Htt,siRNA,1782,41446212,PMC12724171,10.64898/2025.12.17.693452,2025,bioRxiv,mouse,aged mice after CSF delivery of lipid-siRNA conjugate,cortex; serum; liver; kidney,15.0,train,,,,,,,,,siRNA,general/other safety,benchmark split,PMC full text,0,0,1
toxicity,7,general safety,safety/tolerability,C,TP-siRC@tHyNPs (CYP3A4-siRNA),siRNA,1822,40700483,PMC12285696,10.1126/sciadv.adv6990,2025,Sci Adv,mouse,pulmonary metastatic melanoma mouse model treated with TP-siRC@tHyNPs,serum; lung; hematology,,,,,,,,,,,siRNA,general/other safety,release only,PMC full text,0,0,0
toxicity,8,hepatic,hepatotoxicity,B,anti-miR-21-SNA,ASO,1846,40178922,PMC12233840,10.34067/KID.0000000771,2025,Kidney360,mouse,pcy cystic kidney mouse model after systemic anti-miR-21-SNA administration,blood; kidney,,train,,,,,,,,,ASO/gapmer,hepatic,benchmark split,PMC full text,0,0,0
toxicity,9,general safety,safety/tolerability,A,LEM-S401,siRNA,2285,40160160,PMC11955805,10.1111/cts.70207,2025,Clin Transl Sci,human,healthy adult volunteers receiving single-dose LEM-S401,healthy volunteers,,train,,,,,,,,,siRNA,general/other safety,benchmark split,PMC full text,0,0,0
toxicity,10,neurological,neurotoxicity,A,hypoxanthine-substituted LNA-gapmer ASO1 panel from PMID 41928909,ASO,1413,41928909,PMC13040562,10.1039/d5cb00316d,2026,RSC Chem Biol,mouse,,CNS,,train,,,,,,,,,ASO/gapmer,neurological,benchmark split,PMC full text,0,0,0
toxicity,11,general safety,cytotoxicity,C,nebulized siIL-1beta.2 from PMID 41898774,siRNA,3211,41898774,PMC13026121,10.3390/ijms27062915,2026,Int J Mol Sci,human cell line,,THP-1 macrophage-like cells,,,,,,,,,,,siRNA,general/other safety,release only,PMC full text,0,0,0
toxicity,12,neurological,neurotoxicity,A,RGLS4326 anti-miR-17 ASO,ASO,1410,41315228,PMC12663328,10.1038/s41467-025-65799-5,2025,Nat Commun,mouse; cynomolgus monkey,,CNS,,train,,,,,,,,,ASO/gapmer,neurological,benchmark split,PMC full text,0,0,0
toxicity,13,general safety,safety/tolerability,A,SNS812,siRNA,2286,40116355,PMC11926758,10.1111/cts.70202,2025,Clin Transl Sci,human,,healthy subjects,,train,,,,,,,,,siRNA,general/other safety,benchmark split,PMC full text,0,0,0
toxicity,15,general safety,cytotoxicity,C,siSNCA PEI/PPI nanoparticle panel from PMID 40978531,siRNA,3500,40978531,PMC12447568,10.1016/j.omtn.2025.102671,2025,Mol Ther Nucleic Acids,human cell line,,differentiated SH-SY5Y,,,,,,,,,,,siRNA,general/other safety,release only,PMC full text,0,0,0
toxicity,16,general safety,safety/tolerability,B,JNJ-3989/JNJ-73763989 GalNAc-siRNA regimen from PMID 40919077,siRNA,3517,40919077,PMC12409438,10.1016/j.jhepr.2025.101516,2025,JHEP Rep,human,,chronic hepatitis D participants,,train,,,,,,,,,siRNA,general/other safety,benchmark split,PMC full text,0,0,0
toxicity,17,general safety,systemic safety,B,scFv-MML@LPCAT1si from PMID 40898177,siRNA,3529,40898177,PMC12406594,10.1186/s12896-025-01000-5,2025,BMC Biotechnol,mouse,,heart; liver; spleen; lung; kidney; brain,,train,,,,,,,,,siRNA,general/other safety,benchmark split,PMC full text,0,0,0
toxicity,18,general safety,cytotoxicity,C,Cet/siFAK@ZIF-8@TCM from PMID 40735032,siRNA,3574,40735032,PMC12305587,10.1016/j.jpha.2025.101203,2025,J Pharm Anal,human cell line,,TU177; NHBEC,,,,,,,,,,,siRNA,general/other safety,release only,PMC full text,0,0,0
toxicity,19,general safety,systemic safety,B,EM/siKEAP1@Fe-MOF@HA from PMID 40688667,siRNA,3590,40688667,PMC12274865,10.1016/j.mtbio.2025.102074,2025,Mater Today Bio,mouse,,major organs,,train,,,,,,,,,siRNA,general/other safety,benchmark split,PMC full text,0,0,0
toxicity,20,general safety,transcriptome toxicity,C,DCA-siRNADUX4/DU01 from PMID 40673060,siRNA,3598,40673060,PMC12264612,10.1016/j.omtm.2025.101513,2025,Mol Ther Methods Clin Dev,human cell model,,FSHD patient-derived myotubes,,,,,,,,,,,siRNA,general/other safety,release only,PMC full text,0,0,0
toxicity,21,general safety,systemic safety,B,hEV@FAP-siTGFbeta1 from PMID 40046817,siRNA,3740,40046817,PMC11881639,10.2147/IJN.S497428,2025,Int J Nanomedicine,mouse,,heart; liver; spleen; lung; kidney,,train,,,,,,,,,siRNA,general/other safety,benchmark split,PMC full text,0,0,0
toxicity,22,immunotoxicity,immune activation,B,siAURKA-loaded milk extracellular vesicles from PMID 40896585,siRNA,8490,40896585,PMC12396431,10.1016/j.omtn.2025.102644,2025,Mol Ther Nucleic Acids,human cell line; human PBMC,,CACO-2; NMC 460D; PBMC,,train,,,,,,,,,siRNA,general/other safety,benchmark split,PMC full text,0,0,0
toxicity,23,general safety,systemic safety,B,BSCgal gold-siRNA supracluster from PMID 39448881,siRNA,12426,39448881,PMC12018592manuscript-id: NIHMS2046510,10.1038/s41587-024-02448-0,2025,Nat Biotechnol,mouse,,major organs; serum,,train,,,,,,,,,siRNA,general/other safety,benchmark split,PMC full text,0,0,0
toxicity,24,neurological,neurotoxicity,A,G-clamp/BNAP-AEO modified Malat1 ASO panel from PMID 38978695,ASO,1110,38978695,PMC11229412,10.1016/j.omtn.2024.102161,2024,Mol Ther Nucleic Acids,mouse,,CNS,,train,,,,,,,,,ASO/gapmer,neurological,benchmark split,PMC full text,0,0,0
toxicity,25,neurological,neurotoxicity,A,aCSF+-formulated CNS ASO/di-siRNA panel from PMID 39554992,ASO/siRNA mixed context,1115,39554992,PMC11567125,10.1016/j.omtn.2024.102359,2024,Mol Ther Nucleic Acids,mouse,,CNS,,train,,,,,,,,,mixed ASO/siRNA,neurological,benchmark split,PMC full text,0,0,0
toxicity,26,general safety,cytotoxicity,C,pVEC-ASO panel from PMID 38391508,ASO,1417,38391508,PMC10885958,10.3390/antibiotics13020122,2024,Antibiotics (Basel),human cell line,,Lep3 fibroblasts; MDA-MB-231; HT29,,,,,,,,,,,ASO/gapmer,general/other safety,release only,PMC full text,0,0,0
toxicity,27,general safety,systemic safety,B,LNP-siTGFbetaRI from PMID 39264964,siRNA,1886,39264964,PMC11421824,10.1371/journal.pntd.0012502,2024,PLoS Negl Trop Dis,mouse,,major organs,,train,,,,,,,,,siRNA,general/other safety,benchmark split,PMC full text,0,0,0
toxicity,28,general safety,safety/tolerability,A,CT102,ASO,2600,38573183,PMC11534120,10.2217/fon-2023-0872,2024,Future Oncol,human,,primary liver cancer participants,,train,,,,,,,,,ASO/gapmer,general/other safety,benchmark split,PMC full text,0,0,0
toxicity,30,general safety,cytotoxicity,C,GxS5/siRNA polyplexes from PMID 39263399,siRNA,3851,39263399,PMC11386170,10.1039/d4na00363b,2024,Nanoscale Adv,mouse cell line,,B16F10,,,,,,,,,,,siRNA,general/other safety,release only,PMC full text,0,0,0
toxicity,31,general safety,apoptosis/cytotoxicity,C,GBE-PLL/H2O-PLL solid lipid nanoparticle siRNA carriers from PMID 39684010,siRNA,12064,39684010,PMC11644305,10.3390/polym16233265,2024,Polymers (Basel),human cell lines,,HEK293; SH-SY5Y,,,,,,,,,,,siRNA,general/other safety,release only,PMC full text,0,0,0
toxicity,32,general safety,cytotoxicity,C,P-E/S Lip PD-L1 siRNA nanovesicle from PMID 39068444,siRNA,12122,39068444,PMC11282766,10.1186/s12951-024-02700-4,2024,J Nanobiotechnology,mouse and human cell lines,,B16-F10; MDA-MB-231; MCF-10A; lymphocytes,,,,,,,,,,,siRNA,general/other safety,release only,PMC full text,0,0,0
toxicity,33,general safety,acute systemic safety,C,SWNT-PL-PEG-S-S-siLUC conjugate from PMID 39627280,siRNA,12435,39627280,PMC11615393,10.1038/s41598-024-80646-1,2024,Sci Rep,mouse,,xenograft model,,,,,,,,,,,siRNA,general/other safety,release only,PMC full text,0,0,0
toxicity,34,hepatic; renal,hepatic and renal toxicity,B,OligoA-11/Skeen-11 phosphorothioate oligonucleotide panel from PMID 37185731,ASO,1138,37185731,PMC10137061,10.3390/cimb45040207,2023,Curr Issues Mol Biol,mouse,,liver; kidney,,train,,,,,,,,,ASO/gapmer,hepatic,benchmark split,PMC full text,0,0,0
toxicity,35,general safety,cardiac and systemic safety,B,miR-125a-5p agomir from PMID 36632217,miRNA agomir,1960,36632217,PMC9830430,10.7150/thno.73568,2023,Theranostics,swine,,heart; serum,,train,,,,,,,,,other,general/other safety,benchmark split,PMC full text,0,0,0
toxicity,36,general safety,systemic safety,B,CLCN7G215R-siRNA-SiS12 formulation from PMID 37680985,siRNA,2657,37680985,PMC10480457,10.1016/j.omtn.2023.08.020,2023,Mol Ther Nucleic Acids,mouse,,major organs; serum,,train,,,,,,,,,siRNA,general/other safety,benchmark split,PMC full text,0,0,0
toxicity,37,immunotoxicity,immune and systemic safety,B,RBCEV-delivered siMstn and siMlycd from PMID 37016578,siRNA,4022,37016578,PMC10188904,10.1016/j.ymthe.2023.03.036,2023,Mol Ther,mouse,,muscle; serum,,train,,,,,,,,,siRNA,general/other safety,benchmark split,PMC full text,0,0,0
toxicity,38,neurological,neurotoxicity,A,ASO1-ASO3 modified ASO panel from PMID 36700050,ASO,12067,36700050,PMC9843489,10.1016/j.omtn.2022.12.010,2023,Mol Ther Nucleic Acids,mouse; rat primary neurons,,CNS; primary cortical neurons,,train,,,,,,,,,ASO/gapmer,neurological,benchmark split,PMC full text,0,0,0
toxicity,39,hepatic,hepatotoxicity,A,TS1-ASO nucleobase modification panel from PMID 35801870,ASO,1409,35801870,PMC9303313,10.1093/nar/gkac562,2022,Nucleic Acids Res,mouse,,liver,,train,,,,,,,,,ASO/gapmer,hepatic,benchmark split,PMC full text,0,0,0
toxicity,40,hepatic,hepatotoxicity,A,ESC+ GalNAc-siRNA D1/D4/D6/D9 panel from PMID 35736224,siRNA,1411,35736224,PMC9262600,10.1093/nar/gkac539,2022,Nucleic Acids Res,rat,,liver,,train,,,,,,,,,siRNA,hepatic,benchmark split,PMC full text,0,0,0
toxicity,41,general safety,transcriptome toxicity,B,DLin-MC3-DMA-conjugated siRNA panel from PMID 35917865,siRNA,1427,35917865,PMC10281028manuscript-id: NIHMS1882446,10.1016/j.jconrel.2022.07.041,2022,J Control Release,mouse,,heart; fat; muscle; liver,,train,,,,,,,,,siRNA,general/other safety,benchmark split,PMC full text,0,0,0
toxicity,42,hepatic,hepatotoxicity,A,siLuc-ALC-0315 LNP from PMID 35642083,siRNA,1979,35642083,PMC9621687manuscript-id: NIHMS1814479,10.1021/acs.molpharmaceut.2c00033,2022,Mol Pharm,mouse,,liver; serum,,train,,,,,,,,,siRNA,hepatic,benchmark split,PMC full text,0,0,0
toxicity,43,general safety,cytotoxicity and hemolysis,C,PEG-SSN/siRNA nanoparticle formulation from PMID 36412852,siRNA,2305,36412852,PMC9680366,10.3390/jfb13040211,2022,J Funct Biomater,human and mouse cell lines,,MCF-7; 4T1; HEK293,,,,,,,,,,,siRNA,general/other safety,release only,PMC full text,0,0,0
toxicity,45,general safety,cytotoxicity,C,GalNAc-G-quadruplex oligonucleotide panel from PMID 35745067,ASO,4073,35745067,PMC9228010,10.3390/molecules27123944,2022,Molecules,human cell lines,,HeLa; HepG2,,,,,,,,,,,ASO/gapmer,general/other safety,release only,PMC full text,0,0,0
toxicity,46,general safety,cytotoxicity,C,A10-3.2/siCAT-1/3WJ nanodroplets from PMID 35037525,siRNA,4096,35037525,PMC8765274,10.1080/10717544.2022.2026532,2022,Drug Deliv,human cell lines,,22RV1; 16HBE,,,,,,,,,,,siRNA,general/other safety,release only,PMC full text,0,0,0
toxicity,47,renal,renal safety,B,CYP3A5 PMO/PSO panel from PMID 33633318,ASO,1471,33633318,PMC7907328,10.1038/s41598-021-84194-w,2021,Sci Rep,human cell model,,primary human proximal tubule epithelial cells,,train,,,,,,,,,ASO/gapmer,renal,benchmark split,PMC full text,0,0,0
toxicity,48,renal; hepatic,renal and hepatic safety,A,HsPCSK9-1811-LNA/GalNAc ASO panel from PMID 34760338,ASO,1632,34760338,PMC8560717,10.1016/j.omtn.2021.10.008,2021,Mol Ther Nucleic Acids,rat; cynomolgus monkey,,liver; kidney,,train,,,,,,,,,ASO/gapmer,hepatic,benchmark split,PMC full text,0,0,0
toxicity,49,renal,renal histopathology,C,LNA-ASO renal histopathology panel from PMID 34629736,ASO,1636,34629736,PMC8484925,10.1293/tox.2021-0007,2021,J Toxicol Pathol,rat,,kidney; serum,,,,,,,,,,,ASO/gapmer,renal,release only,PMC full text,0,0,0
toxicity,50,general safety,neurodevelopmental safety,C,LUNAR-REPU910 siRNA from PMID 33738134,siRNA,1646,33738134,PMC7937577,10.1016/j.omtn.2021.02.007,2021,Mol Ther Nucleic Acids,mouse,,CNS,,,,,,,,,,,siRNA,general/other safety,release only,PMC full text,0,0,0
toxicity,51,hepatic,hepatotoxicity,B,LNPssPalmO-Phe-ASOap/ASOgr from PMID 33924589,ASO,1999,33924589,PMC8070490,10.3390/pharmaceutics13040544,2021,Pharmaceutics,mouse,,liver,,train,,,,,,,,,ASO/gapmer,hepatic,benchmark split,PMC full text,0,0,0
toxicity,52,general safety,tolerability events,C,2'-O-methoxyethyl chimeric ASO tolerability dataset from PMID 34242101,ASO,2741,34242101,PMC8713270,10.1089/nat.2020.0917,2021,Nucleic Acid Ther,human clinical aggregate,,injection-site and flu-like tolerability events,,,,,,,,,,,ASO/gapmer,general/other safety,release only,PMC full text,0,0,0
toxicity,53,general safety,systemic safety,C,dual-RGD/EGFR siRNA protein nanocarrier from PMID 34959463,siRNA,4106,34959463,PMC8703291,10.3390/pharmaceutics13122182,2021,Pharmaceutics,mouse; human cell lines,,brain; heart; kidney; liver; lung; intestine; muscle; spleen; HEK293T,,,,,,,,,,,siRNA,general/other safety,release only,PMC full text,0,0,0
toxicity,54,renal,renal safety,B,PMO-P6 conjugate from PMID 34841414,ASO,4112,34841414,PMC8611673,10.1021/jacsau.1c00327,2021,JACS Au,mouse,,kidney,,train,,,,,,,,,ASO/gapmer,renal,benchmark split,PMC full text,0,0,0
toxicity,55,general safety,local and systemic safety,B,PM1(GT/siMMP-9) hydrogel from PMID 33952251,siRNA,4145,33952251,PMC8097905,10.1186/s12951-021-00869-6,2021,J Nanobiotechnology,rat; human cell line,,HaCaT; wound tissue,,train,,,,,,,,,siRNA,general/other safety,benchmark split,PMC full text,0,0,0
toxicity,56,general safety,cytotoxicity,B,stereocontrolled cEt gapmer ASO panel from PMID 31980820,ASO,1423,31980820,PMC7038945,10.1093/nar/gkaa031,2020,Nucleic Acids Res,mouse cell line; mouse,,liver; cells,,train,,,,,,,,,ASO/gapmer,general/other safety,benchmark split,PMC full text,0,0,0
toxicity,57,general safety,cytotoxicity,C,306-O12B-3 ASO/LNP formulation from PMID 32160706,ASO,1493,32160706,PMC7036716,10.1016/j.omtn.2020.01.018,2020,Mol Ther Nucleic Acids,human cell line,,GFP-HEK,,,,,,,,,,,ASO/gapmer,general/other safety,release only,PMC full text,0,0,0
toxicity,58,hepatic; renal,hepatic and renal safety,A,H51(+67)W tcDNA-ASO from PMID 31881528,ASO,2225,31881528,PMC7063478,10.1016/j.omtn.2019.11.020,2020,Mol Ther Nucleic Acids,mouse,,liver; kidney,,train,,,,,,,,,ASO/gapmer,hepatic,benchmark split,PMC full text,0,0,0
toxicity,59,renal,renal safety,A,GalNAc AON-B/D/E panel from PMID 30583097,ASO,2059,30583097,PMC6305803,10.1016/j.omtn.2018.11.005,2019,Mol Ther Nucleic Acids,rat; human cell model,,kidney; primary human proximal tubule epithelial cells,,train,,,,,,,,,ASO/gapmer,renal,benchmark split,PMC full text,0,0,0
toxicity,60,hepatic,hepatotoxicity,A,GalNAc-siRNA hepatotoxicity panel with REVERSIR from PMID 29459660,siRNA,2058,29459660,PMC5818625,10.1038/s41467-018-02989-4,2018,Nat Commun,rat,,liver,,train,,,,,,,,,siRNA,hepatic,benchmark split,PMC full text,0,0,0
toxicity,61,hepatic,hepatotoxicity,A,236-LNA-ASO hepatotoxicity screening panel from PMID 29499955,ASO,2319,29499955,PMC5725219,10.1016/j.omtn.2017.11.004,2018,Mol Ther Nucleic Acids,mouse cell line; mouse,,liver; cells,,train,,,,,,,,,ASO/gapmer,hepatic,benchmark split,PMC full text,0,0,0
toxicity,62,renal,renal safety,A,nephrotoxic AON A/B/C panel from PMID 28325303,ASO,2106,28325303,PMC5363415,10.1016/j.omtn.2016.11.006,2017,Mol Ther Nucleic Acids,human cell model,,primary human proximal tubule epithelial cells,,train,,,,,,,,,ASO/gapmer,renal,benchmark split,PMC full text,0,0,0
toxicity,63,hepatic,hepatotoxicity,A,Acsl1/GR LNA gapmer panel from PMID 27461380,ASO,2061,27461380,PMC4961955,10.1038/srep30377,2016,Sci Rep,mouse,,liver,,train,,,,,,,,,ASO/gapmer,hepatic,benchmark split,PMC full text,0,0,0
toxicity,64,hepatic,hepatotoxicity,A,toxic LNA/MOE gapmer ASO panel from PMID 26553810,ASO,2062,26553810,PMC4797265,10.1093/nar/gkv1210,2016,Nucleic Acids Res,mouse,,liver,,train,,,,,,,,,ASO/gapmer,hepatic,benchmark split,PMC full text,0,0,0
toxicity,65,general safety,systemic safety,B,PMO-GF formulation from PMID 26964641,ASO,4241,26964641,PMC4793046,10.1038/ncomms10981,2016,Nat Commun,mouse,,muscle; serum,,train,,,,,,,,,ASO/gapmer,general/other safety,benchmark split,PMC full text,0,0,0
toxicity,66,hepatic,hepatotoxicity,A,3-8-3 LNA gapmer hepatotoxicity panel from PMID 24550163,ASO,2063,24550163,PMC4005641,10.1093/nar/gku142,2014,Nucleic Acids Res,mouse,,liver,,train,,,,,,,,,ASO/gapmer,hepatic,benchmark split,PMC full text,0,0,0
toxicity,67,hepatic,hepatotoxicity,C,Bepirovirsen,ASO,1075,41085094,PMC12856967,10.1002/cpdd.1615,2026,Clin Pharmacol Drug Dev,human,,,,,,,,,,,,,ASO/gapmer,hepatic,release only,PMC full text,0,0,0
toxicity,68,immunotoxicity,immune activation,A,siRNA candidate from PMID 41076269,siRNA,1476,41076269,PMC12766900manuscript-id: NIHMS2123465,10.1016/j.jtha.2025.09.012,2026,J Thromb Haemost,swine,,,,train,,,,,,,,,siRNA,general/other safety,benchmark split,PMC full text,0,0,0
toxicity,69,immunotoxicity,immune activation,B,siRNA candidate from PMID 41716677,siRNA,6238,41716677,PMC12914854,10.1016/j.bioactmat.2026.02.009,2026,Bioact Mater,swine,,,,train,,,,,,,,,siRNA,general/other safety,benchmark split,PMC full text,0,0,0
toxicity,70,hematologic,platelet/bleeding safety,A,siRNA candidate from PMID 40692538,siRNA,1242,40692538,PMC12277184,10.2147/IJN.S510937,2025,Int J Nanomedicine,human,,,,train,,,,,,,,,siRNA,hematologic,benchmark split,PMC full text,0,0,0
toxicity,71,hematologic,platelet/bleeding safety,A,Plozasiran,ASO/siRNA mixed context,1532,41094680,PMC12523034,10.1186/s12933-025-02929-9,2025,Cardiovasc Diabetol,human,,,,train,,,,,,,,,mixed ASO/siRNA,hematologic,benchmark split,PMC full text,0,0,0
toxicity,72,renal,renal safety,B,siRNA candidate from PMID 40825982,siRNA,1815,40825982,PMC12361575,10.1038/s41467-025-63037-6,2025,Nat Commun,mouse,,,,train,,,,,,,,,siRNA,renal,benchmark split,PMC full text,0,0,0
toxicity,74,immunotoxicity,immune activation,C,siRNA candidate from PMID 40314193,siRNA,3700,40314193,PMC12051533,10.1080/13880209.2025.2498169,2025,Pharm Biol,cell line,,,,,,,,,,,,,siRNA,general/other safety,release only,PMC full text,0,0,0
toxicity,75,hepatic,hepatotoxicity,C,siRNA candidate from PMID 41214041,siRNA,7859,41214041,PMC12603185,10.1038/s41598-025-22922-2,2025,Sci Rep,human,,,,,,,,,,,,,siRNA,hepatic,release only,PMC full text,0,0,0
toxicity,76,hepatic,hepatotoxicity,B,siRNA candidate from PMID 40503175,siRNA,9324,40503175,PMC12156227,10.1016/j.omtn.2025.102567,2025,Mol Ther Nucleic Acids,rat,,,,train,,,,,,,,,siRNA,hepatic,benchmark split,PMC full text,0,0,0
toxicity,77,renal,renal safety,C,siRNA candidate from PMID 39896757,siRNA,12278,39896757,PMC11782793,10.34133/bmr.0136,2025,Biomater Res,human,,,,,,,,,,,,,siRNA,renal,release only,PMC full text,0,0,0
toxicity,78,hepatic,hepatotoxicity,A,Inclisiran,ASO/siRNA mixed context,2609,38371290,PMC10866732,10.1016/j.jacasi.2023.09.006,2024,JACC Asia,human,,,,train,,,,,,,,,mixed ASO/siRNA,hepatic,benchmark split,PMC full text,0,0,0
toxicity,79,hematologic,platelet/bleeding safety,A,ASO candidate from PMID 37365583,ASO,1167,37365583,PMC10294514,10.1186/s13045-023-01468-8,2023,J Hematol Oncol,human,,,,train,,,,,,,,,ASO/gapmer,hematologic,benchmark split,PMC full text,0,0,0
toxicity,81,hepatic,hepatotoxicity,B,ASO candidate from PMID 28853853,ASO,2231,28853853,PMC5694563manuscript-id: NIHMS917707,10.1021/acschembio.7b00416,2017,ACS Chem Biol,rat,,,,train,,,,,,,,,ASO/gapmer,hepatic,benchmark split,PMC full text,0,0,0
toxicity,83,hematologic,platelet/bleeding safety,C,Imetelstat,ASO/siRNA mixed context,8005,41135032,PMC12614338manuscript-id: NIHMS2109501,10.1200/JCO-25-01369,2025,J Clin Oncol,human,,,,,,,,,,,,,mixed ASO/siRNA,hematologic,release only,PMC full text,0,0,0
toxicity,84,hematologic,platelet/bleeding safety,A,Inotersen,ASO/siRNA mixed context,1658,32343462,PMC7496583,10.1111/ene.14285,2020,Eur J Neurol,human,,,,train,,,,,,,,,mixed ASO/siRNA,hematologic,benchmark split,PMC full text,0,0,0
toxicity,85,immunotoxicity,immune activation,B,ASO candidate from PMID 41978261,ASO,1043,41978261,PMC13076217,10.1093/nar/gkag311,2026,Nucleic Acids Res,rat,,,,train,,,,,,,,,ASO/gapmer,general/other safety,benchmark split,PMC full text,0,0,0
toxicity,86,hepatic,hepatotoxicity,B,SRN001,siRNA,1149,42052104,PMC13112037,10.2147/DDDT.S589997,2026,Drug Des Devel Ther,rat,,,,train,,,,,,,,,siRNA,hepatic,benchmark split,PMC full text,0,0,0
toxicity,87,renal,renal safety,C,Alox15-targeting siRNA from PMID 41847300,siRNA,1202,41847300,PMC12990253,10.1016/j.bbrep.2026.102534,2026,Biochem Biophys Rep,rat,,,,,,,,,,,,,siRNA,renal,release only,PMC full text,0,0,0
toxicity,88,renal,renal safety,B,ASO candidate from PMID 39850319,ASO,1041,39850319,PMC11754010,10.1016/j.omtn.2024.102387,2025,Mol Ther Nucleic Acids,rat,,,,train,,,,,,,,,ASO/gapmer,renal,benchmark split,PMC full text,0,0,0
toxicity,89,renal,renal safety,B,ASO candidate from PMID 40243849,ASO,1262,40243849,PMC11988723,10.3390/ijms26073098,2025,Int J Mol Sci,rat,,,,train,,,,,,,,,ASO/gapmer,renal,benchmark split,PMC full text,0,0,0
toxicity,90,immunotoxicity,immune activation,B,TLR9-targeted; STAT3; PD1-targeting ASO from PMID 40214214,ASO,1843,40214214,PMC12526143,10.1093/neuonc/noaf099,2025,Neuro Oncol,human,,,,train,,,,,,,,,ASO/gapmer,general/other safety,benchmark split,PMC full text,0,0,0
toxicity,91,immunotoxicity,immune activation,C,Imetelstat,ASO,2111,41390988,PMC12702135,10.1111/cts.70431,2025,Clin Transl Sci,human,,,,,,,,,,,,,ASO/gapmer,general/other safety,release only,PMC full text,0,0,0
toxicity,92,immunotoxicity,immune activation,C,siRNA candidate from PMID 41625362,siRNA,3396,41625362,PMC12859616,10.1016/j.mtbio.2025.102267,2025,Mater Today Bio,rat,,,,,,,,,,,,,siRNA,general/other safety,release only,PMC full text,0,0,0
toxicity,93,renal,renal safety,B,siRNA candidate from PMID 41360814,siRNA,3423,41360814,PMC12804779,10.1038/s41467-025-67183-9,2025,Nat Commun,rat,,,,train,,,,,,,,,siRNA,renal,benchmark split,PMC full text,0,0,0
toxicity,94,renal,renal safety,B,CD11b-modified-targeting siRNA from PMID 40977834,siRNA,3501,40977834,PMC12446780,10.1016/j.mtbio.2025.102226,2025,Mater Today Bio,rat,,,,train,,,,,,,,,siRNA,renal,benchmark split,PMC full text,0,0,0
toxicity,95,immunotoxicity,immune activation,B,siRNA candidate from PMID 40380202,siRNA,3685,40380202,PMC12082952,10.1186/s13046-025-03396-6,2025,J Exp Clin Cancer Res,rat,,,,train,,,,,,,,,siRNA,general/other safety,benchmark split,PMC full text,0,0,0
toxicity,96,immunotoxicity,immune activation,A,Angptl4-targeting ASO from PMID 39259836,ASO,1565,39259836,PMC11687395,10.1093/cvr/cvae195,2024,Cardiovasc Res,non-human primate,,,,train,,,,,,,,,ASO/gapmer,general/other safety,benchmark split,PMC full text,0,0,0
toxicity,97,renal,renal safety,B,siRNA candidate from PMID 39606561,siRNA,12439,39606561,PMC11598607,10.2147/IJN.S492363,2024,Int J Nanomedicine,rat,,,,train,,,,,,,,,siRNA,renal,benchmark split,PMC full text,0,0,0
toxicity,99,hematologic,platelet/bleeding safety,B,siRNA candidate from PMID 38089931,siRNA,1117,38089931,PMC10711485,10.1016/j.omtn.2023.102080,2023,Mol Ther Nucleic Acids,rat,,,,train,,,,,,,,,siRNA,hematologic,benchmark split,PMC full text,0,0,0
toxicity,100,general safety,safety/tolerability,A,ASO candidate from PMID 36631935,ASO,1148,36631935,PMC10087069,10.1111/cts.13476,2023,Clin Transl Sci,rat,,,,train,,,,,,,,,ASO/gapmer,general/other safety,benchmark split,PMC full text,0,0,0
toxicity,101,neurological,neurotoxicity,B,ASO candidate from PMID 37346977,ASO,1479,37346977,PMC10280097,10.1016/j.omtn.2023.05.005,2023,Mol Ther Nucleic Acids,rat,,,,train,,,,,,,,,ASO/gapmer,neurological,benchmark split,PMC full text,0,0,0
toxicity,102,renal,renal safety,B,siRNA candidate from PMID 38168301,siRNA,3970,38168301,PMC10760232,10.21203/rs.3.rs-3713164/v1,2023,Res Sq,rat,,,,train,,,,,,,,,siRNA,renal,benchmark split,PMC full text,0,0,0
toxicity,104,hepatic,hepatotoxicity,C,Bepirovirsen,ASO,1460,35971951,PMC9804925,10.1002/cpdd.1154,2022,Clin Pharmacol Drug Dev,human,,,,,,,,,,,,,ASO/gapmer,hepatic,release only,PMC full text,0,0,0
toxicity,105,hematologic,platelet/bleeding safety,B,ASO candidate from PMID 33567808,ASO,2730,33567808,PMC8804562,10.3324/haematol.2020.260059,2022,Haematologica,human,,,,train,,,,,,,,,ASO/gapmer,hematologic,benchmark split,PMC full text,0,0,0
toxicity,106,hepatic,hepatotoxicity,B,siRNA candidate from PMID 35992044,siRNA,12550,35992044,PMC9384066,10.1016/j.omtn.2022.08.011,2022,Mol Ther Nucleic Acids,rat,,,,train,,,,,,,,,siRNA,hepatic,benchmark split,PMC full text,0,0,0
toxicity,107,renal,renal safety,B,siRNA candidate from PMID 30544191,siRNA,12615,30544191,PMC6379722,10.1093/nar/gky1239,2019,Nucleic Acids Res,rat,,,,train,,,,,,,,,siRNA,renal,benchmark split,PMC full text,0,0,0
toxicity,108,immunotoxicity,immune activation,C,ASO candidate from PMID 29107969,ASO,2321,29107969,PMC5673186,10.1371/journal.pone.0187574,2017,PLoS One,human,,,,,,,,,,,,,ASO/gapmer,general/other safety,release only,PMC full text,0,0,0
toxicity,109,hepatic,hepatotoxicity,C,siRNA candidate from PMID 40654369,siRNA,9006,40654369,PMC12254698,10.1016/j.apsb.2025.03.015,2025,Acta Pharm Sin B,rat,,,,,,,,,,,,,siRNA,hepatic,release only,PMC full text,0,0,0
toxicity,110,renal,renal safety,A,Nedosiran,ASO/siRNA mixed context,10207,39875734,PMC12031765,10.1007/s00467-025-06675-8,2025,Pediatr Nephrol,human,,,,train,,,,,,,,,mixed ASO/siRNA,renal,benchmark split,PMC full text,0,0,0
toxicity,111,renal,renal safety,A,Nedosiran,ASO/siRNA mixed context,2597,38707801,PMC11068990,10.1016/j.ekir.2024.02.1439,2024,Kidney Int Rep,human,,,,train,,,,,,,,,mixed ASO/siRNA,renal,benchmark split,PMC full text,0,0,0
toxicity,112,immunotoxicity,immune activation,B,DNA/RNA heteroduplex oligonucleotide candidate from PMID 39252874,DNA/RNA heteroduplex oligonucleotide,10778,39252874,PMC11382116,10.1016/j.omtn.2024.102289,2024,Mol Ther Nucleic Acids,human,,,,train,,,,,,,,,other,general/other safety,benchmark split,PMC full text,0,0,0
toxicity,113,renal,renal safety,A,Viltolarsen,ASO,1602,37005891,PMC10200237,10.3233/JND-221656,2023,J Neuromuscul Dis,human,,,,train,,,,,,,,,ASO/gapmer,renal,benchmark split,PMC full text,0,0,0
toxicity,114,general safety,safety/tolerability,A,Viltolarsen,ASO,1621,35634851,PMC9398057,10.3233/JND-220811,2022,J Neuromuscul Dis,human,,,,train,,,,,,,,,ASO/gapmer,general/other safety,benchmark split,PMC full text,0,0,0
toxicity,115,hepatic,hepatotoxicity,C,ASO candidate from PMID 32530964,ASO,1431,32530964,PMC7292364,10.1371/journal.pone.0232603,2020,PLoS One,rat,,,,,,,,,,,,,ASO/gapmer,hepatic,release only,PMC full text,0,0,0
toxicity,116,general safety,safety/tolerability,A,Inclisiran,ASO/siRNA mixed context,2299,37850379,PMC10815002,10.1161/CIRCULATIONAHA.122.063460,2024,Circulation,human,,,,train,,,,,,,,,mixed ASO/siRNA,general/other safety,benchmark split,PMC full text,0,0,0
toxicity,117,hepatic,hepatotoxicity,B,siRNA candidate from PMID 41949334,siRNA,1059,41949334,PMC13059674,10.1111/cts.70536,2026,Clin Transl Sci,human,,,,train,,,,,,,,,siRNA,hepatic,benchmark split,PMC full text,0,0,0
toxicity,118,hepatic,hepatotoxicity,C,ASO candidate from PMID 41754970,ASO,1065,41754970,PMC12944301,10.3390/pharmaceutics18020228,2026,Pharmaceutics,rat,,,,,,,,,,,,,ASO/gapmer,hepatic,release only,PMC full text,0,0,0
toxicity,119,neurological,neurotoxicity,C,Vutrisiran,ASO/siRNA mixed context,1173,41984862,PMC13082648,10.1371/journal.pone.0347417,2026,PLoS One,human,,,,,,,,,,,,,mixed ASO/siRNA,neurological,release only,PMC full text,0,0,0
toxicity,120,renal,renal safety,C,ASO candidate from PMID 41399312,ASO,1215,41399312,PMC12877987,10.1002/smll.202509094,2026,Small,rat,,,,,,,,,,,,,ASO/gapmer,renal,release only,PMC full text,0,0,0
toxicity,121,renal,renal safety,C,siRNA candidate from PMID 41755009,siRNA,1744,41755009,PMC12944025,10.3390/pharmaceutics18020268,2026,Pharmaceutics,rat,,,,,,,,,,,,,siRNA,renal,release only,PMC full text,0,0,0
toxicity,123,immunotoxicity,immune activation,C,siRNA candidate from PMID 41477663,siRNA,3330,41477663,PMC12752751,10.1016/j.bioactmat.2025.11.049,2026,Bioact Mater,rat,,,,,,,,,,,,,siRNA,general/other safety,release only,PMC full text,0,0,0
toxicity,124,renal,renal safety,C,siRNA candidate from PMID 41896932,siRNA,5624,41896932,PMC13151111,10.1186/s12951-026-04311-7,2026,J Nanobiotechnology,rat,,,,,,,,,,,,,siRNA,renal,release only,PMC full text,0,0,0
toxicity,125,renal,renal safety,C,Nusinersen,ASO/siRNA mixed context,1015,39829133,PMC11743982,10.1002/brb3.70221,2025,Brain Behav,human,,,,,,,,,,,,,mixed ASO/siRNA,renal,release only,PMC full text,0,0,0
toxicity,126,renal,renal safety,C,Pelacarsen,ASO,1030,41021771,PMC12478598,10.1111/cts.70344,2025,Clin Transl Sci,human,,,,,,,,,,,,,ASO/gapmer,renal,release only,PMC full text,0,0,0
toxicity,127,neurological,neurotoxicity,C,RO7239958,ASO,1040,41186228,PMC12691668,10.1128/aac.00679-25,2025,Antimicrob Agents Chemother,human,,,,,,,,,,,,,ASO/gapmer,neurological,release only,PMC full text,0,0,0
toxicity,128,neurological,neurotoxicity,C,ASO candidate from PMID 40654713,ASO,1160,40654713,PMC12247940,10.1101/2025.05.01.651722,2025,bioRxiv,human,,,,,,,,,,,,,ASO/gapmer,neurological,release only,PMC full text,0,0,0
toxicity,129,renal,renal safety,C,ASO candidate from PMID 41169576,ASO,1408,41169576,PMC12569656,10.1021/jacsau.5c01005,2025,JACS Au,rat,,,,,,,,,,,,,ASO/gapmer,renal,release only,PMC full text,0,0,0
toxicity,130,immunotoxicity,immune activation,C,ASO/siRNA mixed context candidate from PMID 41268339,ASO/siRNA mixed context,1791,41268339,PMC12628137,10.1016/j.bioactmat.2025.09.007,2025,Bioact Mater,rat,,,,,,,,,,,,,mixed ASO/siRNA,general/other safety,release only,PMC full text,0,0,0
toxicity,131,hepatic,hepatotoxicity,C,siRNA candidate from PMID 41439881,siRNA,2096,41439881,PMC12730731,10.3390/biomimetics10120812,2025,Biomimetics (Basel),cell line,,,,,,,,,,,,,siRNA,hepatic,release only,PMC full text,0,0,0
toxicity,132,renal,renal safety,C,siRNA candidate from PMID 40911569,siRNA,2098,40911569,PMC12412931,10.1371/journal.pone.0327375,2025,PLoS One,rat,,,,,,,,,,,,,siRNA,renal,release only,PMC full text,0,0,0
toxicity,134,hepatic,hepatotoxicity,C,ASO candidate from PMID 40604820,ASO,2483,40604820,PMC12225093,10.1186/s12951-025-03529-1,2025,J Nanobiotechnology,rat,,,,,,,,,,,,,ASO/gapmer,hepatic,release only,PMC full text,0,0,0
toxicity,135,renal,renal safety,C,siRNA candidate from PMID 40006524,siRNA,2526,40006524,PMC11859093,10.3390/pharmaceutics17020157,2025,Pharmaceutics,mouse,,,,,,,,,,,,,siRNA,renal,release only,PMC full text,0,0,0
toxicity,136,hepatic,hepatotoxicity,B,Fitusiran,ASO,2538,39642315,PMC11914172,10.1182/bloodadvances.2024013900,2025,Blood Adv,rat,,,,train,,,,,,,,,ASO/gapmer,hepatic,benchmark split,PMC full text,0,0,0
toxicity,137,hepatic,hepatotoxicity,C,Ce6-targeting siRNA from PMID 41299672,siRNA,3428,41299672,PMC12837076,10.1186/s12951-025-03872-3,2025,J Nanobiotechnology,rat,,,,,,,,,,,,,siRNA,hepatic,release only,PMC full text,0,0,0
toxicity,138,hepatic,hepatotoxicity,C,siRNA candidate from PMID 41007671,siRNA,3493,41007671,PMC12467891,10.3390/biomedicines13092108,2025,Biomedicines,rat,,,,,,,,,,,,,siRNA,hepatic,release only,PMC full text,0,0,0
toxicity,140,renal,renal safety,C,siRNA candidate from PMID 40433119,siRNA,3666,40433119,PMC12106909,10.2147/IJN.S510514,2025,Int J Nanomedicine,mouse,,,,,,,,,,,,,siRNA,renal,release only,PMC full text,0,0,0
toxicity,141,hepatic,hepatotoxicity,C,siRNA candidate from PMID 39990947,siRNA,3749,39990947,PMC11843345,10.1021/acsbiomedchemau.4c00061,2025,ACS Bio Med Chem Au,rat,,,,,,,,,,,,,siRNA,hepatic,release only,PMC full text,0,0,0
toxicity,142,hepatic,hepatotoxicity,C,Imetelstat,ASO,3751,39980062,PMC11842220,10.1111/cts.70169,2025,Clin Transl Sci,rat,,,,,,,,,,,,,ASO/gapmer,hepatic,release only,PMC full text,0,0,0
toxicity,143,immunotoxicity,immune activation,C,siRNA candidate from PMID 39934917,siRNA,3759,39934917,PMC11816505,10.1186/s13287-025-04151-6,2025,Stem Cell Res Ther,rat,,,,,,,,,,,,,siRNA,general/other safety,release only,PMC full text,0,0,0
toxicity,144,hepatic,hepatotoxicity,C,Inclisiran,ASO/siRNA mixed context,8812,40735483,PMC12303805,10.3389/fphar.2025.1554631,2025,Front Pharmacol,human,,,,,,,,,,,,,mixed ASO/siRNA,hepatic,release only,PMC full text,0,0,0
toxicity,145,renal,renal safety,C,siRNA candidate from PMID 40444266,siRNA,9437,40444266,PMC12120247,10.34133/bmr.0209,2025,Biomater Res,rat,,,,,,,,,,,,,siRNA,renal,release only,PMC full text,0,0,0
toxicity,147,hematologic,platelet/bleeding safety,A,Nusinersen,ASO/siRNA mixed context,12141,40011938,PMC11866593,10.1186/s13023-025-03603-9,2025,Orphanet J Rare Dis,human,,,,train,,,,,,,,,mixed ASO/siRNA,hematologic,benchmark split,PMC full text,0,0,0
toxicity,148,neurological,neurotoxicity,C,siRNA candidate from PMID 41304812,siRNA,12342,41304812,PMC12655120,10.3390/pharmaceutics17111476,2025,Pharmaceutics,rat,,,,,,,,,,,,,siRNA,neurological,release only,PMC full text,0,0,0
toxicity,149,neurological,neurotoxicity,C,PMO candidate from PMID 39119918,PMO,1135,39119918,PMC11417397,10.1093/nar/gkae686,2024,Nucleic Acids Res,rat,,,,,,,,,,,,,PMO,neurological,release only,PMC full text,0,0,0
toxicity,150,hematologic,platelet/bleeding safety,A,Olezarsen,ASO/siRNA mixed context,1286,39363329,PMC11448427,10.1186/s12944-024-02297-5,2024,Lipids Health Dis,rat,,,,train,,,,,,,,,mixed ASO/siRNA,hematologic,benchmark split,PMC full text,0,0,0
toxicity,151,hepatic,hepatotoxicity,A,ASO/siRNA mixed context candidate from PMID 38271438,ASO/siRNA mixed context,1290,38271438,PMC10810432,10.1371/journal.pone.0294847,2024,PLoS One,human,,,,train,,,,,,,,,mixed ASO/siRNA,hepatic,benchmark split,PMC full text,0,0,0
toxicity,152,renal,renal safety,C,siRNA candidate from PMID 39539730,siRNA,2104,39539730,PMC11558258,10.1016/j.bioactmat.2024.06.008,2024,Bioact Mater,rat,,,,,,,,,,,,,siRNA,renal,release only,PMC full text,0,0,0
toxicity,153,hematologic,platelet/bleeding safety,C,Fesomersen,ASO,2297,38563414,PMC10985948,10.1111/cts.13784,2024,Clin Transl Sci,human,,,,,,,,,,,,,ASO/gapmer,hematologic,release only,PMC full text,0,0,0
toxicity,154,hepatic,hepatotoxicity,A,Inclisiran,ASO/siRNA mixed context,2621,38220186,PMC11150722,10.5551/jat.64454,2024,J Atheroscler Thromb,human,,,,train,,,,,,,,,mixed ASO/siRNA,hepatic,benchmark split,PMC full text,0,0,0
toxicity,155,immunotoxicity,immune activation,C,siRNA candidate from PMID 38126895,siRNA,3961,38126895,PMC7616748manuscript-id: EMS199502,10.1002/smll.202308775,2024,Small,human,,,,,,,,,,,,,siRNA,general/other safety,release only,PMC full text,0,0,0
toxicity,156,immunotoxicity,immune activation,C,siRNA candidate from PMID 39274180,siRNA,12106,39274180,PMC11398103,10.3390/polym16172547,2024,Polymers (Basel),rat,,,,,,,,,,,,,siRNA,general/other safety,release only,PMC full text,0,0,0
toxicity,157,hepatic,hepatotoxicity,C,siRNA candidate from PMID 39684325,siRNA,12433,39684325,PMC11641217,10.3390/ijms252312614,2024,Int J Mol Sci,rat,,,,,,,,,,,,,siRNA,hepatic,release only,PMC full text,0,0,0
toxicity,158,immunotoxicity,immune activation,C,ASO candidate from PMID 39329032,ASO,12464,39329032,PMC11424689,10.2147/IJN.S461167,2024,Int J Nanomedicine,human,,,,,,,,,,,,,ASO/gapmer,general/other safety,release only,PMC full text,0,0,0
toxicity,159,neurological,neurotoxicity,B,ASO candidate from PMID 37920238,ASO,1164,37920238,PMC10618110,10.1016/j.omtm.2023.101122,2023,Mol Ther Methods Clin Dev,rat,,,,train,,,,,,,,,ASO/gapmer,neurological,benchmark split,PMC full text,0,0,0
toxicity,161,hepatic,hepatotoxicity,C,wireframe DNA origami NANP,DNA nanostructure,2195,37040258,PMC10189729manuscript-id: NIHMS1894368,10.1021/acsabm.3c00155,2023,ACS Appl Bio Mater,mouse,,,,,,,,,,,,,other,hepatic,release only,PMC full text,0,0,0
toxicity,162,hepatic,hepatotoxicity,C,wireframe DNA origami NANP,DNA nanostructure,2198,36909507,PMC10002694,10.1101/2023.02.25.530026,2023,bioRxiv,mouse,,,,,,,,,,,,,other,hepatic,release only,PMC full text,0,0,0
toxicity,163,general safety,cell viability/cytotoxicity,A,unspecified siRNA,siRNA,12521,37110552,PMC10144622,10.3390/molecules28083318,2023,Molecules,rat,,,,train,,,,,,,,,siRNA,general/other safety,benchmark split,PMC full text,0,0,0
toxicity,165,hepatic,hepatotoxicity,B,SLN360,siRNA,1486,35737426,PMC9516055,10.1093/toxsci/kfac067,2022,Toxicol Sci,human,,,,,,,,,,,,,siRNA,hepatic,release only,PMC full text,0,0,0
toxicity,166,hepatic,hepatotoxicity,A,unspecified siRNA,siRNA,1613,36191773,PMC10695009manuscript-id: NIHMS1944143,10.1016/j.actbio.2022.09.065,2022,Acta Biomater,human,,,,,,,,,,,,,siRNA,hepatic,release only,PMC full text,0,0,0
toxicity,167,hepatic,hepatotoxicity,A,inotersen,ASO/siRNA mixed context,1616,35908242,PMC9618524,10.1007/s00415-022-11276-8,2022,J Neurol,human,,,,train,,,,,,,,,mixed ASO/siRNA,hepatic,benchmark split,PMC full text,0,0,0
toxicity,169,hepatic,hepatotoxicity,A,RAW264; cck8,siRNA,4065,36064365,PMC9446571,10.1186/s12951-022-01603-6,2022,J Nanobiotechnology,rat,,,,,,,,,,,,,siRNA,hepatic,release only,PMC full text,0,0,0
toxicity,170,hepatic,hepatotoxicity,B,SKOV3,siRNA,4105,34382360,PMC11468224,10.1002/adhm.202101202,2022,Adv Healthc Mater,rat,,,,,,,,,,,,,siRNA,hepatic,release only,PMC full text,0,0,0
toxicity,172,hepatic,hepatotoxicity,B,RTR5001,ASO,1463,34575518,PMC8470776,10.3390/pharmaceutics13091442,2021,Pharmaceutics,rat,,,,,,,,,,,,,ASO/gapmer,hepatic,release only,PMC full text,0,0,0
toxicity,173,hepatic,hepatotoxicity,B,casimersen,ASO,1639,34105177,PMC9290993,10.1002/mus.27347,2021,Muscle Nerve,rat,,,,,,,,,,,,,ASO/gapmer,hepatic,release only,PMC full text,0,0,0
toxicity,174,hepatic,hepatotoxicity,A,HepG2; LO2,siRNA,1641,34042551,PMC8168781,10.1080/10717544.2021.1928794,2021,Drug Deliv,rat,,,,train,,,,,,,,,siRNA,hepatic,benchmark split,PMC full text,0,0,0
toxicity,175,hepatic,hepatotoxicity,B,Nusinersen,ASO,1643,33899154,PMC8563549,10.1007/s00415-021-10569-8,2021,J Neurol,human,,,,,,,,,,,,,ASO/gapmer,hepatic,release only,PMC full text,0,0,0
toxicity,176,hepatic,hepatotoxicity,B,Foxp3,ASO,2257,33801683,PMC8037512,10.3390/ijms22073470,2021,Int J Mol Sci,mouse,,,,train,,,,,,,,,ASO/gapmer,hepatic,benchmark split,PMC full text,0,0,0
toxicity,177,hepatic,hepatotoxicity,B,Revusiran,siRNA,1430,31821125,PMC6987735,10.1089/nat.2019.0796,2020,Nucleic Acid Ther,mouse,,,,train,,,,,,,,,siRNA,hepatic,benchmark split,PMC full text,0,0,0
toxicity,178,hepatic,hepatotoxicity,B,Stk25,ASO,2784,30576769,PMC6411916,10.1016/j.jcmgh.2018.12.004,2019,Cell Mol Gastroenterol Hepatol,mouse,,,,,,,,,,,,,ASO/gapmer,hepatic,release only,PMC full text,0,0,0
toxicity,179,hepatic,hepatotoxicity,B,Huh7; MCF7; nanoparticles43,siRNA,4207,31676815,PMC6825139,10.1038/s41598-019-52142-4,2019,Sci Rep,mouse,,,,,,,,,,,,,siRNA,hepatic,release only,PMC full text,0,0,0
toxicity,180,hepatic,hepatotoxicity,B,unspecified antisense oligonucleotide,ASO,2060,29390093,PMC5861398,10.1093/nar/gky060,2018,Nucleic Acids Res,human,,,,,,,,,,,,,ASO/gapmer,hepatic,release only,PMC full text,0,0,0
toxicity,181,hepatic,hepatotoxicity,A,radavirsen,ASO,2230,28929521,PMC5736848,10.1111/bcp.13405,2018,Br J Clin Pharmacol,rat,,,,train,,,,,,,,,ASO/gapmer,hepatic,benchmark split,PMC full text,0,0,0
toxicity,182,hepatic,hepatotoxicity,A,unspecified antisense oligonucleotide,ASO,2787,29858054,PMC5992344,10.1016/j.omtn.2018.02.004,2018,Mol Ther Nucleic Acids,rat,,,,,,,,,,,,,ASO/gapmer,hepatic,release only,PMC full text,0,0,0
toxicity,183,hepatic,hepatotoxicity,B,RTR3649; RTR5001; RTR4955,ASO,2324,28123102,PMC5414856,10.1093/toxsci/kfx025,2017,Toxicol Sci,human,,,,,,,,,,,,,ASO/gapmer,hepatic,release only,PMC full text,0,0,0
toxicity,184,hepatic,hepatotoxicity,B,unspecified antisense oligonucleotide,ASO,4234,28633548,PMC8241187,10.1080/10717544.2017.1337827,2017,Drug Deliv,mouse,,,,train,,,,,,,,,ASO/gapmer,hepatic,benchmark split,PMC full text,0,0,0
toxicity,185,hepatic,hepatotoxicity,B,TLR3; TLR7; TLR8,siRNA,2327,26444021,PMC5058343manuscript-id: NIHMS820714,10.3233/JHD-150163,2015,J Huntingtons Dis,human,,,,,,,,,,,,,siRNA,hepatic,release only,PMC full text,0,0,0
toxicity,186,hepatic,hepatotoxicity,A,hDysE50,ASO,2812,26366082,PMC4562748,10.2147/IJN.S89910,2015,Int J Nanomedicine,rat,,,,,,,,,,,,,ASO/gapmer,hepatic,release only,PMC full text,0,0,0
toxicity,187,hepatic,hepatotoxicity,A,drisapersen,ASO/siRNA mixed context,2328,24321374,PMC4145871manuscript-id: NIHMS592631,10.1016/j.nmd.2013.09.004,2014,Neuromuscul Disord,rat,,,,validation,,,,,,,,,mixed ASO/siRNA,hepatic,benchmark split,PMC full text,0,0,0
toxicity,188,hepatic,hepatotoxicity,B,unspecified antisense oligonucleotide,ASO,4259,24405395,PMC4028087,10.1089/hum.2013.156,2014,Hum Gene Ther,human,,,,train,,,,,,,,,ASO/gapmer,hepatic,benchmark split,PMC full text,0,0,0
toxicity,189,hepatic,hepatotoxicity,C,unspecified antisense oligonucleotide,ASO,4268,23876758,PMC3810404manuscript-id: NIHMS502785,10.1016/j.biomaterials.2013.06.066,2013,Biomaterials,human,,,,,,,,,,,,,ASO/gapmer,hepatic,release only,PMC full text,0,0,0
toxicity,190,hepatic,hepatotoxicity,B,Inclisiran,siRNA,10925,39064553,PMC11278919,10.3390/medicina60071124,2024,Medicina (Kaunas),human,,,,,,,,,,,,,siRNA,hepatic,release only,PMC full text,0,0,0
toxicity,192,renal,renal safety,A,unspecified oligonucleotide,ASO/siRNA mixed context,1629,34788571,PMC8817703,10.1089/nat.2021.0043,2022,Nucleic Acid Ther,human,,,,train,,,,,,,,,mixed ASO/siRNA,renal,benchmark split,PMC full text,0,0,0
toxicity,193,hepatic,hepatotoxicity,B,MKK4,siRNA,1152,41970250,PMC13067123,10.1016/j.mtbio.2026.103059,2026,Mater Today Bio,cell line,,,,,,,,,,,,,siRNA,hepatic,release only,PMC full text,0,0,0
toxicity,194,hepatic,hepatotoxicity,A,MC3-based,siRNA,1196,41907143,PMC13021479,10.3389/fmolb.2026.1785592,2026,Front Mol Biosci,mouse,,,,train,,,,,,,,,siRNA,hepatic,benchmark split,PMC full text,0,0,0
toxicity,196,hepatic,hepatotoxicity,A,unspecified antisense oligonucleotide,ASO,1511,41810474,PMC12925264,10.1016/j.ajps.2026.101128,2026,Asian J Pharm Sci,rat,,,,,,,,,,,,,ASO/gapmer,hepatic,release only,PMC full text,0,0,0
toxicity,197,hepatic,hepatotoxicity,B,Gb3S; MC3-containing; Gb3,siRNA,4532,42170556,PMC13187621,10.1016/j.ijpx.2026.100555,2026,Int J Pharm X,mouse,,,,,,,,,,,,,siRNA,hepatic,release only,PMC full text,0,0,0
toxicity,199,hepatic,hepatotoxicity,B,FN1,siRNA,6205,41732388,PMC12925212,10.1016/j.mtbio.2026.102877,2026,Mater Today Bio,rat,,,,,,,,,,,,,siRNA,hepatic,release only,PMC full text,0,0,0
toxicity,202,hepatic,hepatotoxicity,B,si097-DV29PG5; si061-DV27PG5,siRNA,1477,40385635,PMC12083919,10.1016/j.omtn.2025.102542,2025,Mol Ther Nucleic Acids,human,,,,,,,,,,,,,siRNA,hepatic,release only,PMC full text,0,0,0
toxicity,203,hepatic,hepatotoxicity,A,unspecified siRNA,siRNA,1551,39861693,PMC11769357,10.3390/pharmaceutics17010045,2025,Pharmaceutics,rat,,,,,,,,,,,,,siRNA,hepatic,release only,PMC full text,0,0,0
toxicity,204,hepatic,hepatotoxicity,B,AS456; IC50; TRL7,siRNA,1788,41373822,PMC12692593,10.3390/ijms262311675,2025,Int J Mol Sci,mouse,,,,,,,,,,,,,siRNA,hepatic,release only,PMC full text,0,0,0
toxicity,205,hepatic,hepatotoxicity,A,RAW264; HepG2,siRNA,1825,40654340,PMC12254858,10.1016/j.apsb.2025.04.003,2025,Acta Pharm Sin B,rat,,,,,,,,,,,,,siRNA,hepatic,release only,PMC full text,0,0,0
toxicity,207,immunotoxicity,immune activation,C,STAT3-targeted,ASO,2155,40882634,PMC12404672manuscript-id: NIHMS2102076embargo-date: 2026/08/28,10.1016/j.ccell.2025.07.015,2025,Cancer Cell,mouse,,,,,,,,,,,,,ASO/gapmer,general/other safety,release only,PMC full text,0,0,0
toxicity,208,neurological,neurotoxicity,B,Tofersen,ASO,2347,40017137,PMC12060635,10.1002/mus.28372,2025,Muscle Nerve,rat,,,,,,,,,,,,,ASO/gapmer,neurological,release only,PMC full text,0,0,0
toxicity,209,hepatic,hepatotoxicity,B,givosiran,siRNA,2503,40312531,PMC12045942,10.1038/s41598-025-99526-3,2025,Sci Rep,human,,,,train,,,,,,,,,siRNA,hepatic,benchmark split,PMC full text,0,0,0
toxicity,210,hepatic,hepatotoxicity,A,fitusiran,ASO/siRNA mixed context,2522,40053895,PMC12824673,10.1182/blood.2024027008,2025,Blood,rat,,,,train,,,,,,,,,mixed ASO/siRNA,hepatic,benchmark split,PMC full text,0,0,0
toxicity,212,hepatic,hepatotoxicity,B,unspecified siRNA,siRNA,3595,40681573,PMC12274417,10.1038/s41598-025-10960-9,2025,Sci Rep,rat,,,,,,,,,,,,,siRNA,hepatic,release only,PMC full text,0,0,0
toxicity,213,hepatic,hepatotoxicity,A,unspecified siRNA,siRNA,3614,40616527,PMC12269356,10.1021/acsnano.5c05395,2025,ACS Nano,mouse,,,,,,,,,,,,,siRNA,hepatic,release only,PMC full text,0,0,0
toxicity,214,hepatic,hepatotoxicity,A,unspecified siRNA,siRNA,3626,40582054,PMC12268195,10.1016/j.ultsonch.2025.107446,2025,Ultrason Sonochem,rat,,,,,,,,,,,,,siRNA,hepatic,release only,PMC full text,0,0,0
toxicity,215,hepatic,hepatotoxicity,A,unspecified siRNA,siRNA,3640,40524159,PMC12168320,10.1186/s12951-025-03521-9,2025,J Nanobiotechnology,mouse,,,,,,,,,,,,,siRNA,hepatic,release only,PMC full text,0,0,0
toxicity,216,hepatic,hepatotoxicity,A,unspecified siRNA,siRNA,3690,40364633,PMC12147987,10.1002/adhm.202500107,2025,Adv Healthc Mater,mouse,,,,,,,,,,,,,siRNA,hepatic,release only,PMC full text,0,0,0
toxicity,218,hepatic,hepatotoxicity,B,APP36; Iba1,siRNA,7646,41323796,PMC12663631,10.1016/j.omtn.2025.102757,2025,Mol Ther Nucleic Acids,mouse,,,,,,,,,,,,,siRNA,hepatic,release only,PMC full text,0,0,0
toxicity,219,renal,renal safety,C,Loop3,aptamer,9397,40464222,PMC12134771,10.1002/jcsm.13831,2025,J Cachexia Sarcopenia Muscle,human,,,,,,,,,,,,,other,renal,release only,PMC full text,0,0,0
toxicity,224,hepatic,hepatotoxicity,B,Inclisiran,ASO/siRNA mixed context,2348,39459005,PMC11511047,10.3390/ph17101365,2024,Pharmaceuticals (Basel),human,,,,,,,,,,,,,mixed ASO/siRNA,hepatic,release only,PMC full text,0,0,0
toxicity,228,hepatic,hepatotoxicity,B,HSP47,siRNA,1458,37654022,PMC10582666,10.1111/cts.13581,2023,Clin Transl Sci,rat,,,,,,,,,,,,,siRNA,hepatic,release only,PMC full text,0,0,0
toxicity,229,general safety,safety/tolerability,A,inclisiran,ASO/siRNA mixed context,2676,37252442,PMC10209488,10.1016/j.ajpc.2023.100503,2023,Am J Prev Cardiol,human,,,,train,,,,,,,,,mixed ASO/siRNA,general/other safety,benchmark split,PMC full text,0,0,0
toxicity,230,renal,renal safety,B,PF4,ASO,2680,37111598,PMC10143489,10.3390/pharmaceutics15041112,2023,Pharmaceutics,human,,,,train,,,,,,,,,ASO/gapmer,renal,benchmark split,PMC full text,0,0,0
toxicity,231,hepatic,hepatotoxicity,B,lumasiran,ASO/siRNA mixed context,2701,35913563,PMC9925547,10.1007/s00467-022-05684-1,2023,Pediatr Nephrol,human,,,,,,,,,,,,,mixed ASO/siRNA,hepatic,release only,PMC full text,0,0,0
toxicity,235,hepatic,hepatotoxicity,A,unspecified antisense oligonucleotide,ASO,2755,33540294,PMC8264460manuscript-id: NIHMS1711667,10.1016/j.thromres.2021.01.006,2021,Thromb Res,human,,,,train,,,,,,,,,ASO/gapmer,hepatic,benchmark split,PMC full text,0,0,0
toxicity,237,hepatic,hepatotoxicity,A,unspecified antisense oligonucleotide,ASO,2768,32260534,PMC7226018,10.3390/biom10040553,2020,Biomolecules,rat,,,,,,,,,,,,,ASO/gapmer,hepatic,release only,PMC full text,0,0,0
toxicity,238,hepatic,hepatotoxicity,B,revusiran,siRNA,2105,30820542,PMC6468299,10.1093/nar/gkz140,2019,Nucleic Acids Res,rat,,,,,,,,,,,,,siRNA,hepatic,release only,PMC full text,0,0,0
toxicity,239,hepatic,hepatotoxicity,A,unspecified antisense oligonucleotide,ASO,2116,29565739,PMC5899290,10.1089/nat.2017.0705,2018,Nucleic Acid Ther,mouse,,,,train,,,,,,,,,ASO/gapmer,hepatic,benchmark split,PMC full text,0,0,0
toxicity,240,hepatic,hepatotoxicity,B,unspecified antisense oligonucleotide,ASO,2322,28145801,PMC5467133,10.1089/nat.2016.0650,2017,Nucleic Acid Ther,rat,,,,,,,,,,,,,ASO/gapmer,hepatic,release only,PMC full text,0,0,0
toxicity,241,hepatic,hepatotoxicity,B,unspecified antisense oligonucleotide,ASO,2237,27357629,PMC5112040,10.1038/mt.2016.136,2016,Mol Ther,human,,,,,,,,,,,,,ASO/gapmer,hepatic,release only,PMC full text,0,0,0
toxicity,242,hepatic,hepatotoxicity,B,unspecified siRNA,siRNA,12119,27504598,PMC5023396,10.1038/mtna.2016.50,2016,Mol Ther Nucleic Acids,rat,,,,,,,,,,,,,siRNA,hepatic,release only,PMC full text,0,0,0
toxicity,243,hepatic,hepatotoxicity,B,unspecified antisense oligonucleotide,ASO,2329,23952551,PMC3760025,10.1089/nat.2013.0436,2013,Nucleic Acid Ther,mouse,,,,test,,,,,,,,,ASO/gapmer,hepatic,benchmark split,PMC full text,0,0,0
toxicity,244,general safety,safety/tolerability,A,nusinersen,ASO/siRNA mixed context,2611,38361750,PMC10864329,10.1016/j.lanepe.2024.100862,2024,Lancet Reg Health Eur,human,,,,train,,,,,,,,,mixed ASO/siRNA,general/other safety,benchmark split,PMC full text,0,0,0
toxicity,245,hepatic,hepatotoxicity,C,SPC5001,ASO,1029,41500580,,10.2131/jts.51.75,2026,J Toxicol Sci,human,,,,,,,,,,,,,ASO/gapmer,hepatic,release only,abstract/metadata,0,0,0
toxicity,246,hepatic,hepatotoxicity,C,ApoB11; ApoB11-conjugated,ASO,1033,42172871,,10.1016/j.dmd.2026.100304,2026,Drug Metab Dispos,human,,,,,,,,,,,,,ASO/gapmer,hepatic,release only,abstract/metadata,0,0,0
toxicity,247,hepatic,hepatotoxicity,B,SMN2; Nusinersen,ASO,1064,41813449,,10.1016/j.nmd.2025.106256,2026,Neuromuscul Disord,human,,,,,,,,,,,,,ASO/gapmer,hepatic,release only,abstract/metadata,0,0,0
toxicity,248,hepatic,hepatotoxicity,B,LRP4; NCT05070858; cemdisiran,siRNA,1150,42030965,,10.1016/S0140-6736(26)00690-2,2026,Lancet,human,,,,,,,,,,,,,siRNA,hepatic,release only,abstract/metadata,0,0,0
toxicity,249,hepatic,hepatotoxicity,C,RyR2; Cy5-labeled; RyR2-targeting,siRNA,1151,41984094,,10.1007/s00204-026-04370-7,2026,Arch Toxicol,human,,,,,,,,,,,,,siRNA,hepatic,release only,abstract/metadata,0,0,0
toxicity,250,general safety,safety/tolerability,B,PCSK9; Inclisiran,siRNA,1217,41289434,,10.1097/FJC.0000000000001778,2026,J Cardiovasc Pharmacol,human,,,,,,,,,,,,,siRNA,general/other safety,release only,abstract/metadata,0,0,0
toxicity,251,hepatic,hepatotoxicity,B,patisiran; givosiran; vutrisiran,siRNA,1218,41274662,,10.1177/21593337251391029,2026,Nucleic Acid Ther,human,,,,,,,,,,,,,siRNA,hepatic,release only,abstract/metadata,0,0,0
toxicity,253,hepatic,hepatotoxicity,C,RGLS4326,ASO,1472,42132413,,10.1002/jcph.70207,2026,J Clin Pharmacol,human,,,,,,,,,,,,,ASO/gapmer,hepatic,release only,abstract/metadata,0,0,0
toxicity,254,hepatic,hepatotoxicity,C,unspecified siRNA,siRNA,1726,41956189,,10.1016/j.ijbiomac.2026.151876,2026,Int J Biol Macromol,human,,,,,,,,,,,,,siRNA,hepatic,release only,abstract/metadata,0,0,0
toxicity,258,hepatic,hepatotoxicity,C,PEG6000,siRNA,3272,41664462,,10.1021/acsami.5c12952,2026,ACS Appl Mater Interfaces,rat,,,,,,,,,,,,,siRNA,hepatic,release only,abstract/metadata,0,0,0
toxicity,259,hepatic,hepatotoxicity,C,Cy5-siRNA; HepG2,siRNA,3312,41518301,,10.1021/acs.bioconjchem.5c00554,2026,Bioconjug Chem,rat,,,,,,,,,,,,,siRNA,hepatic,release only,abstract/metadata,0,0,0
toxicity,260,hepatic,hepatotoxicity,C,PEG2000,siRNA,3376,41076799,,10.1016/j.bioadv.2025.214537,2026,Biomater Adv,rat,,,,,,,,,,,,,siRNA,hepatic,release only,abstract/metadata,0,0,0
toxicity,262,hepatic,hepatotoxicity,C,CCL2; MMP9,siRNA,5189,42007960,,10.1002/smll.202512276,2026,Small,mouse,,,,,,,,,,,,,siRNA,hepatic,release only,abstract/metadata,0,0,0
toxicity,264,general safety,safety/tolerability,B,nusinersen,ASO/siRNA mixed context,12078,39690144,,10.1080/14740338.2024.2443796,2026,Expert Opin Drug Saf,human,,,,,,,,,,,,,mixed ASO/siRNA,general/other safety,release only,abstract/metadata,0,0,0
toxicity,265,hepatic,hepatotoxicity,C,unspecified antisense oligonucleotide,ASO,8,41078095,,10.1002/cbic.202500584,2025,ChemBioChem,rat,,,,,,,,,,,,,ASO/gapmer,hepatic,release only,abstract/metadata,0,0,0
toxicity,266,hepatic,hepatotoxicity,B,PNPLA3; rs738409; PNPLA3I148M,siRNA,1048,40899091,,10.1177/21593337251375804,2025,Nucleic Acid Ther,human,,,,,,,,,,,,,siRNA,hepatic,release only,abstract/metadata,0,0,0
toxicity,267,hepatic,hepatotoxicity,C,unspecified siRNA,siRNA,1077,41457341,,10.1177/01926233251404016,2025,Toxicol Pathol,rat,,,,,,,,,,,,,siRNA,hepatic,release only,abstract/metadata,0,0,0
toxicity,268,hepatic,hepatotoxicity,C,Atp5o,ASO,1108,40134366,,10.1089/nat.2024.0047,2025,Nucleic Acid Ther,mouse,,,,,,,,,,,,,ASO/gapmer,hepatic,release only,abstract/metadata,0,0,0
toxicity,270,hepatic,hepatotoxicity,B,SPL84,ASO,1133,39500647,,10.1016/j.jcf.2024.10.004,2025,J Cyst Fibros,human,,,,,,,,,,,,,ASO/gapmer,hepatic,release only,abstract/metadata,0,0,0
toxicity,271,hepatic,hepatotoxicity,C,NS102; ED50,siRNA,1425,41167339,,10.1016/j.jconrel.2025.114366,2025,J Control Release,mouse,,,,,,,,,,,,,siRNA,hepatic,release only,abstract/metadata,0,0,0
toxicity,273,hepatic,hepatotoxicity,B,TfR1,ASO,1468,39325927,,10.1002/anie.202415272,2025,Angew Chem Int Ed Engl,human,,,,,,,,,,,,,ASO/gapmer,hepatic,release only,abstract/metadata,0,0,0
toxicity,278,hepatic,hepatotoxicity,C,LP5-SeNP; LP1-SeNP,siRNA,3484,41037472,,10.1021/acsabm.5c01486,2025,ACS Appl Bio Mater,rat,,,,,,,,,,,,,siRNA,hepatic,release only,abstract/metadata,0,0,0
toxicity,283,hepatic,hepatotoxicity,C,TUBB3; TUBB3-siRNA; TUBB3-LNPs,siRNA,3572,40736337,,10.1021/acsami.5c07808,2025,ACS Appl Mater Interfaces,rat,,,,,,,,,,,,,siRNA,hepatic,release only,abstract/metadata,0,0,0
toxicity,288,hepatic,hepatotoxicity,C,unspecified siRNA,siRNA,3764,39907973,,10.1007/s13346-025-01800-4,2025,Drug Deliv Transl Res,rat,,,,,,,,,,,,,siRNA,hepatic,release only,abstract/metadata,0,0,0
toxicity,290,hepatic,hepatotoxicity,C,miRNA34a; LNA34a; NOTCH1,ASO/siRNA mixed context,9647,40306578,,10.1016/j.jconrel.2025.113791,2025,J Control Release,rat,,,,,,,,,,,,,mixed ASO/siRNA,hepatic,release only,abstract/metadata,0,0,0
toxicity,291,hepatic,hepatotoxicity,C,siG12Ss; siG12S; KRASG12S,siRNA,9951,40073943,,10.1016/j.jconrel.2025.113624,2025,J Control Release,mouse,,,,,,,,,,,,,siRNA,hepatic,release only,abstract/metadata,0,0,0
toxicity,293,hepatic,hepatotoxicity,B,NCT05089084; Plozasiran,siRNA,10466,39225259,,10.1056/NEJMoa2409368,2025,N Engl J Med,human,,,,,,,,,,,,,siRNA,hepatic,release only,abstract/metadata,0,0,0
toxicity,296,hepatic,hepatotoxicity,B,GalNAc3; GalNAc3-conjugated,ASO,1112,38227794,,10.1089/nat.2023.0026,2024,Nucleic Acid Ther,human,,,,,,,,,,,,,ASO/gapmer,hepatic,release only,abstract/metadata,0,0,0
toxicity,297,hepatic,hepatotoxicity,B,SYT13; Syt13-deficient; Syt13-deficiency,ASO,1453,39192097,,10.1007/s10120-024-01548-9,2024,Gastric Cancer,human,,,,,,,,,,,,,ASO/gapmer,hepatic,release only,abstract/metadata,0,0,0
toxicity,298,hepatic,hepatotoxicity,B,BIIB078; NCT03626012; BIIB078-treated,ASO,1454,39059407,,10.1016/S1474-4422(24)00216-3,2024,Lancet Neurol,human,,,,,,,,,,,,,ASO/gapmer,hepatic,release only,abstract/metadata,0,0,0
toxicity,300,hepatic,hepatotoxicity,C,SMN2; BPP8-PMO; Cy7,ASO,1582,38749176,,10.1016/j.biopha.2024.116737,2024,Biomed Pharmacother,mouse,,,,,,,,,,,,,ASO/gapmer,hepatic,release only,abstract/metadata,0,0,0
toxicity,301,hepatic,hepatotoxicity,C,Ki67,siRNA,1878,39447842,,10.1016/j.jconrel.2024.10.047,2024,J Control Release,rat,,,,,,,,,,,,,siRNA,hepatic,release only,abstract/metadata,0,0,0
toxicity,303,hepatic,hepatotoxicity,C,PNMVA24,siRNA,1926,37994483,,10.1002/adhm.202302712,2024,Adv Healthc Mater,mouse,,,,,,,,,,,,,siRNA,hepatic,release only,abstract/metadata,0,0,0
toxicity,304,hepatic,hepatotoxicity,B,nusinersen,ASO,2630,37649429,,10.1080/00207454.2023.2251662,2024,Int J Neurosci,human,,,,,,,,,,,,,ASO/gapmer,hepatic,release only,abstract/metadata,0,0,0
toxicity,305,hepatic,hepatotoxicity,B,nusinersen,ASO,2634,35787224,,10.1080/00207454.2022.2095270,2024,Int J Neurosci,human,,,,,,,,,,,,,ASO/gapmer,hepatic,release only,abstract/metadata,0,0,0
toxicity,308,hepatic,hepatotoxicity,C,unspecified siRNA,siRNA,3957,38197438,,10.1039/d3nr05738k,2024,Nanoscale,human,,,,,,,,,,,,,siRNA,hepatic,release only,abstract/metadata,0,0,0
toxicity,309,hepatic,hepatotoxicity,C,unspecified siRNA,siRNA,3959,38191947,,10.1208/s12249-023-02728-z,2024,AAPS PharmSciTech,rat,,,,,,,,,,,,,siRNA,hepatic,release only,abstract/metadata,0,0,0
toxicity,311,hepatic,hepatotoxicity,C,unspecified siRNA,siRNA,10888,39106627,,10.1016/j.ijbiomac.2024.134515,2024,Int J Biol Macromol,mouse,,,,,,,,,,,,,siRNA,hepatic,release only,abstract/metadata,0,0,0
toxicity,313,hepatic,hepatotoxicity,C,PCSK9; GN3; MC3-LNP,siRNA,11712,37951519,,10.1016/j.actbio.2023.10.038,2024,Acta Biomater,mouse,,,,,,,,,,,,,siRNA,hepatic,release only,abstract/metadata,0,0,0
toxicity,315,hepatic,hepatotoxicity,C,unspecified siRNA,siRNA,13711,39521158,,10.1016/j.ijpharm.2024.124928,2024,Int J Pharm,rat,,,,,,,,,,,,,siRNA,hepatic,release only,abstract/metadata,0,0,0
toxicity,316,general toxicity,toxicity,C,unspecified siRNA,siRNA,13881,39031853,,10.1002/smll.202401776,2024,Small,rat,,,,,,,,,,,,,siRNA,general/other safety,release only,abstract/metadata,0,0,0
toxicity,318,renal,renal safety,B,NCT03218995,ASO/siRNA mixed context,1600,37207382,,10.1016/j.nmd.2023.03.008,2023,Neuromuscul Disord,human,,,,,,,,,,,,,mixed ASO/siRNA,renal,release only,abstract/metadata,0,0,0
toxicity,319,hepatic,hepatotoxicity,C,HepG2,siRNA,1933,37871289,,10.1021/acs.biomac.3c00813,2023,Biomacromolecules,mouse,,,,,,,,,,,,,siRNA,hepatic,release only,abstract/metadata,0,0,0
toxicity,320,hepatic,hepatotoxicity,B,unspecified siRNA,siRNA,2304,36415122,,10.1002/cpdd.1197,2023,Clin Pharmacol Drug Dev,rat,,,,,,,,,,,,,siRNA,hepatic,release only,abstract/metadata,0,0,0
toxicity,321,hepatic,hepatotoxicity,B,NCT03338816; givosiran,ASO/siRNA mixed context,2666,37479139,,10.1016/j.jhep.2023.06.013,2023,J Hepatol,human,,,,,,,,,,,,,mixed ASO/siRNA,hepatic,release only,abstract/metadata,0,0,0
toxicity,322,hepatic,hepatotoxicity,C,BldA50M50; MixA50; MixD50,ASO,2669,37437196,,10.1021/acs.bioconjchem.3c00186,2023,Bioconjug Chem,mouse,,,,,,,,,,,,,ASO/gapmer,hepatic,release only,abstract/metadata,0,0,0
toxicity,323,hepatic,hepatotoxicity,B,NCT03417102; fitusiran,siRNA,2685,37003287,,10.1016/S0140-6736(23)00284-2,2023,Lancet,rat,,,,,,,,,,,,,siRNA,hepatic,release only,abstract/metadata,0,0,0
toxicity,324,hepatic,hepatotoxicity,C,CpG55; rH7HA,ASO/siRNA mixed context,12177,37659896,,10.1016/j.vaccine.2023.08.053,2023,Vaccine,human,,,,,,,,,,,,,mixed ASO/siRNA,hepatic,release only,abstract/metadata,0,0,0
toxicity,325,hepatic,hepatotoxicity,B,pelacarsen,ASO,12201,36529659,,10.1016/j.jacl.2022.12.001,2023,J Clin Lipidol,rat,,,,,,,,,,,,,ASO/gapmer,hepatic,release only,abstract/metadata,0,0,0
toxicity,327,hepatic,hepatotoxicity,B,CL1H6; CL1H6-LNP,siRNA,1428,34592399,,10.1016/j.ijpharm.2021.121140,2021,Int J Pharm,human,,,,,,,,,,,,,siRNA,hepatic,release only,abstract/metadata,0,0,0
toxicity,328,hepatic,hepatotoxicity,C,unspecified antisense oligonucleotide,ASO,1429,34060347,,10.1177/01926233211011615,2021,Toxicol Pathol,rat,,,,,,,,,,,,,ASO/gapmer,hepatic,release only,abstract/metadata,0,0,0
toxicity,329,hepatic,hepatotoxicity,B,GalNAc3; GalNAc3-MOE; GalNAc3-conjugated,ASO,1465,33431610,,10.1124/jpet.120.000222,2021,J Pharmacol Exp Ther,human,,,,,,,,,,,,,ASO/gapmer,hepatic,release only,abstract/metadata,0,0,0
toxicity,330,hepatic,hepatotoxicity,B,NCT02300233; volanesorsen,ASO,2754,33798466,,10.1016/S2213-8587(21)00046-2,2021,Lancet Diabetes Endocrinol,human,,,,,,,,,,,,,ASO/gapmer,hepatic,release only,abstract/metadata,0,0,0
toxicity,331,hepatic,hepatotoxicity,C,TPPS2a; TPPS2a-,siRNA,4126,34437914,,10.1016/j.jconrel.2021.08.039,2021,J Control Release,mouse,,,,,,,,,,,,,siRNA,hepatic,release only,abstract/metadata,0,0,0
toxicity,333,hepatic,hepatotoxicity,C,unspecified antisense oligonucleotide,ASO,1421,33084520,,10.1177/0192623320964391,2020,Toxicol Pathol,human,,,,,,,,,,,,,ASO/gapmer,hepatic,release only,abstract/metadata,0,0,0
toxicity,334,hepatic,hepatotoxicity,B,NCT01737398; Inotersen,ASO,1422,32833564,,10.1089/nat.2020.0867,2020,Nucleic Acid Ther,human,,,,,,,,,,,,,ASO/gapmer,hepatic,release only,abstract/metadata,0,0,0
toxicity,335,hepatic,hepatotoxicity,C,unspecified siRNA,siRNA,12219,31877238,,10.1002/jat.3938,2020,J Appl Toxicol,mouse,,,,,,,,,,,,,siRNA,hepatic,release only,abstract/metadata,0,0,0
toxicity,338,general safety,safety/tolerability,C,unspecified antisense oligonucleotide,ASO,2082,29708844,,10.1089/nat.2017.0706,2018,Nucleic Acid Ther,mouse,,,,,,,,,,,,,ASO/gapmer,general/other safety,release only,abstract/metadata,0,0,0
toxicity,339,hepatic,hepatotoxicity,C,Malat1-targeting,ASO,12059,30095329,,10.1089/nat.2018.0724,2018,Nucleic Acid Ther,,,,,,,,,,,,,,ASO/gapmer,hepatic,release only,abstract/metadata,0,0,0
toxicity,341,hepatic,hepatotoxicity,C,unspecified siRNA,siRNA,2083,28986168,,10.1016/j.jconrel.2017.09.044,2017,J Control Release,human,,,,,,,,,,,,,siRNA,hepatic,release only,abstract/metadata,0,0,0
toxicity,342,hepatic,hepatotoxicity,C,HepG2,ASO,2107,27923110,,10.1089/nat.2016.0639,2017,Nucleic Acid Ther,cell line,,,,,,,,,,,,,ASO/gapmer,hepatic,release only,abstract/metadata,0,0,0
toxicity,343,genotoxicity,DNA damage response,C,unspecified antisense oligonucleotide,ASO,2232,28295562,,10.1002/em.22076,2017,Environ Mol Mutagen,mouse,,,,,,,,,,,,,ASO/gapmer,genotoxicity,release only,abstract/metadata,0,0,0
toxicity,344,hepatic,hepatotoxicity,C,KL4,siRNA,12641,29121767,,10.1021/acs.molpharmaceut.7b00725,2017,Mol Pharm,human,,,,,,,,,,,,,siRNA,hepatic,release only,abstract/metadata,0,0,0
toxicity,345,hepatic,hepatotoxicity,B,unspecified antisense oligonucleotide,ASO,2801,27854228,,10.3233/JND-160157,2016,J Neuromuscul Dis,human,,,,,,,,,,,,,ASO/gapmer,hepatic,release only,abstract/metadata,0,0,0
toxicity,346,hepatic,hepatotoxicity,C,Myo1E,ASO,2084,24336348,,10.1093/toxsci/kft278,2014,Toxicol Sci,mouse,,,,,,,,,,,,,ASO/gapmer,hepatic,release only,abstract/metadata,0,0,0
toxicity,347,hepatic,hepatotoxicity,B,NCT01153932; drisapersen,ASO,2821,25209738,,10.1016/S1474-4422(14)70195-4,2014,Lancet Neurol,human,,,,,,,,,,,,,ASO/gapmer,hepatic,release only,abstract/metadata,0,0,0
toxicity,348,hepatic,hepatotoxicity,B,unspecified antisense oligonucleotide,ASO,2823,24932560,,10.3109/08958378.2014.907587,2014,Inhal Toxicol,human,,,,,,,,,,,,,ASO/gapmer,hepatic,release only,abstract/metadata,0,0,0
toxicity,350,hepatic,hepatotoxicity,C,STAT3,ASO,2331,23692080,,10.1089/nat.2013.0422,2013,Nucleic Acid Ther,human,,,,,,,,,,,,,ASO/gapmer,hepatic,release only,abstract/metadata,0,0,0
toxicity,352,hepatic,hepatotoxicity,B,Myd88-deficient; MDA5; LGP2,ASO,4277,22505629,,10.1124/jpet.112.193789,2012,J Pharmacol Exp Ther,human,,,,,,,,,,,,,ASO/gapmer,hepatic,release only,abstract/metadata,0,0,0
toxicity,353,hepatic,hepatotoxicity,C,unspecified antisense oligonucleotide,ASO,4279,22246038,,10.1182/blood-2011-10-387134,2012,Blood,rat,,,,,,,,,,,,,ASO/gapmer,hepatic,release only,abstract/metadata,0,0,0
toxicity,354,hepatic,hepatotoxicity,B,unspecified antisense oligonucleotide,ASO,2066,20886212,,10.1007/s00280-010-1473-z,2011,Cancer Chemother Pharmacol,human,,,,,,,,,,,,,ASO/gapmer,hepatic,release only,abstract/metadata,0,0,0
toxicity,355,renal,renal safety,B,unspecified antisense oligonucleotide,ASO,2839,21540336,,10.1177/1091581811403505,2011,Int J Toxicol,human,,,,,,,,,,,,,ASO/gapmer,renal,release only,abstract/metadata,0,0,0
toxicity,356,renal,renal safety,B,unspecified antisense oligonucleotide,ASO,2840,21540335,,10.1177/1091581811403504,2011,Int J Toxicol,human,,,,,,,,,,,,,ASO/gapmer,renal,release only,abstract/metadata,0,0,0
toxicity,358,hepatic,hepatotoxicity,B,log10; NCT06115993; CTR20232098,ASO,1051,42176239,,10.1007/s12072-026-11102-7,2026,Hepatol Int,human,,,,,,,,,,,,,ASO/gapmer,hepatic,release only,abstract/metadata,0,0,0
toxicity,359,hepatic,hepatotoxicity,B,PCSK9; NCT04652726; inclisiran,siRNA,1155,41616799,,10.1016/S2213-8587(25)00351-1,2026,Lancet Diabetes Endocrinol,human,,,,,,,,,,,,,siRNA,hepatic,release only,abstract/metadata,0,0,0
toxicity,360,hepatic,hepatotoxicity,C,DUX4; iDUX4pA,ASO,1176,42198843,,10.1016/j.ymthe.2026.05.010,2026,Mol Ther,mouse,,,,,,,,,,,,,ASO/gapmer,hepatic,release only,abstract/metadata,0,0,0
toxicity,361,hepatic,hepatotoxicity,B,PCSK9; inclisiran,siRNA,1179,42141407,,10.1186/s12872-026-05931-5,2026,BMC Cardiovasc Disord,human,,,,,,,,,,,,,siRNA,hepatic,release only,abstract/metadata,0,0,0
toxicity,362,hepatic,hepatotoxicity,B,AUC0-inf; Zerlasiran,siRNA,1182,42108101,,10.5551/jat.66214,2026,J Atheroscler Thromb,rat,,,,,,,,,,,,,siRNA,hepatic,release only,abstract/metadata,0,0,0
toxicity,363,general safety,safety/tolerability,B,Inclisiran,ASO/siRNA mixed context,1201,41860775,,10.2459/JCM.0000000000001852,2026,J Cardiovasc Med (Hagerstown),human,,,,,,,,,,,,,mixed ASO/siRNA,general/other safety,release only,abstract/metadata,0,0,0
toxicity,364,hepatic,hepatotoxicity,B,MC3; MC3-based,siRNA,1209,41708903,,10.1007/s13346-026-02076-y,2026,Drug Deliv Transl Res,mouse,,,,,,,,,,,,,siRNA,hepatic,release only,abstract/metadata,0,0,0
toxicity,365,hepatic,hepatotoxicity,B,NCT04014335; RO7434656; sefaxersen,ASO,1308,41443406,,10.1016/j.kint.2025.11.017,2026,Kidney Int,human,,,,,,,,,,,,,ASO/gapmer,hepatic,release only,abstract/metadata,0,0,0
toxicity,368,hepatic,hepatotoxicity,C,MC3-LNP,siRNA,1375,41985596,,10.1016/j.ijpharm.2026.126878,2026,Int J Pharm,mouse,,,,,,,,,,,,,siRNA,hepatic,release only,abstract/metadata,0,0,0
toxicity,369,hepatic,hepatotoxicity,C,ABCG2; HCC1937; Ki67,siRNA,1392,41865608,,10.1016/j.colsurfb.2026.115616,2026,Colloids Surf B Biointerfaces,mouse,,,,,,,,,,,,,siRNA,hepatic,release only,abstract/metadata,0,0,0
toxicity,370,hepatic,hepatotoxicity,C,GATHER2; NCT04435366; mm2,aptamer,1520,41407269,,10.1016/j.ophtha.2025.12.011,2026,Ophthalmology,human,,,,,,,,,,,,,other,hepatic,release only,abstract/metadata,0,0,0
toxicity,371,hepatic,hepatotoxicity,B,NCT04439539; FUW48; log10IU,siRNA,1775,41193172,,10.1136/gutjnl-2025-336592,2026,Gut,rat,,,,,,,,,,,,,siRNA,hepatic,release only,abstract/metadata,0,0,0
toxicity,372,hepatic,hepatotoxicity,B,NCT05618379; Nusinersen,ASO/siRNA mixed context,2417,41461996,,10.1007/s12325-025-03475-2,2026,Adv Ther,,,,,,,,,,,,,,mixed ASO/siRNA,hepatic,release only,abstract/metadata,0,0,0
toxicity,376,hepatic,hepatotoxicity,B,CORE2-TIMI; NCT05079919; NCT05552326,ASO,7173,41211918,,10.1056/NEJMoa2512761,2026,N Engl J Med,human,,,,,,,,,,,,,ASO/gapmer,hepatic,release only,abstract/metadata,0,0,0
toxicity,377,hepatic,hepatotoxicity,C,unspecified antisense oligonucleotide,ASO,1127,40967408,,10.1016/j.jconrel.2025.114239,2025,J Control Release,human,,,,,,,,,,,,,ASO/gapmer,hepatic,release only,abstract/metadata,0,0,0
toxicity,378,hepatic,hepatotoxicity,B,viltolarsen,ASO,1274,39549635,,10.1016/j.braindev.2024.10.005,2025,Brain Dev,human,,,,,,,,,,,,,ASO/gapmer,hepatic,release only,abstract/metadata,0,0,0
toxicity,379,hepatic,hepatotoxicity,B,unspecified antisense oligonucleotide,ASO,1541,40607962,,10.1002/cpdd.1569,2025,Clin Pharmacol Drug Dev,human,,,,,,,,,,,,,ASO/gapmer,hepatic,release only,abstract/metadata,0,0,0
toxicity,380,hepatic,hepatotoxicity,C,GPC3-LPPEI; GPC3-targeting; GPC3,siRNA,2097,41121471,,10.2174/0113816128395585250923122829,2025,Curr Pharm Des,mouse,,,,,,,,,,,,,siRNA,hepatic,release only,abstract/metadata,0,0,0
toxicity,382,hepatic,hepatotoxicity,B,PCSK9; NCT05763875; Inclisiran,ASO/siRNA mixed context,2280,40392667,,10.1016/j.jacc.2025.04.049,2025,J Am Coll Cardiol,human,,,,,,,,,,,,,mixed ASO/siRNA,hepatic,release only,abstract/metadata,0,0,0
toxicity,383,hepatic,hepatotoxicity,C,SOX9; MC3-DMA; siSOX9,siRNA,2475,40717437,,10.1021/acs.molpharmaceut.5c00272,2025,Mol Pharm,mouse,,,,,,,,,,,,,siRNA,hepatic,release only,abstract/metadata,0,0,0
toxicity,384,general safety,safety/tolerability,B,inclisiran,ASO/siRNA mixed context,2510,40242982,,10.1093/eurjpc/zwaf214,2025,Eur J Prev Cardiol,human,,,,,,,,,,,,,mixed ASO/siRNA,general/other safety,release only,abstract/metadata,0,0,0
toxicity,385,hepatic,hepatotoxicity,C,unspecified siRNA,siRNA,3747,40010411,,10.1016/j.jconrel.2025.02.067,2025,J Control Release,rat,,,,,,,,,,,,,siRNA,hepatic,release only,abstract/metadata,0,0,0
toxicity,386,hepatic,hepatotoxicity,B,Nusinersen,ASO,7632,41337773,,,2025,Pain Physician,human,,,,,,,,,,,,,ASO/gapmer,hepatic,release only,abstract/metadata,0,0,0
toxicity,388,hepatic,hepatotoxicity,C,unspecified siRNA,siRNA,12427,39447239,,10.1016/j.bioadv.2024.214078,2025,Biomater Adv,mouse,,,,,,,,,,,,,siRNA,hepatic,release only,abstract/metadata,0,0,0
toxicity,389,hepatic,hepatotoxicity,B,NCT04971928; AUC0; Bepirovirsen,ASO,1564,39268699,,10.1002/cpdd.1454,2024,Clin Pharmacol Drug Dev,rat,,,,,,,,,,,,,ASO/gapmer,hepatic,release only,abstract/metadata,0,0,0
toxicity,390,hepatic,hepatotoxicity,B,NCT05139810,ASO,1580,38819395,,10.1056/NEJMoa2402478,2024,N Engl J Med,human,,,,,,,,,,,,,ASO/gapmer,hepatic,release only,abstract/metadata,0,0,0
toxicity,391,hepatic,hepatotoxicity,C,unspecified siRNA,siRNA,1585,38636882,,10.1016/j.ejpb.2024.114296,2024,Eur J Pharm Biopharm,mouse,,,,,,,,,,,,,siRNA,hepatic,release only,abstract/metadata,0,0,0
toxicity,392,general safety,safety/tolerability,B,CDR132L,ASO,2619,38269451,,10.1002/ejhf.3139,2024,Eur J Heart Fail,human,,,,,,,,,,,,,ASO/gapmer,general/other safety,release only,abstract/metadata,0,0,0
toxicity,393,hepatic,hepatotoxicity,B,caspase3,siRNA,3866,39146787,,10.1016/j.intimp.2024.112892,2024,Int Immunopharmacol,human,,,,,,,,,,,,,siRNA,hepatic,release only,abstract/metadata,0,0,0
toxicity,394,hepatic,hepatotoxicity,B,NCT03672188; log10; elebsiran,siRNA,10687,39389081,,10.1016/S2468-1253(24)00237-1,2024,Lancet Gastroenterol Hepatol,human,,,,,,,,,,,,,siRNA,hepatic,release only,abstract/metadata,0,0,0
toxicity,396,general safety,safety/tolerability,C,Ago2,siRNA,1137,37638886,,10.1021/jacs.3c04744,2023,J Am Chem Soc,mouse,,,,,,,,,,,,,siRNA,general/other safety,release only,abstract/metadata,0,0,0
toxicity,397,hematological,thrombocytopenia,C,unspecified antisense oligonucleotide,ASO,2199,36801361,,10.1016/j.tiv.2023.105569,2023,Toxicol In Vitro,mouse,,,,,,,,,,,,,ASO/gapmer,hematologic,release only,abstract/metadata,0,0,0
toxicity,398,hepatic,hepatotoxicity,B,Inclisiran,siRNA,2301,38057066,,10.1016/j.jacc.2023.10.007,2023,J Am Coll Cardiol,human,,,,,,,,,,,,,siRNA,hepatic,release only,abstract/metadata,0,0,0
toxicity,399,hepatic,hepatotoxicity,B,NCT03982186,siRNA,2303,37442152,,10.1016/S2468-1253(23)00148-6,2023,Lancet Gastroenterol Hepatol,human,,,,,,,,,,,,,siRNA,hepatic,release only,abstract/metadata,0,0,0
toxicity,400,hepatic,hepatotoxicity,B,Volanesorsen,ASO,2681,37100699,,10.1016/j.jacl.2023.03.007,2023,J Clin Lipidol,human,,,,,,,,,,,,,ASO/gapmer,hepatic,release only,abstract/metadata,0,0,0
toxicity,401,hepatic,hepatotoxicity,B,PCSK9; NCT03060577; inclisiran,siRNA,2697,36620965,,10.1016/S2213-8587(22)00353-9,2023,Lancet Diabetes Endocrinol,human,,,,,,,,,,,,,siRNA,hepatic,release only,abstract/metadata,0,0,0
toxicity,402,hepatic,hepatotoxicity,B,SPL84,ASO,12058,37799089,,10.1080/17425255.2023.2266361,2023,Expert Opin Drug Metab Toxicol,human,,,,,,,,,,,,,ASO/gapmer,hepatic,release only,abstract/metadata,0,0,0
toxicity,407,hematological,thrombocytopenia,C,unspecified antisense oligonucleotide,ASO,2314,31687889,,10.1089/nat.2019.0780,2020,Nucleic Acid Ther,mouse,,,,,,,,,,,,,ASO/gapmer,hematologic,release only,abstract/metadata,0,0,0
toxicity,408,hepatic,hepatotoxicity,C,antiPF4,ASO,2318,29846725,,10.1093/toxsci/kfy119,2018,Toxicol Sci,human,,,,,,,,,,,,,ASO/gapmer,hepatic,release only,abstract/metadata,0,0,0
toxicity,410,renal,renal safety,C,SGLT2,ASO,2086,22915769,,10.1124/jpet.112.197426,2012,J Pharmacol Exp Ther,human,,,,,,,,,,,,,ASO/gapmer,renal,release only,abstract/metadata,0,0,0
toxicity,411,hepatic,hepatotoxicity,B,unspecified oligonucleotide,ASO/siRNA mixed context,2109,22704926,,10.1016/j.vaccine.2012.05.074,2012,Vaccine,rat,,,,,,,,,,,,,mixed ASO/siRNA,hepatic,release only,abstract/metadata,0,0,0
toxicity,412,hepatic,hepatotoxicity,B,unspecified oligonucleotide,ASO/siRNA mixed context,2110,22326642,,10.1016/j.vaccine.2012.01.087,2012,Vaccine,rat,,,,,,,,,,,,,mixed ASO/siRNA,hepatic,release only,abstract/metadata,0,0,0
toxicity,413,renal,renal safety,C,unspecified antisense oligonucleotide,ASO,2269,22709826,,10.1016/j.tox.2012.06.005,2012,Toxicology,rat,,,,,,,,,,,,,ASO/gapmer,renal,release only,abstract/metadata,0,0,0
toxicity,414,general safety,clinical laboratory safety,A,Inclisiran,siRNA,2498,40391436,PMC12180692,10.1161/CIRCULATIONAHA.124.073233,2025,Circulation,human,,,,train,,,,,,,,,siRNA,general/other safety,benchmark split,PMC full text,0,0,0
toxicity,415,general safety,body weight/general tolerability,C,IL-4Ralpha ASO,ASO,9646,40308203,PMC12303760manuscript-id: NIHMS2075744,10.1161/CIRCULATIONAHA.124.072411,2025,Circulation,mouse,,,,,,,,,,,,,ASO/gapmer,general/other safety,release only,PMC full text,0,0,0
toxicity,416,general safety,adverse event reporting,A,Nusinersen,ASO,1571,39060346,PMC11282055,10.1038/s41598-024-67627-0,2024,Sci Rep,human,,,,test,,,,,,,,,ASO/gapmer,general/other safety,benchmark split,PMC full text,0,0,0
toxicity,417,general safety,treatment-emergent adverse events,A,Inclisiran,siRNA,2632,36550348,PMC11101568,10.1007/s10557-022-07413-0,2024,Cardiovasc Drugs Ther,human,,,,train,,,,,,,,,siRNA,general/other safety,benchmark split,PMC full text,0,0,0
toxicity,418,general safety,clinical safety and pharmacokinetics,B,AVI-6002/AVI-6003 PMOplus,PMOplus,2822,25155593,PMC4249403,10.1128/AAC.03442-14,2014,Antimicrob Agents Chemother,human,,,,test,,,,,,,,,PMO,general/other safety,benchmark split,PMC full text,0,0,0
toxicity,419,neurological,acute neuronal inhibition,A,phosphorothioate ASO panel,ASO,1044,41494985,PMC12865454,10.1093/nar/gkaf1333,2026,Nucleic Acids Res,rat/mouse/non-human primate,,,,train,,,,,,,,,ASO/gapmer,neurological,benchmark split,PMC full text,0,0,0
toxicity,420,general safety,nonclinical toxicology and biodistribution safety,C,G5-GalNAc siRNA platform,siRNA,1069,41541269,PMC12800395,10.1016/j.omtn.2025.102801,2026,Mol Ther Nucleic Acids,cynomolgus monkey/mouse,,,,,,,,,,,,,siRNA,general/other safety,release only,PMC full text,0,0,0
toxicity,421,general safety,hemolysis and cytotoxicity,A,TET3 siRNA lipid nanoparticles,siRNA,1192,41923247,PMC13169958,10.1186/s12951-026-04312-6,2026,J Nanobiotechnology,cell line,,,,train,,,,,,,,,siRNA,general/other safety,benchmark split,PMC full text,0,0,0
toxicity,423,general safety,cell viability/cytotoxicity,A,CaP-siSlc31a1,siRNA,1735,41809386,PMC12969650,10.1016/j.mtbio.2026.102991,2026,Mater Today Bio,cell line,,,,,,,,,,,,,siRNA,general/other safety,release only,PMC full text,0,0,0
toxicity,424,general safety,hematology/clinical chemistry/histology safety,A,FW-LP@siIRF5,siRNA,1741,41776767,PMC13001080,10.1021/acsnano.5c18044,2026,ACS Nano,mouse,,,,train,,,,,,,,,siRNA,general/other safety,benchmark split,PMC full text,0,0,0
toxicity,425,general safety,systemic exposure and immunogenicity safety,A,DCA-JAK13033 siRNA,siRNA,1750,41634015,PMC12976281,10.1038/s41467-026-68993-1,2026,Nat Commun,pig,,,,train,,,,,,,,,siRNA,general/other safety,benchmark split,PMC full text,0,0,0
toxicity,426,general safety,cell viability/cytotoxicity,A,siRNA nanocarriers/lipoplexes,siRNA,2428,41274361,PMC12700850,10.1016/j.ejps.2025.107386,2026,Eur J Pharm Sci,cell line,,,,validation,,,,,,,,,siRNA,general/other safety,benchmark split,PMC full text,0,0,0
toxicity,427,general safety,systemic toxicity/histology/body weight,A,DP-EVs/siPD-L1,siRNA,3228,41815210,PMC12972210,10.1002/mco2.70673,2026,MedComm (2020),mouse,,,,train,,,,,,,,,siRNA,general/other safety,benchmark split,PMC full text,0,0,0
toxicity,429,hepatic/renal,hepatotoxicity and kidney function,A,TGF-beta siRNA PMNP,siRNA,3262,41704233,PMC12907503,10.1016/j.bioactmat.2026.02.006,2026,Bioact Mater,mouse,,,,,,,,,,,,,siRNA,hepatic,release only,PMC full text,0,0,0
toxicity,430,general safety,systemic toxicity,C,siRNA polyplexes,siRNA,3263,41691982,PMC13183465manuscript-id: NIHMS2163813,10.1016/j.bbrc.2026.153430,2026,Biochem Biophys Res Commun,mouse,,,,,,,,,,,,,siRNA,general/other safety,release only,PMC full text,0,0,0
toxicity,432,general safety,cell viability/biocompatibility,A,siRNA-loaded CaP-NP/cGM formulation,siRNA,3276,41647289,PMC12869795,10.1093/rb/rbaf115,2026,Regen Biomater,3D in vitro human cell model,,,,validation,,,,,,,,,siRNA,general/other safety,benchmark split,PMC full text,0,0,0
toxicity,434,general safety,in vivo biosafety/hepatic renal and local nasal toxicity,A,siB/QU@L-OL,siRNA,3297,41560836,PMC12814076,10.1016/j.mtbio.2026.102764,2026,Mater Today Bio,mouse,,,,,,,,,,,,,siRNA,general/other safety,release only,PMC full text,0,0,0
toxicity,435,general safety,hemolysis/blood compatibility,A,curcumin coacervate siRNA formulation,siRNA,3316,41510156,PMC12775651,10.7150/thno.121865,2026,Theranostics,ex vivo blood/RBC,,,,,,,,,,,,,siRNA,general/other safety,release only,PMC full text,0,0,0
toxicity,436,hepatic/renal/general safety,histology and serum biochemistry safety,A,siRNA@VG-Exos,siRNA,3325,41491215,PMC12781530,10.1186/s12951-025-03954-2,2026,J Nanobiotechnology,mouse,,,,train,,,,,,,,,siRNA,hepatic,benchmark split,PMC full text,0,0,0
toxicity,437,general safety,organ morphology/body weight/cytokine safety,B,LNP-SNORA49 RNA/SOX9 ASO,ASO/RNA mixed context,6668,41565615,PMC12824223,10.1038/s41467-025-66486-1,2026,Nat Commun,mouse,,,,train,,,,,,,,,mixed ASO/siRNA,general/other safety,benchmark split,PMC full text,0,0,0
toxicity,438,general safety,cell viability/cytotoxicity,A,pPB-siRNATRAF6/NMm-pPB-siRNATRAF6,siRNA,6682,41560791,PMC12813177,10.1016/j.mtbio.2025.102734,2026,Mater Today Bio,cell line,,,,,,,,,,,,,siRNA,general/other safety,release only,PMC full text,0,0,0
toxicity,439,general safety,in vivo biocompatibility/clinical chemistry,A,pMSNC@ISG15 siRNA,siRNA,6684,41560785,PMC12813121,10.1016/j.mtbio.2025.102631,2026,Mater Today Bio,rat,,,,train,,,,,,,,,siRNA,general/other safety,benchmark split,PMC full text,0,0,0
toxicity,440,general safety,systemic toxicity/repeat-dose tolerability,A,SANG-siRNA,siRNA,6833,41500988,PMC12780282,10.1038/s41467-025-66788-4,2026,Nat Commun,mouse/rat,,,,train,,,,,,,,,siRNA,general/other safety,benchmark split,PMC full text,0,0,0
toxicity,441,general safety,cell viability/cytotoxicity,A,cationic/anionic siRNA lipoplexes,siRNA,12337,41282509,PMC12635908,10.3892/br.2025.2085,2026,Biomed Rep,cell line,,,,train,,,,,,,,,siRNA,general/other safety,benchmark split,PMC full text,0,0,0
toxicity,442,hematological,thrombocytopenia,B,ISIS 405879,ASO,1131,40101742,PMC12043408manuscript-id: NIHMS2042395,10.1093/jimmun/vkae055,2025,J Immunol,cynomolgus monkey,,,,train,,,,,,,,,ASO/gapmer,hematologic,benchmark split,PMC full text,0,0,0
toxicity,443,general safety,cell viability/cytotoxicity,A,LNP TNF-alpha siRNA,siRNA,1538,40776451,PMC12616584,10.1002/adhm.202500695,2025,Adv Healthc Mater,cell line,,,,,,,,,,,,,siRNA,general/other safety,release only,PMC full text,0,0,0
toxicity,444,general safety,cell viability/cytotoxicity,B,siSTAT3 silk sphere formulation,siRNA,1829,40584785,PMC12204100,10.2147/IJN.S519906,2025,Int J Nanomedicine,cell line,,,,,,,,,,,,,siRNA,general/other safety,release only,PMC full text,0,0,0
toxicity,446,general safety,cytocompatibility/erythrocompatibility,A,CDs-pDEAEMA/BIRC5 siRNA,siRNA,3695,40347142,PMC12152932,10.1021/acs.biomac.5c00267,2025,Biomacromolecules,human dermal fibroblasts/RBC,,,,,,,,,,,,,siRNA,general/other safety,release only,PMC full text,0,0,0
toxicity,447,general safety,cell viability/cytotoxicity,C,NLP-exosome complex STAT3 siRNA,siRNA,9471,40427146,PMC12109797,10.3390/cancers17101648,2025,Cancers (Basel),human cell line,,U87MG glioblastoma cells,,,,,,,,,,,siRNA,general/other safety,release only,PMC full text,0,0,0
toxicity,448,general safety,cell viability/cytotoxicity,B,P-HyOMe-WRAP5:siF3 nanoparticles,siRNA,9935,40084851,PMC12132915,10.1002/cmdc.202400885,2025,ChemMedChem,human cell line,,hiPSC-derived cardiomyocytes; EA.hy926 endothelial cells,,test,,,,,,,,,siRNA,general/other safety,benchmark split,PMC full text,0,0,0
toxicity,449,immunotoxicity,immune activation,A,BE-ST@siBACE1 / BE-ST@siRNA,siRNA,9961,40064874,PMC11893799,10.1038/s41467-025-57488-0,2025,Nat Commun,mouse,,blood; major organs; brain disease model,,test,,,,,,,,,siRNA,general/other safety,benchmark split,PMC full text,0,0,0
toxicity,450,general safety,cell viability/cytotoxicity,A,PEI/PHD2 siRNA nanocomplexes,siRNA,12938,41266661,PMC12634668,10.1038/s41598-025-24808-9,2025,Sci Rep,human cell line,,HUVEC,,train,,,,,,,,,siRNA,general/other safety,benchmark split,PMC full text,0,0,0
toxicity,451,general safety,cell viability/cytotoxicity,A,PLGA-CpG@ID8-M nanovaccine,CpG oligodeoxynucleotide,13359,39985265,PMC12005807,10.1002/advs.202412881,2025,Adv Sci (Weinh),mouse; cell line,,RAW264.7; BMDM; major organs,,train,,,,,,,,,CpG ODN,general/other safety,benchmark split,PMC full text,0,0,0
toxicity,452,general safety,systemic safety/tolerability,A,siRNA SORT LNPs,siRNA,2577,38973655,PMC11823468manuscript-id: NIHMS2006301,10.1002/adma.202313791,2024,Adv Mater,mouse,,liver; kidney; lung; spleen,,validation,,,,,,,,,siRNA,general/other safety,benchmark split,PMC full text,0,0,0
toxicity,453,hepatic,hepatotoxicity,A,Ube3a-AS ASO,ASO,2614,38327047,PMC11163203,10.1016/j.ymthe.2024.02.004,2024,Mol Ther,mouse,,maternal liver; fetal/pup liver; maternal serum,,test,,,,,,,,,ASO/gapmer,hepatic,benchmark split,PMC full text,0,0,0
toxicity,454,general safety,cell viability/cytotoxicity,A,CD44 siRNA nanoplexes,siRNA,10973,38998694,PMC11243722,10.3390/nano14131089,2024,Nanomaterials (Basel),human cell line,,MV3; ARPE-19,,train,,,,,,,,,siRNA,general/other safety,benchmark split,PMC full text,0,0,0
toxicity,455,general safety,cell viability/cytotoxicity,A,Phe-NPs/ASO,ASO,12161,39411247,PMC11474373,10.1016/j.omtn.2024.102340,2024,Mol Ther Nucleic Acids,mouse cell line,,GL261-Luc,,train,,,,,,,,,ASO/gapmer,general/other safety,benchmark split,PMC full text,0,0,0
toxicity,456,immunotoxicity,immune activation,A,DOTAP/siSmad4@EM,siRNA,12475,39258001,PMC11385781,10.1016/j.ajps.2024.100929,2024,Asian J Pharm Sci,mouse,,lung; BALF,,train,,,,,,,,,siRNA,general/other safety,benchmark split,PMC full text,0,0,0
toxicity,457,general safety,systemic safety/tolerability,A,TPNs-siRNA,siRNA,12485,39118143,PMC11308685,10.1186/s12951-024-02756-2,2024,J Nanobiotechnology,mouse,,blood; heart; liver; spleen; lung; kidney,,train,,,,,,,,,siRNA,general/other safety,benchmark split,PMC full text,0,0,0
toxicity,459,hepatic,hepatotoxicity,A,AA-T3A-C12/siHSP47 LNP,siRNA,4035,36650129,PMC9845313,10.1038/s41467-022-35637-z,2023,Nat Commun,mouse,,liver; heart; spleen; lung; kidney; serum,,train,,,,,,,,,siRNA,hepatic,benchmark split,PMC full text,0,0,0
toxicity,460,general safety,cell viability/cytotoxicity,B,r/si-ORF7 flexible nano-liposomes,siRNA,12511,37700336,PMC10496174,10.1186/s13578-023-01108-1,2023,Cell Biosci,human cell line,,ARPE-19,,test,,,,,,,,,siRNA,general/other safety,benchmark split,PMC full text,0,0,0
toxicity,461,general safety,cell viability/cytotoxicity,A,MPLN siRNA nanoparticles,siRNA,12533,36755201,PMC10074117,10.1002/advs.202300282,2023,Adv Sci (Weinh),human cell line; human primary cells,,TZM-bl; MT2; PBMC,,train,,,,,,,,,siRNA,general/other safety,benchmark split,PMC full text,0,0,0
toxicity,462,general safety,systemic safety/tolerability,A,ZNF416 siRNA-loaded liposomes,siRNA,12545,36371191,PMC9652794,10.1186/s12967-022-03740-w,2022,J Transl Med,mouse; cell line,,fibroblasts; serum; major organs,,train,,,,,,,,,siRNA,general/other safety,benchmark split,PMC full text,0,0,0
toxicity,463,general safety,cell viability/cytotoxicity,A,CS-OA coated PLGA siRNA nanoparticles,siRNA,4114,34684009,PMC8539707,10.3390/pharmaceutics13101716,2021,Pharmaceutics,human primary cells,,CD14+ peripheral-blood monocytes,,test,,,,,,,,,siRNA,general/other safety,benchmark split,PMC full text,0,0,0
toxicity,465,hepatic,hepatotoxicity,A,siSTAT3/DoCh LNP,siRNA,4197,32059541,PMC7072202,10.3390/biom10020285,2020,Biomolecules,mouse,,liver; lung; serum,,train,,,,,,,,,siRNA,hepatic,benchmark split,PMC full text,0,0,0
toxicity,469,general safety,systemic safety/tolerability,B,fully chemically modified hsiRNAs,siRNA,12636,29432571,PMC5861422,10.1093/nar/gky037,2018,Nucleic Acids Res,mouse,,blood chemistry; liver; kidney,,,,,,,,,,,siRNA,general/other safety,release only,PMC full text,0,0,0
toxicity,470,general safety,cell viability/cytotoxicity,A,Br-ApoE(K->A)-PMO and related P-PMO conjugates,PMO,12658,28118087,PMC5467147,10.1089/nat.2016.0652,2017,Nucleic Acid Ther,human cell line,,Huh7 hepatocytes,,train,,,,,,,,,PMO,general/other safety,benchmark split,PMC full text,0,0,0
toxicity,474,hematological,thrombocytopenia,B,ISIS 405879 2'-MOE ASO,ASO,2090,37093125,,10.1089/nat.2022.0042,2023,Nucleic Acid Ther,cynomolgus monkey,,platelets; serum,,,,,,,,,,,ASO/gapmer,hematologic,release only,abstract/metadata,0,0,0
toxicity,475,hepatic,hepatotoxicity,A,unspecified ASO,ASO,1055,42095135,PMC13140060,10.1016/j.omtn.2026.102930,2026,Mol Ther Nucleic Acids,cell line,,cell line,,train,,,,,,,,,ASO/gapmer,hepatic,benchmark split,PMC full text,0,0,0
toxicity,476,general safety,systemic safety/tolerability,A,unspecified ASO (PMID:41981306),ASO,1058,41981306,PMC13099374,10.1038/s41591-026-04314-9,2026,Nat Med,rat,,brain/CNS,,train,,,,,,,,,ASO/gapmer,general/other safety,benchmark split,PMC full text,0,0,0
toxicity,477,hepatic,hepatotoxicity,A,"TLK2 ASO (recovered B2 from PMID:41878536, curator:CM)",ASO,1062,41878536,PMC13006219,10.3389/fonc.2026.1659341,2026,Front Oncol,mouse,,liver,,validation,,,,,,,,,ASO/gapmer,hepatic,benchmark split,PMC full text,0,0,0
toxicity,478,hepatic,hepatotoxicity,A,unspecified ASO (PMID:42033225),ASO,1185,42033225,PMC13109722,10.1093/nar/gkag343,2026,Nucleic Acids Res,cell line,,liver,,train,,,,,,,,,ASO/gapmer,hepatic,benchmark split,PMC full text,0,0,0
toxicity,479,hepatic,hepatotoxicity,A,siRNA-Lipid,siRNA,1193,41919978,PMC13085844,10.1021/acsnano.5c21452,2026,ACS Nano,mouse,,liver,,validation,,,,,,,,,siRNA,hepatic,benchmark split,PMC full text,0,0,0
toxicity,480,general safety,cell viability/cytotoxicity,A,CO2,ASO,1210,41704705,PMC12907196,10.3389/fmed.2026.1719202,2026,Front Med (Lausanne),cell line,,liver,,train,,,,,,,,,ASO/gapmer,general/other safety,benchmark split,PMC full text,0,0,0
toxicity,481,hepatic,hepatotoxicity,A,"siRNA2 (recovered B2 from PMID:42005705, curator:CM)",siRNA,1368,42005705,PMC13091633,10.2147/IJN.S588018,2026,Int J Nanomedicine,mouse,,liver,,train,,,,,,,,,siRNA,hepatic,benchmark split,PMC full text,0,0,0
toxicity,482,hepatic,hepatotoxicity,C,"unspecified siRNA (v1 extraction artefact, pending source re-verification)",siRNA,1773,41220296,PMC12908211,10.1002/adhm.202503748,2026,Adv Healthc Mater,cell line,,cell line,,,,,,,,,,,siRNA,hepatic,release only,PMC full text,0,0,0
toxicity,483,hepatic,hepatotoxicity,A,"unspecified siRNA (v1 extraction artefact, pending source re-verification)",siRNA,2412,41587091,PMC12994142manuscript-id: NIHMS2150465,10.1182/blood.2025029834,2026,Blood,mouse,,liver,,train,,,,,,,,,siRNA,hepatic,benchmark split,PMC full text,0,0,0
toxicity,485,hepatic,hepatotoxicity,A,"unspecified siRNA (v1 extraction artefact, pending source re-verification)",siRNA,3294,41572432,PMC13042977,10.1002/advs.202510547,2026,Adv Sci (Weinh),mouse,,liver,,train,,,,,,,,,siRNA,hepatic,benchmark split,PMC full text,0,0,0
toxicity,492,hepatic,hepatotoxicity,A,"eteplirsen (recovered B2 from PMID:41961051, curator:CM)",PMO,5375,41961051,PMC13154584,10.57264/cer-2025-0108,2026,J Comp Eff Res,human,,liver,,train,,,,,,,,,PMO,hepatic,benchmark split,PMC full text,0,0,0
toxicity,499,general safety,systemic safety/tolerability,A,tofersen,ASO,6390,41661214,PMC12723595,10.1001/jamaneurol.2025.4946,2026,JAMA Neurol,human,,,,train,,,,,,,,,ASO/gapmer,general/other safety,benchmark split,PMC full text,0,0,0
toxicity,500,hepatic,hepatotoxicity,A,unspecified ASO (PMID:41630990),ASO,6475,41630990,PMC12860987,10.1016/j.omtn.2026.102834,2026,Mol Ther Nucleic Acids,mouse,,liver,,train,,,,,,,,,ASO/gapmer,hepatic,benchmark split,PMC full text,0,0,0
toxicity,509,hepatic,hepatotoxicity,C,"unspecified siRNA (v1 extraction artefact, pending source re-verification)",siRNA,7065,41334811,PMC12801319,10.1021/acs.biomac.5c01202,2026,Biomacromolecules,human,,liver,,,,,,,,,,,siRNA,hepatic,release only,PMC full text,0,0,0
toxicity,510,hepatic,hepatotoxicity,C,"unspecified CpG oligodeoxynucleotide (v1 extraction artefact, pending source re-verification)",CpG oligodeoxynucleotide,7129,41270206,PMC12866702,10.1002/advs.202515052,2026,Adv Sci (Weinh),cell line,,liver,,,,,,,,,,,CpG ODN,hepatic,release only,PMC full text,0,0,0
toxicity,511,general safety,cell viability/cytotoxicity,A,"unspecified siRNA (v1 extraction artefact, pending source re-verification)",siRNA,7336,40762902,PMC12893402manuscript-id: NIHMS2134215,10.1007/s13346-025-01920-x,2026,Drug Deliv Transl Res,cell line,,cell line,,train,,,,,,,,,siRNA,general/other safety,benchmark split,PMC full text,0,0,0
toxicity,512,hepatic,hepatotoxicity,B,"elsunersen (recovered B2 from PMID:40263630, curator:CM)",ASO,1013,40263630,PMC12283366,10.1038/s41591-025-03656-0,2025,Nat Med,human,,liver,,train,,,,,,,,,ASO/gapmer,hepatic,benchmark split,PMC full text,0,0,0
toxicity,513,hepatic,hepatotoxicity,A,"ASO 8–3 (recovered B2 from PMID:40098305, curator:CM)",ASO,1020,40098305,PMC12044654,10.1111/cas.70024,2025,Cancer Sci,human,,liver,,train,,,,,,,,,ASO/gapmer,hepatic,benchmark split,PMC full text,0,0,0
toxicity,514,hepatic,hepatotoxicity,A,"unspecified ASO (v1 extraction artefact, pending source re-verification)",ASO,1233,40926414,PMC12703169,10.1016/j.ymthe.2025.08.045,2025,Mol Ther,mouse,,liver,,train,,,,,,,,,ASO/gapmer,hepatic,benchmark split,PMC full text,0,0,0
toxicity,516,hepatic,hepatotoxicity,B,single-patient,ASO,1254,40414239,PMC12407188manuscript-id: NIHMS2086788embargo-date: 2026/06/07,10.1016/S0140-6736(25)00513-6,2025,Lancet,human,,liver,,train,,,,,,,,,ASO/gapmer,hepatic,benchmark split,PMC full text,0,0,0
toxicity,517,general safety,systemic safety/tolerability,A,nusinersen,ASO,1256,40367190,PMC12423764manuscript-id: NIHMS2101949,10.1126/scitranslmed.adv4656,2025,Sci Transl Med,human,,brain/CNS,,train,,,,,,,,,ASO/gapmer,general/other safety,benchmark split,PMC full text,0,0,0
toxicity,518,hepatic,hepatotoxicity,A,AZD8701,ASO,1270,39937271,PMC11995004,10.1158/1078-0432.CCR-24-1818,2025,Clin Cancer Res,human,,liver,,train,,,,,,,,,ASO/gapmer,hepatic,benchmark split,PMC full text,0,0,0
toxicity,520,hepatic,hepatotoxicity,A,"Chol-HDO[PMO] (recovered B2 from PMID:41429785, curator:CM)",PMO,1783,41429785,PMC12722745,10.1038/s41467-025-66765-x,2025,Nat Commun,human,,liver,,train,,,,,,,,,PMO,hepatic,benchmark split,PMC full text,0,0,0
toxicity,522,hepatic,hepatotoxicity,A,"iExoKrasG12D (recovered B2 from PMID:41027940, curator:CM)",siRNA,1803,41027940,PMC12485160,10.1038/s41467-025-63718-2,2025,Nat Commun,human,,liver,,train,,,,,,,,,siRNA,hepatic,benchmark split,PMC full text,0,0,0
toxicity,527,hepatic,hepatotoxicity,B,"STP705 (recovered B2 from PMID:39692702, curator:CM)",siRNA,2535,39692702,PMC11845920,10.1111/jocd.16722,2025,J Cosmet Dermatol,,,,,train,,,,,,,,,siRNA,hepatic,benchmark split,PMC full text,0,0,0
toxicity,528,hepatic,hepatotoxicity,C,"PDA@Mn-siSur-c-NPs (recovered B2 from PMID:41599118, curator:CM)",siRNA,3399,41599118,PMC12844724,10.3390/pharmaceutics18010010,2025,Pharmaceutics,human,,liver,,,,,,,,,,,siRNA,hepatic,release only,PMC full text,0,0,0
toxicity,529,hepatic,hepatotoxicity,A,"D-siRNA (recovered B2 from PMID:41473322, curator:CM)",siRNA,3402,41473322,PMC12746015,10.64898/2025.12.16.694641,2025,bioRxiv,mouse,,brain/CNS,,test,,,,,,,,,siRNA,hepatic,benchmark split,PMC full text,0,0,0
toxicity,530,hepatic,hepatotoxicity,A,siRNAs,siRNA,3407,41432033,PMC12723224,10.1093/nar/gkaf1374,2025,Nucleic Acids Res,mouse,,liver,,train,,,,,,,,,siRNA,hepatic,benchmark split,PMC full text,0,0,0
toxicity,531,hepatic,hepatotoxicity,A,elebsiran,siRNA,3426,41326382,PMC12780110,10.1038/s41467-025-66876-5,2025,Nat Commun,rat,,liver,,train,,,,,,,,,siRNA,hepatic,benchmark split,PMC full text,0,0,0
toxicity,533,general safety,cell viability/cytotoxicity,A,"KFFK (FFK)2-conjugated PNA (recovered B2 from PMID:41096791, curator:CM)",ASO,3472,41096791,PMC12525168,10.3390/ijms26199526,2025,Int J Mol Sci,human,,lung,,validation,,,,,,,,,ASO/gapmer,general/other safety,benchmark split,PMC full text,0,0,0
toxicity,538,general safety,cell viability/cytotoxicity,B,unspecified ASO (PMID:40736236),ASO,3573,40736236,PMC12403870,10.1128/spectrum.02622-24,2025,Microbiol Spectr,cell line,,lung,,train,,,,,,,,,ASO/gapmer,general/other safety,benchmark split,PMC full text,0,0,0
toxicity,539,general safety,cell viability/cytotoxicity,C,"unspecified siRNA (v1 extraction artefact, pending source re-verification)",siRNA,3596,40679089,PMC12344721,10.1021/acs.biomac.5c00344,2025,Biomacromolecules,cell line,,cell line,,,,,,,,,,,siRNA,general/other safety,release only,PMC full text,0,0,0
toxicity,540,hepatic,hepatotoxicity,A,"L2-siRNA (recovered B2 from PMID:40598893, curator:CM)",siRNA,3619,40598893,PMC12214009,10.1093/nar/gkaf600,2025,Nucleic Acids Res,rat,,brain/CNS,,test,,,,,,,,,siRNA,hepatic,benchmark split,PMC full text,0,0,0
toxicity,543,hepatic,hepatotoxicity,A,"HSA@ICG/siRNA NPs (recovered B2 from PMID:40259913, curator:CM)",siRNA,3710,40259913,PMC12010081,10.2147/IJN.S511655,2025,Int J Nanomedicine,cell line,,liver,,train,,,,,,,,,siRNA,hepatic,benchmark split,PMC full text,0,0,0
toxicity,544,general safety,cell viability/cytotoxicity,A,unspecified siRNA (PMID:40143003),siRNA,3725,40143003,PMC11946471,10.3390/pharmaceutics17030339,2025,Pharmaceutics,cell line,,cell line,,train,,,,,,,,,siRNA,general/other safety,benchmark split,PMC full text,0,0,0
toxicity,545,hepatic,hepatotoxicity,C,unspecified siRNA (PMID:39906612),siRNA,3765,39906612,PMC11790197,10.22038/ijbms.2024.81998.17744,2025,Iran J Basic Med Sci,cell line,,liver,,,,,,,,,,,siRNA,hepatic,release only,PMC full text,0,0,0
toxicity,546,renal,renal safety,A,"unspecified siRNA (v1 extraction artefact, pending source re-verification)",siRNA,3771,39860035,PMC11766699,10.3390/life15010095,2025,Life (Basel),cell line,,kidney,,train,,,,,,,,,siRNA,renal,benchmark split,PMC full text,0,0,0
toxicity,548,hepatic,hepatotoxicity,A,siRNAs,siRNA,3801,39632755,PMC11704396,10.4062/biomolther.2024.071,2025,Biomol Ther (Seoul),cell line,,liver,,validation,,,,,,,,,siRNA,hepatic,benchmark split,PMC full text,0,0,0
toxicity,551,hepatic,hepatotoxicity,C,Silica,siRNA,7559,41392621,PMC12754758manuscript-id: NIHMS2132376,10.1021/acsami.5c15253,2025,ACS Appl Mater Interfaces,cell line,,liver,,,,,,,,,,,siRNA,hepatic,release only,PMC full text,0,0,0
toxicity,556,hepatic,hepatotoxicity,A,"siPCSK9 (recovered B2 from PMID:41290746, curator:CM)",siRNA,7717,41290746,PMC12749358,10.1038/s41467-025-66630-x,2025,Nat Commun,mouse,,cell line,,validation,,,,,,,,,siRNA,hepatic,benchmark split,PMC full text,0,0,0
toxicity,560,hepatic,hepatotoxicity,A,unspecified siRNA (PMID:41226635),siRNA,7835,41226635,PMC12607363,10.3390/ijms262110582,2025,Int J Mol Sci,cell line,,cell line,,train,,,,,,,,,siRNA,hepatic,benchmark split,PMC full text,0,0,0
toxicity,565,hepatic,hepatotoxicity,B,"PUMCH-E13 (recovered B2 from PMID:40970667, curator:CM)",ASO,8330,40970667,PMC12453064,10.1167/iovs.66.12.46,2025,Invest Ophthalmol Vis Sci,human,,liver,,validation,,,,,,,,,ASO/gapmer,hepatic,benchmark split,PMC full text,0,0,0
toxicity,566,hepatic,hepatotoxicity,A,siPD-L1,siRNA,8508,40885724,PMC12398490,10.1038/s41467-025-63415-0,2025,Nat Commun,mouse,,liver,,train,,,,,,,,,siRNA,hepatic,benchmark split,PMC full text,0,0,0
toxicity,568,general safety,cell viability/cytotoxicity,B,unspecified siRNA (PMID:40848064),siRNA,8603,40848064,PMC12374930,10.1007/s00262-025-04148-3,2025,Cancer Immunol Immunother,cell line,,cell line,,train,,,,,,,,,siRNA,general/other safety,benchmark split,PMC full text,0,0,0
toxicity,571,hepatic,hepatotoxicity,C,inclisiran,siRNA,9021,40645721,PMC12441398,10.1016/j.jaccas.2025.103897,2025,JACC Case Rep,human,,liver,,,,,,,,,,,siRNA,hepatic,release only,PMC full text,0,0,0
toxicity,572,hepatic,hepatotoxicity,C,unspecified PMO (PMID:40608957),PMO,9102,40608957,PMC12677909,10.1093/brain/awaf249,2025,Brain,human,,liver,,,,,,,,,,,PMO,hepatic,release only,PMC full text,0,0,0
toxicity,574,hepatic,hepatotoxicity,B,"unspecified ASO (v1 extraction artefact, pending source re-verification)",ASO,9180,40574101,PMC12196915,10.3390/pharmaceutics17060789,2025,Pharmaceutics,human,,liver,,train,,,,,,,,,ASO/gapmer,hepatic,benchmark split,PMC full text,0,0,0
toxicity,576,hepatic,hepatotoxicity,C,"si-Cx43 (recovered B2 from PMID:40528841, curator:CM)",siRNA,9274,40528841,PMC12173670,10.1016/j.mtbio.2025.101917,2025,Mater Today Bio,rat,,cell line,,,,,,,,,,,siRNA,hepatic,release only,PMC full text,0,0,0
toxicity,578,hepatic,hepatotoxicity,A,"DG9-PMO (recovered B2 from PMID:40368879, curator:CM)",PMO,9560,40368879,PMC12078682,10.1038/s41467-025-59494-8,2025,Nat Commun,cell line,,cell line,,test,,,,,,,,,PMO,hepatic,benchmark split,PMC full text,0,0,0
toxicity,581,hepatic,hepatotoxicity,A,unspecified siRNA (PMID:40297405),siRNA,9662,40297405,PMC12036690,10.2147/IJN.S514375,2025,Int J Nanomedicine,cell line,,liver,,train,,,,,,,,,siRNA,hepatic,benchmark split,PMC full text,0,0,0
toxicity,583,hepatic,hepatotoxicity,C,"D-siRNA-Plk1 (recovered B2 from PMID:40236812, curator:CM)",siRNA,9750,40236812,PMC11999372,10.1016/j.mtbio.2025.101718,2025,Mater Today Bio,mouse,,liver,,,,,,,,,,,siRNA,hepatic,release only,PMC full text,0,0,0
toxicity,586,general toxicity,toxicity,B,unspecified siRNA (PMID:40207309),siRNA,9792,40207309,PMC11980806,10.2147/IJN.S501561,2025,Int J Nanomedicine,human,,,,train,,,,,,,,,siRNA,general/other safety,benchmark split,PMC full text,0,0,0
toxicity,587,renal,renal safety,A,nusinersen,ASO,9966,40060931,PMC11889396,10.1016/j.omtn.2025.102479,2025,Mol Ther Nucleic Acids,human,,kidney,,train,,,,,,,,,ASO/gapmer,renal,benchmark split,PMC full text,0,0,0
toxicity,588,hepatic,hepatotoxicity,C,"AS-T9/U4_MH (recovered B2 from PMID:39946362, curator:CM)",ASO,10132,39946362,PMC11825018,10.1371/journal.pone.0317559,2025,PLoS One,human,,liver,,,,,,,,,,,ASO/gapmer,hepatic,release only,PMC full text,0,0,0
toxicity,589,hepatic,hepatotoxicity,A,unspecified CpG (PMID:39838063),ASO,10245,39838063,PMC11751084,10.1038/s43856-024-00712-7,2025,Commun Med (Lond),human,,liver,,train,,,,,,,,,ASO/gapmer,hepatic,benchmark split,PMC full text,0,0,0
toxicity,598,hepatic,hepatotoxicity,A,unspecified ASO (PMID:39460376),ASO,1282,39460376,PMC11638874,10.1016/j.ymthe.2024.10.024,2024,Mol Ther,,,liver,,validation,,,,,,,,,ASO/gapmer,hepatic,benchmark split,PMC full text,0,0,0
toxicity,600,hepatic,hepatotoxicity,A,"ION-827359 (recovered B2 from PMID:39286058, curator:CM)",ASO,1562,39286058,PMC11403593,10.1183/23120541.00986-2023,2024,ERJ Open Res,,,liver,,train,,,,,,,,,ASO/gapmer,hepatic,benchmark split,PMC full text,0,0,0
toxicity,601,hepatic,hepatotoxicity,C,Site-blocking,ASO,2556,39379106,PMC11571808,10.1261/rna.080220.124,2024,RNA,mouse,,liver,,,,,,,,,,,ASO/gapmer,hepatic,release only,PMC full text,0,0,0
toxicity,602,hepatic,hepatotoxicity,A,siRNA-mediated,siRNA,2588,38779336,PMC11109470,10.1016/j.omtm.2024.101258,2024,Mol Ther Methods Clin Dev,cell line,,liver,,train,,,,,,,,,siRNA,hepatic,benchmark split,PMC full text,0,0,0
toxicity,603,hepatic,hepatotoxicity,B,unspecified ASO (PMID:38276948),ASO,2618,38276948,PMC11221813,10.1152/ajpheart.00745.2023,2024,Am J Physiol Heart Circ Physiol,,,liver,,train,,,,,,,,,ASO/gapmer,hepatic,benchmark split,PMC full text,0,0,0
toxicity,604,hepatic,hepatotoxicity,C,"NANP-siRhoA (recovered B2 from PMID:40308740, curator:CM)",siRNA,3813,40308740,PMC12043328manuscript-id: NIHMS2068822,10.59566/isrnn.2024.0101079,2024,RNA Nanomed,cell line,,liver,,,,,,,,,,,siRNA,hepatic,release only,PMC full text,0,0,0
toxicity,605,hepatic,hepatotoxicity,B,unspecified siRNA (PMID:39296267),siRNA,3848,39296267,PMC11406681,10.1021/acsptsci.4c00336,2024,ACS Pharmacol Transl Sci,human,,liver,,train,,,,,,,,,siRNA,hepatic,benchmark split,PMC full text,0,0,0
toxicity,607,hepatic,hepatotoxicity,A,"aODN-Survivin (recovered B2 from PMID:38672408, curator:CM)",ASO,3903,38672408,PMC11048556,10.3390/biom14040390,2024,Biomolecules,cell line,,liver,,test,,,,,,,,,ASO/gapmer,hepatic,benchmark split,PMC full text,0,0,0
toxicity,608,general safety,cell viability/cytotoxicity,A,unspecified siRNA (PMID:38617800),siRNA,3912,38617800,PMC11015852,10.2147/IJN.S443413,2024,Int J Nanomedicine,cell line,,cell line,,train,,,,,,,,,siRNA,general/other safety,benchmark split,PMC full text,0,0,0
toxicity,609,renal,renal safety,B,unspecified siRNA (PMID:38613388),ASO,3913,38613388,PMC11109979,10.1093/nar/gkae260,2024,Nucleic Acids Res,mouse,,kidney,,train,,,,,,,,,ASO/gapmer,renal,benchmark split,PMC full text,0,0,0
toxicity,611,hepatic,hepatotoxicity,C,"vivo-3′UTR (recovered B2 from PMID:39676860, curator:CM)",PMO,10547,39676860,PMC11638040,10.3389/fimmu.2024.1491230,2024,Front Immunol,mouse,,liver,,,,,,,,,,,PMO,hepatic,release only,PMC full text,0,0,0
toxicity,615,hepatic,hepatotoxicity,C,"HNP-siHOXB7 (recovered B2 from PMID:39458966, curator:CM)",siRNA,10648,39458966,PMC11509954,10.3390/ph17101325,2024,Pharmaceuticals (Basel),mouse,,liver,,,,,,,,,,,siRNA,hepatic,release only,PMC full text,0,0,0
toxicity,616,hepatic,hepatotoxicity,A,nusinersen,ASO,11036,38921951,PMC11206794,10.3390/neurolint16030047,2024,Neurol Int,human,,liver,,test,,,,,,,,,ASO/gapmer,hepatic,benchmark split,PMC full text,0,0,0
toxicity,622,immunotoxicity,immune activation,C,patisiran,siRNA,11357,38532802,PMC10964446,10.1177/17562864241239755,2024,Ther Adv Neurol Disord,human,,liver,,,,,,,,,,,siRNA,general/other safety,release only,PMC full text,0,0,0
toxicity,623,hepatic,hepatotoxicity,A,fitusiran,siRNA,11416,38452197,PMC11181353,10.1182/blood.2023021864,2024,Blood,human,,liver,,train,,,,,,,,,siRNA,hepatic,benchmark split,PMC full text,0,0,0
toxicity,625,hepatic,hepatotoxicity,C,siRNAs,siRNA,11479,38383439,PMC10882889,10.1186/s12943-024-01955-7,2024,Mol Cancer,cell line,,liver,,,,,,,,,,,siRNA,hepatic,release only,PMC full text,0,0,0
toxicity,627,hepatic,hepatotoxicity,C,siRNA-mediated,siRNA,12444,39553720,PMC11566511,10.7717/peerj.18214,2024,PeerJ,human,,liver,,,,,,,,,,,siRNA,hepatic,release only,PMC full text,0,0,0
toxicity,628,hepatic,hepatotoxicity,A,"cRGD-GR9G-(LLHH)3/siEGFR/siP65 (recovered B2 from PMID:39539970, curator:CM)",siRNA,12446,39539970,PMC11559232,10.2147/IJN.S483252,2024,Int J Nanomedicine,human,,liver,,train,,,,,,,,,siRNA,hepatic,benchmark split,PMC full text,0,0,0
toxicity,629,hepatic,hepatotoxicity,C,"cRGD-PEG-siRNA (recovered B2 from PMID:39431993, curator:CM)",siRNA,12453,39431993,PMC11583972,10.1021/acs.bioconjchem.4c00255,2024,Bioconjug Chem,human,,kidney,,,,,,,,,,,siRNA,hepatic,release only,PMC full text,0,0,0
toxicity,631,hepatic,hepatotoxicity,C,"unspecified siRNA (v1 extraction artefact, pending source re-verification)",siRNA,12500,39006767,PMC11240087,10.1039/d4ra01965b,2024,RSC Adv,cell line,,liver,,,,,,,,,,,siRNA,hepatic,release only,PMC full text,0,0,0
toxicity,634,general safety,cell viability/cytotoxicity,B,"siIRF1 (recovered B2 from PMID:39629104, curator:CM)",siRNA,13678,39629104,PMC11614587,10.2147/IJN.S487598,2024,Int J Nanomedicine,mouse,,cell line,,test,,,,,,,,,siRNA,general/other safety,benchmark split,PMC full text,0,0,0
toxicity,639,hepatic,hepatotoxicity,A,unspecified ASO (PMID:38042877),ASO,1136,38042877,PMC10693639,10.1038/s41467-023-43714-0,2023,Nat Commun,mouse,,liver,,train,,,,,,,,,ASO/gapmer,hepatic,benchmark split,PMC full text,0,0,0
toxicity,640,general safety,cell viability/cytotoxicity,A,unspecified siRNA,siRNA,1292,37834294,PMC10573891,10.3390/ijms241914846,2023,Int J Mol Sci,cell line,,cell line,,train,,,,,,,,,siRNA,general/other safety,benchmark split,PMC full text,0,0,0
toxicity,641,hepatic,hepatotoxicity,B,unspecified ASO,ASO,1955,36798116,PMC9927222,10.3389/fimmu.2023.1006741,2023,Front Immunol,mouse,,liver,,train,,,,,,,,,ASO/gapmer,hepatic,benchmark split,PMC full text,0,0,0
toxicity,642,hepatic,hepatotoxicity,A,unspecified siRNA (PMID:36727438),ASO,1958,36727438,PMC9976930,10.1093/nar/gkad023,2023,Nucleic Acids Res,human,,cell line,,validation,,,,,,,,,ASO/gapmer,hepatic,benchmark split,PMC full text,0,0,0
toxicity,643,hepatic,hepatotoxicity,C,siRNAs,siRNA,11811,38077055,PMC10705697,10.21203/rs.3.rs-1297358/v3,2023,Res Sq,mouse,,liver,,,,,,,,,,,siRNA,hepatic,release only,PMC full text,0,0,0
toxicity,644,hepatic,hepatotoxicity,A,unspecified ASO (PMID:38015828),ASO,11827,38015828,PMC10683999,10.1371/journal.pone.0294731,2023,PLoS One,mouse,,,,validation,,,,,,,,,ASO/gapmer,hepatic,benchmark split,PMC full text,0,0,0
toxicity,646,hepatic,hepatotoxicity,A,"9b2KC-23b (recovered B2 from PMID:37744174, curator:CM)",PMO,11931,37744174,PMC10514136,10.1016/j.omtn.2023.09.001,2023,Mol Ther Nucleic Acids,mouse,,liver,,train,,,,,,,,,PMO,hepatic,benchmark split,PMC full text,0,0,0
toxicity,648,hepatic,hepatotoxicity,A,unspecified ASO (PMID:37704069),ASO,12175,37704069,PMC10591917manuscript-id: NIHMS1931813,10.1016/j.bone.2023.116898,2023,Bone,mouse,,liver,,train,,,,,,,,,ASO/gapmer,hepatic,benchmark split,PMC full text,0,0,0
toxicity,650,hepatic,hepatotoxicity,A,"iLANDsiPAK4 (recovered B2 from PMID:37719367, curator:CM)",siRNA,13969,37719367,PMC10501866,10.1016/j.apsb.2023.03.020,2023,Acta Pharm Sin B,mouse,,liver,,validation,,,,,,,,,siRNA,hepatic,benchmark split,PMC full text,0,0,0
toxicity,651,renal,renal safety,B,single-chain,ASO,13975,37692001,PMC10483903,10.4103/JAPTR.JAPTR_117_23,2023,J Adv Pharm Technol Res,cell line,,kidney,,validation,,,,,,,,,ASO/gapmer,renal,benchmark split,PMC full text,0,0,0
toxicity,652,hepatic,hepatotoxicity,C,inclisiran,siRNA,14031,37424909,PMC10326624,10.3389/fcvm.2023.1181720,2023,Front Cardiovasc Med,human,,liver,,,,,,,,,,,siRNA,hepatic,release only,PMC full text,0,0,0
toxicity,654,hepatic,hepatotoxicity,A,"RO7062931 (recovered B2 from PMID:37147890, curator:CM)",ASO,14152,37147890,PMC10339693,10.1111/cts.13531,2023,Clin Transl Sci,human,,liver,,train,,,,,,,,,ASO/gapmer,hepatic,benchmark split,PMC full text,0,0,0
toxicity,656,hepatic,hepatotoxicity,C,inclisiran,siRNA,14195,37021909,PMC10077952,10.1002/prp2.1080,2023,Pharmacol Res Perspect,non-human primate,,liver,,,,,,,,,,,siRNA,hepatic,release only,PMC full text,0,0,0
toxicity,657,hepatic,hepatotoxicity,B,single-ascending,ASO,14202,37002654,PMC10175964,10.1111/cts.13498,2023,Clin Transl Sci,human,,liver,,train,,,,,,,,,ASO/gapmer,hepatic,benchmark split,PMC full text,0,0,0
toxicity,658,immunotoxicity,immune activation,A,"DG9-PMO (recovered B2 from PMID:36719755, curator:CM)",PMO,14276,36719755,PMC10077475,10.1172/jci.insight.160516,2023,JCI Insight,mouse,,cell line,,validation,,,,,,,,,PMO,general/other safety,benchmark split,PMC full text,0,0,0
toxicity,659,hepatic,hepatotoxicity,A,unspecified siRNA (PMID:36614194),siRNA,14302,36614194,PMC9821664,10.3390/ijms24010752,2023,Int J Mol Sci,mouse,,liver,,train,,,,,,,,,siRNA,hepatic,benchmark split,PMC full text,0,0,0
toxicity,660,hepatic,hepatotoxicity,A,unspecified ASO (PMID:35861704),ASO,1485,35861704,PMC9595634,10.1089/nat.2022.0005,2022,Nucleic Acid Ther,mouse,,liver,,train,,,,,,,,,ASO/gapmer,hepatic,benchmark split,PMC full text,0,0,0
toxicity,661,hepatic,hepatotoxicity,A,"ASO-001933 (recovered B2 from PMID:36090761, curator:CM)",ASO,1615,36090761,PMC9424863,10.1016/j.omtn.2022.07.027,2022,Mol Ther Nucleic Acids,human,,liver,,train,,,,,,,,,ASO/gapmer,hepatic,benchmark split,PMC full text,0,0,0
toxicity,662,hepatic,hepatotoxicity,A,single-dose,ASO,1617,35860385,PMC9287140,10.1016/j.omtn.2022.06.015,2022,Mol Ther Nucleic Acids,human,,brain/CNS,,train,,,,,,,,,ASO/gapmer,hepatic,benchmark split,PMC full text,0,0,0
toxicity,664,hepatic,hepatotoxicity,A,"LNP-S60-siRNA (recovered B2 from PMID:36520934, curator:CM)",siRNA,1964,36520934,PMC9754606,10.1371/journal.pone.0276905,2022,PLoS One,cell line,,liver,,test,,,,,,,,,siRNA,hepatic,benchmark split,PMC full text,0,0,0
toxicity,665,hepatic,hepatotoxicity,C,"PNA4986 (recovered B2 from PMID:35436109, curator:CM)",ASO,1980,35436109,PMC9112330,10.1021/acsinfecdis.2c00089,2022,ACS Infect Dis,cell line,,liver,,,,,,,,,,,ASO/gapmer,hepatic,release only,PMC full text,0,0,0
toxicity,666,hepatic,hepatotoxicity,A,"IONIS-FXIRx (recovered B2 from PMID:35155859, curator:CM)",ASO,1981,35155859,PMC8820988,10.1016/j.ekir.2021.11.011,2022,Kidney Int Rep,human,,liver,,train,,,,,,,,,ASO/gapmer,hepatic,benchmark split,PMC full text,0,0,0
toxicity,668,hepatic,hepatotoxicity,A,"ASO 5–2 (recovered B2 from PMID:34949835, curator:CM)",ASO,2727,34949835,PMC8861976manuscript-id: NIHMS1779498,10.1038/s41591-021-01557-6,2022,Nat Med,mouse,,liver,,train,,,,,,,,,ASO/gapmer,hepatic,benchmark split,PMC full text,0,0,0
toxicity,670,hepatic,hepatotoxicity,A,unspecified siRNA (PMID:36457549),siRNA,4051,36457549,PMC9707323,10.2147/IJN.S383862,2022,Int J Nanomedicine,cell line,,cell line,,test,,,,,,,,,siRNA,hepatic,benchmark split,PMC full text,0,0,0
toxicity,671,hepatic,hepatotoxicity,C,"HA-SeSe-COOH/siR-93C@PAMAM (recovered B2 from PMID:35156491, curator:CM)",siRNA,4091,35156491,PMC8856077,10.1080/10717544.2022.2032874,2022,Drug Deliv,mouse,,liver,,,,,,,,,,,siRNA,hepatic,release only,PMC full text,0,0,0
toxicity,672,hepatic,hepatotoxicity,C,siRNA-Based,siRNA,4092,35143189,PMC8938942manuscript-id: NIHMS1785508,10.1021/jacs.1c12750,2022,J Am Chem Soc,cell line,,blood/serum,,,,,,,,,,,siRNA,hepatic,release only,PMC full text,0,0,0
toxicity,676,hepatic,hepatotoxicity,A,unspecified ASO (PMID:34921016),ASO,14660,34921016,PMC8898261manuscript-id: NIHMS1767244,10.1158/0008-5472.CAN-20-0948,2022,Cancer Res,cell line,,liver,,train,,,,,,,,,ASO/gapmer,hepatic,benchmark split,PMC full text,0,0,0
toxicity,677,hepatic,hepatotoxicity,C,siRNA-Loaded,siRNA,1635,34683974,PMC8539450,10.3390/pharmaceutics13101681,2021,Pharmaceutics,cell line,,liver,,,,,,,,,,,siRNA,hepatic,release only,PMC full text,0,0,0
toxicity,678,hepatic,hepatotoxicity,B,Site-specific,ASO,1638,34141070,PMC8201499,10.1021/acsmedchemlett.1c00072,2021,ACS Med Chem Lett,,,liver,,train,,,,,,,,,ASO/gapmer,hepatic,benchmark split,PMC full text,0,0,0
toxicity,679,hepatic,hepatotoxicity,A,nusinersen,ASO,1645,33860461,PMC8609055,10.1007/s13311-021-01045-2,2021,Neurotherapeutics,non-human primate,,liver,,test,,,,,,,,,ASO/gapmer,hepatic,benchmark split,PMC full text,0,0,0
toxicity,680,hepatic,hepatotoxicity,C,"IONIS-AGT-LRx (recovered B2 from PMID:34222719, curator:CM)",ASO,1992,34222719,PMC8246029,10.1016/j.jacbts.2021.04.004,2021,JACC Basic Transl Sci,human,,liver,,,,,,,,,,,ASO/gapmer,hepatic,release only,PMC full text,0,0,0
toxicity,684,hepatic,hepatotoxicity,C,"peptide-siRNA-DOX (recovered B2 from PMID:34948105, curator:CM)",siRNA,14708,34948105,PMC8703959,10.3390/ijms222413314,2021,Int J Mol Sci,mouse,,cell line,,,,,,,,,,,siRNA,hepatic,release only,PMC full text,0,0,0
toxicity,686,hepatic,hepatotoxicity,A,"CpG2018B (recovered B2 from PMID:34566407, curator:CM)",CpG oligodeoxynucleotide,14741,34566407,PMC8459178,10.2147/DDDT.S325790,2021,Drug Des Devel Ther,mouse,,liver,,validation,,,,,,,,,CpG ODN,hepatic,benchmark split,PMC full text,0,0,0
toxicity,687,hepatic,hepatotoxicity,B,"MRCV-19 (recovered B2 from PMID:34440222, curator:CM)",PMO,14753,34440222,PMC8394971,10.3390/biomedicines9081018,2021,Biomedicines,cell line,,cell line,,train,,,,,,,,,PMO,hepatic,benchmark split,PMC full text,0,0,0
toxicity,690,general toxicity,toxicity,B,sided,ASO,14789,34251414,PMC8288671,10.1182/bloodadvances.2021004233,2021,Blood Adv,human,,liver,,validation,,,,,,,,,ASO/gapmer,general/other safety,benchmark split,PMC full text,0,0,0
toxicity,693,hepatic,hepatotoxicity,A,Site-specific,ASO,14905,33544849,PMC7913697,10.1093/nar/gkab047,2021,Nucleic Acids Res,cell line,,cell line,,test,,,,,,,,,ASO/gapmer,hepatic,benchmark split,PMC full text,0,0,0
toxicity,694,hepatic,hepatotoxicity,A,unspecified PMO (PMID:33337582),PMO,14926,33337582,PMC7863382,10.15252/emmm.202012993,2021,EMBO Mol Med,human,,liver,,test,,,,,,,,,PMO,hepatic,benchmark split,PMC full text,0,0,0
toxicity,695,hepatic,hepatotoxicity,A,"NVP-13 (recovered B2 from PMID:32178467, curator:CM)",ASO,1492,32178467,PMC7139664,10.3390/ijms21061952,2020,Int J Mol Sci,human,,liver,,train,,,,,,,,,ASO/gapmer,hepatic,benchmark split,PMC full text,0,0,0
toxicity,696,hepatic,hepatotoxicity,A,"LNAc/2′OMe18h (recovered B2 from PMID:31873063, curator:CM)",ASO,1660,31873063,PMC7133450,10.1089/nat.2019.0811,2020,Nucleic Acid Ther,mouse,,liver,,train,,,,,,,,,ASO/gapmer,hepatic,benchmark split,PMC full text,0,0,0
toxicity,700,hepatic,hepatotoxicity,A,unspecified ASO (PMID:32805488),ASO,14986,32805488,PMC7452286,10.1016/j.omtn.2020.07.008,2020,Mol Ther Nucleic Acids,mouse,,liver,,train,,,,,,,,,ASO/gapmer,hepatic,benchmark split,PMC full text,0,0,0
toxicity,702,hepatic,hepatotoxicity,A,unspecified ASO (PMID:30988454),ASO,2782,30988454,PMC6465270,10.1038/s41598-019-42523-0,2019,Sci Rep,mouse,,cell line,,train,,,,,,,,,ASO/gapmer,hepatic,benchmark split,PMC full text,0,0,0
toxicity,703,hepatic,hepatotoxicity,A,Site-specific,ASO,3148,31034558,PMC6582325,10.1093/nar/gkz247,2019,Nucleic Acids Res,mouse,,liver,,train,,,,,,,,,ASO/gapmer,hepatic,benchmark split,PMC full text,0,0,0
toxicity,705,hepatic,hepatotoxicity,A,unspecified siRNA (PMID:31375812),siRNA,4213,31375812,PMC6879195manuscript-id: NIHMS1533065,10.1038/s41587-019-0205-0,2019,Nat Biotechnol,mouse,,blood/serum,,train,,,,,,,,,siRNA,hepatic,benchmark split,PMC full text,0,0,0
toxicity,706,hepatic,hepatotoxicity,A,"IONIS-PKKRx (recovered B2 from PMID:30817230, curator:CM)",ASO,12610,30817230,PMC6461157,10.1089/nat.2018.0754,2019,Nucleic Acid Ther,,,liver,,train,,,,,,,,,ASO/gapmer,hepatic,benchmark split,PMC full text,0,0,0
toxicity,708,hepatic,hepatotoxicity,A,"BMSP-PMO-GF (recovered B2 from PMID:31629961, curator:CM)",PMO,15084,31629961,PMC6807288,10.1016/j.omtn.2019.09.012,2019,Mol Ther Nucleic Acids,mouse,,liver,,train,,,,,,,,,PMO,hepatic,benchmark split,PMC full text,0,0,0
toxicity,717,hepatic,hepatotoxicity,B,"revusiran (recovered B2 from PMID:28129130, curator:CM)",siRNA,2323,28129130,PMC5363199,10.1016/j.ymthe.2016.10.019,2017,Mol Ther,cell line,,liver,,test,,,,,,,,,siRNA,hepatic,benchmark split,PMC full text,0,0,0
toxicity,723,general safety,cell viability/cytotoxicity,A,silk,CpG oligodeoxynucleotide,12648,28694238,PMC5942204manuscript-id: NIHMS892590,10.1016/j.actbio.2017.07.014,2017,Acta Biomater,cell line,,cell line,,train,,,,,,,,,CpG ODN,general/other safety,benchmark split,PMC full text,0,0,0
toxicity,727,hepatic,hepatotoxicity,A,"LNA-i-miR-221 (recovered B2 from PMID:27327137, curator:CM)",miRNA agomir,4239,27327137,PMC5022129,10.1038/mtna.2016.36,2016,Mol Ther Nucleic Acids,mouse,,liver,,test,,,,,,,,,other,hepatic,benchmark split,PMC full text,0,0,0
toxicity,729,hepatic,hepatotoxicity,A,unspecified siRNA (PMID:27483025),siRNA,12672,27483025,PMC5023400,10.1038/mtna.2016.55,2016,Mol Ther Nucleic Acids,mouse,,liver,,train,,,,,,,,,siRNA,hepatic,benchmark split,PMC full text,0,0,0
toxicity,731,hepatic,hepatotoxicity,A,DUX4,PMO,15206,27378237,PMC5023379,10.1038/mt.2016.111,2016,Mol Ther,,,liver,,train,,,,,,,,,PMO,hepatic,benchmark split,PMC full text,0,0,0
toxicity,736,general toxicity,toxicity,B,unspecified ASO,ASO,4256,24586944,PMC3931823,10.1371/journal.pone.0089659,2014,PLoS One,mouse,,cell line,,train,,,,,,,,,ASO/gapmer,general/other safety,benchmark split,PMC full text,0,0,0
toxicity,742,hepatic,hepatotoxicity,B,"unspecified ASO (v1 extraction artefact, pending source re-verification)",ASO,4288,20886816,PMC2993159manuscript-id: NIHMS242039,10.1021/ja105875e,2010,J Am Chem Soc,,,liver,,train,,,,,,,,,ASO/gapmer,hepatic,benchmark split,PMC full text,0,0,0
toxicity,743,general safety,systemic safety/tolerability,B,"unspecified ASO (v1 extraction artefact, pending source re-verification)",ASO,1063,41876647,,10.1038/s41591-026-04262-4,2026,Nat Med,human,,liver,,,,,,,,,,,ASO/gapmer,general/other safety,release only,abstract/metadata,0,0,0
toxicity,754,hepatic,hepatotoxicity,B,siRNA-micelles,siRNA,3333,41443351,,10.1016/j.jconrel.2025.114568,2026,J Control Release,mouse,,blood/serum,,,,,,,,,,,siRNA,hepatic,release only,abstract/metadata,0,0,0
toxicity,759,hepatic,hepatotoxicity,B,"unspecified ASO (v1 extraction artefact, pending source re-verification)",ASO,4787,42108271,,10.1038/s41591-026-04408-4,2026,Nat Med,human,,liver,,,,,,,,,,,ASO/gapmer,hepatic,release only,abstract/metadata,0,0,0
toxicity,812,hepatic,hepatotoxicity,B,"unspecified ASO (v1 extraction artefact, pending source re-verification)",ASO,1014,39798707,,10.1016/j.jhep.2024.12.046,2025,J Hepatol,human,,liver,,,,,,,,,,,ASO/gapmer,hepatic,release only,abstract/metadata,0,0,0
toxicity,813,hepatic,hepatotoxicity,C,inotersen,ASO,1161,39580013,,10.1016/j.yrtph.2024.105743,2025,Regul Toxicol Pharmacol,rat,,liver,,,,,,,,,,,ASO/gapmer,hepatic,release only,abstract/metadata,0,0,0
toxicity,819,hepatic,hepatotoxicity,B,"unspecified ASO (v1 extraction artefact, pending source re-verification)",ASO,1842,40280496,,10.1016/j.spinee.2025.04.021,2025,Spine J,human,,liver,,,,,,,,,,,ASO/gapmer,hepatic,release only,abstract/metadata,0,0,0
toxicity,829,hepatic,hepatotoxicity,C,"unspecified siRNA (v1 extraction artefact, pending source re-verification)",siRNA,3789,39733890,,10.1016/j.ijbiomac.2024.139219,2025,Int J Biol Macromol,cell line,,liver,,,,,,,,,,,siRNA,hepatic,release only,abstract/metadata,0,0,0
toxicity,830,hepatic,hepatotoxicity,B,"unspecified siRNA (v1 extraction artefact, pending source re-verification)",siRNA,3790,39723844,,10.1021/acsabm.4c01319,2025,ACS Appl Bio Mater,mouse,,liver,,,,,,,,,,,siRNA,hepatic,release only,abstract/metadata,0,0,0
toxicity,903,hepatic,hepatotoxicity,B,"unspecified siRNA (v1 extraction artefact, pending source re-verification)",siRNA,1166,37497888,,10.1002/ajh.27015,2023,Am J Hematol,human,,liver,,,,,,,,,,,siRNA,hepatic,release only,abstract/metadata,0,0,0
toxicity,905,hepatic,hepatotoxicity,B,"unspecified siRNA (v1 extraction artefact, pending source re-verification)",siRNA,4042,36513186,,10.1016/j.jhep.2022.11.025,2023,J Hepatol,human,,liver,,,,,,,,,,,siRNA,hepatic,release only,abstract/metadata,0,0,0
toxicity,909,hepatic,hepatotoxicity,B,single-dose,siRNA,12017,37524230,,10.1016/j.jhep.2023.07.026,2023,J Hepatol,human,,liver,,,,,,,,,,,siRNA,hepatic,release only,abstract/metadata,0,0,0
toxicity,947,hepatic,hepatotoxicity,C,unspecified ASO (PMID:26855051),ASO,2807,26855051,,10.1016/j.jconrel.2016.02.007,2016,J Control Release,cell line,,liver,,,,,,,,,,,ASO/gapmer,hepatic,release only,abstract/metadata,0,0,0
toxicity,950,hepatic,hepatotoxicity,B,nusinersen,ASO,15203,27939059,,10.1016/S0140-6736(16)31408-8,2016,Lancet,human,,liver,,,,,,,,,,,ASO/gapmer,hepatic,release only,abstract/metadata,0,0,0
toxicity,952,general safety,cell viability/cytotoxicity,C,AMO122,ASO,4257,24511611,,,2014,J Control Release,cell line,,cell line,,,,,,,,,,,ASO/gapmer,general/other safety,release only,abstract/metadata,0,0,0
toxicity,958,general safety,cell viability/cytotoxicity,B,SQY51,ASO,1213,41583579,PMC12828233,10.1093/narmme/ugag001,2026,NAR Mol Med,cell line,,cell line,,train,,,,,,,,,ASO/gapmer,general/other safety,benchmark split,PMC full text,0,0,0
toxicity,966,hepatic,hepatotoxicity,A,"siRMSTN (recovered B2 from PMID:41041909, curator:CM)",siRNA,1776,41041909,PMC12836460,10.1002/adhm.202502186,2026,Adv Healthc Mater,mouse,,liver,,train,,,,,,,,,siRNA,hepatic,benchmark split,PMC full text,0,0,0
toxicity,969,hepatic,hepatotoxicity,A,"APGS (recovered B2 from PMID:41732207, curator:CM)",ASO,3251,41732207,PMC12925542,10.1016/j.omtn.2026.102848,2026,Mol Ther Nucleic Acids,cell line,,liver,,train,,,,,,,,,ASO/gapmer,hepatic,benchmark split,PMC full text,0,0,0
toxicity,974,hepatic,hepatotoxicity,A,"S9 (recovered B2 from PMID:41552385, curator:CM)",siRNA,3301,41552385,PMC12804371,10.1016/j.omtn.2025.102802,2026,Mol Ther Nucleic Acids,mouse,,liver,,train,,,,,,,,,siRNA,hepatic,benchmark split,PMC full text,0,0,0
toxicity,1039,hepatic,hepatotoxicity,A,unspecified siRNA (PMID:40737088),siRNA,1497,40737088,PMC12309379,10.1093/nar/gkaf692,2025,Nucleic Acids Res,rat,,liver,,train,,,,,,,,,siRNA,hepatic,benchmark split,PMC full text,0,0,0
toxicity,1043,hematological,thrombocytopenia,A,"unspecified ASO (v1 extraction artefact, pending source re-verification)",ASO,1828,40599554,PMC12208382,10.1097/CP9.0000000000000122,2025,Cardiol Plus,,,blood/serum,,validation,,,,,,,,,ASO/gapmer,hematologic,benchmark split,PMC full text,0,0,0
toxicity,1057,general toxicity,toxicity,A,Single-dose,siRNA,3701,40313754,PMC12045366,10.21203/rs.3.rs-6465542/v1,2025,Res Sq,,,brain/CNS,,train,,,,,,,,,siRNA,general/other safety,benchmark split,PMC full text,0,0,0
toxicity,1060,general safety,systemic safety/tolerability,A,Single-dose,siRNA,3717,40196492,PMC11974818,10.1101/2025.03.26.645328,2025,bioRxiv,mouse,,,,test,,,,,,,,,siRNA,general/other safety,benchmark split,PMC full text,0,0,0
toxicity,1083,hepatic,hepatotoxicity,A,BHF7,siRNA,8415,40928446,PMC12790151,10.1016/j.jacbts.2025.101364,2025,JACC Basic Transl Sci,cell line,,cell line,,train,,,,,,,,,siRNA,hepatic,benchmark split,PMC full text,0,0,0
toxicity,1087,general safety,cell viability/cytotoxicity,C,"unspecified siRNA (v1 extraction artefact, pending source re-verification)",siRNA,8595,40852577,PMC12369976manuscript-id: NIHMS2101912,10.1002/adfm.202508122,2025,Adv Funct Mater,cell line,,cell line,,,,,,,,,,,siRNA,general/other safety,release only,PMC full text,0,0,0
toxicity,1117,hepatic,hepatotoxicity,A,"unspecified ASO (v1 extraction artefact, pending source re-verification)",ASO,10025,40024534,PMC12022666,10.1016/j.jcmgh.2025.101485,2025,Cell Mol Gastroenterol Hepatol,mouse,,liver,,train,,,,,,,,,ASO/gapmer,hepatic,benchmark split,PMC full text,0,0,0
toxicity,1124,hepatic,hepatotoxicity,C,the ASO,ASO,10126,39950874,PMC11967816,10.1002/advs.202415169,2025,Adv Sci (Weinh),cell line,,liver,,,,,,,,,,,ASO/gapmer,hepatic,release only,PMC full text,0,0,0
toxicity,1131,renal,renal safety,A,"unspecified siRNA (v1 extraction artefact, pending source re-verification)",siRNA,12392,39940962,PMC11818693,10.3390/ijms26031196,2025,Int J Mol Sci,cell line,,kidney,,validation,,,,,,,,,siRNA,renal,benchmark split,PMC full text,0,0,0
toxicity,1141,hepatic,hepatotoxicity,A,"siTMEM45A (recovered B2 from PMID:39910045, curator:CM)",siRNA,13436,39910045,PMC11799145,10.1038/s41420-025-02336-9,2025,Cell Death Discov,human,,liver,,train,,,,,,,,,siRNA,hepatic,benchmark split,PMC full text,0,0,0
toxicity,1156,hepatic,hepatotoxicity,A,unspecified siRNA (PMID:38192611),siRNA,3958,38192611,PMC10772295,10.1016/j.omtn.2023.102088,2024,Mol Ther Nucleic Acids,mouse,,liver,,validation,,,,,,,,,siRNA,hepatic,benchmark split,PMC full text,0,0,0
toxicity,1161,hepatic,hepatotoxicity,A,givosiran,siRNA,10566,39597922,PMC11594983,10.3390/jcm13226779,2024,J Clin Med,human,,liver,,train,,,,,,,,,siRNA,hepatic,benchmark split,PMC full text,0,0,0
toxicity,1172,hepatic,hepatotoxicity,A,"unspecified siRNA (v1 extraction artefact, pending source re-verification)",siRNA,10988,38979291,PMC11230209,10.1101/2024.06.20.599943,2024,bioRxiv,human,,cell line,,train,,,,,,,,,siRNA,hepatic,benchmark split,PMC full text,0,0,0
toxicity,1179,hepatic,hepatotoxicity,B,"OA2-siRAPSYN (recovered B2 from PMID:38741123, curator:CM)",siRNA,11191,38741123,PMC11089668,10.1186/s12951-024-02505-5,2024,J Nanobiotechnology,cell line,,liver,,train,,,,,,,,,siRNA,hepatic,benchmark split,PMC full text,0,0,0
toxicity,1180,general safety,systemic safety/tolerability,B,nusinersen,ASO,11199,38722537,PMC11213752,10.1007/s12325-024-02852-7,2024,Adv Ther,human,,liver,,train,,,,,,,,,ASO/gapmer,general/other safety,benchmark split,PMC full text,0,0,0
toxicity,1198,hepatic,hepatotoxicity,C,"siRNA‐CaP@PD1‐NVs (recovered B2 from PMID:38973319, curator:CM)",siRNA,13888,38973319,PMC11425963,10.1002/advs.202400951,2024,Adv Sci (Weinh),cell line,,liver,,,,,,,,,,,siRNA,hepatic,release only,PMC full text,0,0,0
toxicity,1203,hepatic,hepatotoxicity,A,unspecified ASO (PMID:37200862),ASO,1481,37200862,PMC10185704,10.1016/j.omtn.2023.04.010,2023,Mol Ther Nucleic Acids,cell line,,liver,,train,,,,,,,,,ASO/gapmer,hepatic,benchmark split,PMC full text,0,0,0
toxicity,1214,hepatic,hepatotoxicity,A,"si3033 (recovered B2 from PMID:37925520, curator:CM)",siRNA,3979,37925520,PMC10625637,10.1038/s41467-023-42714-4,2023,Nat Commun,human,,liver,,train,,,,,,,,,siRNA,hepatic,benchmark split,PMC full text,0,0,0
toxicity,1220,general safety,systemic safety/tolerability,B,inotersen,ASO,11924,37768671,PMC10540057,10.1001/jama.2023.18688,2023,JAMA,human,,liver,,,,,,,,,,,ASO/gapmer,general/other safety,release only,PMC full text,0,0,0
toxicity,1240,hepatic,hepatotoxicity,B,"unspecified ASO (v1 extraction artefact, pending source re-verification)",ASO,1619,35667416,PMC9270256,10.1016/j.jlr.2022.100237,2022,J Lipid Res,mouse,,liver,,train,,,,,,,,,ASO/gapmer,hepatic,benchmark split,PMC full text,0,0,0
toxicity,1244,hepatic,hepatotoxicity,A,"SMN7D(-10-29) AO (recovered B2 from PMID:35464859, curator:CM)",ASO,2210,35464859,PMC9019733,10.3389/fgene.2022.791416,2022,Front Genet,cell line,,cell line,,train,,,,,,,,,ASO/gapmer,hepatic,benchmark split,PMC full text,0,0,0
toxicity,1247,hepatic,hepatotoxicity,A,"PC-DCA siRNA (recovered B2 from PMID:35847173, curator:CM)",siRNA,4069,35847173,PMC9263991,10.1016/j.omtn.2022.06.009,2022,Mol Ther Nucleic Acids,,,liver,,validation,,,,,,,,,siRNA,hepatic,benchmark split,PMC full text,0,0,0
toxicity,1257,hematological,thrombocytopenia,A,inotersen,ASO,14599,35289020,PMC9314115,10.1111/ene.15325,2022,Eur J Neurol,human,,blood/serum,,train,,,,,,,,,ASO/gapmer,hematologic,benchmark split,PMC full text,0,0,0
toxicity,1263,hepatic,hepatotoxicity,A,Single-Stranded,ASO,1996,34037271,PMC9291828,10.1002/hep.31920,2021,Hepatology,human,,liver,,train,,,,,,,,,ASO/gapmer,hepatic,benchmark split,PMC full text,0,0,0
toxicity,1270,hepatic,hepatotoxicity,A,siRNAs,siRNA,12553,34172725,PMC8233311,10.1038/s41467-021-24191-9,2021,Nat Commun,cell line,,cell line,,train,,,,,,,,,siRNA,hepatic,benchmark split,PMC full text,0,0,0
toxicity,1289,hepatic,hepatotoxicity,C,"Pip6a-PMO (recovered B2 from PMID:31479430, curator:CM)",PMO,4212,31479430,PMC6819114,10.1172/JCI128205,2019,J Clin Invest,,,liver,,,,,,,,,,,PMO,hepatic,release only,PMC full text,0,0,0
toxicity,1292,hepatic,hepatotoxicity,B,"RGD-PEG-ECO/siβ3 (recovered B2 from PMID:31140918, curator:CM)",siRNA,12604,31140918,PMC6686697,10.1089/nat.2019.0784,2019,Nucleic Acid Ther,,,liver,,validation,,,,,,,,,siRNA,hepatic,benchmark split,PMC full text,0,0,0
toxicity,1293,hepatic,hepatotoxicity,A,siRNAs,siRNA,12616,30535404,PMC6379714,10.1093/nar/gky1232,2019,Nucleic Acids Res,cell line,,liver,,train,,,,,,,,,siRNA,hepatic,benchmark split,PMC full text,0,0,0
toxicity,1297,hepatic,hepatotoxicity,A,"unspecified ASO (v1 extraction artefact, pending source re-verification)",ASO,12621,30114557,PMC6092551,10.1016/j.omtn.2018.07.010,2018,Mol Ther Nucleic Acids,human,,liver,,,,,,,,,,,ASO/gapmer,hepatic,release only,PMC full text,0,0,0
toxicity,1306,hepatic,hepatotoxicity,B,"MORF1-MORF2 (recovered B2 from PMID:24308267, curator:CM)",PMO,4261,24308267,PMC3908873manuscript-id: NIHMS548399,10.1021/nn4053827,2014,ACS Nano,mouse,,liver,,train,,,,,,,,,PMO,hepatic,benchmark split,PMC full text,0,0,0
toxicity,1317,hepatic,hepatotoxicity,B,unspecified siRNA (PMID:41797405),siRNA,1737,41797405,,10.1021/acsnano.5c16693,2026,ACS Nano,human,,lung,,,,,,,,,,,siRNA,hepatic,release only,abstract/metadata,0,0,0
toxicity,1329,hepatic,hepatotoxicity,B,"unspecified siRNA (v1 extraction artefact, pending source re-verification)",siRNA,4516,42173110,,10.1016/S2468-1253(26)00058-0,2026,Lancet Gastroenterol Hepatol,human,,liver,,,,,,,,,,,siRNA,hepatic,release only,abstract/metadata,0,0,0
toxicity,1387,hepatic,hepatotoxicity,B,"unspecified siRNA (v1 extraction artefact, pending source re-verification)",siRNA,1478,40179932,,10.1016/S0140-6736(25)00507-0,2025,Lancet,human,,liver,,,,,,,,,,,siRNA,hepatic,release only,abstract/metadata,0,0,0
toxicity,1388,toxicity,intraocular pressure spike / ocular safety,B,unspecified oligonucleotide,ASO/siRNA mixed context,3960,38157582,,10.1016/j.bbrc.2023.149397,2024,Biochem Biophys Res Commun,,,,,,,,,,,,,,mixed ASO/siRNA,general/other safety,release only,abstract/metadata,0,0,0
toxicity,1389,toxicity,no adverse effects in chronic rodent dosing,C,unspecified oligonucleotide,ASO/siRNA mixed context,4253,25434769,,10.1021/ja505986a,2014,J Am Chem Soc,,,,,,,,,,,,,,mixed ASO/siRNA,general/other safety,release only,abstract/metadata,0,0,0
toxicity,1390,chemistry,chemical-modification off-target reduction,C,unspecified oligonucleotide,ASO/siRNA mixed context,1003,40877521,,10.1007/978-1-0716-4742-4_24,2025,Methods Mol Biol,,,,,,,,,,,,,,mixed ASO/siRNA,chemistry/delivery,release only,abstract/metadata,0,0,0
toxicity,1391,chemistry,PANAC GalNAc-siRNA conjugation improves gene silencing,C,unspecified oligonucleotide,ASO/siRNA mixed context,1049,40151235,PMC11938030,10.1021/jacsau.5c00012,2025,JACS Au,,,,,,,,,,,,,,mixed ASO/siRNA,chemistry/delivery,release only,PMC full text,0,0,0
toxicity,1392,chemistry,2-prime ribose modification improves silencing and reduces off-targets,C,unspecified oligonucleotide,ASO/siRNA mixed context,1154,41646886,PMC12870468,10.1016/j.omtn.2026.102835,2026,Mol Ther Nucleic Acids,,,,,,,,,,,,,,mixed ASO/siRNA,chemistry/delivery,release only,PMC full text,0,0,0
toxicity,1393,chemistry,seed-region modification reduces off-target binding,C,unspecified oligonucleotide,ASO/siRNA mixed context,1157,41467115,PMC12744844,10.1016/j.omtn.2025.102693,2025,Mol Ther Nucleic Acids,,,,,,,,,,,,,,mixed ASO/siRNA,chemistry/delivery,release only,PMC full text,0,0,0
toxicity,1394,chemistry,LNA modification alters antiviral oligonucleotide activity,C,unspecified oligonucleotide,ASO/siRNA mixed context,1210,41704705,PMC12907196,10.3389/fmed.2026.1719202,2026,Front Med (Lausanne),,,,,,,,,,,,,,mixed ASO/siRNA,chemistry/delivery,release only,PMC full text,0,0,0
toxicity,1395,chemistry,scpBNA/scpBNA2 nuclease-stability and activity profile,C,unspecified oligonucleotide,ASO/siRNA mixed context,1408,41169576,PMC12569656,10.1021/jacsau.5c01005,2025,JACS Au,,,,,,,,,,,,,,mixed ASO/siRNA,chemistry/delivery,release only,PMC full text,0,0,0
toxicity,1396,chemistry,nucleobase modification reduces ASO hepatotoxicity,C,unspecified oligonucleotide,ASO/siRNA mixed context,1409,35801870,PMC9303313,10.1093/nar/gkac562,2022,Nucleic Acids Res,,,,,,,,,,,,,,mixed ASO/siRNA,chemistry/delivery,release only,PMC full text,0,0,0
toxicity,1397,chemistry,GalNAc3 conjugation potency increase,B,unspecified oligonucleotide,ASO/siRNA mixed context,1465,33431610,,10.1124/jpet.120.000222,2021,J Pharmacol Exp Ther,,,,,,,,,,,,,,mixed ASO/siRNA,chemistry/delivery,release only,abstract/metadata,0,0,0
toxicity,1398,chemistry,alkyl phosphonate seed modification improves specificity,C,unspecified oligonucleotide,ASO/siRNA mixed context,1497,40737088,PMC12309379,10.1093/nar/gkaf692,2025,Nucleic Acids Res,,,,,,,,,,,,,,mixed ASO/siRNA,chemistry/delivery,release only,PMC full text,0,0,0
toxicity,1399,chemistry,GNA isonucleotides improve activity/off-target profile,C,unspecified oligonucleotide,ASO/siRNA mixed context,2309,34648028,PMC8565336,10.1093/nar/gkab916,2021,Nucleic Acids Res,,,,,,,,,,,,,,mixed ASO/siRNA,chemistry/delivery,release only,PMC full text,0,0,0
toxicity,1400,chemistry,3' terminal 2'-O-methyl activity reduction,C,unspecified oligonucleotide,ASO/siRNA mixed context,2762,32610253,PMC7327867,10.1016/j.omtn.2020.05.010,2020,Mol Ther Nucleic Acids,,,,,,,,,,,,,,mixed ASO/siRNA,chemistry/delivery,release only,PMC full text,0,0,0
toxicity,1401,chemistry,VHP peptide modification targeted siRNA-exosome delivery,B,unspecified oligonucleotide,ASO/siRNA mixed context,3325,41491215,PMC12781530,10.1186/s12951-025-03954-2,2026,J Nanobiotechnology,,,,,,,,,,,,,,mixed ASO/siRNA,chemistry/delivery,release only,PMC full text,0,0,0
toxicity,1402,chemistry,PDA/CD11b modification improves siRNA nanoparticle release and uptake,B,unspecified oligonucleotide,ASO/siRNA mixed context,3501,40977834,PMC12446780,10.1016/j.mtbio.2025.102226,2025,Mater Today Bio,,,,,,,,,,,,,,mixed ASO/siRNA,chemistry/delivery,release only,PMC full text,0,0,0
toxicity,1403,chemistry,fluorocarbon/aptamer comodification enhances siRNA delivery,B,unspecified oligonucleotide,ASO/siRNA mixed context,3571,40747059,PMC12308423,10.1021/jacsau.5c00474,2025,JACS Au,,,,,,,,,,,,,,mixed ASO/siRNA,chemistry/delivery,release only,PMC full text,0,0,0
toxicity,1404,chemistry,cholesterol-siRNA conjugate liver macrophage delivery,B,unspecified oligonucleotide,ASO/siRNA mixed context,4047,36318487,,10.1089/nat.2022.0038,2023,Nucleic Acid Ther,,,,,,,,,,,,,,mixed ASO/siRNA,chemistry/delivery,release only,abstract/metadata,0,0,0
toxicity,1405,chemistry,chemically modified siRNA allele-specific silencing,B,unspecified oligonucleotide,ASO/siRNA mixed context,4061,36192390,PMC9530163,10.1038/s41467-022-33061-x,2022,Nat Commun,,,,,,,,,,,,,,mixed ASO/siRNA,chemistry/delivery,release only,PMC full text,0,0,0
toxicity,1406,chemistry,2'-O-methyl/5' stabilization improves placental siRNA,B,unspecified oligonucleotide,ASO/siRNA mixed context,4069,35847173,PMC9263991,10.1016/j.omtn.2022.06.009,2022,Mol Ther Nucleic Acids,,,,,,,,,,,,,,mixed ASO/siRNA,chemistry/delivery,release only,PMC full text,0,0,0
toxicity,1407,chemistry,Pip6a conjugation enhances PMO muscle delivery,B,unspecified oligonucleotide,ASO/siRNA mixed context,4212,31479430,PMC6819114,10.1172/JCI128205,2019,J Clin Invest,,,,,,,,,,,,,,mixed ASO/siRNA,chemistry/delivery,release only,PMC full text,0,0,0
toxicity,1408,chemistry,sgc8 aptamer conjugation improves siRNA nanoparticle targeting,B,unspecified oligonucleotide,ASO/siRNA mixed context,12442,39583320,PMC11585994,10.2147/IJN.S477597,2024,Int J Nanomedicine,,,,,,,,,,,,,,mixed ASO/siRNA,chemistry/delivery,release only,PMC full text,0,0,0
toxicity,1409,chemistry,fully modified siRNA improves tissue retention,B,unspecified oligonucleotide,ASO/siRNA mixed context,12636,29432571,PMC5861422,10.1093/nar/gky037,2018,Nucleic Acids Res,,,,,,,,,,,,,,mixed ASO/siRNA,chemistry/delivery,release only,PMC full text,0,0,0
toxicity,1410,chemistry,5'-vinylphosphonate improves siRNA accumulation/silencing,B,unspecified oligonucleotide,ASO/siRNA mixed context,12652,28591791,PMC5570069,10.1093/nar/gkx507,2017,Nucleic Acids Res,,,,,,,,,,,,,,mixed ASO/siRNA,chemistry/delivery,release only,PMC full text,0,0,0
toxicity,1411,delivery,TfR antibody-ASO brain transcytosis delivery,C,unspecified oligonucleotide,ASO/siRNA mixed context,1080,41166443,PMC12574672,10.1093/nar/gkaf487,2025,Nucleic Acids Res,,,,,,,,,,,,,,mixed ASO/siRNA,chemistry/delivery,release only,PMC full text,0,0,0
toxicity,1412,delivery,PEG-(GK)10 ASO polyplex sentinel lymph node delivery,C,unspecified oligonucleotide,ASO/siRNA mixed context,1246,40540297,,10.1021/jacs.5c04234,2025,J Am Chem Soc,,,,,,,,,,,,,,mixed ASO/siRNA,chemistry/delivery,release only,abstract/metadata,0,0,0
toxicity,1413,delivery,PNMVA lipid carrier siRNA uptake/endosomal escape,C,unspecified oligonucleotide,ASO/siRNA mixed context,1926,37994483,,10.1002/adhm.202302712,2024,Adv Healthc Mater,,,,,,,,,,,,,,mixed ASO/siRNA,chemistry/delivery,release only,abstract/metadata,0,0,0
toxicity,1414,delivery,aptamer-mediated tumor accumulation of cisplatin conjugate,C,unspecified oligonucleotide,ASO/siRNA mixed context,2204,35921069,,10.1089/nat.2022.0024,2022,Nucleic Acid Ther,,,,,,,,,,,,,,mixed ASO/siRNA,chemistry/delivery,release only,abstract/metadata,0,0,0
toxicity,1415,delivery,PLGA/GelMA hydrogel siRNA cytoplasmic delivery,C,unspecified oligonucleotide,ASO/siRNA mixed context,3276,41647289,PMC12869795,10.1093/rb/rbaf115,2026,Regen Biomater,,,,,,,,,,,,,,mixed ASO/siRNA,chemistry/delivery,release only,PMC full text,0,0,0
toxicity,1416,delivery,scFv macrophage-membrane liposome siRNA uptake,C,unspecified oligonucleotide,ASO/siRNA mixed context,3529,40898177,PMC12406594,10.1186/s12896-025-01000-5,2025,BMC Biotechnol,,,,,,,,,,,,,,mixed ASO/siRNA,chemistry/delivery,release only,PMC full text,0,0,0
toxicity,1417,delivery,hydrophobically modified peptide lung siRNA delivery,C,unspecified oligonucleotide,ASO/siRNA mixed context,3950,38311577,PMC11005685,10.1002/advs.202308345,2024,Adv Sci (Weinh),,,,,,,,,,,,,,mixed ASO/siRNA,chemistry/delivery,release only,PMC full text,0,0,0
toxicity,1418,delivery,PAMAM dendrimer morpholino cellular delivery,C,unspecified oligonucleotide,ASO/siRNA mixed context,4246,26134311,PMC4598944manuscript-id: NIHMS704679,10.1039/c5nr01665g,2015,Nanoscale,,,,,,,,,,,,,,mixed ASO/siRNA,chemistry/delivery,release only,PMC full text,0,0,0
toxicity,1419,delivery,RGD/KA26 nanoparticle NSUN2 siRNA uptake,C,unspecified oligonucleotide,ASO/siRNA mixed context,4844,42093739,PMC13141635,10.1016/j.mtbio.2026.103116,2026,Mater Today Bio,,,,,,,,,,,,,,mixed ASO/siRNA,chemistry/delivery,release only,PMC full text,0,0,0
toxicity,1420,delivery,SANG tumor RNAi payload delivery,C,unspecified oligonucleotide,ASO/siRNA mixed context,6833,41500988,PMC12780282,10.1038/s41467-025-66788-4,2026,Nat Commun,,,,,,,,,,,,,,mixed ASO/siRNA,chemistry/delivery,release only,PMC full text,0,0,0
toxicity,1421,delivery,recNANP conditional RNAi inducer release,C,unspecified oligonucleotide,ASO/siRNA mixed context,8595,40852577,PMC12369976manuscript-id: NIHMS2101912,10.1002/adfm.202508122,2025,Adv Funct Mater,,,,,,,,,,,,,,mixed ASO/siRNA,chemistry/delivery,release only,PMC full text,0,0,0
toxicity,1422,delivery,DNA nanohydrogel ASO release after uptake,C,unspecified oligonucleotide,ASO/siRNA mixed context,9651,40305283,PMC12024947,10.3390/biom15040537,2025,Biomolecules,,,,,,,,,,,,,,mixed ASO/siRNA,chemistry/delivery,release only,PMC full text,0,0,0
toxicity,1423,delivery,hyaluronic acid nanocarrier siGLUT1 tumor delivery,C,unspecified oligonucleotide,ASO/siRNA mixed context,9875,40147647,,10.1016/j.ijbiomac.2025.142492,2025,Int J Biol Macromol,,,,,,,,,,,,,,mixed ASO/siRNA,chemistry/delivery,release only,abstract/metadata,0,0,0
toxicity,1424,delivery,mannosylated peptidyl lipid siG12S tumor delivery,C,unspecified oligonucleotide,ASO/siRNA mixed context,9951,40073943,,10.1016/j.jconrel.2025.113624,2025,J Control Release,,,,,,,,,,,,,,mixed ASO/siRNA,chemistry/delivery,release only,abstract/metadata,0,0,0
toxicity,1425,delivery,lysine-modified chitosan siRNA uptake,C,unspecified oligonucleotide,ASO/siRNA mixed context,12104,39348656,,,2024,Pak J Pharm Sci,,,,,,,,,,,,,,mixed ASO/siRNA,chemistry/delivery,release only,abstract/metadata,0,0,0
toxicity,1426,delivery,modified PEI nanoparticle siRNA transfection efficacy,C,unspecified oligonucleotide,ASO/siRNA mixed context,12538,36541426,,10.1002/biot.202200415,2023,Biotechnol J,,,,,,,,,,,,,,mixed ASO/siRNA,chemistry/delivery,release only,abstract/metadata,0,0,0
toxicity,1427,delivery,ZNF416 siRNA liposome fibrotic lung targeting,C,unspecified oligonucleotide,ASO/siRNA mixed context,12545,36371191,PMC9652794,10.1186/s12967-022-03740-w,2022,J Transl Med,,,,,,,,,,,,,,mixed ASO/siRNA,chemistry/delivery,release only,PMC full text,0,0,0
toxicity,1428,delivery,pH-responsive NP siRNA-prodrug tumor release,C,unspecified oligonucleotide,ASO/siRNA mixed context,12601,31381852,,10.1021/acs.nanolett.9b01660,2019,Nano Lett,,,,,,,,,,,,,,mixed ASO/siRNA,chemistry/delivery,release only,abstract/metadata,0,0,0
toxicity,1429,delivery,cysteamine gold nanoparticle siRNA delivery,C,unspecified oligonucleotide,ASO/siRNA mixed context,13711,39521158,,10.1016/j.ijpharm.2024.124928,2024,Int J Pharm,,,,,,,,,,,,,,mixed ASO/siRNA,chemistry/delivery,release only,abstract/metadata,0,0,0
toxicity,1430,delivery,magnetic hyperthermia siRNA transfection,C,unspecified oligonucleotide,ASO/siRNA mixed context,13877,39052238,,10.1039/d4nr01955e,2024,Nanoscale,,,,,,,,,,,,,,mixed ASO/siRNA,chemistry/delivery,release only,abstract/metadata,0,0,0
toxicity,1431,toxicity,hepatic innate immune cytokine induction,C,unspecified oligonucleotide,ASO/siRNA mixed context,4262,24065781,,10.1093/intimm/dxt040,2014,Int Immunol,,,,,,,,,,,,,,mixed ASO/siRNA,general/other safety,release only,abstract/metadata,0,0,0
toxicity,1432,toxicity,general in vivo safety profile,C,unspecified oligonucleotide,ASO/siRNA mixed context,1900,38829038,,10.1002/smll.202402362,2024,Small,,,,,,,,,,,,,,mixed ASO/siRNA,general/other safety,release only,abstract/metadata,0,0,0
toxicity,1433,toxicity,mouse nontoxicity,C,unspecified oligonucleotide,ASO/siRNA mixed context,2002,33753212,,10.1016/j.ejpb.2021.03.006,2021,Eur J Pharm Biopharm,,,,,,,,,,,,,,mixed ASO/siRNA,general/other safety,release only,abstract/metadata,0,0,0
toxicity,1434,toxicity,no adverse effects,C,unspecified oligonucleotide,ASO/siRNA mixed context,2009,33016851,,10.1089/nat.2020.0894,2020,Nucleic Acid Ther,,,,,,,,,,,,,,mixed ASO/siRNA,general/other safety,release only,abstract/metadata,0,0,0
toxicity,1435,toxicity,reduced side effects,B,unspecified oligonucleotide,ASO/siRNA mixed context,2015,31875524,,10.1016/j.canlet.2019.12.031,2020,Cancer Lett,,,,,,,,,,,,,,mixed ASO/siRNA,general/other safety,release only,abstract/metadata,0,0,0
toxicity,1436,toxicity,cell cytotoxicity absence,C,unspecified oligonucleotide,ASO/siRNA mixed context,2644,37956785,,10.1016/j.ejpb.2023.11.007,2023,Eur J Pharm Biopharm,,,,,,,,,,,,,,mixed ASO/siRNA,general/other safety,release only,abstract/metadata,0,0,0
toxicity,1437,toxicity,adverse events,B,unspecified oligonucleotide,ASO/siRNA mixed context,2652,37738329,,10.1089/jamp.2023.0014,2023,J Aerosol Med Pulm Drug Deliv,,,,,,,,,,,,,,mixed ASO/siRNA,general/other safety,release only,abstract/metadata,0,0,0
toxicity,1438,toxicity,IL-6 and CRP immune activation,B,unspecified oligonucleotide,ASO/siRNA mixed context,2712,35976085,,10.1089/nat.2022.0033,2022,Nucleic Acid Ther,,,,,,,,,,,,,,mixed ASO/siRNA,general/other safety,release only,abstract/metadata,0,0,0
toxicity,1439,toxicity,adverse drug reactions,B,unspecified oligonucleotide,ASO/siRNA mixed context,2789,29669851,,10.1126/scitranslmed.aan0713,2018,Sci Transl Med,,,,,,,,,,,,,,mixed ASO/siRNA,general/other safety,release only,abstract/metadata,0,0,0
toxicity,1440,toxicity,clinical tolerability,B,unspecified oligonucleotide,ASO/siRNA mixed context,2804,27355239,,10.1080/13506129.2016.1191458,2016,Amyloid,,,,,,,,,,,,,,mixed ASO/siRNA,general/other safety,release only,abstract/metadata,0,0,0
toxicity,1441,toxicity,renal tubular degeneration and glomerulopathy,B,unspecified oligonucleotide,ASO/siRNA mixed context,2825,24292388,,10.1177/0192623313505781,2014,Toxicol Pathol,,,,,,,,,,,,,,mixed ASO/siRNA,general/other safety,release only,abstract/metadata,0,0,0
toxicity,1442,toxicity,genotoxicity/mutagenesis,C,unspecified oligonucleotide,ASO/siRNA mixed context,2831,22872057,,10.1093/toxsci/kfs247,2012,Toxicol Sci,,,,,,,,,,,,,,mixed ASO/siRNA,general/other safety,release only,abstract/metadata,0,0,0
toxicity,1443,toxicity,absence of adverse systemic effects,B,unspecified oligonucleotide,ASO/siRNA mixed context,3865,39166716,,10.1111/jocd.16535,2024,J Cosmet Dermatol,,,,,,,,,,,,,,mixed ASO/siRNA,general/other safety,release only,abstract/metadata,0,0,0
toxicity,1444,toxicity,reduced adverse reactions,C,unspecified oligonucleotide,ASO/siRNA mixed context,3922,38554525,,10.1016/j.biopha.2024.116506,2024,Biomed Pharmacother,,,,,,,,,,,,,,mixed ASO/siRNA,general/other safety,release only,abstract/metadata,0,0,0
toxicity,1445,toxicity,ALT elevations,B,unspecified oligonucleotide,ASO/siRNA mixed context,4000,37290591,,10.1016/j.jhep.2023.05.023,2023,J Hepatol,,,,,,,,,,,,,,mixed ASO/siRNA,general/other safety,release only,abstract/metadata,0,0,0
toxicity,1446,toxicity,transaminase increases,B,unspecified oligonucleotide,ASO/siRNA mixed context,4216,30765435,,10.2337/dc18-1343,2019,Diabetes Care,,,,,,,,,,,,,,mixed ASO/siRNA,general/other safety,release only,abstract/metadata,0,0,0
toxicity,1447,toxicity,infusion reactions adverse events,B,unspecified oligonucleotide,ASO/siRNA mixed context,4227,29250742,,10.1007/s10637-017-0553-x,2018,Invest New Drugs,,,,,,,,,,,,,,mixed ASO/siRNA,general/other safety,release only,abstract/metadata,0,0,0
toxicity,1448,toxicity,adverse events/tolerability,B,unspecified oligonucleotide,ASO/siRNA mixed context,10468,39214467,,10.1016/j.jhep.2024.08.010,2025,J Hepatol,,,,,,,,,,,,,,mixed ASO/siRNA,general/other safety,release only,abstract/metadata,0,0,0
toxicity,1449,toxicity,minor toxic side effects,C,unspecified oligonucleotide,ASO/siRNA mixed context,10550,39657238,,10.1021/acsami.4c13535,2024,ACS Appl Mater Interfaces,,,,,,,,,,,,,,mixed ASO/siRNA,general/other safety,release only,abstract/metadata,0,0,0
toxicity,1450,toxicity,pulmonary surfactant biophysical function,C,unspecified oligonucleotide,ASO/siRNA mixed context,10623,39491068,,10.1016/j.jcis.2023.10.036,2024,J Colloid Interface Sci,,,,,,,,,,,,,,mixed ASO/siRNA,general/other safety,release only,abstract/metadata,0,0,0
toxicity,1451,toxicity,safety profile/minimal off-target effects,C,unspecified oligonucleotide,ASO/siRNA mixed context,10686,39392531,,10.1021/acsabm.4c00923,2024,ACS Appl Bio Mater,,,,,,,,,,,,,,mixed ASO/siRNA,general/other safety,release only,abstract/metadata,0,0,0
toxicity,1452,toxicity,cytokine release/immunostimulation,B,unspecified oligonucleotide,ASO/siRNA mixed context,10749,39306863,,10.1021/acsinfecdis.4c00514,2024,ACS Infect Dis,,,,,,,,,,,,,,mixed ASO/siRNA,general/other safety,release only,abstract/metadata,0,0,0
toxicity,1453,toxicity,biosafety,C,unspecified oligonucleotide,ASO/siRNA mixed context,11005,38963794,,10.1021/acsabm.4c00507,2024,ACS Appl Bio Mater,,,,,,,,,,,,,,mixed ASO/siRNA,general/other safety,release only,abstract/metadata,0,0,0
toxicity,1454,toxicity,hemolysis/no toxic manifestations,C,unspecified oligonucleotide,ASO/siRNA mixed context,11219,38697280,,10.1016/j.lfs.2024.122680,2024,Life Sci,,,,,,,,,,,,,,mixed ASO/siRNA,general/other safety,release only,abstract/metadata,0,0,0
toxicity,1455,toxicity,minimal side effects,B,unspecified oligonucleotide,ASO/siRNA mixed context,11250,38666665,,,2024,Lakartidningen,,,,,,,,,,,,,,mixed ASO/siRNA,general/other safety,release only,abstract/metadata,0,0,0
toxicity,1456,toxicity,acceptable safety,B,unspecified oligonucleotide,ASO/siRNA mixed context,11345,38548524,,10.1016/j.jfma.2024.03.008,2024,J Formos Med Assoc,,,,,,,,,,,,,,mixed ASO/siRNA,general/other safety,release only,abstract/metadata,0,0,0
toxicity,1457,toxicity,safety profile in AS mouse model,C,unspecified oligonucleotide,ASO/siRNA mixed context,11551,38321605,,10.1021/acsnano.3c10213,2024,ACS Nano,,,,,,,,,,,,,,mixed ASO/siRNA,general/other safety,release only,abstract/metadata,0,0,0
toxicity,1458,toxicity,non-toxic gene silencing,C,unspecified oligonucleotide,ASO/siRNA mixed context,11863,37905978,,10.1002/anie.202315768,2023,Angew Chem Int Ed Engl,,,,,,,,,,,,,,mixed ASO/siRNA,general/other safety,release only,abstract/metadata,0,0,0
toxicity,1459,toxicity,adjacent T-cell sparing,C,unspecified oligonucleotide,ASO/siRNA mixed context,12389,39955653,,10.1002/adma.202419418,2025,Adv Mater,,,,,,,,,,,,,,mixed ASO/siRNA,general/other safety,release only,abstract/metadata,0,0,0
toxicity,1460,toxicity,promising drug safety in mice,C,unspecified oligonucleotide,ASO/siRNA mixed context,12451,39447458,,10.1016/j.ejmech.2024.116978,2024,Eur J Med Chem,,,,,,,,,,,,,,mixed ASO/siRNA,general/other safety,release only,abstract/metadata,0,0,0
toxicity,1461,toxicity,biocompatibility/biosafety in vitro and in vivo,C,unspecified oligonucleotide,ASO/siRNA mixed context,13796,39264298,,10.1039/d4bm00843j,2024,Biomater Sci,,,,,,,,,,,,,,mixed ASO/siRNA,general/other safety,release only,abstract/metadata,0,0,0
toxicity,1462,toxicity,CSF leukocyte count increase,B,unspecified oligonucleotide,ASO/siRNA mixed context,14317,36525882,,10.1016/j.ejpn.2022.12.003,2023,Eur J Paediatr Neurol,,,,,,,,,,,,,,mixed ASO/siRNA,general/other safety,release only,abstract/metadata,0,0,0
off-target,1,seed-mediated off-target effect,seed-mediated off-target effect,A,SNA-modified GalNAc-siRNA panel from PMID 41994868,siRNA,1031,41994868,PMC13096799,10.1093/nar/gkag345,2026,Nucleic Acids Res,human,COS-7 cells; GalNAc-siRNA targeting Ttr,COS-7 cells,,train,,,,,,,,,siRNA,seed-mediated,benchmark split,PMC full text,0,0,0
off-target,2,seed-mediated off-target effect,seed-mediated off-target effect,A,siVIM-270 chemical modification panel from PMID 41467115,siRNA,1157,41467115,PMC12744844,10.1016/j.omtn.2025.102693,2025,Mol Ther Nucleic Acids,human,HeLa cells and luciferase reporter constructs,HeLa cells,,train,,,,,,,,,siRNA,seed-mediated,benchmark split,PMC full text,0,0,0
off-target,3,off-target evidence,off-target evidence,B,RGLS4326,ASO,1410,41315228,PMC12663328,10.1038/s41467-025-65799-5,2025,Nat Commun,,molecular target binding panel and AMPAR assay,,,train,,,,,,,,,ASO/gapmer,general specificity,benchmark split,PMC full text,0,0,0
off-target,4,hybridization/mismatch off-target effect,hybridization/mismatch off-target effect,A,APP-AON/ATXN3-AON/HTT-AON panel from PMID 41066632,ASO,1442,41066632,PMC12581821,10.1093/hmg/ddaf153,2025,Hum Mol Genet,human,neuronally differentiated human induced pluripotent stem cells,neuronally differentiated hiPSCs,,train,,,,,,,,,ASO/gapmer,mismatch/hybridization,benchmark split,PMC full text,0,0,0
off-target,5,hybridization/mismatch off-target effect,hybridization/mismatch off-target effect,A,PNA-braced ASO panel from PMID 38042877,ASO,1136,38042877,PMC10693639,10.1038/s41467-023-43714-0,2023,Nat Commun,human,Huh-7 cells and in-cuvette hybridization assay,Huh-7 cells,,train,,,,,,,,,ASO/gapmer,mismatch/hybridization,benchmark split,PMC full text,0,0,0
off-target,6,transcriptome-level off-target effect,transcriptome-level off-target effect,A,DM1 ASO panel from PMID 37200862,ASO,1481,37200862,PMC10185704,10.1016/j.omtn.2023.04.010,2023,Mol Ther Nucleic Acids,human,DM1 patient-derived immortalized myoblasts,DM1 myoblasts,,train,,,,,,,,,ASO/gapmer,transcriptome-wide,benchmark split,PMC full text,0,0,0
off-target,7,seed-mediated off-target effect,seed-mediated off-target effect,A,ALN-HBV/ALN-HBV02 GalNAc-siRNA panel from PMID 35736224,siRNA,1411,35736224,PMC9262600,10.1093/nar/gkac539,2022,Nucleic Acids Res,human; mouse,HepG2.2.15 cells and HBV-AAV mouse model,HepG2.2.15 cells,,train,,,,,,,,,siRNA,seed-mediated,benchmark split,PMC full text,0,0,0
off-target,8,seed-mediated off-target effect,seed-mediated off-target effect,A,GalNAc-siRNA panel from PMID 29459660,siRNA,2058,29459660,PMC5818625,10.1038/s41467-018-02989-4,2018,Nat Commun,rat,rat hepatocytes and rat liver after GalNAc-siRNA exposure,rat hepatocytes; rat liver,,train,,,,,,,,,siRNA,seed-mediated,benchmark split,PMC full text,0,0,0
off-target,10,hybridization/mismatch off-target effect,hybridization/mismatch off-target effect,A,GSK2910546A ASO gapmer panel from PMID 26338776,ASO,2813,26338776,PMC4605310,10.1093/nar/gkv857,2015,Nucleic Acids Res,human,normal human bronchial epithelial cells,NHBE cells,,test,,,,,,,,,ASO/gapmer,mismatch/hybridization,benchmark split,PMC full text,0,0,0
off-target,12,seed-mediated off-target effect,seed-mediated off-target effect,B,siRNA candidate from PMID 41020503,siRNA,2454,41020503,PMC12477598,10.1093/nar/gkaf937,2025,Nucleic Acids Res,rat,,,,train,,,,,,,,,siRNA,seed-mediated,benchmark split,PMC full text,0,0,0
off-target,13,hybridization/mismatch off-target effect,hybridization/mismatch off-target effect,B,ASO candidate from PMID 36229039,ASO,2306,36229039,PMC9825163,10.1093/nar/gkac838,2022,Nucleic Acids Res,rat,,,,train,,,,,,,,,ASO/gapmer,mismatch/hybridization,benchmark split,PMC full text,0,0,0
off-target,15,off-target evidence,off-target evidence,B,siRNA candidate from PMID 29246303,siRNA,4230,29246303,PMC5675723,10.1016/j.omtn.2017.10.003,2017,Mol Ther Nucleic Acids,human,,,,train,,,,,,,,,siRNA,general specificity,benchmark split,PMC full text,0,0,0
off-target,16,sequence-specificity/off-target evidence,sequence-specificity/off-target evidence,B,siRNA candidate from PMID 41897327,siRNA,5621,41897327,PMC13024069,10.3390/biom16030393,2026,Biomolecules,human,,,,train,,,,,,,,,siRNA,general specificity,benchmark split,PMC full text,0,0,0
off-target,19,seed-mediated off-target effect,seed-mediated off-target effect,C,siRNA candidate from PMID 40737088,siRNA,1497,40737088,PMC12309379,10.1093/nar/gkaf692,2025,Nucleic Acids Res,rat,,,,,,,,,,,,,siRNA,seed-mediated,release only,PMC full text,0,0,0
off-target,20,seed-mediated off-target effect,seed-mediated off-target effect,C,siRNA candidate from PMID 41646886,siRNA,1154,41646886,PMC12870468,10.1016/j.omtn.2026.102835,2026,Mol Ther Nucleic Acids,rat,,,,,,,,,,,,,siRNA,seed-mediated,release only,PMC full text,0,0,0
off-target,21,sequence-specificity/off-target evidence,sequence-specificity/off-target evidence,C,siRNA candidate from PMID 39813044,siRNA,12147,39813044,PMC12522049manuscript-id: NIHMS2116935,10.1021/acschembio.4c00824,2025,ACS Chem Biol,rat,,,,,,,,,,,,,siRNA,general specificity,release only,PMC full text,0,0,0
off-target,22,seed-mediated off-target effect,seed-mediated off-target effect,C,siRNA candidate from PMID 39231537,siRNA,12077,39231537,PMC11472056,10.1093/nar/gkae741,2024,Nucleic Acids Res,rat,,,,,,,,,,,,,siRNA,seed-mediated,release only,PMC full text,0,0,0
off-target,23,seed-mediated off-target effect,seed-mediated off-target effect,C,siRNA candidate from PMID 35921401,siRNA,1484,35921401,PMC9389587,10.1021/jacs.2c01679,2022,J Am Chem Soc,rat,,,,,,,,,,,,,siRNA,seed-mediated,release only,PMC full text,0,0,0
off-target,24,seed-mediated off-target effect,seed-mediated off-target effect,C,siRNA candidate from PMID 35071927,siRNA,2255,35071927,PMC8771963,10.1021/acsomega.1c06455,2022,ACS Omega,human,,,,,,,,,,,,,siRNA,seed-mediated,release only,PMC full text,0,0,0
off-target,25,seed-mediated off-target effect,seed-mediated off-target effect,C,siRNA candidate from PMID 35205363,siRNA,2308,35205363,PMC8872465,10.3390/genes13020319,2022,Genes (Basel),human,,,,,,,,,,,,,siRNA,seed-mediated,release only,PMC full text,0,0,0
off-target,26,hybridization/mismatch off-target effect,hybridization/mismatch off-target effect,C,ASO candidate from PMID 34388351,ASO,2113,34388351,PMC8713556,10.1089/nat.2020.0921,2021,Nucleic Acid Ther,experimental model,,,,,,,,,,,,,ASO/gapmer,mismatch/hybridization,release only,PMC full text,0,0,0
off-target,27,seed-mediated off-target effect,seed-mediated off-target effect,C,siRNA candidate from PMID 29450406,siRNA,2117,29450406,PMC5808362,10.1021/acsomega.7b00291,2017,ACS Omega,rat,,,,,,,,,,,,,siRNA,seed-mediated,release only,PMC full text,0,0,0
off-target,28,seed-mediated off-target effect,seed-mediated off-target effect,C,siRNA candidate from PMID 21687525,siRNA,2246,21687525,PMC3109444,10.4161/adna.1.1.12204,2010,Artif DNA PNA XNA,human,,,,,,,,,,,,,siRNA,seed-mediated,release only,PMC full text,0,0,0
off-target,33,seed-mediated off-target effect,seed-mediated off-target effect,B,ADO2,siRNA,3759,39934917,PMC11816505,10.1186/s13287-025-04151-6,2025,Stem Cell Res Ther,rat,,,,,,,,,,,,,siRNA,seed-mediated,release only,PMC full text,0,0,0
off-target,36,transcriptome-level off-target effect,transcriptome-level off-target effect,B,CCND1; Drisapersen; Mipomersen,ASO,2210,35464859,PMC9019733,10.3389/fgene.2022.791416,2022,Front Genet,mouse,,,,,,,,,,,,,ASO/gapmer,transcriptome-wide,release only,PMC full text,0,0,0
off-target,40,off-target evidence,off-target evidence,A,SPC2996; PC3; CaCo2,ASO,2845,19854938,PMC2800216,10.1093/nar/gkp841,2010,Nucleic Acids Res,human,,,,,,,,,,,,,ASO/gapmer,general specificity,release only,PMC full text,0,0,0
off-target,42,seed-mediated off-target effect,seed-mediated off-target effect,B,TNRC6; GW182; AGO2,siRNA,1011,40134378,,10.1089/nat.2024.0090,2025,Nucleic Acid Ther,rat,,,,,,,,,,,,,siRNA,seed-mediated,release only,abstract/metadata,0,0,0
off-target,44,transcriptome-level off-target effect,transcriptome-level off-target effect,B,unspecified antisense oligonucleotide,ASO,2193,37310350,,10.1039/d3ob00574g,2023,Org Biomol Chem,rat,,,,,,,,,,,,,ASO/gapmer,transcriptome-wide,release only,abstract/metadata,0,0,0
off-target,47,transcriptome-level off-target effect,transcriptome-level off-target effect,B,unspecified antisense oligonucleotide,ASO,2216,33314011,,10.1007/s40291-020-00504-4,2021,Mol Diagn Ther,human,,,,,,,,,,,,,ASO/gapmer,transcriptome-wide,release only,abstract/metadata,0,0,0
off-target,49,hybridization/mismatch off-target effect,hybridization/mismatch off-target effect,B,siF12; siF12-A; siF12-AC9,siRNA,12115,31063435,,10.1089/nat.2018.0767,2019,Nucleic Acid Ther,mouse,,,,,,,,,,,,,siRNA,mismatch/hybridization,release only,abstract/metadata,0,0,0
off-target,50,transcriptome-level off-target effect,transcriptome-level off-target effect,B,Malat1-targeting,ASO,12059,30095329,,10.1089/nat.2018.0724,2018,Nucleic Acid Ther,,,,,,,,,,,,,,ASO/gapmer,transcriptome-wide,release only,abstract/metadata,0,0,0
off-target,51,transcriptome-level off-target effect,transcriptome-level off-target effect,B,ARL4C; ARL4C-targeting; CP8,ASO,1037,41792408,,10.1007/s11626-026-01154-2,2026,In Vitro Cell Dev Biol Anim,rat,,,,,,,,,,,,,ASO/gapmer,transcriptome-wide,release only,abstract/metadata,0,0,0
off-target,56,off-target evidence,off-target evidence,B,PDIA3; oblimersen,siRNA,2270,20544786,,10.1002/cmdc.201000156,2010,ChemMedChem,human,,,,,,,,,,,,,siRNA,general specificity,release only,abstract/metadata,0,0,0
off-target,59,transcriptome-level off-target effect,transcriptome-level off-target effect,A,"ASO 6 (recovered B2 from PMID:40672232, curator:CM)",ASO,1824,40672232,PMC12265680,10.1101/2025.07.11.664364,2025,bioRxiv,cell line,,liver,,train,,,,,,,,,ASO/gapmer,transcriptome-wide,benchmark split,PMC full text,0,0,0
off-target,60,seed-mediated off-target effect,seed-mediated off-target effect,A,siRNA-based,siRNA,9324,40503175,PMC12156227,10.1016/j.omtn.2025.102567,2025,Mol Ther Nucleic Acids,human,,liver,,test,,,,,,,,,siRNA,seed-mediated,benchmark split,PMC full text,0,0,0
off-target,62,seed-mediated off-target effect,seed-mediated off-target effect,A,siRNAs,siRNA,2309,34648028,PMC8565336,10.1093/nar/gkab916,2021,Nucleic Acids Res,,,liver,,train,,,,,,,,,siRNA,seed-mediated,benchmark split,PMC full text,0,0,0
off-target,63,seed-mediated off-target effect,seed-mediated off-target effect,A,siRNAs,siRNA,12558,33664996,PMC7900643,10.1016/j.omtn.2021.01.018,2021,Mol Ther Nucleic Acids,cell line,,liver,,train,,,,,,,,,siRNA,seed-mediated,benchmark split,PMC full text,0,0,0
off-target,64,seed-mediated off-target effect,seed-mediated off-target effect,A,unspecified siRNA (PMID:31375812),siRNA,4213,31375812,PMC6879195manuscript-id: NIHMS1533065,10.1038/s41587-019-0205-0,2019,Nat Biotechnol,rat,,liver,,train,,,,,,,,,siRNA,seed-mediated,benchmark split,PMC full text,0,0,0
off-target,65,transcriptome-level off-target effect,transcriptome-level off-target effect,A,unspecified ASO (PMID:29390093),ASO,2060,29390093,PMC5861398,10.1093/nar/gky060,2018,Nucleic Acids Res,,,liver,,train,,,,,,,,,ASO/gapmer,transcriptome-wide,benchmark split,PMC full text,0,0,0
off-target,66,transcriptome-level off-target effect,transcriptome-level off-target effect,A,"Sequence 1 (recovered B2 from PMID:28918038, curator:CM)",ASO,2064,28918038,PMC5537172,10.1016/j.omtn.2017.07.003,2017,Mol Ther Nucleic Acids,mouse,,liver,,train,,,,,,,,,ASO/gapmer,transcriptome-wide,benchmark split,PMC full text,0,0,0
off-target,67,hybridization/mismatch off-target effect,hybridization/mismatch off-target effect,A,LNA ASO,ASO,2062,26553810,PMC4797265,10.1093/nar/gkv1210,2016,Nucleic Acids Res,mouse,,liver,,train,,,,,,,,,ASO/gapmer,mismatch/hybridization,benchmark split,PMC full text,0,0,0
off-target,73,hybridization/mismatch off-target effect,hybridization/mismatch off-target effect,B,designated ASO,ASO,1453,39192097,,10.1007/s10120-024-01548-9,2024,Gastric Cancer,human,,blood/serum,,,,,,,,,,,ASO/gapmer,mismatch/hybridization,release only,abstract/metadata,0,0,0
off-target,78,transcriptome-level off-target effect,transcriptome-level off-target effect,A,"unspecified ASO (v1 extraction artefact, pending source re-verification)",ASO,1035,41918821,PMC13034028,10.1093/narmme/ugag016,2026,NAR Mol Med,human,,liver,,train,,,,,,,,,ASO/gapmer,transcriptome-wide,benchmark split,PMC full text,0,0,0
off-target,82,transcriptome-level off-target effect,transcriptome-level off-target effect,A,"siRNA-IGF2BP2 (recovered B2 from PMID:41859644, curator:CM)",siRNA,1732,41859644,PMC12996677,10.1016/j.mtbio.2026.102999,2026,Mater Today Bio,cell line,,liver,,validation,,,,,,,,,siRNA,transcriptome-wide,benchmark split,PMC full text,0,0,0
off-target,91,hybridization/mismatch off-target effect,hybridization/mismatch off-target effect,A,"S9 (recovered B2 from PMID:41552385, curator:CM)",siRNA,3301,41552385,PMC12804371,10.1016/j.omtn.2025.102802,2026,Mol Ther Nucleic Acids,cell line,,cell line,,train,,,,,,,,,siRNA,mismatch/hybridization,benchmark split,PMC full text,0,0,0
off-target,113,seed-mediated off-target effect,seed-mediated off-target effect,A,unspecified siRNA (PMID:40385635),siRNA,1477,40385635,PMC12083919,10.1016/j.omtn.2025.102542,2025,Mol Ther Nucleic Acids,human,,liver,,train,,,,,,,,,siRNA,seed-mediated,benchmark split,PMC full text,0,0,0
off-target,115,off-target evidence,off-target evidence,A,siRNAs,siRNA,1788,41373822,PMC12692593,10.3390/ijms262311675,2025,Int J Mol Sci,cell line,,liver,,test,,,,,,,,,siRNA,general specificity,benchmark split,PMC full text,0,0,0
off-target,116,seed-mediated off-target effect,seed-mediated off-target effect,A,unspecified siRNA (PMID:41341748),siRNA,1789,41341748,PMC12670904,10.1016/j.omtn.2025.102768,2025,Mol Ther Nucleic Acids,human,,liver,,train,,,,,,,,,siRNA,seed-mediated,benchmark split,PMC full text,0,0,0
off-target,135,transcriptome-level off-target effect,transcriptome-level off-target effect,A,siNTC,siRNA,8415,40928446,PMC12790151,10.1016/j.jacbts.2025.101364,2025,JACC Basic Transl Sci,human,,liver,,test,,,,,,,,,siRNA,transcriptome-wide,benchmark split,PMC full text,0,0,0
off-target,144,transcriptome-level off-target effect,transcriptome-level off-target effect,B,unspecified siRNA (PMID:40142497),miRNA agomir,9881,40142497,PMC11946339,10.3390/microorganisms13030604,2025,Microorganisms,cell line,,liver,,train,,,,,,,,,other,transcriptome-wide,benchmark split,PMC full text,0,0,0
off-target,157,transcriptome-level off-target effect,transcriptome-level off-target effect,A,"Anti-N1 (recovered B2 from PMID:38379891, curator:CM)",ASO,1592,38379891,PMC10878212,10.1177/26331055241233596,2024,Neurosci Insights,cell line,,liver,,validation,,,,,,,,,ASO/gapmer,transcriptome-wide,benchmark split,PMC full text,0,0,0
off-target,164,transcriptome-level off-target effect,transcriptome-level off-target effect,A,"PH-762 (recovered B2 from PMID:39697325, curator:CM)",siRNA,10539,39697325,PMC11652358,10.3389/fimmu.2024.1501679,2024,Front Immunol,human,,liver,,validation,,,,,,,,,siRNA,transcriptome-wide,benchmark split,PMC full text,0,0,0
off-target,188,hybridization/mismatch off-target effect,hybridization/mismatch off-target effect,A,"Glu-CT102MOE5 (recovered B2 from PMID:37251692, curator:CM)",ASO,14112,37251692,PMC10220282,10.1016/j.omtn.2023.04.028,2023,Mol Ther Nucleic Acids,,,liver,,train,,,,,,,,,ASO/gapmer,mismatch/hybridization,benchmark split,PMC full text,0,0,0
off-target,190,seed-mediated off-target effect,seed-mediated off-target effect,A,"si-S1A3-Chol (recovered B2 from PMID:36618268, curator:CM)",siRNA,14301,36618268,PMC9813581,10.1016/j.omtn.2022.12.008,2023,Mol Ther Nucleic Acids,,,liver,,train,,,,,,,,,siRNA,seed-mediated,benchmark split,PMC full text,0,0,0
off-target,193,transcriptome-level off-target effect,transcriptome-level off-target effect,A,unspecified ASO (PMID:36511872),ASO,2253,36511872,PMC9825156,10.1093/nar/gkac1108,2022,Nucleic Acids Res,,,,,train,,,,,,,,,ASO/gapmer,transcriptome-wide,benchmark split,PMC full text,0,0,0
off-target,201,seed-mediated off-target effect,seed-mediated off-target effect,C,siRNAs,siRNA,4163,33577685,PMC7969009,10.1093/nar/gkab050,2021,Nucleic Acids Res,rat,,liver,,,,,,,,,,,siRNA,seed-mediated,release only,PMC full text,0,0,0
off-target,207,off-target evidence,off-target evidence,A,"T39 ASO (recovered B2 from PMID:32180554, curator:CM)",ASO,2770,32180554,PMC7036698,10.1016/j.molmet.2020.01.010,2020,Mol Metab,human,,cell line,,train,,,,,,,,,ASO/gapmer,general specificity,benchmark split,PMC full text,0,0,0
off-target,217,transcriptome-level off-target effect,transcriptome-level off-target effect,A,"unspecified ASO (v1 extraction artefact, pending source re-verification)",ASO,12621,30114557,PMC6092551,10.1016/j.omtn.2018.07.010,2018,Mol Ther Nucleic Acids,,,,,train,,,,,,,,,ASO/gapmer,transcriptome-wide,benchmark split,PMC full text,0,0,0
off-target,220,transcriptome-level off-target effect,transcriptome-level off-target effect,A,unspecified siRNA (PMID:27461380),ASO,2061,27461380,PMC4961955,10.1038/srep30377,2016,Sci Rep,mouse,,liver,,train,,,,,,,,,ASO/gapmer,transcriptome-wide,benchmark split,PMC full text,0,0,0
off-target,222,transcriptome-level off-target effect,transcriptome-level off-target effect,A,"FM10 (recovered B2 from PMID:27378237, curator:CM)",PMO,15206,27378237,PMC5023379,10.1038/mt.2016.111,2016,Mol Ther,cell line,,cell line,,test,,,,,,,,,PMO,transcriptome-wide,benchmark split,PMC full text,0,0,0
off-target,229,off-target evidence,off-target evidence,B,"MC3 LNP-siRNA (recovered B2 from PMID:41708903, curator:CM)",siRNA,1209,41708903,,10.1007/s13346-026-02076-y,2026,Drug Deliv Transl Res,mouse,,liver,,,,,,,,,,,siRNA,general specificity,release only,abstract/metadata,0,0,0
off-target,275,transcriptome-level off-target effect,transcriptome-level off-target effect,B,nusinersen,ASO,28702,34445083,PMC8395096,10.3390/ijms22168378,2021,Int J Mol Sci,human,,,,,,,,,,,,,ASO/gapmer,transcriptome-wide,release only,PMC full text,0,0,0
off-target,281,seed-mediated off-target effect,seed-mediated off-target effect,C,bulge-siRNA,siRNA,15373,21673662,PMC3182346,10.1038/mt.2011.109,2011,Mol Ther,,,,,,,,,,,,,,siRNA,seed-mediated,release only,PMC full text,0,0,0
off-target,331,seed-mediated off-target effect,seed-mediated off-target effect,B,F7-1 siRNA,siRNA,15845,22258146,PMC3342946,10.4161/rna.9.1.18121,2012,RNA Biol,,,,,train,,,,,,,,,siRNA,seed-mediated,benchmark split,PMC full text,0,0,0
off-target,333,hybridization/mismatch off-target effect,hybridization/mismatch off-target effect,B,ATXN3-AON,ASO,1442,41066632,PMC12581821,10.1093/hmg/ddaf153,2025,Hum Mol Genet,,,,,train,,,,,,,,,ASO/gapmer,mismatch/hybridization,benchmark split,PMC full text,0,0,0
off-target,334,seed-mediated off-target effect,seed-mediated off-target effect,B,modified duplex,siRNA,1031,41994868,PMC13096799,10.1093/nar/gkag345,2026,Nucleic Acids Res,,,,,train,,,,,,,,,siRNA,seed-mediated,benchmark split,PMC full text,0,0,0
off-target,337,seed-mediated off-target effect,seed-mediated off-target effect,B,UNA-T siRNA,siRNA,15362,21047800,PMC3061082,10.1093/nar/gkq961,2011,Nucleic Acids Res,,,,,train,,,,,,,,,siRNA,seed-mediated,benchmark split,PMC full text,0,0,0
off-target,338,hybridization/mismatch off-target effect,hybridization/mismatch off-target effect,B,siCD46 siRNA,siRNA,15336,18420656,PMC2396434,10.1093/nar/gkn190,2008,Nucleic Acids Res,,,,,train,,,,,,,,,siRNA,mismatch/hybridization,benchmark split,PMC full text,0,0,0
off-target,339,seed-mediated off-target effect,seed-mediated off-target effect,B,BTK siRNA,siRNA,20894,16091630,PMC1184219,10.1093/nar/gki762,2005,Nucleic Acids Res,,,,,train,,,,,,,,,siRNA,seed-mediated,benchmark split,PMC full text,0,0,0
off-target,340,hybridization/mismatch off-target effect,hybridization/mismatch off-target effect,B,GR18-3 ASO,ASO,28684,34994962,PMC8766371,10.1007/s40291-021-00573-z,2022,Mol Diagn Ther,,,,,train,,,,,,,,,ASO/gapmer,mismatch/hybridization,benchmark split,PMC full text,0,0,0
off-target,343,hybridization/mismatch off-target effect,hybridization/mismatch off-target effect,B,SOD-1,ASO,31422,25072142,PMC4114480,10.1371/journal.pone.0101752,2014,PLoS One,,,,,train,,,,,,,,,ASO/gapmer,mismatch/hybridization,benchmark split,PMC full text,0,0,0
off-target,344,seed-mediated off-target effect,seed-mediated off-target effect,B,VIR-2218,siRNA,1411,35736224,PMC9262600,10.1093/nar/gkac539,2022,Nucleic Acids Res,,,,,test,,,,,,,,,siRNA,seed-mediated,benchmark split,PMC full text,0,0,0
off-target,345,seed-mediated off-target effect,seed-mediated off-target effect,B,siRNA-5,siRNA,2058,29459660,PMC5818625,10.1038/s41467-018-02989-4,2018,Nat Commun,,,,,train,,,,,,,,,siRNA,seed-mediated,benchmark split,PMC full text,0,0,0
off-target,346,hybridization/mismatch off-target effect,hybridization/mismatch off-target effect,B,LNA-PS ASO,ASO,2813,26338776,PMC4605310,10.1093/nar/gkv857,2015,Nucleic Acids Res,,,,,test,,,,,,,,,ASO/gapmer,mismatch/hybridization,benchmark split,PMC full text,0,0,0
off-target,348,hybridization/mismatch off-target effect,hybridization/mismatch off-target effect,B,siRNA-604,siRNA,15837,19815667,PMC2794185,10.1093/nar/gkp835,2009,Nucleic Acids Res,,,,,test,,,,,,,,,siRNA,mismatch/hybridization,benchmark split,PMC full text,0,0,0
off-target,351,seed-mediated off-target effect,seed-mediated off-target effect,B,siVIM-270,siRNA,1157,41467115,PMC12744844,10.1016/j.omtn.2025.102693,2025,Mol Ther Nucleic Acids,,,,,train,,,,,,,,,siRNA,seed-mediated,benchmark split,PMC full text,0,0,0
off-target,355,transcriptome-level off-target effect,transcriptome-level off-target effect,B,DM1,ASO,1481,37200862,PMC10185704,10.1016/j.omtn.2023.04.010,2023,Mol Ther Nucleic Acids,,,,,train,,,,,,,,,ASO/gapmer,transcriptome-wide,benchmark split,PMC full text,0,0,0
off-target,364,off-target evidence,off-target evidence,B,siCdc2,siRNA,4230,29246303,PMC5675723,10.1016/j.omtn.2017.10.003,2017,Mol Ther Nucleic Acids,,,,,train,,,,,,,,,siRNA,general specificity,benchmark split,PMC full text,0,0,0
off-target,370,seed-mediated off-target effect,seed-mediated off-target effect,B,60 siRNA,siRNA,16582,24875475,PMC4081087,10.1093/nar/gku480,2014,Nucleic Acids Res,,,,,train,,,,,,,,,siRNA,seed-mediated,benchmark split,PMC full text,0,0,0
off-target,383,seed-mediated off-target effect,seed-mediated off-target effect,B,siEGFP1,siRNA,15558,20453030,PMC2943616,10.1093/nar/gkq341,2010,Nucleic Acids Res,,,,,train,,,,,,,,,siRNA,seed-mediated,benchmark split,PMC full text,0,0,0
off-target,384,seed-mediated off-target effect,seed-mediated off-target effect,B,Ago2; Ago1,siRNA,15470,19767612,PMC2777430,10.1093/nar/gkp735,2009,Nucleic Acids Res,,,,,train,,,,,,,,,siRNA,seed-mediated,benchmark split,PMC full text,0,0,0
off-target,386,seed-mediated off-target effect,seed-mediated off-target effect,B,TNFR1,siRNA,21536,18096615,PMC2275081,10.1093/nar/gkm630,2008,Nucleic Acids Res,,,,,train,,,,,,,,,siRNA,seed-mediated,benchmark split,PMC full text,0,0,0
off-target,390,hybridization/mismatch off-target effect,hybridization/mismatch off-target effect,B,TS1-ASO,ASO,1409,35801870,PMC9303313,10.1093/nar/gkac562,2022,Nucleic Acids Res,,,,,train,,,,,,,,,ASO/gapmer,mismatch/hybridization,benchmark split,PMC full text,0,0,0
off-target,391,hybridization/mismatch off-target effect,hybridization/mismatch off-target effect,B,S10-1,ASO,2253,36511872,PMC9825156,10.1093/nar/gkac1108,2022,Nucleic Acids Res,,,,,train,,,,,,,,,ASO/gapmer,mismatch/hybridization,benchmark split,PMC full text,0,0,0
off-target,392,hybridization/mismatch off-target effect,hybridization/mismatch off-target effect,B,LNA ASO,ASO,2062,26553810,PMC4797265,10.1093/nar/gkv1210,2016,Nucleic Acids Res,,,,,train,,,,,,,,,ASO/gapmer,mismatch/hybridization,benchmark split,PMC full text,0,0,0
off-target,394,off-target evidence,off-target evidence,B,TMEM16a,ASO,1233,40926414,PMC12703169,10.1016/j.ymthe.2025.08.045,2025,Mol Ther,,,,,train,,,,,,,,,ASO/gapmer,general specificity,benchmark split,PMC full text,0,0,0
off-target,411,hybridization/mismatch off-target effect,hybridization/mismatch off-target effect,B,PS-ASO,ASO,2060,29390093,PMC5861398,10.1093/nar/gky060,2018,Nucleic Acids Res,,,,,train,,,,,,,,,ASO/gapmer,mismatch/hybridization,benchmark split,PMC full text,0,0,0
off-target,414,off-target evidence,off-target evidence,B,CD-1,ASO,2063,24550163,PMC4005641,10.1093/nar/gku142,2014,Nucleic Acids Res,,,,,validation,,,,,,,,,ASO/gapmer,general specificity,benchmark split,PMC full text,0,0,0
off-target,415,hybridization/mismatch off-target effect,hybridization/mismatch off-target effect,B,WRN-108,ASO,1055,42095135,PMC13140060,10.1016/j.omtn.2026.102930,2026,Mol Ther Nucleic Acids,,,,,train,,,,,,,,,ASO/gapmer,mismatch/hybridization,benchmark split,PMC full text,0,0,0
off-target,416,transcriptome-level off-target effect,transcriptome-level off-target effect,B,KCNT1,ASO,1058,41981306,PMC13099374,10.1038/s41591-026-04314-9,2026,Nat Med,,,,,train,,,,,,,,,ASO/gapmer,transcriptome-wide,benchmark split,PMC full text,0,0,0
off-target,417,hybridization/mismatch off-target effect,hybridization/mismatch off-target effect,B,HIV-1,ASO/siRNA mixed context,1210,41704705,PMC12907196,10.3389/fmed.2026.1719202,2026,Front Med (Lausanne),,,,,train,,,,,,,,,mixed ASO/siRNA,mismatch/hybridization,benchmark split,PMC full text,0,0,0
off-target,436,seed-mediated off-target effect,seed-mediated off-target effect,B,ASO-001933,ASO,1615,36090761,PMC9424863,10.1016/j.omtn.2022.07.027,2022,Mol Ther Nucleic Acids,,,,,train,,,,,,,,,ASO/gapmer,seed-mediated,benchmark split,PMC full text,0,0,0
off-target,441,off-target evidence,off-target evidence,B,T39 ASO,ASO,2770,32180554,PMC7036698,10.1016/j.molmet.2020.01.010,2020,Mol Metab,,,,,train,,,,,,,,,ASO/gapmer,general specificity,benchmark split,PMC full text,0,0,0
off-target,451,seed-mediated off-target effect,seed-mediated off-target effect,B,IGF2BP2,siRNA,1732,41859644,PMC12996677,10.1016/j.mtbio.2026.102999,2026,Mater Today Bio,,,,,test,,,,,,,,,siRNA,seed-mediated,benchmark split,PMC full text,0,0,0
off-target,456,hybridization/mismatch off-target effect,hybridization/mismatch off-target effect,B,modified siRNA,siRNA,3301,41552385,PMC12804371,10.1016/j.omtn.2025.102802,2026,Mol Ther Nucleic Acids,,,,,train,,,,,,,,,siRNA,mismatch/hybridization,benchmark split,PMC full text,0,0,0
off-target,462,seed-mediated off-target effect,seed-mediated off-target effect,B,si098-DV29P,siRNA,1477,40385635,PMC12083919,10.1016/j.omtn.2025.102542,2025,Mol Ther Nucleic Acids,,,,,validation,,,,,,,,,siRNA,seed-mediated,benchmark split,PMC full text,0,0,0
off-target,463,seed-mediated off-target effect,seed-mediated off-target effect,B,YAP1; WWTR1,siRNA,1789,41341748,PMC12670904,10.1016/j.omtn.2025.102768,2025,Mol Ther Nucleic Acids,,,,,train,,,,,,,,,siRNA,seed-mediated,benchmark split,PMC full text,0,0,0
off-target,464,transcriptome-level off-target effect,transcriptome-level off-target effect,B,ACTB ASO,ASO,1824,40672232,PMC12265680,10.1101/2025.07.11.664364,2025,bioRxiv,,,,,train,,,,,,,,,ASO/gapmer,transcriptome-wide,benchmark split,PMC full text,0,0,0
off-target,473,off-target evidence,off-target evidence,B,UU-3,siRNA,3544,40861898,PMC12375242,10.1016/j.omtn.2025.102667,2025,Mol Ther Nucleic Acids,,,,,train,,,,,,,,,siRNA,general specificity,benchmark split,PMC full text,0,0,0
off-target,483,seed-mediated off-target effect,seed-mediated off-target effect,B,SMILR siRNA,siRNA,8415,40928446,PMC12790151,10.1016/j.jacbts.2025.101364,2025,JACC Basic Transl Sci,,,,,test,,,,,,,,,siRNA,seed-mediated,benchmark split,PMC full text,0,0,0
off-target,493,transcriptome-level off-target effect,transcriptome-level off-target effect,B,PH-762,siRNA,10539,39697325,PMC11652358,10.3389/fimmu.2024.1501679,2024,Front Immunol,,,,,train,,,,,,,,,siRNA,transcriptome-wide,benchmark split,PMC full text,0,0,0
off-target,506,hybridization/mismatch off-target effect,hybridization/mismatch off-target effect,B,siIGF1R-1,ASO,14112,37251692,PMC10220282,10.1016/j.omtn.2023.04.028,2023,Mol Ther Nucleic Acids,,,,,train,,,,,,,,,ASO/gapmer,mismatch/hybridization,benchmark split,PMC full text,0,0,0
off-target,510,seed-mediated off-target effect,seed-mediated off-target effect,B,SLN360,siRNA,1486,35737426,PMC9516055,10.1093/toxsci/kfac067,2022,Toxicol Sci,,,,,train,,,,,,,,,siRNA,seed-mediated,benchmark split,PMC full text,0,0,0
off-target,526,seed-mediated off-target effect,seed-mediated off-target effect,B,HTT siRNA,siRNA,4213,31375812,PMC6879195manuscript-id: NIHMS1533065,10.1038/s41587-019-0205-0,2019,Nat Biotechnol,,,,,train,,,,,,,,,siRNA,seed-mediated,benchmark split,PMC full text,0,0,0
off-target,530,hybridization/mismatch off-target effect,hybridization/mismatch off-target effect,B,CEP290; LCA10,ASO/siRNA mixed context,12621,30114557,PMC6092551,10.1016/j.omtn.2018.07.010,2018,Mol Ther Nucleic Acids,,,,,train,,,,,,,,,mixed ASO/siRNA,mismatch/hybridization,benchmark split,PMC full text,0,0,0
off-target,534,hybridization/mismatch off-target effect,hybridization/mismatch off-target effect,B,89E-06,ASO,2064,28918038,PMC5537172,10.1016/j.omtn.2017.07.003,2017,Mol Ther Nucleic Acids,,,,,train,,,,,,,,,ASO/gapmer,mismatch/hybridization,benchmark split,PMC full text,0,0,0
off-target,535,seed-based off-target suppression,seed-based off-target suppression,B,unspecified oligonucleotide,ASO/siRNA mixed context,12077,39231537,PMC11472056,10.1093/nar/gkae741,2024,Nucleic Acids Res,,,,,,,,,,,,,,mixed ASO/siRNA,seed-mediated,release only,PMC full text,0,0,0
off-target,536,unexpected cGAS signaling suppression,unexpected cGAS signaling suppression,B,unspecified oligonucleotide,ASO/siRNA mixed context,2281,40337520,PMC12055788,10.3389/fphar.2025.1576151,2025,Front Pharmacol,,,,,,,,,,,,,,mixed ASO/siRNA,general specificity,release only,PMC full text,0,0,0
off-target,537,seed-mediated off-target,seed-mediated off-target,B,unspecified oligonucleotide,ASO/siRNA mixed context,2308,35205363,PMC8872465,10.3390/genes13020319,2022,Genes (Basel),,,,,,,,,,,,,,mixed ASO/siRNA,seed-mediated,release only,PMC full text,0,0,0
off-target,538,minimal off-target activity,minimal off-target activity,B,unspecified oligonucleotide,ASO/siRNA mixed context,4173,33068777,PMC7854280,10.1016/j.ymthe.2020.10.010,2021,Mol Ther,,,,,,,,,,,,,,mixed ASO/siRNA,general specificity,release only,PMC full text,0,0,0
off-target,539,TLR3-mediated off-target immune activation,TLR3-mediated off-target immune activation,C,unspecified oligonucleotide,ASO/siRNA mixed context,4056,36365241,PMC9692777,10.3390/pharmaceutics14112424,2022,Pharmaceutics,,,,,,,,,,,,,,mixed ASO/siRNA,general specificity,release only,PMC full text,0,0,0
