id,source_type,source_url,pmid,pmcid,doi,title,journal_or_agency,publication_year,license_status,reuse_category,accessed_at
8,literature_signal,https://pubmed.ncbi.nlm.nih.gov/41078095/,41078095,,10.1002/cbic.202500584,Toxicity of Antisense Oligonucleotides is Determined by the Synergistic Interplay of Chemical Modifications and Nucleotide Sequences,ChemBioChem,2025,abstract_metadata_only,derived_annotations_only,2026-06-01T00:00:00Z
1002,literature_signal,https://pubmed.ncbi.nlm.nih.gov/41760661/,41760661,PMC12954066,10.1038/s41467-026-69980-2,Dysregulation of the DNA damage response by phosphorothioate antisense oligonucleotides.,Nat Commun,2026,abstract_metadata_only,derived_annotations_only,2026-06-01T18:20:51+00:00
1003,method_reference,https://pubmed.ncbi.nlm.nih.gov/40877521/,40877521,,10.1007/978-1-0716-4742-4_24,siRMSD: A Structural Parameter to Reduce Sequence-Dependent Off-Target Effects for siRNA Design with Chemical Modifications.,Methods Mol Biol,2025,abstract_metadata_only,derived_annotations_only,2026-06-01T18:20:51+00:00
1011,literature_signal,https://pubmed.ncbi.nlm.nih.gov/40134378/,40134378,,10.1089/nat.2024.0090,Mechanistic Insights into Hybridization-Based Off-Target Activity of GalNAc-siRNA Conjugates.,Nucleic Acid Ther,2025,abstract_metadata_only,derived_annotations_only,2026-06-01T18:20:51+00:00
1013,clinical_context,https://pubmed.ncbi.nlm.nih.gov/40263630/,40263630,PMC12283366,10.1038/s41591-025-03656-0,Antisense oligonucleotide treatment in a preterm infant with early-onset SCN2A developmental and epileptic encephalopathy.,Nat Med,2025,abstract_metadata_only,derived_annotations_only,2026-06-01T18:20:51+00:00
1014,clinical_context,https://pubmed.ncbi.nlm.nih.gov/39798707/,39798707,,10.1016/j.jhep.2024.12.046,"AZD2693, a PNPLA3 antisense oligonucleotide, for the treatment of MASH in 148M homozygous participants: Two randomized phase I trials.",J Hepatol,2025,abstract_metadata_only,derived_annotations_only,2026-06-01T18:20:51+00:00
1015,clinical_context,https://pubmed.ncbi.nlm.nih.gov/39829133/,39829133,PMC11743982,10.1002/brb3.70221,Safety and Efficacy of Nusinersen Focusing on Renal and Hematological Parameters in Spinal Muscular Atrophy.,Brain Behav,2025,abstract_metadata_only,derived_annotations_only,2026-06-01T18:20:51+00:00
1020,literature_signal,https://pubmed.ncbi.nlm.nih.gov/40098305/,40098305,PMC12044654,10.1111/cas.70024,AmNA-Modified Antisense Oligonucleotide Targeting MCM8 as a Cancer-Specific Chemosensitizer for Platinum Compounds.,Cancer Sci,2025,abstract_metadata_only,derived_annotations_only,2026-06-01T18:20:51+00:00
1028,literature_discovery,https://pubmed.ncbi.nlm.nih.gov/41467114/,41467114,PMC12744863,10.1016/j.omtn.2025.102692,Unraveling and controlling late-onset neurotoxicity of antisense oligonucleotides through strategic chemical modifications.,Mol Ther Nucleic Acids,2025,abstract_metadata_only,derived_annotations_only,2026-06-01T18:20:51+00:00
1029,literature_discovery,https://pubmed.ncbi.nlm.nih.gov/41500580/,41500580,,10.2131/jts.51.75,Predicting nucleic acid drug-induced nephrotoxicity using a 3D human renal proximal tubule spheroid model.,J Toxicol Sci,2026,abstract_metadata_only,derived_annotations_only,2026-06-01T18:20:51+00:00
1030,literature_discovery,https://pubmed.ncbi.nlm.nih.gov/41021771/,41021771,PMC12478598,10.1111/cts.70344,"Pharmacokinetics and Safety of Pelacarsen, a GalNAc(3)-Conjugated Antisense Oligonucleotide Targeting Apo(a), in Participants With Mild Hepatic Impairment.",Clin Transl Sci,2025,abstract_metadata_only,derived_annotations_only,2026-06-01T18:20:51+00:00
1031,literature_discovery,https://pubmed.ncbi.nlm.nih.gov/41994868/,41994868,PMC13096799,10.1093/nar/gkag345,Acyclic serinol nucleic acid modification of siRNAs overcomes seed region mediated off-target effects while maintaining potency.,Nucleic Acids Res,2026,abstract_metadata_only,derived_annotations_only,2026-06-01T18:20:51+00:00
1033,literature_discovery,https://pubmed.ncbi.nlm.nih.gov/42172871/,42172871,,10.1016/j.dmd.2026.100304,"Peptide-mediated delivery of an α-synuclein-targeting antisense oligonucleotide: Pharmacokinetics, safety, and central nervous system efficacy in a synucleinopathy model.",Drug Metab Dispos,2026,abstract_metadata_only,derived_annotations_only,2026-06-01T18:20:51+00:00
1035,literature_discovery,https://pubmed.ncbi.nlm.nih.gov/41918821/,41918821,PMC13034028,10.1093/narmme/ugag016,Integrating transcriptomics and proteomics to assess antisense oligonucleotide safety and efficacy: a time-resolved approach.,NAR Mol Med,2026,abstract_metadata_only,derived_annotations_only,2026-06-01T18:20:51+00:00
1037,literature_discovery,https://pubmed.ncbi.nlm.nih.gov/41792408/,41792408,,10.1007/s11626-026-01154-2,Development of ARL4C antisense oligonucleotide with reduced off-target effects and enhanced efficacy as an anti-cancer drug.,In Vitro Cell Dev Biol Anim,2026,abstract_metadata_only,derived_annotations_only,2026-06-01T18:20:51+00:00
1040,literature_discovery,https://pubmed.ncbi.nlm.nih.gov/41186228/,41186228,PMC12691668,10.1128/aac.00679-25,"Safety, pharmacokinetics, and pharmacodynamics of the antisense oligonucleotide RO7239958 in healthy volunteers and adults with chronic hepatitis B infection.",Antimicrob Agents Chemother,2025,abstract_metadata_only,derived_annotations_only,2026-06-01T18:20:51+00:00
1041,literature_discovery,https://pubmed.ncbi.nlm.nih.gov/39850319/,39850319,PMC11754010,10.1016/j.omtn.2024.102387,In vivo efficacy and safety of systemically administered serinol nucleic acid-modified antisense oligonucleotides in mouse kidney.,Mol Ther Nucleic Acids,2025,abstract_metadata_only,derived_annotations_only,2026-06-01T18:20:51+00:00
1043,literature_discovery,https://pubmed.ncbi.nlm.nih.gov/41978261/,41978261,PMC13076217,10.1093/nar/gkag311,Phosphorothioate antisense oligonucleotide induced innate immune activation is attenuated by tryptophan oxidation products.,Nucleic Acids Res,2026,abstract_metadata_only,derived_annotations_only,2026-06-01T18:20:51+00:00
1044,literature_discovery,https://pubmed.ncbi.nlm.nih.gov/41494985/,41494985,PMC12865454,10.1093/nar/gkaf1333,Acute neuronal inhibition response caused by phosphorothioate antisense oligonucleotides following local delivery to the central nervous system.,Nucleic Acids Res,2026,abstract_metadata_only,derived_annotations_only,2026-06-01T18:20:51+00:00
1048,literature_discovery,https://pubmed.ncbi.nlm.nih.gov/40899091/,40899091,,10.1177/21593337251375804,Use of a Transgenic Human PNPLA3(I148M) Knock-in Mouse for Translational Safety Evaluations of siRNA Therapeutics.,Nucleic Acid Ther,2025,abstract_metadata_only,derived_annotations_only,2026-06-01T18:20:51+00:00
1049,literature_discovery,https://pubmed.ncbi.nlm.nih.gov/40151235/,40151235,PMC11938030,10.1021/jacsau.5c00012,General Platform for Efficient and Modular Assembly of GalNAc-siRNA Conjugates via Primary Amines and o-Nitrobenzyl Alcohol Cyclization Photoclick Chemistry Enabling Rapid Access to Therapeutic Oligonucleotides.,JACS Au,2025,abstract_metadata_only,derived_annotations_only,2026-06-01T18:20:51+00:00
1051,literature_discovery,https://pubmed.ncbi.nlm.nih.gov/42176239/,42176239,,10.1007/s12072-026-11102-7,"Safety, pharmacokinetics and antiviral activity of AHB‑137 in healthy volunteers and chronic hepatitis B patients: a phase 1a/1b study.",Hepatol Int,2026,abstract_metadata_only,derived_annotations_only,2026-06-01T18:20:51+00:00
1055,literature_discovery,https://pubmed.ncbi.nlm.nih.gov/42095135/,42095135,PMC13140060,10.1016/j.omtn.2026.102930,Development of an exon 27-skipping antisense oligonucleotide as a targeted therapy for refractory skin ulcers in Werner syndrome.,Mol Ther Nucleic Acids,2026,abstract_metadata_only,derived_annotations_only,2026-06-01T18:20:51+00:00
1058,literature_discovery,https://pubmed.ncbi.nlm.nih.gov/41981306/,41981306,PMC13099374,10.1038/s41591-026-04314-9,Antisense oligonucleotide-mediated knockdown therapy in two infants with severe KCNT1 epileptic encephalopathy.,Nat Med,2026,abstract_metadata_only,derived_annotations_only,2026-06-01T18:20:51+00:00
1059,literature_discovery,https://pubmed.ncbi.nlm.nih.gov/41949334/,41949334,PMC13059674,10.1111/cts.70536,A Long-Term Human Liver Spheroid Model for Assessing Silencing and Durability of GalNAc-Conjugated siRNAs.,Clin Transl Sci,2026,abstract_metadata_only,derived_annotations_only,2026-06-01T18:20:51+00:00
1062,literature_discovery,https://pubmed.ncbi.nlm.nih.gov/41878536/,41878536,PMC13006219,10.3389/fonc.2026.1659341,Targeting TLK2 with antisense oligonucleotides as a new strategy in acute myeloid leukemia.,Front Oncol,2026,abstract_metadata_only,derived_annotations_only,2026-06-01T18:20:51+00:00
1063,literature_discovery,https://pubmed.ncbi.nlm.nih.gov/41876647/,41876647,,10.1038/s41591-026-04262-4,LRRK2-targeting antisense oligonucleotide in Parkinson's disease: a phase 1 randomized controlled trial.,Nat Med,2026,abstract_metadata_only,derived_annotations_only,2026-06-01T18:20:51+00:00
1064,literature_discovery,https://pubmed.ncbi.nlm.nih.gov/41813449/,41813449,,10.1016/j.nmd.2025.106256,"A prospective, multi-center, observational study of the safety, tolerability and effectiveness of Nusinersen in adult patients with spinal muscular atrophy.",Neuromuscul Disord,2026,abstract_metadata_only,derived_annotations_only,2026-06-01T18:20:51+00:00
1065,literature_discovery,https://pubmed.ncbi.nlm.nih.gov/41754970/,41754970,PMC12944301,10.3390/pharmaceutics18020228,Unconventional Lysine-Type Lipid Assemblies Enable Efficient Antisense Oligonucleotide Delivery with Distinct Structural Features.,Pharmaceutics,2026,abstract_metadata_only,derived_annotations_only,2026-06-01T18:20:51+00:00
1069,literature_discovery,https://pubmed.ncbi.nlm.nih.gov/41541269/,41541269,PMC12800395,10.1016/j.omtn.2025.102801,Ribofuranose-based GalNAc-conjugated siRNA enhances the liver-targeted delivery and elicits robust RNAi-mediated gene silencing.,Mol Ther Nucleic Acids,2026,abstract_metadata_only,derived_annotations_only,2026-06-01T18:20:51+00:00
1075,literature_discovery,https://pubmed.ncbi.nlm.nih.gov/41085094/,41085094,PMC12856967,10.1002/cpdd.1615,"A Phase 1, Randomized, Open-Label, Parallel Group Study to Evaluate the Relative Bioavailability and Safety of Subcutaneous Bepirovirsen when Delivered from a Vial or Prefilled Syringe Fitted with a Safety Syringe Device in Healthy Adult Participants.",Clin Pharmacol Drug Dev,2026,abstract_metadata_only,derived_annotations_only,2026-06-01T18:20:51+00:00
1077,literature_discovery,https://pubmed.ncbi.nlm.nih.gov/41457341/,41457341,,10.1177/01926233251404016,Proceedings of the 2024 Classic Examples in Toxicologic Pathology XXXI.,Toxicol Pathol,2025,abstract_metadata_only,derived_annotations_only,2026-06-01T18:20:51+00:00
1080,literature_discovery,https://pubmed.ncbi.nlm.nih.gov/41166443/,41166443,PMC12574672,10.1093/nar/gkaf487,Improved targeted delivery of antisense oligonucleotide with an antibody mask.,Nucleic Acids Res,2025,abstract_metadata_only,derived_annotations_only,2026-06-01T18:20:51+00:00
1108,literature_discovery,https://pubmed.ncbi.nlm.nih.gov/40134366/,40134366,,10.1089/nat.2024.0047,"Hepatotoxicity Reduction Profiles of Antisense Oligonucleotides Containing Amido-Bridged Nucleic Acid and 2'-O,4'-C-Spirocyclopropylene Bridged Nucleic Acid.",Nucleic Acid Ther,2025,abstract_metadata_only,derived_annotations_only,2026-06-01T18:20:51+00:00
1110,literature_discovery,https://pubmed.ncbi.nlm.nih.gov/38978695/,38978695,PMC11229412,10.1016/j.omtn.2024.102161,"Favorable efficacy and reduced acute neurotoxicity by antisense oligonucleotides with 2',4'-BNA/LNA with 9-(aminoethoxy)phenoxazine.",Mol Ther Nucleic Acids,2024,abstract_metadata_only,derived_annotations_only,2026-06-01T18:20:51+00:00
1112,literature_discovery,https://pubmed.ncbi.nlm.nih.gov/38227794/,38227794,,10.1089/nat.2023.0026,Safety and Tolerability of GalNAc(3)-Conjugated Antisense Drugs Compared to the Same-Sequence 2'-O-Methoxyethyl-Modified Antisense Drugs: Results from an Integrated Assessment of Phase 1 Clinical Trial Data.,Nucleic Acid Ther,2024,abstract_metadata_only,derived_annotations_only,2026-06-01T18:20:51+00:00
1115,literature_discovery,https://pubmed.ncbi.nlm.nih.gov/39554992/,39554992,PMC11567125,10.1016/j.omtn.2024.102359,Preventing acute neurotoxicity of CNS therapeutic oligonucleotides with the addition of Ca(2+) and Mg(2+) in the formulation.,Mol Ther Nucleic Acids,2024,abstract_metadata_only,derived_annotations_only,2026-06-01T18:20:51+00:00
1117,literature_discovery,https://pubmed.ncbi.nlm.nih.gov/38089931/,38089931,PMC10711485,10.1016/j.omtn.2023.102080,"Dendritic amphiphilic siRNA: Selective albumin binding, in vivo efficacy, and low toxicity.",Mol Ther Nucleic Acids,2023,abstract_metadata_only,derived_annotations_only,2026-06-01T18:20:51+00:00
1127,literature_discovery,https://pubmed.ncbi.nlm.nih.gov/40967408/,40967408,,10.1016/j.jconrel.2025.114239,Safety and efficacy of KRAS antisense oligonucleotides and RIG-I agonists delivered by extracellular vesicles for pancreatic cancer peritoneal metastasis treatment.,J Control Release,2025,abstract_metadata_only,derived_annotations_only,2026-06-01T18:20:51+00:00
1131,literature_discovery,https://pubmed.ncbi.nlm.nih.gov/40101742/,40101742,PMC12043408,10.1093/jimmun/vkae055,Cellular immune changes during severe antisense oligonucleotide-associated thrombocytopenia in a nonhuman primate model.,J Immunol,2025,abstract_metadata_only,derived_annotations_only,2026-06-01T18:20:51+00:00
1133,literature_discovery,https://pubmed.ncbi.nlm.nih.gov/39500647/,39500647,,10.1016/j.jcf.2024.10.004,"A phase I study assessing the safety and tolerability of SPL84, an inhaled antisense oligonucleotide for treatment of cystic fibrosis patients with the 3849 +10kb C->T.",J Cyst Fibros,2025,abstract_metadata_only,derived_annotations_only,2026-06-01T18:20:51+00:00
1135,literature_discovery,https://pubmed.ncbi.nlm.nih.gov/39119918/,39119918,PMC11417397,10.1093/nar/gkae686,"Efficacy, biodistribution and safety comparison of chemically modified antisense oligonucleotides in the retina.",Nucleic Acids Res,2024,abstract_metadata_only,derived_annotations_only,2026-06-01T18:20:51+00:00
1136,literature_discovery,https://pubmed.ncbi.nlm.nih.gov/38042877/,38042877,PMC10693639,10.1038/s41467-023-43714-0,Dynamic and static control of the off-target interactions of antisense oligonucleotides using toehold chemistry.,Nat Commun,2023,abstract_metadata_only,derived_annotations_only,2026-06-01T18:20:51+00:00
1137,literature_discovery,https://pubmed.ncbi.nlm.nih.gov/37638886/,37638886,,10.1021/jacs.3c04744,"Shorter Is Better: The α-(l)-Threofuranosyl Nucleic Acid Modification Improves Stability, Potency, Safety, and Ago2 Binding and Mitigates Off-Target Effects of Small Interfering RNAs.",J Am Chem Soc,2023,abstract_metadata_only,derived_annotations_only,2026-06-01T18:20:51+00:00
1138,literature_discovery,https://pubmed.ncbi.nlm.nih.gov/37185731/,37185731,PMC10137061,10.3390/cimb45040207,Inhibitory Effect of Phosphorothioate Oligonucleotide Complementary to G6PD mRNA on Murine Melanoma.,Curr Issues Mol Biol,2023,abstract_metadata_only,derived_annotations_only,2026-06-01T18:20:51+00:00
1148,literature_discovery,https://pubmed.ncbi.nlm.nih.gov/36631935/,36631935,PMC10087069,10.1111/cts.13476,Correlations between preclinical BJAB assay ranking of antisense drugs and clinical trial adverse events.,Clin Transl Sci,2023,abstract_metadata_only,derived_annotations_only,2026-06-01T18:20:51+00:00
1149,literature_discovery,https://pubmed.ncbi.nlm.nih.gov/42052104/,42052104,PMC13112037,10.2147/DDDT.S589997,"Safety and Pharmacokinetics of SRN001, a Novel siRNA Drug Targeting Amphiregulin via the SAMiRNA Platform.",Drug Des Devel Ther,2026,abstract_metadata_only,derived_annotations_only,2026-06-01T18:20:51+00:00
1150,literature_discovery,https://pubmed.ncbi.nlm.nih.gov/42030965/,42030965,,10.1016/S0140-6736(26)00690-2,"Efficacy and safety of cemdisiran siRNA in myasthenia gravis (NIMBLE): a double-blind, randomised, placebo-controlled, phase 3 trial.",Lancet,2026,abstract_metadata_only,derived_annotations_only,2026-06-01T18:20:51+00:00
1151,literature_discovery,https://pubmed.ncbi.nlm.nih.gov/41984094/,41984094,,10.1007/s00204-026-04370-7,Imaging and safety profiling of inhaled siRNA RyR2 in human respiratory models.,Arch Toxicol,2026,abstract_metadata_only,derived_annotations_only,2026-06-01T18:20:51+00:00
1152,literature_discovery,https://pubmed.ncbi.nlm.nih.gov/41970250/,41970250,PMC13067123,10.1016/j.mtbio.2026.103059,Dual targeted gene delivery strategy mediated by GalNAc-modified lipid nanoparticles enhances liver regeneration through specific knockdown of MKK4.,Mater Today Bio,2026,abstract_metadata_only,derived_annotations_only,2026-06-01T18:20:51+00:00
1154,literature_discovery,https://pubmed.ncbi.nlm.nih.gov/41646886/,41646886,PMC12870468,10.1016/j.omtn.2026.102835,2'-Ribose-modified nucleotides: A strategy for reducing off-target effects of oligonucleotide drugs.,Mol Ther Nucleic Acids,2026,abstract_metadata_only,derived_annotations_only,2026-06-01T18:20:51+00:00
1155,literature_discovery,https://pubmed.ncbi.nlm.nih.gov/41616799/,41616799,,10.1016/S2213-8587(25)00351-1,"Efficacy and safety of inclisiran in adolescents with heterozygous familial hypercholesterolaemia (ORION-16): a two-part, randomised, multicentre clinical trial.",Lancet Diabetes Endocrinol,2026,abstract_metadata_only,derived_annotations_only,2026-06-01T18:20:51+00:00
1157,literature_discovery,https://pubmed.ncbi.nlm.nih.gov/41467115/,41467115,PMC12744844,10.1016/j.omtn.2025.102693,An siRMSD parameter of structural distortion induced by chemical modification is predictive of the off-target effect of siRNA.,Mol Ther Nucleic Acids,2025,abstract_metadata_only,derived_annotations_only,2026-06-01T18:20:51+00:00
1160,literature_discovery,https://pubmed.ncbi.nlm.nih.gov/40654713/,40654713,PMC12247940,10.1101/2025.05.01.651722,"Anti-Sense Oligonucleotide as a Therapeutic for Synucleinopathies: Pharmacokinetic, Safety and Efficacy Evaluation.",bioRxiv,2025,abstract_metadata_only,derived_annotations_only,2026-06-01T18:20:51+00:00
1161,literature_discovery,https://pubmed.ncbi.nlm.nih.gov/39580013/,39580013,,10.1016/j.yrtph.2024.105743,Carcinogenicity assessment of inotersen in Tg.rasH2 mice and Sprague-Dawley rats: Implications for 2'-MOE antisense oligonucleotides.,Regul Toxicol Pharmacol,2025,abstract_metadata_only,derived_annotations_only,2026-06-01T18:20:51+00:00
1164,literature_discovery,https://pubmed.ncbi.nlm.nih.gov/37920238/,37920238,PMC10618110,10.1016/j.omtm.2023.101122,Awake intracerebroventricular delivery and safety assessment of oligonucleotides in a large animal model.,Mol Ther Methods Clin Dev,2023,abstract_metadata_only,derived_annotations_only,2026-06-01T18:20:51+00:00
1166,literature_discovery,https://pubmed.ncbi.nlm.nih.gov/37497888/,37497888,,10.1002/ajh.27015,"SLN124, a GalNAc conjugated 19-mer siRNA targeting tmprss6, reduces plasma iron and increases hepcidin levels of healthy volunteers.",Am J Hematol,2023,abstract_metadata_only,derived_annotations_only,2026-06-01T18:20:51+00:00
1167,literature_discovery,https://pubmed.ncbi.nlm.nih.gov/37365583/,37365583,PMC10294514,10.1186/s13045-023-01468-8,"Safety and activity of the first-in-class locked nucleic acid (LNA) miR-221 selective inhibitor in refractory advanced cancer patients: a first-in-human, phase 1, open-label, dose-escalation study.",J Hematol Oncol,2023,abstract_metadata_only,derived_annotations_only,2026-06-01T18:20:51+00:00
1173,literature_discovery,https://pubmed.ncbi.nlm.nih.gov/41984862/,41984862,PMC13082648,10.1371/journal.pone.0347417,Assessing the real-world safety of vutrisiran for transthyretin-mediated amyloidosis with polyneuropathy: Based on WHO-VigiAccess and FAERS databases.,PLoS One,2026,abstract_metadata_only,derived_annotations_only,2026-06-01T18:20:51+00:00
1176,literature_discovery,https://pubmed.ncbi.nlm.nih.gov/42198843/,42198843,,10.1016/j.ymthe.2026.05.010,Lipid nanoparticle delivery of antisense gapmers attenuates pathology in a mouse model of facioscapulohumeral muscular dystrophy.,Mol Ther,2026,abstract_metadata_only,derived_annotations_only,2026-06-01T18:20:51+00:00
1179,literature_discovery,https://pubmed.ncbi.nlm.nih.gov/42141407/,42141407,,10.1186/s12872-026-05931-5,Comparative effectiveness and safety of inclisiran versus evolocumab and alirocumab: a 180-day real-world study.,BMC Cardiovasc Disord,2026,abstract_metadata_only,derived_annotations_only,2026-06-01T18:20:51+00:00
1182,literature_discovery,https://pubmed.ncbi.nlm.nih.gov/42108101/,42108101,,10.5551/jat.66214,"A Phase 1 Study Evaluating the Pharmacokinetics, Pharmacodynamics, and Safety of Zerlasiran in Japanese Participants.",J Atheroscler Thromb,2026,abstract_metadata_only,derived_annotations_only,2026-06-01T18:20:51+00:00
1185,literature_discovery,https://pubmed.ncbi.nlm.nih.gov/42033225/,42033225,PMC13109722,10.1093/nar/gkag343,Direct targeting of C9ORF72 repeat RNA with fluorinated antisense oligonucleotides.,Nucleic Acids Res,2026,abstract_metadata_only,derived_annotations_only,2026-06-01T18:20:51+00:00
1192,literature_discovery,https://pubmed.ncbi.nlm.nih.gov/41923247/,41923247,PMC13169958,10.1186/s12951-026-04312-6,Dual-targeted lipid nanoparticles for TET3 siRNA delivery: nanobiotechnology strategy to remodel tumor immune microenvironment in hepatocellular carcinoma.,J Nanobiotechnology,2026,abstract_metadata_only,derived_annotations_only,2026-06-01T18:20:51+00:00
1193,literature_discovery,https://pubmed.ncbi.nlm.nih.gov/41919978/,41919978,PMC13085844,10.1021/acsnano.5c21452,DNA Repair Enzyme Regulation Strategy for Enhanced Pancreatic Neuroendocrine Tumor Therapy via Targeting siRNA-Lipid Nanoparticles.,ACS Nano,2026,abstract_metadata_only,derived_annotations_only,2026-06-01T18:20:51+00:00
1196,literature_discovery,https://pubmed.ncbi.nlm.nih.gov/41907143/,41907143,PMC13021479,10.3389/fmolb.2026.1785592,Efficiency and safety of five different agents for in vivo delivery of novel bioengineered RNAi molecules.,Front Mol Biosci,2026,abstract_metadata_only,derived_annotations_only,2026-06-01T18:20:51+00:00
1201,literature_discovery,https://pubmed.ncbi.nlm.nih.gov/41860775/,41860775,,10.2459/JCM.0000000000001852,Inclisiran safety and efficacy in real-world clinical practice: results of a retrospective observational investigation.,J Cardiovasc Med (Hagerstown),2026,abstract_metadata_only,derived_annotations_only,2026-06-01T18:20:51+00:00
1202,literature_discovery,https://pubmed.ncbi.nlm.nih.gov/41847300/,41847300,PMC12990253,10.1016/j.bbrep.2026.102534,Dual knockdown of Alox15 and TGF-β1 by lipid nanoparticle-delivered siRNA in bleomycin-induced pulmonary fibrosis.,Biochem Biophys Rep,2026,abstract_metadata_only,derived_annotations_only,2026-06-01T18:20:51+00:00
1209,literature_discovery,https://pubmed.ncbi.nlm.nih.gov/41708903/,41708903,,10.1007/s13346-026-02076-y,Comparative analysis of clinically approved lipid nanoparticles for intranasal siRNA delivery against SARS-CoV-2.,Drug Deliv Transl Res,2026,abstract_metadata_only,derived_annotations_only,2026-06-01T18:20:51+00:00
1210,literature_discovery,https://pubmed.ncbi.nlm.nih.gov/41704705/,41704705,PMC12907196,10.3389/fmed.2026.1719202,Investigation of the activity of phosphothioate and phosphothioate-LNA-modified oligonucleotides against HIV-1.,Front Med (Lausanne),2026,abstract_metadata_only,derived_annotations_only,2026-06-01T18:20:51+00:00
1213,literature_discovery,https://pubmed.ncbi.nlm.nih.gov/41583579/,41583579,PMC12828233,10.1093/narmme/ugag001,Systemic distribution of tricyclo-DNA antisense oligonucleotide following intratracheal instillation in the mouse.,NAR Mol Med,2026,abstract_metadata_only,derived_annotations_only,2026-06-01T18:20:51+00:00
1215,literature_discovery,https://pubmed.ncbi.nlm.nih.gov/41399312/,41399312,PMC12877987,10.1002/smll.202509094,Delivery of Antisense Oligonucleotides Using the Nano-Cell Vesicle Technology System (nCVTs) for Targeted Cancer Therapy.,Small,2026,abstract_metadata_only,derived_annotations_only,2026-06-01T18:20:51+00:00
1217,literature_discovery,https://pubmed.ncbi.nlm.nih.gov/41289434/,41289434,,10.1097/FJC.0000000000001778,Muscle Adverse Events Associated With Inclisiran: Data Mining of FAERS Database and Mendelian Randomization Analysis.,J Cardiovasc Pharmacol,2026,abstract_metadata_only,derived_annotations_only,2026-06-01T18:20:51+00:00
1218,literature_discovery,https://pubmed.ncbi.nlm.nih.gov/41274662/,41274662,,10.1177/21593337251391029,Class-Specific Adverse Events of Patients Treated with Small Interfering RNA Therapeutics: A Disproportionality Analysis of the United States Food and Drug Administration Adverse Event Reporting System Database Based on the MY FAERS Platform.,Nucleic Acid Ther,2026,abstract_metadata_only,derived_annotations_only,2026-06-01T18:20:51+00:00
1233,literature_discovery,https://pubmed.ncbi.nlm.nih.gov/40926414/,40926414,PMC12703169,10.1016/j.ymthe.2025.08.045,Restoring chloride efflux in cystic fibrosis with TMEM16a antisense oligonucleotides.,Mol Ther,2025,abstract_metadata_only,derived_annotations_only,2026-06-01T18:20:51+00:00
1242,literature_discovery,https://pubmed.ncbi.nlm.nih.gov/40692538/,40692538,PMC12277184,10.2147/IJN.S510937,Protective Effects of GalNac-Modified Red Blood Cell-Derived Extracellular Vesicles Against Liver Diseases.,Int J Nanomedicine,2025,abstract_metadata_only,derived_annotations_only,2026-06-01T18:20:51+00:00
1246,literature_discovery,https://pubmed.ncbi.nlm.nih.gov/40540297/,40540297,,10.1021/jacs.5c04234,Structurally Dynamic Polyplexes Enhance Sentinel Lymph Node Delivery of Antisense Oligonucleotides to Inhibit Breast Cancer Recurrence and Metastasis.,J Am Chem Soc,2025,abstract_metadata_only,derived_annotations_only,2026-06-01T18:20:51+00:00
1254,literature_discovery,https://pubmed.ncbi.nlm.nih.gov/40414239/,40414239,PMC12407188,10.1016/S0140-6736(25)00513-6,"Antisense oligonucleotide jacifusen for FUS-ALS: an investigator-initiated, multicentre, open-label case series.",Lancet,2025,abstract_metadata_only,derived_annotations_only,2026-06-01T18:20:51+00:00
1256,literature_discovery,https://pubmed.ncbi.nlm.nih.gov/40367190/,40367190,PMC12423764,10.1126/scitranslmed.adv4656,Intra-amniotic antisense oligonucleotide treatment improves phenotypes in preclinical models of spinal muscular atrophy.,Sci Transl Med,2025,abstract_metadata_only,derived_annotations_only,2026-06-01T18:20:51+00:00
1262,literature_discovery,https://pubmed.ncbi.nlm.nih.gov/40243849/,40243849,PMC11988723,10.3390/ijms26073098,Inhibiting Myostatin Expression by the Antisense Oligonucleotides Improves Muscle Wasting in a Chronic Kidney Disease Mouse Model.,Int J Mol Sci,2025,abstract_metadata_only,derived_annotations_only,2026-06-01T18:20:51+00:00
1270,literature_discovery,https://pubmed.ncbi.nlm.nih.gov/39937271/,39937271,PMC11995004,10.1158/1078-0432.CCR-24-1818,"AZD8701, an Antisense Oligonucleotide Targeting FOXP3 mRNA, as Monotherapy and in Combination with Durvalumab: A Phase I Trial in Patients with Advanced Solid Tumors.",Clin Cancer Res,2025,abstract_metadata_only,derived_annotations_only,2026-06-01T18:20:51+00:00
1274,literature_discovery,https://pubmed.ncbi.nlm.nih.gov/39549635/,39549635,,10.1016/j.braindev.2024.10.005,Safety and efficacy of viltolarsen treatment in patients with Duchenne muscular dystrophy: A retrospective study with 3-year follow-up.,Brain Dev,2025,abstract_metadata_only,derived_annotations_only,2026-06-01T18:20:51+00:00
1282,literature_discovery,https://pubmed.ncbi.nlm.nih.gov/39460376/,39460376,PMC11638874,10.1016/j.ymthe.2024.10.024,Quantifying and mitigating motor phenotypes induced by antisense oligonucleotides in the central nervous system.,Mol Ther,2024,abstract_metadata_only,derived_annotations_only,2026-06-01T18:20:51+00:00
1286,literature_discovery,https://pubmed.ncbi.nlm.nih.gov/39363329/,39363329,PMC11448427,10.1186/s12944-024-02297-5,Efficacy and safety of olezarsen in lowering apolipoprotein C-III and triglycerides in healthy Japanese Americans.,Lipids Health Dis,2024,abstract_metadata_only,derived_annotations_only,2026-06-01T18:20:51+00:00
1290,literature_discovery,https://pubmed.ncbi.nlm.nih.gov/38271438/,38271438,PMC10810432,10.1371/journal.pone.0294847,A phase 2 open-label study of the safety and efficacy of weekly dosing of ATL1102 in patients with non-ambulatory Duchenne muscular dystrophy and pharmacology in mdx mice.,PLoS One,2024,abstract_metadata_only,derived_annotations_only,2026-06-01T18:20:51+00:00
1292,literature_discovery,https://pubmed.ncbi.nlm.nih.gov/37834294/,37834294,PMC10573891,10.3390/ijms241914846,Antiviral Efficacy of RNase H-Dependent Gapmer Antisense Oligonucleotides against Japanese Encephalitis Virus.,Int J Mol Sci,2023,abstract_metadata_only,derived_annotations_only,2026-06-01T18:20:51+00:00
1308,literature_discovery,https://pubmed.ncbi.nlm.nih.gov/41443406/,41443406,,10.1016/j.kint.2025.11.017,A single-arm phase 2 trial of an investigational RNA therapeutic to complement factor B sefaxersen for treatment of IgA nephropathy.,Kidney Int,2026,abstract_metadata_only,derived_annotations_only,2026-06-01T18:20:51+00:00
1368,literature_discovery,https://pubmed.ncbi.nlm.nih.gov/42005705/,42005705,PMC13091633,10.2147/IJN.S588018,Preparation and Antitumor Activity of METTL3 SiRNA Nanoparticles Carried by Hypoxia Sensitive Polymer (mPEG-Azo-PEI).,Int J Nanomedicine,2026,abstract_metadata_only,derived_annotations_only,2026-06-01T18:20:51+00:00
1375,literature_discovery,https://pubmed.ncbi.nlm.nih.gov/41985596/,41985596,,10.1016/j.ijpharm.2026.126878,Mucus-penetrating lipid nanoparticles overcome lung barriers for pulmonary co-delivery of siGSDMD and pDNA-SAP in idiopathic pulmonary fibrosis.,Int J Pharm,2026,abstract_metadata_only,derived_annotations_only,2026-06-01T18:20:51+00:00
1392,literature_discovery,https://pubmed.ncbi.nlm.nih.gov/41865608/,41865608,,10.1016/j.colsurfb.2026.115616,"cRGD-modified, pH-sensitive liposomes for co-delivery of docetaxel and ABCG2 siRNA enhance therapeutic efficacy in triple-negative breast cancer.",Colloids Surf B Biointerfaces,2026,abstract_metadata_only,derived_annotations_only,2026-06-01T18:20:51+00:00
1408,literature_discovery,https://pubmed.ncbi.nlm.nih.gov/41169576/,41169576,PMC12569656,10.1021/jacsau.5c01005,"Cycloalkane Incorporation Into the 2',4'-Bridge of Locked Nucleic Acid: Enhancing Nuclease Stability, Reducing Phosphorothioate Modifications, and Lowering Hepatotoxicity in Antisense Oligonucleotides.",JACS Au,2025,abstract_metadata_only,derived_annotations_only,2026-06-01T18:20:51+00:00
1409,literature_discovery,https://pubmed.ncbi.nlm.nih.gov/35801870/,35801870,PMC9303313,10.1093/nar/gkac562,Identification of nucleobase chemical modifications that reduce the hepatotoxicity of gapmer antisense oligonucleotides.,Nucleic Acids Res,2022,abstract_metadata_only,derived_annotations_only,2026-06-01T18:20:51+00:00
1410,literature_discovery,https://pubmed.ncbi.nlm.nih.gov/41315228/,41315228,PMC12663328,10.1038/s41467-025-65799-5,The nucleobase guanine at the 3'-terminus of oligonucleotide RGLS4326 drives off-target AMPAR inhibition and CNS toxicity.,Nat Commun,2025,abstract_metadata_only,derived_annotations_only,2026-06-01T18:20:51+00:00
1411,literature_discovery,https://pubmed.ncbi.nlm.nih.gov/35736224/,35736224,PMC9262600,10.1093/nar/gkac539,From bench to bedside: Improving the clinical safety of GalNAc-siRNA conjugates using seed-pairing destabilization.,Nucleic Acids Res,2022,abstract_metadata_only,derived_annotations_only,2026-06-01T18:20:51+00:00
1413,literature_discovery,https://pubmed.ncbi.nlm.nih.gov/41928909/,41928909,PMC13040562,10.1039/d5cb00316d,Guanine base modifications in antisense oligonucleotides mitigate acute central nervous system toxicity.,RSC Chem Biol,2026,abstract_metadata_only,derived_annotations_only,2026-06-01T18:20:51+00:00
1417,literature_discovery,https://pubmed.ncbi.nlm.nih.gov/38391508/,38391508,PMC10885958,10.3390/antibiotics13020122,General and Specific Cytotoxicity of Chimeric Antisense Oligonucleotides in Bacterial Cells and Human Cell Lines.,Antibiotics (Basel),2024,abstract_metadata_only,derived_annotations_only,2026-06-01T18:20:51+00:00
1421,literature_discovery,https://pubmed.ncbi.nlm.nih.gov/33084520/,33084520,,10.1177/0192623320964391,Urinary Kidney Biomarker Panel Detects Preclinical Antisense Oligonucleotide-Induced Tubular Toxicity.,Toxicol Pathol,2020,abstract_metadata_only,derived_annotations_only,2026-06-01T18:20:51+00:00
1422,literature_discovery,https://pubmed.ncbi.nlm.nih.gov/32833564/,32833564,,10.1089/nat.2020.0867,"Immunogenicity Assessment of Inotersen, a 2'-O-(2-Methoxyethyl) Antisense Oligonucleotide in Animals and Humans: Effect on Pharmacokinetics, Pharmacodynamics, and Safety.",Nucleic Acid Ther,2020,abstract_metadata_only,derived_annotations_only,2026-06-01T18:20:51+00:00
1423,literature_discovery,https://pubmed.ncbi.nlm.nih.gov/31980820/,31980820,PMC7038945,10.1093/nar/gkaa031,Understanding the effect of controlling phosphorothioate chirality in the DNA gap on the potency and safety of gapmer antisense oligonucleotides.,Nucleic Acids Res,2020,abstract_metadata_only,derived_annotations_only,2026-06-01T18:20:51+00:00
1425,literature_discovery,https://pubmed.ncbi.nlm.nih.gov/41167339/,41167339,,10.1016/j.jconrel.2025.114366,Incorporation of a polyamine into lipid nanoparticles increases the endosomal release and transfection of nucleic acids without toxicity.,J Control Release,2025,abstract_metadata_only,derived_annotations_only,2026-06-01T18:20:51+00:00
1427,literature_discovery,https://pubmed.ncbi.nlm.nih.gov/35917865/,35917865,PMC10281028,10.1016/j.jconrel.2022.07.041,Engineered ionizable lipid siRNA conjugates enhance endosomal escape but induce toxicity in vivo.,J Control Release,2022,abstract_metadata_only,derived_annotations_only,2026-06-01T18:20:51+00:00
1428,literature_discovery,https://pubmed.ncbi.nlm.nih.gov/34592399/,34592399,,10.1016/j.ijpharm.2021.121140,The hydrophobic tail of a pH-sensitive cationic lipid influences siRNA transfection activity and toxicity in human NK cell lines.,Int J Pharm,2021,abstract_metadata_only,derived_annotations_only,2026-06-01T18:20:51+00:00
1429,literature_discovery,https://pubmed.ncbi.nlm.nih.gov/34060347/,34060347,,10.1177/01926233211011615,"Safety, Tissue Distribution, and Metabolism of LNA-Containing Antisense Oligonucleotides in Rats.",Toxicol Pathol,2021,abstract_metadata_only,derived_annotations_only,2026-06-01T18:20:51+00:00
1430,literature_discovery,https://pubmed.ncbi.nlm.nih.gov/31821125/,31821125,PMC6987735,10.1089/nat.2019.0796,"Nonclinical Safety Profile of Revusiran, a 1st-Generation GalNAc-siRNA Conjugate for Treatment of Hereditary Transthyretin-Mediated Amyloidosis.",Nucleic Acid Ther,2020,abstract_metadata_only,derived_annotations_only,2026-06-01T18:20:51+00:00
1431,literature_discovery,https://pubmed.ncbi.nlm.nih.gov/32530964/,32530964,PMC7292364,10.1371/journal.pone.0232603,Refining LNA safety profile by controlling phosphorothioate stereochemistry.,PLoS One,2020,abstract_metadata_only,derived_annotations_only,2026-06-01T18:20:51+00:00
1442,literature_discovery,https://pubmed.ncbi.nlm.nih.gov/41066632/,41066632,PMC12581821,10.1093/hmg/ddaf153,Determining off-target effects of splice-switching antisense oligonucleotides using short read RNAseq in neuronally differentiated human induced pluripotent stem cells.,Hum Mol Genet,2025,abstract_metadata_only,derived_annotations_only,2026-06-01T18:20:51+00:00
1453,literature_discovery,https://pubmed.ncbi.nlm.nih.gov/39192097/,39192097,,10.1007/s10120-024-01548-9,Preclinical toxicological assessment of amido-bridged nucleic acid-modified antisense oligonucleotides targeting synaptotagmin XIII for intra-abdominal treatment of peritoneal metastasis of gastric cancer.,Gastric Cancer,2024,abstract_metadata_only,derived_annotations_only,2026-06-01T18:20:51+00:00
1454,literature_discovery,https://pubmed.ncbi.nlm.nih.gov/39059407/,39059407,,10.1016/S1474-4422(24)00216-3,"Safety, tolerability, and pharmacokinetics of antisense oligonucleotide BIIB078 in adults with C9orf72-associated amyotrophic lateral sclerosis: a phase 1, randomised, double blinded, placebo-controlled, multiple ascending dose study.",Lancet Neurol,2024,abstract_metadata_only,derived_annotations_only,2026-06-01T18:20:51+00:00
1458,literature_discovery,https://pubmed.ncbi.nlm.nih.gov/37654022/,37654022,PMC10582666,10.1111/cts.13581,"Pharmacokinetics, safety, and tolerability of BMS-986263, a lipid nanoparticle containing HSP47 siRNA, in participants with hepatic impairment.",Clin Transl Sci,2023,abstract_metadata_only,derived_annotations_only,2026-06-01T18:20:51+00:00
1460,literature_discovery,https://pubmed.ncbi.nlm.nih.gov/35971951/,35971951,PMC9804925,10.1002/cpdd.1154,"Preclinical and Phase 1 Assessment of Antisense Oligonucleotide Bepirovirsen in Hepatitis B Virus-Transgenic Mice and Healthy Human Volunteers: Support for Clinical Dose Selection and Evaluation of Safety, Tolerability, and Pharmacokinetics of Single and Multiple Doses.",Clin Pharmacol Drug Dev,2022,abstract_metadata_only,derived_annotations_only,2026-06-01T18:20:51+00:00
1463,literature_discovery,https://pubmed.ncbi.nlm.nih.gov/34575518/,34575518,PMC8470776,10.3390/pharmaceutics13091442,"Safety Testing of an Antisense Oligonucleotide Intended for Pediatric Indications in the Juvenile Göttingen Minipig, including an Evaluation of the Ontogeny of Key Nucleases.",Pharmaceutics,2021,abstract_metadata_only,derived_annotations_only,2026-06-01T18:20:51+00:00
1465,literature_discovery,https://pubmed.ncbi.nlm.nih.gov/33431610/,33431610,,10.1124/jpet.120.000222,"Safety, Pharmacokinetic, and Pharmacodynamic Evaluation of a 2'-(2-Methoxyethyl)-D-ribose Antisense Oligonucleotide-Triantenarry N-Acetyl-galactosamine Conjugate that Targets the Human Transmembrane Protease Serine 6.",J Pharmacol Exp Ther,2021,abstract_metadata_only,derived_annotations_only,2026-06-01T18:20:51+00:00
1468,literature_discovery,https://pubmed.ncbi.nlm.nih.gov/39325927/,39325927,,10.1002/anie.202415272,Self-Assembled Antibody-Oligonucleotide Conjugates for Targeted Delivery of Complementary Antisense Oligonucleotides.,Angew Chem Int Ed Engl,2025,abstract_metadata_only,derived_annotations_only,2026-06-01T18:20:51+00:00
1471,literature_discovery,https://pubmed.ncbi.nlm.nih.gov/33633318/,33633318,PMC7907328,10.1038/s41598-021-84194-w,Antisense oligonucleotide development for the selective modulation of CYP3A5 in renal disease.,Sci Rep,2021,abstract_metadata_only,derived_annotations_only,2026-06-01T18:20:51+00:00
1472,literature_discovery,https://pubmed.ncbi.nlm.nih.gov/42132413/,42132413,,10.1002/jcph.70207,"Pharmacokinetics, Safety, and Tolerability of Anti-miR-17 Oligonucleotide RGLS4326 in Healthy Adult Subjects.",J Clin Pharmacol,2026,abstract_metadata_only,derived_annotations_only,2026-06-01T18:20:51+00:00
1476,literature_discovery,https://pubmed.ncbi.nlm.nih.gov/41076269/,41076269,PMC12766900,10.1016/j.jtha.2025.09.012,Preclinical safety and bleeding evaluation in swine for a small interfering RNA-lipid nanoparticle that prevents excess fibrinogen synthesis.,J Thromb Haemost,2026,abstract_metadata_only,derived_annotations_only,2026-06-01T18:20:51+00:00
1477,literature_discovery,https://pubmed.ncbi.nlm.nih.gov/40385635/,40385635,PMC12083919,10.1016/j.omtn.2025.102542,"Design, pharmacology, and toxicology of a novel chemically modified siRNA targeting hepatic angiotensinogen.",Mol Ther Nucleic Acids,2025,abstract_metadata_only,derived_annotations_only,2026-06-01T18:20:51+00:00
1478,literature_discovery,https://pubmed.ncbi.nlm.nih.gov/40179932/,40179932,,10.1016/S0140-6736(25)00507-0,"Durability and efficacy of solbinsiran, a GalNAc-conjugated siRNA targeting ANGPTL3, in adults with mixed dyslipidaemia (PROLONG-ANG3): a double-blind, randomised, placebo-controlled, phase 2 trial.",Lancet,2025,abstract_metadata_only,derived_annotations_only,2026-06-01T18:20:51+00:00
1479,literature_discovery,https://pubmed.ncbi.nlm.nih.gov/37346977/,37346977,PMC10280097,10.1016/j.omtn.2023.05.005,Lipid nanoparticle delivery limits antisense oligonucleotide activity and cellular distribution in the brain after intracerebroventricular injection.,Mol Ther Nucleic Acids,2023,abstract_metadata_only,derived_annotations_only,2026-06-01T18:20:51+00:00
1481,literature_discovery,https://pubmed.ncbi.nlm.nih.gov/37200862/,37200862,PMC10185704,10.1016/j.omtn.2023.04.010,Block or degrade? Balancing on- and off-target effects of antisense strategies against transcripts with expanded triplet repeats in DM1.,Mol Ther Nucleic Acids,2023,abstract_metadata_only,derived_annotations_only,2026-06-01T18:20:51+00:00
1484,literature_discovery,https://pubmed.ncbi.nlm.nih.gov/35921401/,35921401,PMC9389587,10.1021/jacs.2c01679,"Role of a ""Magic"" Methyl: 2'-Deoxy-2'-α-F-2'-β-C-methyl Pyrimidine Nucleotides Modulate RNA Interference Activity through Synergy with 5'-Phosphate Mimics and Mitigation of Off-Target Effects.",J Am Chem Soc,2022,abstract_metadata_only,derived_annotations_only,2026-06-01T18:20:51+00:00
1485,literature_discovery,https://pubmed.ncbi.nlm.nih.gov/35861704/,35861704,PMC9595634,10.1089/nat.2022.0005,The Combination of Mesyl-Phosphoramidate Inter-Nucleotide Linkages and 2'-O-Methyl in Selected Positions in the Antisense Oligonucleotide Enhances the Performance of RNaseH1 Active PS-ASOs.,Nucleic Acid Ther,2022,abstract_metadata_only,derived_annotations_only,2026-06-01T18:20:51+00:00
1486,literature_discovery,https://pubmed.ncbi.nlm.nih.gov/35737426/,35737426,PMC9516055,10.1093/toxsci/kfac067,"Preclinical Toxicological Assessment of A Novel siRNA, SLN360, Targeting Elevated Lipoprotein (a) in Cardiovascular Disease.",Toxicol Sci,2022,abstract_metadata_only,derived_annotations_only,2026-06-01T18:20:51+00:00
1492,literature_discovery,https://pubmed.ncbi.nlm.nih.gov/32178467/,32178467,PMC7139664,10.3390/ijms21061952,Antisense Oligonucleotide in LNA-Gapmer Design Targeting TGFBR2-A Key Single Gene Target for Safe and Effective Inhibition of TGFβ Signaling.,Int J Mol Sci,2020,abstract_metadata_only,derived_annotations_only,2026-06-01T18:20:51+00:00
1493,literature_discovery,https://pubmed.ncbi.nlm.nih.gov/32160706/,32160706,PMC7036716,10.1016/j.omtn.2020.01.018,Efficient Delivery of Antisense Oligonucleotides Using Bioreducible Lipid Nanoparticles In Vitro and In Vivo.,Mol Ther Nucleic Acids,2020,abstract_metadata_only,derived_annotations_only,2026-06-01T18:20:51+00:00
1497,literature_discovery,https://pubmed.ncbi.nlm.nih.gov/40737088/,40737088,PMC12309379,10.1093/nar/gkaf692,Single alkyl phosphonate modification of the siRNA backbone in the seed region enhances specificity and therapeutic profile.,Nucleic Acids Res,2025,abstract_metadata_only,derived_annotations_only,2026-06-01T18:20:51+00:00
1511,literature_discovery,https://pubmed.ncbi.nlm.nih.gov/41810474/,41810474,PMC12925264,10.1016/j.ajps.2026.101128,Freezing shock monocytes deliver antisense oligonucleotides via liposomes for the treatment of idiopathic pulmonary fibrosis.,Asian J Pharm Sci,2026,abstract_metadata_only,derived_annotations_only,2026-06-01T18:20:51+00:00
1520,literature_discovery,https://pubmed.ncbi.nlm.nih.gov/41407269/,41407269,,10.1016/j.ophtha.2025.12.011,Avacincaptad Pegol for Geographic Atrophy Secondary to Age-Related Macular Degeneration: Two-Year Efficacy and Safety Results from the GATHER2 Phase 3 Trial.,Ophthalmology,2026,abstract_metadata_only,derived_annotations_only,2026-06-01T18:20:51+00:00
1532,literature_discovery,https://pubmed.ncbi.nlm.nih.gov/41094680/,41094680,PMC12523034,10.1186/s12933-025-02929-9,"Safety, pharmacokinetics and pharmacodynamics of Plozasiran in Chinese healthy volunteers.",Cardiovasc Diabetol,2025,abstract_metadata_only,derived_annotations_only,2026-06-01T18:20:51+00:00
1538,literature_discovery,https://pubmed.ncbi.nlm.nih.gov/40776451/,40776451,PMC12616584,10.1002/adhm.202500695,Pulmonary Delivery of siRNA Anti-TNFα-loaded Lipid Nanoparticles for Rapid Recovery in Murine Acute Lung Injury.,Adv Healthc Mater,2025,abstract_metadata_only,derived_annotations_only,2026-06-01T18:20:51+00:00
1541,literature_discovery,https://pubmed.ncbi.nlm.nih.gov/40607962/,40607962,,10.1002/cpdd.1569,"A Double-Blind, Placebo-Controlled, Single-Ascending Dose Study to Evaluate the Safety, Tolerability, and Pharmacokinetics of HT-101, an RNAi Therapeutic Targeting HBV Infection.",Clin Pharmacol Drug Dev,2025,abstract_metadata_only,derived_annotations_only,2026-06-01T18:20:51+00:00
1551,literature_discovery,https://pubmed.ncbi.nlm.nih.gov/39861693/,39861693,PMC11769357,10.3390/pharmaceutics17010045,Innovative Lipid Nanoparticles Co-Delivering Hydroxychloroquine and siRNA for Enhanced Rheumatoid Arthritis Therapy.,Pharmaceutics,2025,abstract_metadata_only,derived_annotations_only,2026-06-01T18:20:51+00:00
1562,literature_discovery,https://pubmed.ncbi.nlm.nih.gov/39286058/,39286058,PMC11403593,10.1183/23120541.00986-2023,"Randomised, phase 1/2a trial of ION-827359, an antisense oligonucleotide inhibitor of ENaC.",ERJ Open Res,2024,abstract_metadata_only,derived_annotations_only,2026-06-01T18:20:51+00:00
1564,literature_discovery,https://pubmed.ncbi.nlm.nih.gov/39268699/,39268699,,10.1002/cpdd.1454,"A Phase 1, Single-Dose Study to Evaluate the Pharmacokinetics and Safety of Bepirovirsen in Adults with Hepatic Impairment and Healthy Participants (B-Assured).",Clin Pharmacol Drug Dev,2024,abstract_metadata_only,derived_annotations_only,2026-06-01T18:20:51+00:00
1565,literature_discovery,https://pubmed.ncbi.nlm.nih.gov/39259836/,39259836,PMC11687395,10.1093/cvr/cvae195,Liver-targeted Angptl4 silencing by antisense oligonucleotide treatment attenuates hyperlipidaemia and atherosclerosis development in APOE*3-Leiden.CETP mice.,Cardiovasc Res,2024,abstract_metadata_only,derived_annotations_only,2026-06-01T18:20:51+00:00
1571,literature_discovery,https://pubmed.ncbi.nlm.nih.gov/39060346/,39060346,PMC11282055,10.1038/s41598-024-67627-0,Unveiling the adverse events of Nusinersen in spinal muscular atrophy management based on FAERS database.,Sci Rep,2024,abstract_metadata_only,derived_annotations_only,2026-06-01T18:20:51+00:00
1580,literature_discovery,https://pubmed.ncbi.nlm.nih.gov/38819395/,38819395,,10.1056/NEJMoa2402478,Efficacy and Safety of Donidalorsen for Hereditary Angioedema.,N Engl J Med,2024,abstract_metadata_only,derived_annotations_only,2026-06-01T18:20:51+00:00
1582,literature_discovery,https://pubmed.ncbi.nlm.nih.gov/38749176/,38749176,,10.1016/j.biopha.2024.116737,Efficient systemic CNS delivery of a therapeutic antisense oligonucleotide with a blood-brain barrier-penetrating ApoE-derived peptide.,Biomed Pharmacother,2024,abstract_metadata_only,derived_annotations_only,2026-06-01T18:20:51+00:00
1585,literature_discovery,https://pubmed.ncbi.nlm.nih.gov/38636882/,38636882,,10.1016/j.ejpb.2024.114296,A potent bioreducible ionizable lipid nanoparticle enables siRNA delivery for retinal neovascularization inhibition.,Eur J Pharm Biopharm,2024,abstract_metadata_only,derived_annotations_only,2026-06-01T18:20:51+00:00
1592,literature_discovery,https://pubmed.ncbi.nlm.nih.gov/38379891/,38379891,PMC10878212,10.1177/26331055241233596,Synergistic Effect of an Antisense Oligonucleotide and Small Molecule on Splicing Correction of the Spinal Muscular Atrophy Gene.,Neurosci Insights,2024,abstract_metadata_only,derived_annotations_only,2026-06-01T18:20:51+00:00
1600,literature_discovery,https://pubmed.ncbi.nlm.nih.gov/37207382/,37207382,,10.1016/j.nmd.2023.03.008,"Safety, tolerability and pharmacokinetics of eteplirsen in young boys aged 6-48 months with Duchenne muscular dystrophy amenable to exon 51 skipping.",Neuromuscul Disord,2023,abstract_metadata_only,derived_annotations_only,2026-06-01T18:20:51+00:00
1602,literature_discovery,https://pubmed.ncbi.nlm.nih.gov/37005891/,37005891,PMC10200237,10.3233/JND-221656,"Efficacy and Safety of Viltolarsen in Boys With Duchenne Muscular Dystrophy: Results From the Phase 2, Open-Label, 4-Year Extension Study.",J Neuromuscul Dis,2023,abstract_metadata_only,derived_annotations_only,2026-06-01T18:20:51+00:00
1613,literature_discovery,https://pubmed.ncbi.nlm.nih.gov/36191773/,36191773,PMC10695009,10.1016/j.actbio.2022.09.065,Development of amino acid-modified biodegradable lipid nanoparticles for siRNA delivery.,Acta Biomater,2022,abstract_metadata_only,derived_annotations_only,2026-06-01T18:20:51+00:00
1615,literature_discovery,https://pubmed.ncbi.nlm.nih.gov/36090761/,36090761,PMC9424863,10.1016/j.omtn.2022.07.027,Identification and characterization of a MAPT-targeting locked nucleic acid antisense oligonucleotide therapeutic for tauopathies.,Mol Ther Nucleic Acids,2022,abstract_metadata_only,derived_annotations_only,2026-06-01T18:20:51+00:00
1616,literature_discovery,https://pubmed.ncbi.nlm.nih.gov/35908242/,35908242,PMC9618524,10.1007/s00415-022-11276-8,Long-term efficacy and safety of inotersen for hereditary transthyretin amyloidosis: NEURO-TTR open-label extension 3-year update.,J Neurol,2022,abstract_metadata_only,derived_annotations_only,2026-06-01T18:20:51+00:00
1617,literature_discovery,https://pubmed.ncbi.nlm.nih.gov/35860385/,35860385,PMC9287140,10.1016/j.omtn.2022.06.015,"Developing antisense oligonucleotides for a TECPR2 mutation-induced, ultra-rare neurological disorder using patient-derived cellular models.",Mol Ther Nucleic Acids,2022,abstract_metadata_only,derived_annotations_only,2026-06-01T18:20:51+00:00
1619,literature_discovery,https://pubmed.ncbi.nlm.nih.gov/35667416/,35667416,PMC9270256,10.1016/j.jlr.2022.100237,ANGPTL4 silencing via antisense oligonucleotides reduces plasma triglycerides and glucose in mice without causing lymphadenopathy.,J Lipid Res,2022,abstract_metadata_only,derived_annotations_only,2026-06-01T18:20:51+00:00
1621,literature_discovery,https://pubmed.ncbi.nlm.nih.gov/35634851/,35634851,PMC9398057,10.3233/JND-220811,Long-Term Functional Efficacy and Safety of Viltolarsen in Patients with Duchenne Muscular Dystrophy.,J Neuromuscul Dis,2022,abstract_metadata_only,derived_annotations_only,2026-06-01T18:20:51+00:00
1629,literature_discovery,https://pubmed.ncbi.nlm.nih.gov/34788571/,34788571,PMC8817703,10.1089/nat.2021.0043,"Long-Term Safety and Efficacy Data of Golodirsen in Ambulatory Patients with Duchenne Muscular Dystrophy Amenable to Exon 53 Skipping: A First-in-human, Multicenter, Two-Part, Open-Label, Phase 1/2 Trial.",Nucleic Acid Ther,2022,abstract_metadata_only,derived_annotations_only,2026-06-01T18:20:51+00:00
1632,literature_discovery,https://pubmed.ncbi.nlm.nih.gov/34760338/,34760338,PMC8560717,10.1016/j.omtn.2021.10.008,Drug discovery and development scheme for liver-targeting bridged nucleic acid antisense oligonucleotides.,Mol Ther Nucleic Acids,2021,abstract_metadata_only,derived_annotations_only,2026-06-01T18:20:51+00:00
1635,literature_discovery,https://pubmed.ncbi.nlm.nih.gov/34683974/,34683974,PMC8539450,10.3390/pharmaceutics13101681,Development of siRNA-Loaded Lipid Nanoparticles Targeting Long Non-Coding RNA LINC01257 as a Novel and Safe Therapeutic Approach for t(8;21) Pediatric Acute Myeloid Leukemia.,Pharmaceutics,2021,abstract_metadata_only,derived_annotations_only,2026-06-01T18:20:51+00:00
1636,literature_discovery,https://pubmed.ncbi.nlm.nih.gov/34629736/,34629736,PMC8484925,10.1293/tox.2021-0007,Karnovsky's fixative prevents artifacts appearing as vacuolation derived from tissue processing in kidneys treated with antisense oligonucleotide.,J Toxicol Pathol,2021,abstract_metadata_only,derived_annotations_only,2026-06-01T18:20:51+00:00
1638,literature_discovery,https://pubmed.ncbi.nlm.nih.gov/34141070/,34141070,PMC8201499,10.1021/acsmedchemlett.1c00072,"Site-specific Incorporation of 2',5'-Linked Nucleic Acids Enhances Therapeutic Profile of Antisense Oligonucleotides.",ACS Med Chem Lett,2021,abstract_metadata_only,derived_annotations_only,2026-06-01T18:20:51+00:00
1639,literature_discovery,https://pubmed.ncbi.nlm.nih.gov/34105177/,34105177,PMC9290993,10.1002/mus.27347,"Safety, tolerability, and pharmacokinetics of casimersen in patients with Duchenne muscular dystrophy amenable to exon 45 skipping: A randomized, double-blind, placebo-controlled, dose-titration trial.",Muscle Nerve,2021,abstract_metadata_only,derived_annotations_only,2026-06-01T18:20:51+00:00
1641,literature_discovery,https://pubmed.ncbi.nlm.nih.gov/34042551/,34042551,PMC8168781,10.1080/10717544.2021.1928794,cRGD peptide-conjugated polyethylenimine-based lipid nanoparticle for intracellular delivery of siRNA in hepatocarcinoma therapy.,Drug Deliv,2021,abstract_metadata_only,derived_annotations_only,2026-06-01T18:20:51+00:00
1643,literature_discovery,https://pubmed.ncbi.nlm.nih.gov/33899154/,33899154,PMC8563549,10.1007/s00415-021-10569-8,Nusinersen treatment in adult patients with spinal muscular atrophy: a safety analysis of laboratory parameters.,J Neurol,2021,abstract_metadata_only,derived_annotations_only,2026-06-01T18:20:51+00:00
1645,literature_discovery,https://pubmed.ncbi.nlm.nih.gov/33860461/,33860461,PMC8609055,10.1007/s13311-021-01045-2,Reconditioning the Neurogenic Niche of Adult Non-human Primates by Antisense Oligonucleotide-Mediated Attenuation of TGFβ Signaling.,Neurotherapeutics,2021,abstract_metadata_only,derived_annotations_only,2026-06-01T18:20:51+00:00
1646,literature_discovery,https://pubmed.ncbi.nlm.nih.gov/33738134/,33738134,PMC7937577,10.1016/j.omtn.2021.02.007,Selective suppression of polyglutamine-expanded protein by lipid nanoparticle-delivered siRNA targeting CAG expansions in the mouse CNS.,Mol Ther Nucleic Acids,2021,abstract_metadata_only,derived_annotations_only,2026-06-01T18:20:51+00:00
1658,literature_discovery,https://pubmed.ncbi.nlm.nih.gov/32343462/,32343462,PMC7496583,10.1111/ene.14285,Early data on long-term efficacy and safety of inotersen in patients with hereditary transthyretin amyloidosis: a 2-year update from the open-label extension of the NEURO-TTR trial.,Eur J Neurol,2020,abstract_metadata_only,derived_annotations_only,2026-06-01T18:20:51+00:00
1660,literature_discovery,https://pubmed.ncbi.nlm.nih.gov/31873063/,31873063,PMC7133450,10.1089/nat.2019.0811,Systemic Evaluation of Chimeric LNA/2'-O-Methyl Steric Blockers for Myotonic Dystrophy Type 1 Therapy.,Nucleic Acid Ther,2020,abstract_metadata_only,derived_annotations_only,2026-06-01T18:20:51+00:00
1726,literature_discovery,https://pubmed.ncbi.nlm.nih.gov/41956189/,41956189,,10.1016/j.ijbiomac.2026.151876,Facilitating siRNA delivery into mammalian cells via the LDL receptor.,Int J Biol Macromol,2026,abstract_metadata_only,derived_annotations_only,2026-06-01T18:20:51+00:00
1732,literature_discovery,https://pubmed.ncbi.nlm.nih.gov/41859644/,41859644,PMC12996677,10.1016/j.mtbio.2026.102999,An exosome-biomimetic photothermal nanocarrier for IGF2BP2 siRNA delivery and enhanced ferroptosis in head and neck squamous cell carcinoma.,Mater Today Bio,2026,abstract_metadata_only,derived_annotations_only,2026-06-01T18:20:51+00:00
1735,literature_discovery,https://pubmed.ncbi.nlm.nih.gov/41809386/,41809386,PMC12969650,10.1016/j.mtbio.2026.102991,Transdermal siRNA delivery via biomineralized nanoparticle-incorporated microneedles modulates cuproptosis-ferroptosis interaction for psoriasis therapy.,Mater Today Bio,2026,abstract_metadata_only,derived_annotations_only,2026-06-01T18:20:51+00:00
1737,literature_discovery,https://pubmed.ncbi.nlm.nih.gov/41797405/,41797405,,10.1021/acsnano.5c16693,Lung-Accumulating Mucin 5AC Silencing by Noninflammatory Lipid Nanoparticles for Asthma Treatment.,ACS Nano,2026,abstract_metadata_only,derived_annotations_only,2026-06-01T18:20:51+00:00
1741,literature_discovery,https://pubmed.ncbi.nlm.nih.gov/41776767/,41776767,PMC13001080,10.1021/acsnano.5c18044,Reprogramming Lesional Macrophage Homeostasis via Interferon Regulatory Factor 5 Targeted siRNA Nanoimmunotherapy for Atherosclerosis.,ACS Nano,2026,abstract_metadata_only,derived_annotations_only,2026-06-01T18:20:51+00:00
1744,literature_discovery,https://pubmed.ncbi.nlm.nih.gov/41755009/,41755009,PMC12944025,10.3390/pharmaceutics18020268,Calcium/Aluminum-Cored Asymmetric Bilayer Nanoparticles for Codelivery of Ziyuglycoside II and PD-L1 siRNA Exert Anti-Breast Tumor Effects.,Pharmaceutics,2026,abstract_metadata_only,derived_annotations_only,2026-06-01T18:20:51+00:00
1750,literature_discovery,https://pubmed.ncbi.nlm.nih.gov/41634015/,41634015,PMC12976281,10.1038/s41467-026-68993-1,Intradermal delivery of lipophilic siRNAs enables prolonged skin retention and sustained gene silencing in a porcine model.,Nat Commun,2026,abstract_metadata_only,derived_annotations_only,2026-06-01T18:20:51+00:00
1773,literature_discovery,https://pubmed.ncbi.nlm.nih.gov/41220296/,41220296,PMC12908211,10.1002/adhm.202503748,Photosensitizing Lipid Nanoparticles for Ferroptosis-Enhanced Photodynamic Cancer Therapy via GPX4 Silencing.,Adv Healthc Mater,2026,abstract_metadata_only,derived_annotations_only,2026-06-01T18:20:51+00:00
1775,literature_discovery,https://pubmed.ncbi.nlm.nih.gov/41193172/,41193172,,10.1136/gutjnl-2025-336592,Peginterferon alpha-2a add-on to siRNA JNJ-73763989 in untreated patients with HBeAg-positive chronic hepatitis B virus (HBV) infection: the phase 2 REEF-IT study.,Gut,2026,abstract_metadata_only,derived_annotations_only,2026-06-01T18:20:51+00:00
1776,literature_discovery,https://pubmed.ncbi.nlm.nih.gov/41041909/,41041909,PMC12836460,10.1002/adhm.202502186,Silencing Myostatin Using In Vivo Self-Assembled siRNA Protects Against Cancer- and Dexamethasone-Induced Muscle Atrophy.,Adv Healthc Mater,2026,abstract_metadata_only,derived_annotations_only,2026-06-01T18:20:51+00:00
1780,literature_discovery,https://pubmed.ncbi.nlm.nih.gov/41480638/,41480638,PMC12754785,10.1093/narcan/zcaf053,IGF1R-targeted delivery of a bridged nucleic acid oligonucleotide-peptide conjugate for microRNA-21 inhibition in triple-negative breast cancer.,NAR Cancer,2025,abstract_metadata_only,derived_annotations_only,2026-06-01T18:20:51+00:00
1782,literature_discovery,https://pubmed.ncbi.nlm.nih.gov/41446212/,41446212,PMC12724171,10.64898/2025.12.17.693452,Evaluating the effects of aging on biodistribution and gene silencing activity of lipid-siRNA conjugates delivered into cerebrospinal fluid.,bioRxiv,2025,abstract_metadata_only,derived_annotations_only,2026-06-01T18:20:51+00:00
1783,literature_discovery,https://pubmed.ncbi.nlm.nih.gov/41429785/,41429785,PMC12722745,10.1038/s41467-025-66765-x,"Morpholino-RNA duplex exhibits robust, sustained, and safe steric-block antisense activity by intracerebroventricular and intrathecal injection.",Nat Commun,2025,abstract_metadata_only,derived_annotations_only,2026-06-01T18:20:51+00:00
1788,literature_discovery,https://pubmed.ncbi.nlm.nih.gov/41373822/,41373822,PMC12692593,10.3390/ijms262311675,Respiratory Delivery of Highly Conserved Antiviral siRNAs Suppress SARS-CoV-2 Infection.,Int J Mol Sci,2025,abstract_metadata_only,derived_annotations_only,2026-06-01T18:20:51+00:00
1789,literature_discovery,https://pubmed.ncbi.nlm.nih.gov/41341748/,41341748,PMC12670904,10.1016/j.omtn.2025.102768,A novel bispecific siRNA concept: Efficient dual knockdown of YAP1 and WWTR1 with a single guide strand.,Mol Ther Nucleic Acids,2025,abstract_metadata_only,derived_annotations_only,2026-06-01T18:20:51+00:00
1791,literature_discovery,https://pubmed.ncbi.nlm.nih.gov/41268339/,41268339,PMC12628137,10.1016/j.bioactmat.2025.09.007,A naturally derived lipopeptide lipid nanoparticle platform enabling multiple nucleic acids delivery.,Bioact Mater,2025,abstract_metadata_only,derived_annotations_only,2026-06-01T18:20:51+00:00
1803,literature_discovery,https://pubmed.ncbi.nlm.nih.gov/41027940/,41027940,PMC12485160,10.1038/s41467-025-63718-2,Engineered exosomes with Kras(G12D) specific siRNA in pancreatic cancer: a phase I study with immunological correlates.,Nat Commun,2025,abstract_metadata_only,derived_annotations_only,2026-06-01T18:20:51+00:00
1815,literature_discovery,https://pubmed.ncbi.nlm.nih.gov/40825982/,40825982,PMC12361575,10.1038/s41467-025-63037-6,Targeting intestinal inflammation using locked nucleic acids delivered via lipid nanoparticles.,Nat Commun,2025,abstract_metadata_only,derived_annotations_only,2026-06-01T18:20:51+00:00
1822,literature_discovery,https://pubmed.ncbi.nlm.nih.gov/40700483/,40700483,PMC12285696,10.1126/sciadv.adv6990,Engineering hybrid nanoparticles for targeted codelivery of triptolide and CYP3A4-siRNA against pulmonary metastatic melanoma.,Sci Adv,2025,abstract_metadata_only,derived_annotations_only,2026-06-01T18:20:51+00:00
1824,literature_discovery,https://pubmed.ncbi.nlm.nih.gov/40672232/,40672232,PMC12265680,10.1101/2025.07.11.664364,Targeted RNA editing by direct delivery of an adenosine deaminase-antisense oligo conjugate.,bioRxiv,2025,abstract_metadata_only,derived_annotations_only,2026-06-01T18:20:51+00:00
1825,literature_discovery,https://pubmed.ncbi.nlm.nih.gov/40654340/,40654340,PMC12254858,10.1016/j.apsb.2025.04.003,"Self-degradable ""gemini-like"" ionizable lipid-mediated delivery of siRNA for subcellular-specific gene therapy of hepatic diseases.",Acta Pharm Sin B,2025,abstract_metadata_only,derived_annotations_only,2026-06-01T18:20:51+00:00
1828,literature_discovery,https://pubmed.ncbi.nlm.nih.gov/40599554/,40599554,PMC12208382,10.1097/CP9.0000000000000122,Rats subject to extracorporeal membrane oxygenation have improved cardiac function following anticoagulation and reversal with factor IXa aptamer-antidote oligonucleotide pair.,Cardiol Plus,2025,abstract_metadata_only,derived_annotations_only,2026-06-01T18:20:51+00:00
1829,literature_discovery,https://pubmed.ncbi.nlm.nih.gov/40584785/,40584785,PMC12204100,10.2147/IJN.S519906,"Developing the Strategy to Use Silk Spheres for Efficient, Targeted Delivery of Oligonucleotide Therapeutics to Cancer Cells.",Int J Nanomedicine,2025,abstract_metadata_only,derived_annotations_only,2026-06-01T18:20:51+00:00
1842,literature_discovery,https://pubmed.ncbi.nlm.nih.gov/40280496/,40280496,,10.1016/j.spinee.2025.04.021,NF-kappa B Oligo DNA decoy provides 12 months of pain relief and disc height restoration for patients with chronic discogenic low back pain-a randomized clinical trial.,Spine J,2025,abstract_metadata_only,derived_annotations_only,2026-06-01T18:20:51+00:00
1843,literature_discovery,https://pubmed.ncbi.nlm.nih.gov/40214214/,40214214,PMC12526143,10.1093/neuonc/noaf099,Multimodal glioma immunotherapy combining TLR9-targeted STAT3 antisense oligodeoxynucleotides with PD1 immune checkpoint blockade.,Neuro Oncol,2025,abstract_metadata_only,derived_annotations_only,2026-06-01T18:20:51+00:00
1846,literature_discovery,https://pubmed.ncbi.nlm.nih.gov/40178922/,40178922,PMC12233840,10.34067/KID.0000000771,Ameliorative Effect of an Anti-MicroRNA-21 Oligonucleotide on Animal and Human Models of Cystic Kidney Disease.,Kidney360,2025,abstract_metadata_only,derived_annotations_only,2026-06-01T18:20:51+00:00
1878,literature_discovery,https://pubmed.ncbi.nlm.nih.gov/39447842/,39447842,,10.1016/j.jconrel.2024.10.047,"Optimizing lipid nanoparticles for fetal gene delivery in vitro, ex vivo, and aided with machine learning.",J Control Release,2024,abstract_metadata_only,derived_annotations_only,2026-06-01T18:20:51+00:00
1886,literature_discovery,https://pubmed.ncbi.nlm.nih.gov/39264964/,39264964,PMC11421824,10.1371/journal.pntd.0012502,Development of a Lipid-encapsulated TGFβRI-siRNA Drug for Liver Fibrosis Induced by Schistosoma mansoni.,PLoS Negl Trop Dis,2024,abstract_metadata_only,derived_annotations_only,2026-06-01T18:20:51+00:00
1900,literature_discovery,https://pubmed.ncbi.nlm.nih.gov/38829038/,38829038,,10.1002/smll.202402362,Imidazolyl Lipids Enhanced LNP Endosomal Escape for Ferroptosis RNAi Treatment of Cancer.,Small,2024,abstract_metadata_only,derived_annotations_only,2026-06-01T18:20:51+00:00
1926,literature_discovery,https://pubmed.ncbi.nlm.nih.gov/37994483/,37994483,,10.1002/adhm.202302712,Poly(N-methyl-N-vinylacetamide): A Strong Alternative to PEG for Lipid-Based Nanocarriers Delivering siRNA.,Adv Healthc Mater,2024,abstract_metadata_only,derived_annotations_only,2026-06-01T18:20:51+00:00
1933,literature_discovery,https://pubmed.ncbi.nlm.nih.gov/37871289/,37871289,,10.1021/acs.biomac.3c00813,Bioresponsive Chimaeric Polymersomes Mediate Sustained and Liver-Specific siRNA Transfection In Vivo.,Biomacromolecules,2023,abstract_metadata_only,derived_annotations_only,2026-06-01T18:20:51+00:00
1955,literature_discovery,https://pubmed.ncbi.nlm.nih.gov/36798116/,36798116,PMC9927222,10.3389/fimmu.2023.1006741,"The exon-skipping oligonucleotide, KitStop, depletes tissue-resident mast cells in vivo to ameliorate anaphylaxis.",Front Immunol,2023,abstract_metadata_only,derived_annotations_only,2026-06-01T18:20:51+00:00
1958,literature_discovery,https://pubmed.ncbi.nlm.nih.gov/36727438/,36727438,PMC9976930,10.1093/nar/gkad023,Simultaneous inhibition of endocytic recycling and lysosomal fusion sensitizes cells and tissues to oligonucleotide therapeutics.,Nucleic Acids Res,2023,abstract_metadata_only,derived_annotations_only,2026-06-01T18:20:51+00:00
1960,literature_discovery,https://pubmed.ncbi.nlm.nih.gov/36632217/,36632217,PMC9830430,10.7150/thno.73568,Therapeutic delivery of microRNA-125a-5p oligonucleotides improves recovery from myocardial ischemia/reperfusion injury in mice and swine.,Theranostics,2023,abstract_metadata_only,derived_annotations_only,2026-06-01T18:20:51+00:00
1964,literature_discovery,https://pubmed.ncbi.nlm.nih.gov/36520934/,36520934,PMC9754606,10.1371/journal.pone.0276905,Inhibition of c-Rel expression in myeloid and lymphoid cells with distearoyl -phosphatidylserine (DSPS) liposomal nanoparticles encapsulating therapeutic siRNA.,PLoS One,2022,abstract_metadata_only,derived_annotations_only,2026-06-01T18:20:51+00:00
1979,literature_discovery,https://pubmed.ncbi.nlm.nih.gov/35642083/,35642083,PMC9621687,10.1021/acs.molpharmaceut.2c00033,Comparison of DLin-MC3-DMA and ALC-0315 for siRNA Delivery to Hepatocytes and Hepatic Stellate Cells.,Mol Pharm,2022,abstract_metadata_only,derived_annotations_only,2026-06-01T18:20:51+00:00
1980,literature_discovery,https://pubmed.ncbi.nlm.nih.gov/35436109/,35436109,PMC9112330,10.1021/acsinfecdis.2c00089,Antisense Peptide Nucleic Acid-Diaminobutanoic Acid Dendron Conjugates with SbmA-Independent Antimicrobial Activity against Gram-Negative Bacteria.,ACS Infect Dis,2022,abstract_metadata_only,derived_annotations_only,2026-06-01T18:20:51+00:00
1981,literature_discovery,https://pubmed.ncbi.nlm.nih.gov/35155859/,35155859,PMC8820988,10.1016/j.ekir.2021.11.011,Phase 2 Study of the Factor XI Antisense Inhibitor IONIS-FXI(Rx) in Patients With ESRD.,Kidney Int Rep,2022,abstract_metadata_only,derived_annotations_only,2026-06-01T18:20:51+00:00
1992,literature_discovery,https://pubmed.ncbi.nlm.nih.gov/34222719/,34222719,PMC8246029,10.1016/j.jacbts.2021.04.004,Antisense Inhibition of Angiotensinogen With IONIS-AGT-L(Rx): Results of Phase 1 and Phase 2 Studies.,JACC Basic Transl Sci,2021,abstract_metadata_only,derived_annotations_only,2026-06-01T18:20:51+00:00
1996,literature_discovery,https://pubmed.ncbi.nlm.nih.gov/34037271/,34037271,PMC9291828,10.1002/hep.31920,Clinical Study of Single-Stranded Oligonucleotide RO7062931 in Healthy Volunteers and Patients With Chronic Hepatitis B.,Hepatology,2021,abstract_metadata_only,derived_annotations_only,2026-06-01T18:20:51+00:00
1999,literature_discovery,https://pubmed.ncbi.nlm.nih.gov/33924589/,33924589,PMC8070490,10.3390/pharmaceutics13040544,Delivery of Oligonucleotides Using a Self-Degradable Lipid-Like Material.,Pharmaceutics,2021,abstract_metadata_only,derived_annotations_only,2026-06-01T18:20:51+00:00
2002,literature_discovery,https://pubmed.ncbi.nlm.nih.gov/33753212/,33753212,,10.1016/j.ejpb.2021.03.006,Pronounced therapeutic potential of oligonucleotides fixed on inorganic nanoparticles against highly pathogenic H5N1 influenza A virus in vivo.,Eur J Pharm Biopharm,2021,abstract_metadata_only,derived_annotations_only,2026-06-01T18:20:51+00:00
2009,literature_discovery,https://pubmed.ncbi.nlm.nih.gov/33016851/,33016851,,10.1089/nat.2020.0894,Development of Prodrug Type Circular siRNA for In Vivo Knockdown by Systemic Administration.,Nucleic Acid Ther,2020,abstract_metadata_only,derived_annotations_only,2026-06-01T18:20:51+00:00
2015,literature_discovery,https://pubmed.ncbi.nlm.nih.gov/31875524/,31875524,,10.1016/j.canlet.2019.12.031,A selective Aurora-A 5'-UTR siRNA inhibits tumor growth and metastasis.,Cancer Lett,2020,abstract_metadata_only,derived_annotations_only,2026-06-01T18:20:51+00:00
2058,literature_discovery,https://pubmed.ncbi.nlm.nih.gov/29459660/,29459660,PMC5818625,10.1038/s41467-018-02989-4,Selection of GalNAc-conjugated siRNAs with limited off-target-driven rat hepatotoxicity.,Nat Commun,2018,abstract_metadata_only,derived_annotations_only,2026-06-01T18:20:51+00:00
2059,literature_discovery,https://pubmed.ncbi.nlm.nih.gov/30583097/,30583097,PMC6305803,10.1016/j.omtn.2018.11.005,GalNAc Conjugation Attenuates the Cytotoxicity of Antisense Oligonucleotide Drugs in Renal Tubular Cells.,Mol Ther Nucleic Acids,2019,abstract_metadata_only,derived_annotations_only,2026-06-01T18:20:51+00:00
2060,literature_discovery,https://pubmed.ncbi.nlm.nih.gov/29390093/,29390093,PMC5861398,10.1093/nar/gky060,Acute hepatotoxicity of 2' fluoro-modified 5-10-5 gapmer phosphorothioate oligonucleotides in mice correlates with intracellular protein binding and the loss of DBHS proteins.,Nucleic Acids Res,2018,abstract_metadata_only,derived_annotations_only,2026-06-01T18:20:51+00:00
2061,literature_discovery,https://pubmed.ncbi.nlm.nih.gov/27461380/,27461380,PMC4961955,10.1038/srep30377,Ribonuclease H1-dependent hepatotoxicity caused by locked nucleic acid-modified gapmer antisense oligonucleotides.,Sci Rep,2016,abstract_metadata_only,derived_annotations_only,2026-06-01T18:20:51+00:00
2062,literature_discovery,https://pubmed.ncbi.nlm.nih.gov/26553810/,26553810,PMC4797265,10.1093/nar/gkv1210,Hepatotoxicity of high affinity gapmer antisense oligonucleotides is mediated by RNase H1 dependent promiscuous reduction of very long pre-mRNA transcripts.,Nucleic Acids Res,2016,abstract_metadata_only,derived_annotations_only,2026-06-01T18:20:51+00:00
2063,literature_discovery,https://pubmed.ncbi.nlm.nih.gov/24550163/,24550163,PMC4005641,10.1093/nar/gku142,Sequence motifs associated with hepatotoxicity of locked nucleic acid--modified antisense oligonucleotides.,Nucleic Acids Res,2014,abstract_metadata_only,derived_annotations_only,2026-06-01T18:20:51+00:00
2064,literature_discovery,https://pubmed.ncbi.nlm.nih.gov/28918038/,28918038,PMC5537172,10.1016/j.omtn.2017.07.003,Strategies for In Vivo Screening and Mitigation of Hepatotoxicity Associated with Antisense Drugs.,Mol Ther Nucleic Acids,2017,abstract_metadata_only,derived_annotations_only,2026-06-01T18:20:51+00:00
2066,literature_discovery,https://pubmed.ncbi.nlm.nih.gov/20886212/,20886212,,10.1007/s00280-010-1473-z,"Preclinical toxicity and toxicokinetics of GTI-2040, a phosphorothioate oligonucleotide targeting ribonucleotide reductase R2.",Cancer Chemother Pharmacol,2011,abstract_metadata_only,derived_annotations_only,2026-06-01T18:20:51+00:00
2082,literature_discovery,https://pubmed.ncbi.nlm.nih.gov/29708844/,29708844,,10.1089/nat.2017.0706,Chronic Toxicity Assessment of 2'-O-Methoxyethyl Antisense Oligonucleotides in Mice.,Nucleic Acid Ther,2018,abstract_metadata_only,derived_annotations_only,2026-06-01T18:20:51+00:00
2083,literature_discovery,https://pubmed.ncbi.nlm.nih.gov/28986168/,28986168,,10.1016/j.jconrel.2017.09.044,Highly specific delivery of siRNA to hepatocytes circumvents endothelial cell-mediated lipid nanoparticle-associated toxicity leading to the safe and efficacious decrease in the hepatitis B virus.,J Control Release,2017,abstract_metadata_only,derived_annotations_only,2026-06-01T18:20:51+00:00
2084,literature_discovery,https://pubmed.ncbi.nlm.nih.gov/24336348/,24336348,,10.1093/toxsci/kft278,Comparison of hepatic transcription profiles of locked ribonucleic acid antisense oligonucleotides: evidence of distinct pathways contributing to non-target mediated toxicity in mice.,Toxicol Sci,2014,abstract_metadata_only,derived_annotations_only,2026-06-01T18:20:51+00:00
2086,literature_discovery,https://pubmed.ncbi.nlm.nih.gov/22915769/,22915769,,10.1124/jpet.112.197426,"Pharmacodynamics and subchronic toxicity in mice and monkeys of ISIS 388626, a second-generation antisense oligonucleotide that targets human sodium glucose cotransporter 2.",J Pharmacol Exp Ther,2012,abstract_metadata_only,derived_annotations_only,2026-06-01T18:20:51+00:00
2090,literature_discovery,https://pubmed.ncbi.nlm.nih.gov/37093125/,37093125,,10.1089/nat.2022.0042,Complement C3d/C4d Deposition on Platelets Correlates with 2'-O-Methoxyethyl Antisense Oligonucleotide-Induced Thrombocytopenia in Monkeys.,Nucleic Acid Ther,2023,abstract_metadata_only,derived_annotations_only,2026-06-01T18:20:51+00:00
2096,literature_discovery,https://pubmed.ncbi.nlm.nih.gov/41439881/,41439881,PMC12730731,10.3390/biomimetics10120812,"Biocompatible Copolymerized Gold Nanoclusters: Anti-TNF-α siRNA Binding, Cellular Uptake, Cytotoxicity, Oxidative Stress and Cell Cycle Effects In Vitro.",Biomimetics (Basel),2025,abstract_metadata_only,derived_annotations_only,2026-06-01T18:20:51+00:00
2097,literature_discovery,https://pubmed.ncbi.nlm.nih.gov/41121471/,41121471,,10.2174/0113816128395585250923122829,Research on Anti-tumor Pharmacodynamics of Multi-functional Magnetic Lipid Polymer with Specific Targeted Transmission of siRNA and its Toxicity Evaluation.,Curr Pharm Des,2025,abstract_metadata_only,derived_annotations_only,2026-06-01T18:20:51+00:00
2098,literature_discovery,https://pubmed.ncbi.nlm.nih.gov/40911569/,40911569,PMC12412931,10.1371/journal.pone.0327375,"Upscaling, toxicity and efficacy of multifaceted dressing embedded with dsirna-loaded gold nanoparticles for enhancing diabetic wound treatment.",PLoS One,2025,abstract_metadata_only,derived_annotations_only,2026-06-01T18:20:51+00:00
2104,literature_discovery,https://pubmed.ncbi.nlm.nih.gov/39539730/,39539730,PMC11558258,10.1016/j.bioactmat.2024.06.008,Gelatin and lipidoid integrate to create gelasomes to enhance siRNA delivery with low toxicity.,Bioact Mater,2024,abstract_metadata_only,derived_annotations_only,2026-06-01T18:20:51+00:00
2105,literature_discovery,https://pubmed.ncbi.nlm.nih.gov/30820542/,30820542,PMC6468299,10.1093/nar/gkz140,Safety evaluation of 2'-deoxy-2'-fluoro nucleotides in GalNAc-siRNA conjugates.,Nucleic Acids Res,2019,abstract_metadata_only,derived_annotations_only,2026-06-01T18:20:51+00:00
2106,literature_discovery,https://pubmed.ncbi.nlm.nih.gov/28325303/,28325303,PMC5363415,10.1016/j.omtn.2016.11.006,Inhibition of EGF Uptake by Nephrotoxic Antisense Drugs In Vitro and Implications for Preclinical Safety Profiling.,Mol Ther Nucleic Acids,2017,abstract_metadata_only,derived_annotations_only,2026-06-01T18:20:51+00:00
2107,literature_discovery,https://pubmed.ncbi.nlm.nih.gov/27923110/,27923110,,10.1089/nat.2016.0639,"Impact of Oligonucleotide Structure, Chemistry, and Delivery Method on In Vitro Cytotoxicity.",Nucleic Acid Ther,2017,abstract_metadata_only,derived_annotations_only,2026-06-01T18:20:51+00:00
2109,literature_discovery,https://pubmed.ncbi.nlm.nih.gov/22704926/,22704926,,10.1016/j.vaccine.2012.05.074,Safety and immunogenicity of different two-dose regimens of an investigational hepatitis B vaccine (hepatitis B surface antigen co-administered with an immunostimulatory phosphorothioate oligodeoxyribonucleotide) in healthy young adults.,Vaccine,2012,abstract_metadata_only,derived_annotations_only,2026-06-01T18:20:51+00:00
2110,literature_discovery,https://pubmed.ncbi.nlm.nih.gov/22326642/,22326642,,10.1016/j.vaccine.2012.01.087,Comparison of safety and immunogenicity of two doses of investigational hepatitis B virus surface antigen co-administered with an immunostimulatory phosphorothioate oligodeoxyribonucleotide and three doses of a licensed hepatitis B vaccine in healthy adults 18-55 years of age.,Vaccine,2012,abstract_metadata_only,derived_annotations_only,2026-06-01T18:20:51+00:00
2111,literature_discovery,https://pubmed.ncbi.nlm.nih.gov/41390988/,41390988,PMC12702135,10.1111/cts.70431,"No Effect of Immunogenicity on Pharmacokinetics, Efficacy, and Safety of the Oligonucleotide Telomerase Inhibitor Imetelstat in Lower-Risk Myelodysplastic Syndromes.",Clin Transl Sci,2025,abstract_metadata_only,derived_annotations_only,2026-06-01T18:20:51+00:00
2113,literature_discovery,https://pubmed.ncbi.nlm.nih.gov/34388351/,34388351,PMC8713556,10.1089/nat.2020.0921,Transcriptome-Wide Off-Target Effects of Steric-Blocking Oligonucleotides.,Nucleic Acid Ther,2021,abstract_metadata_only,derived_annotations_only,2026-06-01T18:20:51+00:00
2116,literature_discovery,https://pubmed.ncbi.nlm.nih.gov/29565739/,29565739,PMC5899290,10.1089/nat.2017.0705,Intracerebroventricular Administration of a 2'-O-Methyl Phosphorothioate Antisense Oligonucleotide Results in Activation of the Innate Immune System in Mouse Brain.,Nucleic Acid Ther,2018,abstract_metadata_only,derived_annotations_only,2026-06-01T18:20:51+00:00
2117,literature_discovery,https://pubmed.ncbi.nlm.nih.gov/29450406/,29450406,PMC5808362,10.1021/acsomega.7b00291,Chemical Modification of the siRNA Seed Region Suppresses Off-Target Effects by Steric Hindrance to Base-Pairing with Targets.,ACS Omega,2017,abstract_metadata_only,derived_annotations_only,2026-06-01T18:20:51+00:00
2155,literature_discovery,https://pubmed.ncbi.nlm.nih.gov/40882634/,40882634,PMC12404672,10.1016/j.ccell.2025.07.015,Safety and efficacy of a STAT3-targeted cyclic oligonucleotide: From murine models to a phase 1 clinical trial in pet cats with oral cancer.,Cancer Cell,2025,abstract_metadata_only,derived_annotations_only,2026-06-01T18:20:51+00:00
2193,literature_discovery,https://pubmed.ncbi.nlm.nih.gov/37310350/,37310350,,10.1039/d3ob00574g,Alteration of target cleavage patterns and off-target reduction of antisense oligonucleotides incorporating 2-N-carbamoyl- or (2-pyridyl)guanine.,Org Biomol Chem,2023,abstract_metadata_only,derived_annotations_only,2026-06-01T18:20:51+00:00
2195,literature_discovery,https://pubmed.ncbi.nlm.nih.gov/37040258/,37040258,PMC10189729,10.1021/acsabm.3c00155,Evaluation of Nonmodified Wireframe DNA Origami for Acute Toxicity and Biodistribution in Mice.,ACS Appl Bio Mater,2023,abstract_metadata_only,derived_annotations_only,2026-06-01T18:20:51+00:00
2198,literature_discovery,https://pubmed.ncbi.nlm.nih.gov/36909507/,36909507,PMC10002694,10.1101/2023.02.25.530026,Evaluation of non-modified wireframe DNA origami for acute toxicity and biodistribution in mice.,bioRxiv,2023,abstract_metadata_only,derived_annotations_only,2026-06-01T18:20:51+00:00
2199,literature_discovery,https://pubmed.ncbi.nlm.nih.gov/36801361/,36801361,,10.1016/j.tiv.2023.105569,The mechanism of thrombocytopenia caused by cholesterol-conjugated antisense oligonucleotides.,Toxicol In Vitro,2023,abstract_metadata_only,derived_annotations_only,2026-06-01T18:20:51+00:00
2204,literature_discovery,https://pubmed.ncbi.nlm.nih.gov/35921069/,35921069,,10.1089/nat.2022.0024,Nucleic Acid Aptamers Increase the Anticancer Efficiency and Reduce the Toxicity of Cisplatin-Arabinogalactan Conjugates In Vivo.,Nucleic Acid Ther,2022,abstract_metadata_only,derived_annotations_only,2026-06-01T18:20:51+00:00
2210,literature_discovery,https://pubmed.ncbi.nlm.nih.gov/35464859/,35464859,PMC9019733,10.3389/fgene.2022.791416,"Single Stranded Fully Modified-Phosphorothioate Oligonucleotides can Induce Structured Nuclear Inclusions, Alter Nuclear Protein Localization and Disturb the Transcriptome In Vitro.",Front Genet,2022,abstract_metadata_only,derived_annotations_only,2026-06-01T18:20:51+00:00
2216,literature_discovery,https://pubmed.ncbi.nlm.nih.gov/33314011/,33314011,,10.1007/s40291-020-00504-4,Using RNA-seq to Assess Off-Target Effects of Antisense Oligonucleotides in Human Cell Lines.,Mol Diagn Ther,2021,abstract_metadata_only,derived_annotations_only,2026-06-01T18:20:51+00:00
2225,literature_discovery,https://pubmed.ncbi.nlm.nih.gov/31881528/,31881528,PMC7063478,10.1016/j.omtn.2019.11.020,Identifying and Avoiding tcDNA-ASO Sequence-Specific Toxicity for the Development of DMD Exon 51 Skipping Therapy.,Mol Ther Nucleic Acids,2020,abstract_metadata_only,derived_annotations_only,2026-06-01T18:20:51+00:00
2230,literature_discovery,https://pubmed.ncbi.nlm.nih.gov/28929521/,28929521,PMC5736848,10.1111/bcp.13405,"Safety, tolerability, and pharmacokinetics of radavirsen (AVI-7100), an antisense oligonucleotide targeting influenza a M1/M2 translation.",Br J Clin Pharmacol,2018,abstract_metadata_only,derived_annotations_only,2026-06-01T18:20:51+00:00
2231,literature_discovery,https://pubmed.ncbi.nlm.nih.gov/28853853/,28853853,PMC5694563,10.1021/acschembio.7b00416,BNA(NC) Gapmers Revert Splicing and Reduce RNA Foci with Low Toxicity in Myotonic Dystrophy Cells.,ACS Chem Biol,2017,abstract_metadata_only,derived_annotations_only,2026-06-01T18:20:51+00:00
2232,literature_discovery,https://pubmed.ncbi.nlm.nih.gov/28295562/,28295562,,10.1002/em.22076,Locked nucleic acid (LNA): Based single-stranded oligonucleotides are not genotoxic.,Environ Mol Mutagen,2017,abstract_metadata_only,derived_annotations_only,2026-06-01T18:20:51+00:00
2237,literature_discovery,https://pubmed.ncbi.nlm.nih.gov/27357629/,27357629,PMC5112040,10.1038/mt.2016.136,Integrated Safety Assessment of 2'-O-Methoxyethyl Chimeric Antisense Oligonucleotides in NonHuman Primates and Healthy Human Volunteers.,Mol Ther,2016,abstract_metadata_only,derived_annotations_only,2026-06-01T18:20:51+00:00
2246,literature_discovery,https://pubmed.ncbi.nlm.nih.gov/21687525/,21687525,PMC3109444,10.4161/adna.1.1.12204,In vivo efficacy and off-target effects of locked nucleic acid (LNA) and unlocked nucleic acid (UNA) modified siRNA and small internally segmented interfering RNA (sisiRNA) in mice bearing human tumor xenografts.,Artif DNA PNA XNA,2010,abstract_metadata_only,derived_annotations_only,2026-06-01T18:20:51+00:00
2253,literature_discovery,https://pubmed.ncbi.nlm.nih.gov/36511872/,36511872,PMC9825156,10.1093/nar/gkac1108,G-rich motifs within phosphorothioate-based antisense oligonucleotides (ASOs) drive activation of FXN expression through indirect effects.,Nucleic Acids Res,2022,abstract_metadata_only,derived_annotations_only,2026-06-01T18:20:51+00:00
2255,literature_discovery,https://pubmed.ncbi.nlm.nih.gov/35071927/,35071927,PMC8771963,10.1021/acsomega.1c06455,siRNA Seed Region Is Divided into Two Functionally Different Domains in RNA Interference in Response to 2'-OMe Modifications.,ACS Omega,2022,abstract_metadata_only,derived_annotations_only,2026-06-01T18:20:51+00:00
2257,literature_discovery,https://pubmed.ncbi.nlm.nih.gov/33801683/,33801683,PMC8037512,10.3390/ijms22073470,Foxp3 Silencing with Antisense Oligonucleotide Improves Immunogenicity of an Adjuvanted Recombinant Vaccine against Sporothrix schenckii.,Int J Mol Sci,2021,abstract_metadata_only,derived_annotations_only,2026-06-01T18:20:51+00:00
2269,literature_discovery,https://pubmed.ncbi.nlm.nih.gov/22709826/,22709826,,10.1016/j.tox.2012.06.005,Renal uptake and tolerability of a 2'-O-methoxyethyl modified antisense oligonucleotide (ISIS 113715) in monkey.,Toxicology,2012,abstract_metadata_only,derived_annotations_only,2026-06-01T18:20:51+00:00
2270,literature_discovery,https://pubmed.ncbi.nlm.nih.gov/20544786/,20544786,,10.1002/cmdc.201000156,Off-target effects related to the phosphorothioate modification of nucleic acids.,ChemMedChem,2010,abstract_metadata_only,derived_annotations_only,2026-06-01T18:20:51+00:00
2280,literature_discovery,https://pubmed.ncbi.nlm.nih.gov/40392667/,40392667,,10.1016/j.jacc.2025.04.049,Safety and Lipid-Lowering Efficacy of Inclisiran Monotherapy in Patients Without ASCVD: The VICTORION-Mono Randomized Clinical Trial.,J Am Coll Cardiol,2025,abstract_metadata_only,derived_annotations_only,2026-06-01T18:20:51+00:00
2281,literature_discovery,https://pubmed.ncbi.nlm.nih.gov/40337520/,40337520,PMC12055788,10.3389/fphar.2025.1576151,An off-target effect of class A CpG-oligonucleotides on suppressing the cyclic GMP-AMP synthase signaling in fibroblastic reticular cells.,Front Pharmacol,2025,abstract_metadata_only,derived_annotations_only,2026-06-01T18:20:51+00:00
2285,literature_discovery,https://pubmed.ncbi.nlm.nih.gov/40160160/,40160160,PMC11955805,10.1111/cts.70207,"A First-In-Human Phase 1 Study to Evaluate the Safety and Tolerability of LEM-S401, a Novel siRNA-DegradaBALL Drug Targeting CTGF in Healthy Adults.",Clin Transl Sci,2025,abstract_metadata_only,derived_annotations_only,2026-06-01T18:20:51+00:00
2286,literature_discovery,https://pubmed.ncbi.nlm.nih.gov/40116355/,40116355,PMC11926758,10.1111/cts.70202,"Pharmacokinetics and Safety Profile of SNS812, a First in Human Fully Modified siRNA Targeting Wide-Spectrum SARS-CoV-2, in Healthy Subjects.",Clin Transl Sci,2025,abstract_metadata_only,derived_annotations_only,2026-06-01T18:20:51+00:00
2297,literature_discovery,https://pubmed.ncbi.nlm.nih.gov/38563414/,38563414,PMC10985948,10.1111/cts.13784,"Pharmacokinetics, pharmacodynamics, and safety of fesomersen, a novel antisense inhibitor of factor XI, in healthy Chinese, Japanese, and Caucasian volunteers.",Clin Transl Sci,2024,abstract_metadata_only,derived_annotations_only,2026-06-01T18:20:51+00:00
2299,literature_discovery,https://pubmed.ncbi.nlm.nih.gov/37850379/,37850379,PMC10815002,10.1161/CIRCULATIONAHA.122.063460,"Efficacy, Safety, and Tolerability of Inclisiran in Patients With Homozygous Familial Hypercholesterolemia: Results From the ORION-5 Randomized Clinical Trial.",Circulation,2024,abstract_metadata_only,derived_annotations_only,2026-06-01T18:20:51+00:00
2301,literature_discovery,https://pubmed.ncbi.nlm.nih.gov/38057066/,38057066,,10.1016/j.jacc.2023.10.007,Safety and Tolerability of Inclisiran for Treatment of Hypercholesterolemia in 7 Clinical Trials.,J Am Coll Cardiol,2023,abstract_metadata_only,derived_annotations_only,2026-06-01T18:20:51+00:00
2303,literature_discovery,https://pubmed.ncbi.nlm.nih.gov/37442152/,37442152,,10.1016/S2468-1253(23)00148-6,"Efficacy and safety of the siRNA JNJ-73763989 and the capsid assembly modulator JNJ-56136379 (bersacapavir) with nucleos(t)ide analogues for the treatment of chronic hepatitis B virus infection (REEF-1): a multicentre, double-blind, active-controlled, randomised, phase 2b trial.",Lancet Gastroenterol Hepatol,2023,abstract_metadata_only,derived_annotations_only,2026-06-01T18:20:51+00:00
2304,literature_discovery,https://pubmed.ncbi.nlm.nih.gov/36415122/,36415122,,10.1002/cpdd.1197,"Pharmacokinetics, Safety, and Tolerability of the siRNA JNJ-73763989 in Healthy Chinese Adult Participants.",Clin Pharmacol Drug Dev,2023,abstract_metadata_only,derived_annotations_only,2026-06-01T18:20:51+00:00
2305,literature_discovery,https://pubmed.ncbi.nlm.nih.gov/36412852/,36412852,PMC9680366,10.3390/jfb13040211,PEGylated Strontium Sulfite Nanoparticles with Spontaneously Formed Surface-Embedded Protein Corona Restrict Off-Target Distribution and Accelerate Breast Tumour-Selective Delivery of siRNA.,J Funct Biomater,2022,abstract_metadata_only,derived_annotations_only,2026-06-01T18:20:51+00:00
2306,literature_discovery,https://pubmed.ncbi.nlm.nih.gov/36229039/,36229039,PMC9825163,10.1093/nar/gkac838,INRI-seq enables global cell-free analysis of translation initiation and off-target effects of antisense inhibitors.,Nucleic Acids Res,2022,abstract_metadata_only,derived_annotations_only,2026-06-01T18:20:51+00:00
2308,literature_discovery,https://pubmed.ncbi.nlm.nih.gov/35205363/,35205363,PMC8872465,10.3390/genes13020319,The siRNA Off-Target Effect Is Determined by Base-Pairing Stabilities of Two Different Regions with Opposite Effects.,Genes (Basel),2022,abstract_metadata_only,derived_annotations_only,2026-06-01T18:20:51+00:00
2309,literature_discovery,https://pubmed.ncbi.nlm.nih.gov/34648028/,34648028,PMC8565336,10.1093/nar/gkab916,Overcoming GNA/RNA base-pairing limitations using isonucleotides improves the pharmacodynamic activity of ESC+ GalNAc-siRNAs.,Nucleic Acids Res,2021,abstract_metadata_only,derived_annotations_only,2026-06-01T18:20:51+00:00
2314,literature_discovery,https://pubmed.ncbi.nlm.nih.gov/31687889/,31687889,,10.1089/nat.2019.0780,Impurity Qualification Toxicology Study for a 2'-O-Methoxyethyl-Modified Antisense Inhibitor in Mice.,Nucleic Acid Ther,2020,abstract_metadata_only,derived_annotations_only,2026-06-01T18:20:51+00:00
2318,literature_discovery,https://pubmed.ncbi.nlm.nih.gov/29846725/,29846725,,10.1093/toxsci/kfy119,"Investigation into the Mechanism(s) That Leads to Platelet Decreases in Cynomolgus Monkeys During Administration of ISIS 104838, a 2'-MOE-Modified Antisense Oligonucleotide.",Toxicol Sci,2018,abstract_metadata_only,derived_annotations_only,2026-06-01T18:20:51+00:00
2319,literature_discovery,https://pubmed.ncbi.nlm.nih.gov/29499955/,29499955,PMC5725219,10.1016/j.omtn.2017.11.004,A Sensitive In Vitro Approach to Assess the Hybridization-Dependent Toxic Potential of High Affinity Gapmer Oligonucleotides.,Mol Ther Nucleic Acids,2018,abstract_metadata_only,derived_annotations_only,2026-06-01T18:20:51+00:00
2321,literature_discovery,https://pubmed.ncbi.nlm.nih.gov/29107969/,29107969,PMC5673186,10.1371/journal.pone.0187574,Assessing single-stranded oligonucleotide drug-induced effects in vitro reveals key risk factors for thrombocytopenia.,PLoS One,2017,abstract_metadata_only,derived_annotations_only,2026-06-01T18:20:51+00:00
2322,literature_discovery,https://pubmed.ncbi.nlm.nih.gov/28145801/,28145801,PMC5467133,10.1089/nat.2016.0650,The Effects of 2'-O-Methoxyethyl Containing Antisense Oligonucleotides on Platelets in Human Clinical Trials.,Nucleic Acid Ther,2017,abstract_metadata_only,derived_annotations_only,2026-06-01T18:20:51+00:00
2323,literature_discovery,https://pubmed.ncbi.nlm.nih.gov/28129130/,28129130,PMC5363199,10.1016/j.ymthe.2016.10.019,Clinical Proof of Concept for a Novel Hepatocyte-Targeting GalNAc-siRNA Conjugate.,Mol Ther,2017,abstract_metadata_only,derived_annotations_only,2026-06-01T18:20:51+00:00
2324,literature_discovery,https://pubmed.ncbi.nlm.nih.gov/28123102/,28123102,PMC5414856,10.1093/toxsci/kfx025,From the Cover: The Minipig is a Suitable Non-Rodent Model in the Safety Assessment of Single Stranded Oligonucleotides.,Toxicol Sci,2017,abstract_metadata_only,derived_annotations_only,2026-06-01T18:20:51+00:00
2327,literature_discovery,https://pubmed.ncbi.nlm.nih.gov/26444021/,26444021,PMC5058343,10.3233/JHD-150163,Safety of Striatal Infusion of siRNA in a Transgenic Huntington's Disease Mouse Model.,J Huntingtons Dis,2015,abstract_metadata_only,derived_annotations_only,2026-06-01T18:20:51+00:00
2328,literature_discovery,https://pubmed.ncbi.nlm.nih.gov/24321374/,24321374,PMC4145871,10.1016/j.nmd.2013.09.004,Pharmacokinetics and safety of single doses of drisapersen in non-ambulant subjects with Duchenne muscular dystrophy: results of a double-blind randomized clinical trial.,Neuromuscul Disord,2014,abstract_metadata_only,derived_annotations_only,2026-06-01T18:20:51+00:00
2329,literature_discovery,https://pubmed.ncbi.nlm.nih.gov/23952551/,23952551,PMC3760025,10.1089/nat.2013.0436,Hepatotoxic potential of therapeutic oligonucleotides can be predicted from their sequence and modification pattern.,Nucleic Acid Ther,2013,abstract_metadata_only,derived_annotations_only,2026-06-01T18:20:51+00:00
2331,literature_discovery,https://pubmed.ncbi.nlm.nih.gov/23692080/,23692080,,10.1089/nat.2013.0422,Preclinical evaluation of the toxicological effects of a novel constrained ethyl modified antisense compound targeting signal transducer and activator of transcription 3 in mice and cynomolgus monkeys.,Nucleic Acid Ther,2013,abstract_metadata_only,derived_annotations_only,2026-06-01T18:20:51+00:00
2347,literature_discovery,https://pubmed.ncbi.nlm.nih.gov/40017137/,40017137,PMC12060635,10.1002/mus.28372,Serious Neurologic Adverse Events in Tofersen Clinical Trials for Amyotrophic Lateral Sclerosis.,Muscle Nerve,2025,abstract_metadata_only,derived_annotations_only,2026-06-01T18:20:51+00:00
2348,literature_discovery,https://pubmed.ncbi.nlm.nih.gov/39459005/,39459005,PMC11511047,10.3390/ph17101365,Safety of Inclisiran: A Disproportionality Analysis from the EudraVigilance Database.,Pharmaceuticals (Basel),2024,abstract_metadata_only,derived_annotations_only,2026-06-01T18:20:51+00:00
2412,literature_discovery,https://pubmed.ncbi.nlm.nih.gov/41587091/,41587091,PMC12994142,10.1182/blood.2025029834,Silencing of PAI-1 using siRNA-lipid nanoparticles reduces thrombosis and prolongs life span in murine models.,Blood,2026,abstract_metadata_only,derived_annotations_only,2026-06-01T18:20:51+00:00
2417,literature_discovery,https://pubmed.ncbi.nlm.nih.gov/41461996/,41461996,,10.1007/s12325-025-03475-2,Effectiveness and Safety of Nusinersen Among Adults with 5q-Spinal Muscular Atrophy: A Multicenter Disease Registry in China.,Adv Ther,2026,abstract_metadata_only,derived_annotations_only,2026-06-01T18:20:51+00:00
2428,literature_discovery,https://pubmed.ncbi.nlm.nih.gov/41274361/,41274361,PMC12700850,10.1016/j.ejps.2025.107386,Pulmonary delivery of siRNA lipoplexes and lipid nanoparticles using a vibrating mesh nebuliser.,Eur J Pharm Sci,2026,abstract_metadata_only,derived_annotations_only,2026-06-01T18:20:51+00:00
2454,literature_discovery,https://pubmed.ncbi.nlm.nih.gov/41020503/,41020503,PMC12477598,10.1093/nar/gkaf937,Modified unlocked nucleic acid (MUNA) mitigates off-target effects of small interfering RNAs.,Nucleic Acids Res,2025,abstract_metadata_only,derived_annotations_only,2026-06-01T18:20:51+00:00
2475,literature_discovery,https://pubmed.ncbi.nlm.nih.gov/40717437/,40717437,,10.1021/acs.molpharmaceut.5c00272,"SOX9 siRNA Loaded Lipid Nanoparticles Actively Targeted: Formulation, Delivery, and Antitumor Effect on Colorectal Cancer In Vitro and In Vivo.",Mol Pharm,2025,abstract_metadata_only,derived_annotations_only,2026-06-01T18:20:51+00:00
2483,literature_discovery,https://pubmed.ncbi.nlm.nih.gov/40604820/,40604820,PMC12225093,10.1186/s12951-025-03529-1,Ultrasmall nanoparticles for co-delivery of antisense oligonucleotides targeting miR-21 and miR-210 to treat glioblastoma.,J Nanobiotechnology,2025,abstract_metadata_only,derived_annotations_only,2026-06-01T18:20:51+00:00
2498,literature_discovery,https://pubmed.ncbi.nlm.nih.gov/40391436/,40391436,PMC12180692,10.1161/CIRCULATIONAHA.124.073233,"Efficacy and Safety of Inclisiran in Adolescents With Genetically Confirmed Homozygous Familial Hypercholesterolemia: Results From the Double-Blind, Placebo-Controlled Part of the ORION-13 Randomized Trial.",Circulation,2025,abstract_metadata_only,derived_annotations_only,2026-06-01T18:20:51+00:00
2503,literature_discovery,https://pubmed.ncbi.nlm.nih.gov/40312531/,40312531,PMC12045942,10.1038/s41598-025-99526-3,Efficacy and safety of givosiran in Japanese patients with acute hepatic porphyria: clinical findings from an expanded access study.,Sci Rep,2025,abstract_metadata_only,derived_annotations_only,2026-06-01T18:20:51+00:00
2510,literature_discovery,https://pubmed.ncbi.nlm.nih.gov/40242982/,40242982,,10.1093/eurjpc/zwaf214,Efficacy and safety of inclisiran based on background lipid-lowering treatment.,Eur J Prev Cardiol,2025,abstract_metadata_only,derived_annotations_only,2026-06-01T18:20:51+00:00
2522,literature_discovery,https://pubmed.ncbi.nlm.nih.gov/40053895/,40053895,PMC12824673,10.1182/blood.2024027008,Safety and efficacy of a fitusiran antithrombin-based dose regimen in people with hemophilia A or B: the ATLAS-OLE study.,Blood,2025,abstract_metadata_only,derived_annotations_only,2026-06-01T18:20:51+00:00
2526,literature_discovery,https://pubmed.ncbi.nlm.nih.gov/40006524/,40006524,PMC11859093,10.3390/pharmaceutics17020157,Engineering Lipid Nanoparticles to Enhance Intracellular Delivery of Transforming Growth Factor-Beta siRNA (siTGF-β1) via Inhalation for Improving Pulmonary Fibrosis Post-Bleomycin Challenge.,Pharmaceutics,2025,abstract_metadata_only,derived_annotations_only,2026-06-01T18:20:51+00:00
2535,literature_discovery,https://pubmed.ncbi.nlm.nih.gov/39692702/,39692702,PMC11845920,10.1111/jocd.16722,A Novel Injectable Polypeptide Nanoparticle Encapsulated siRNA Targeting TGF-β1 and COX-2 for Localized Fat Reduction II: Phase I Clinical Trial.,J Cosmet Dermatol,2025,abstract_metadata_only,derived_annotations_only,2026-06-01T18:20:51+00:00
2538,literature_discovery,https://pubmed.ncbi.nlm.nih.gov/39642315/,39642315,PMC11914172,10.1182/bloodadvances.2024013900,"Long-term safety and efficacy of fitusiran prophylaxis, and perioperative management, in people with hemophilia A or B.",Blood Adv,2025,abstract_metadata_only,derived_annotations_only,2026-06-01T18:20:51+00:00
2556,literature_discovery,https://pubmed.ncbi.nlm.nih.gov/39379106/,39379106,PMC11571808,10.1261/rna.080220.124,Site-blocking antisense oligonucleotides as a mechanism to fine-tune MeCP2 expression.,RNA,2024,abstract_metadata_only,derived_annotations_only,2026-06-01T18:20:51+00:00
2577,literature_discovery,https://pubmed.ncbi.nlm.nih.gov/38973655/,38973655,PMC11823468,10.1002/adma.202313791,"Expanding RNAi to Kidneys, Lungs, and Spleen via Selective ORgan Targeting (SORT) siRNA Lipid Nanoparticles.",Adv Mater,2024,abstract_metadata_only,derived_annotations_only,2026-06-01T18:20:51+00:00
2588,literature_discovery,https://pubmed.ncbi.nlm.nih.gov/38779336/,38779336,PMC11109470,10.1016/j.omtm.2024.101258,siRNA-mediated reduction of a circulating protein in swine using lipid nanoparticles.,Mol Ther Methods Clin Dev,2024,abstract_metadata_only,derived_annotations_only,2026-06-01T18:20:51+00:00
2597,literature_discovery,https://pubmed.ncbi.nlm.nih.gov/38707801/,38707801,PMC11068990,10.1016/j.ekir.2024.02.1439,Nedosiran Safety and Efficacy in PH1: Interim Analysis of PHYOX3.,Kidney Int Rep,2024,abstract_metadata_only,derived_annotations_only,2026-06-01T18:20:51+00:00
2600,literature_discovery,https://pubmed.ncbi.nlm.nih.gov/38573183/,38573183,PMC11534120,10.2217/fon-2023-0872,Preclinical and phase I studies of an antisense oligonucleotide drug targeting IGF-1R in liver cancer.,Future Oncol,2024,abstract_metadata_only,derived_annotations_only,2026-06-01T18:20:51+00:00
2609,literature_discovery,https://pubmed.ncbi.nlm.nih.gov/38371290/,38371290,PMC10866732,10.1016/j.jacasi.2023.09.006,Efficacy and Safety of Inclisiran in Asian Patients: Results From ORION-18.,JACC Asia,2024,abstract_metadata_only,derived_annotations_only,2026-06-01T18:20:51+00:00
2611,literature_discovery,https://pubmed.ncbi.nlm.nih.gov/38361750/,38361750,PMC10864329,10.1016/j.lanepe.2024.100862,Long-term efficacy and safety of nusinersen in adults with 5q spinal muscular atrophy: a prospective European multinational observational study.,Lancet Reg Health Eur,2024,abstract_metadata_only,derived_annotations_only,2026-06-01T18:20:51+00:00
2614,literature_discovery,https://pubmed.ncbi.nlm.nih.gov/38327047/,38327047,PMC11163203,10.1016/j.ymthe.2024.02.004,Prenatal delivery of a therapeutic antisense oligonucleotide achieves broad biodistribution in the brain and ameliorates Angelman syndrome phenotype in mice.,Mol Ther,2024,abstract_metadata_only,derived_annotations_only,2026-06-01T18:20:51+00:00
2618,literature_discovery,https://pubmed.ncbi.nlm.nih.gov/38276948/,38276948,PMC11221813,10.1152/ajpheart.00745.2023,An antisense oligonucleotide efficiently suppresses splicing of an alternative exon in vascular smooth muscle in vivo.,Am J Physiol Heart Circ Physiol,2024,abstract_metadata_only,derived_annotations_only,2026-06-01T18:20:51+00:00
2619,literature_discovery,https://pubmed.ncbi.nlm.nih.gov/38269451/,38269451,,10.1002/ejhf.3139,Efficacy and safety of CDR132L in patients with reduced left ventricular ejection fraction after myocardial infarction: Rationale and design of the HF-REVERT trial.,Eur J Heart Fail,2024,abstract_metadata_only,derived_annotations_only,2026-06-01T18:20:51+00:00
2621,literature_discovery,https://pubmed.ncbi.nlm.nih.gov/38220186/,38220186,PMC11150722,10.5551/jat.64454,"Efficacy, Safety, and Pharmacokinetics of Inclisiran in Japanese Patients: Results from ORION-15.",J Atheroscler Thromb,2024,abstract_metadata_only,derived_annotations_only,2026-06-01T18:20:51+00:00
2630,literature_discovery,https://pubmed.ncbi.nlm.nih.gov/37649429/,37649429,,10.1080/00207454.2023.2251662,"Safety and effectiveness of nusinersen, a treatment for spinal muscular atrophy, in 524 patients: results from an interim analysis of post-marketing surveillance in Japan.",Int J Neurosci,2024,abstract_metadata_only,derived_annotations_only,2026-06-01T18:20:51+00:00
2632,literature_discovery,https://pubmed.ncbi.nlm.nih.gov/36550348/,36550348,PMC11101568,10.1007/s10557-022-07413-0,"Efficacy and Safety of Inclisiran in Patients with Polyvascular Disease: Pooled, Post Hoc Analysis of the ORION-9, ORION-10, and ORION-11 Phase 3 Randomized Controlled Trials.",Cardiovasc Drugs Ther,2024,abstract_metadata_only,derived_annotations_only,2026-06-01T18:20:51+00:00
2634,literature_discovery,https://pubmed.ncbi.nlm.nih.gov/35787224/,35787224,,10.1080/00207454.2022.2095270,"Real-world safety and effectiveness of nusinersen, a treatment for spinal muscular atrophy, in 401 Japanese patients: results from an interim analysis of post-marketing surveillance.",Int J Neurosci,2024,abstract_metadata_only,derived_annotations_only,2026-06-01T18:20:51+00:00
2644,literature_discovery,https://pubmed.ncbi.nlm.nih.gov/37956785/,37956785,,10.1016/j.ejpb.2023.11.007,Evaluation of the effects of storage conditions on spray-dried siRNA-LNPs before and after subsequent drying.,Eur J Pharm Biopharm,2023,abstract_metadata_only,derived_annotations_only,2026-06-01T18:20:51+00:00
2652,literature_discovery,https://pubmed.ncbi.nlm.nih.gov/37738329/,37738329,,10.1089/jamp.2023.0014,"A Phase I Study of TRK-250, a Novel siRNA-Based Oligonucleotide, in Patients with Idiopathic Pulmonary Fibrosis.",J Aerosol Med Pulm Drug Deliv,2023,abstract_metadata_only,derived_annotations_only,2026-06-01T18:20:51+00:00
2657,literature_discovery,https://pubmed.ncbi.nlm.nih.gov/37680985/,37680985,PMC10480457,10.1016/j.omtn.2023.08.020,Novel hybrid silicon-lipid nanoparticles deliver a siRNA to cure autosomal dominant osteopetrosis in mice. Implications for gene therapy in humans.,Mol Ther Nucleic Acids,2023,abstract_metadata_only,derived_annotations_only,2026-06-01T18:20:51+00:00
2666,literature_discovery,https://pubmed.ncbi.nlm.nih.gov/37479139/,37479139,,10.1016/j.jhep.2023.06.013,Efficacy and safety of givosiran for acute hepatic porphyria: Final results of the randomized phase III ENVISION trial.,J Hepatol,2023,abstract_metadata_only,derived_annotations_only,2026-06-01T18:20:51+00:00
2669,literature_discovery,https://pubmed.ncbi.nlm.nih.gov/37437196/,37437196,,10.1021/acs.bioconjchem.3c00186,Blended Block Polycation Micelles Enhance Antisense Oligonucleotide Delivery.,Bioconjug Chem,2023,abstract_metadata_only,derived_annotations_only,2026-06-01T18:20:51+00:00
2676,literature_discovery,https://pubmed.ncbi.nlm.nih.gov/37252442/,37252442,PMC10209488,10.1016/j.ajpc.2023.100503,"Efficacy and safety of inclisiran in patients with cerebrovascular disease: ORION-9, ORION-10, and ORION-11.",Am J Prev Cardiol,2023,abstract_metadata_only,derived_annotations_only,2026-06-01T18:20:51+00:00
2680,literature_discovery,https://pubmed.ncbi.nlm.nih.gov/37111598/,37111598,PMC10143489,10.3390/pharmaceutics15041112,"Platelet Activation by Antisense Oligonucleotides (ASOs) in the Göttingen Minipig, including an Evaluation of Glycoprotein VI (GPVI) and Platelet Factor 4 (PF4) Ontogeny.",Pharmaceutics,2023,abstract_metadata_only,derived_annotations_only,2026-06-01T18:20:51+00:00
2681,literature_discovery,https://pubmed.ncbi.nlm.nih.gov/37100699/,37100699,,10.1016/j.jacl.2023.03.007,Volanesorsen and triglyceride levels in familial chylomicronemia syndrome: Long-term efficacy and safety data from patients in an open-label extension trial.,J Clin Lipidol,2023,abstract_metadata_only,derived_annotations_only,2026-06-01T18:20:51+00:00
2685,literature_discovery,https://pubmed.ncbi.nlm.nih.gov/37003287/,37003287,,10.1016/S0140-6736(23)00284-2,"Efficacy and safety of fitusiran prophylaxis in people with haemophilia A or haemophilia B with inhibitors (ATLAS-INH): a multicentre, open-label, randomised phase 3 trial.",Lancet,2023,abstract_metadata_only,derived_annotations_only,2026-06-01T18:20:51+00:00
2697,literature_discovery,https://pubmed.ncbi.nlm.nih.gov/36620965/,36620965,,10.1016/S2213-8587(22)00353-9,Long-term efficacy and safety of inclisiran in patients with high cardiovascular risk and elevated LDL cholesterol (ORION-3): results from the 4-year open-label extension of the ORION-1 trial.,Lancet Diabetes Endocrinol,2023,abstract_metadata_only,derived_annotations_only,2026-06-01T18:20:51+00:00
2701,literature_discovery,https://pubmed.ncbi.nlm.nih.gov/35913563/,35913563,PMC9925547,10.1007/s00467-022-05684-1,Efficacy and safety of lumasiran for infants and young children with primary hyperoxaluria type 1: 12-month analysis of the phase 3 ILLUMINATE-B trial.,Pediatr Nephrol,2023,abstract_metadata_only,derived_annotations_only,2026-06-01T18:20:51+00:00
2712,literature_discovery,https://pubmed.ncbi.nlm.nih.gov/35976085/,35976085,,10.1089/nat.2022.0033,Early-Stage Identification and Avoidance of Antisense Oligonucleotides Causing Species-Specific Inflammatory Responses in Human Volunteer Peripheral Blood Mononuclear Cells.,Nucleic Acid Ther,2022,abstract_metadata_only,derived_annotations_only,2026-06-01T18:20:51+00:00
2727,literature_discovery,https://pubmed.ncbi.nlm.nih.gov/34949835/,34949835,PMC8861976,10.1038/s41591-021-01557-6,Suppression of mutant C9orf72 expression by a potent mixed backbone antisense oligonucleotide.,Nat Med,2022,abstract_metadata_only,derived_annotations_only,2026-06-01T18:20:51+00:00
2730,literature_discovery,https://pubmed.ncbi.nlm.nih.gov/33567808/,33567808,PMC8804562,10.3324/haematol.2020.260059,"Sequence-specific 2'-O-methoxyethyl antisense oligonucleotides activate human platelets through glycoprotein VI, triggering formation of platelet-leukocyte aggregates.",Haematologica,2022,abstract_metadata_only,derived_annotations_only,2026-06-01T18:20:51+00:00
2741,literature_discovery,https://pubmed.ncbi.nlm.nih.gov/34242101/,34242101,PMC8713270,10.1089/nat.2020.0917,"Improvements in the Tolerability Profile of 2'-O-Methoxyethyl Chimeric Antisense Oligonucleotides in Parallel with Advances in Design, Screening, and Other Methods.",Nucleic Acid Ther,2021,abstract_metadata_only,derived_annotations_only,2026-06-01T18:20:51+00:00
2754,literature_discovery,https://pubmed.ncbi.nlm.nih.gov/33798466/,33798466,,10.1016/S2213-8587(21)00046-2,"Efficacy and safety of volanesorsen in patients with multifactorial chylomicronaemia (COMPASS): a multicentre, double-blind, randomised, placebo-controlled, phase 3 trial.",Lancet Diabetes Endocrinol,2021,abstract_metadata_only,derived_annotations_only,2026-06-01T18:20:51+00:00
2755,literature_discovery,https://pubmed.ncbi.nlm.nih.gov/33540294/,33540294,PMC8264460,10.1016/j.thromres.2021.01.006,Antisense oligonucleotides and nucleic acids generate hypersensitive platelets.,Thromb Res,2021,abstract_metadata_only,derived_annotations_only,2026-06-01T18:20:51+00:00
2762,literature_discovery,https://pubmed.ncbi.nlm.nih.gov/32610253/,32610253,PMC7327867,10.1016/j.omtn.2020.05.010,2'-O-Methyl at 20-mer Guide Strand 3' Termini May Negatively Affect Target Silencing Activity of Fully Chemically Modified siRNA.,Mol Ther Nucleic Acids,2020,abstract_metadata_only,derived_annotations_only,2026-06-01T18:20:51+00:00
2768,literature_discovery,https://pubmed.ncbi.nlm.nih.gov/32260534/,32260534,PMC7226018,10.3390/biom10040553,Chitosan Nanocomplexes for the Delivery of ENaC Antisense Oligonucleotides to Airway Epithelial Cells.,Biomolecules,2020,abstract_metadata_only,derived_annotations_only,2026-06-01T18:20:51+00:00
2770,literature_discovery,https://pubmed.ncbi.nlm.nih.gov/32180554/,32180554,PMC7036698,10.1016/j.molmet.2020.01.010,Antisense oligonucleotide treatment produces a type I interferon response that protects against diet-induced obesity.,Mol Metab,2020,abstract_metadata_only,derived_annotations_only,2026-06-01T18:20:51+00:00
2782,literature_discovery,https://pubmed.ncbi.nlm.nih.gov/30988454/,30988454,PMC6465270,10.1038/s41598-019-42523-0,Systematic evaluation of 2'-Fluoro modified chimeric antisense oligonucleotide-mediated exon skipping in vitro.,Sci Rep,2019,abstract_metadata_only,derived_annotations_only,2026-06-01T18:20:51+00:00
2784,literature_discovery,https://pubmed.ncbi.nlm.nih.gov/30576769/,30576769,PMC6411916,10.1016/j.jcmgh.2018.12.004,Targeted Delivery of Stk25 Antisense Oligonucleotides to Hepatocytes Protects Mice Against Nonalcoholic Fatty Liver Disease.,Cell Mol Gastroenterol Hepatol,2019,abstract_metadata_only,derived_annotations_only,2026-06-01T18:20:51+00:00
2787,literature_discovery,https://pubmed.ncbi.nlm.nih.gov/29858054/,29858054,PMC5992344,10.1016/j.omtn.2018.02.004,Saponins as Natural Adjuvant for Antisense Morpholino Oligonucleotides Delivery In Vitro and in mdx Mice.,Mol Ther Nucleic Acids,2018,abstract_metadata_only,derived_annotations_only,2026-06-01T18:20:51+00:00
2789,literature_discovery,https://pubmed.ncbi.nlm.nih.gov/29669851/,29669851,,10.1126/scitranslmed.aan0713,Systemic administration of the antisense oligonucleotide NS-065/NCNP-01 for skipping of exon 53 in patients with Duchenne muscular dystrophy.,Sci Transl Med,2018,abstract_metadata_only,derived_annotations_only,2026-06-01T18:20:51+00:00
2801,literature_discovery,https://pubmed.ncbi.nlm.nih.gov/27854228/,27854228,,10.3233/JND-160157,Toxicological Characterization of Exon Skipping Phosphorodiamidate Morpholino Oligomers (PMOs) in Non-human Primates.,J Neuromuscul Dis,2016,abstract_metadata_only,derived_annotations_only,2026-06-01T18:20:51+00:00
2804,literature_discovery,https://pubmed.ncbi.nlm.nih.gov/27355239/,27355239,,10.1080/13506129.2016.1191458,"Suppressing transthyretin production in mice, monkeys and humans using 2nd-Generation antisense oligonucleotides.",Amyloid,2016,abstract_metadata_only,derived_annotations_only,2026-06-01T18:20:51+00:00
2807,literature_discovery,https://pubmed.ncbi.nlm.nih.gov/26855051/,26855051,,10.1016/j.jconrel.2016.02.007,"Evaluation of the effects of chemically different linkers on hepatic accumulations, cell tropism and gene silencing ability of cholesterol-conjugated antisense oligonucleotides.",J Control Release,2016,abstract_metadata_only,derived_annotations_only,2026-06-01T18:20:51+00:00
2812,literature_discovery,https://pubmed.ncbi.nlm.nih.gov/26366082/,26366082,PMC4562748,10.2147/IJN.S89910,Cationic polyelectrolyte-mediated delivery of antisense morpholino oligonucleotides for exon-skipping in vitro and in mdx mice.,Int J Nanomedicine,2015,abstract_metadata_only,derived_annotations_only,2026-06-01T18:20:51+00:00
2813,literature_discovery,https://pubmed.ncbi.nlm.nih.gov/26338776/,26338776,PMC4605310,10.1093/nar/gkv857,In silico and in vitro evaluation of exonic and intronic off-target effects form a critical element of therapeutic ASO gapmer optimization.,Nucleic Acids Res,2015,abstract_metadata_only,derived_annotations_only,2026-06-01T18:20:51+00:00
2821,literature_discovery,https://pubmed.ncbi.nlm.nih.gov/25209738/,25209738,,10.1016/S1474-4422(14)70195-4,"Safety and efficacy of drisapersen for the treatment of Duchenne muscular dystrophy (DEMAND II): an exploratory, randomised, placebo-controlled phase 2 study.",Lancet Neurol,2014,abstract_metadata_only,derived_annotations_only,2026-06-01T18:20:51+00:00
2822,literature_discovery,https://pubmed.ncbi.nlm.nih.gov/25155593/,25155593,PMC4249403,10.1128/AAC.03442-14,Safety and pharmacokinetic profiles of phosphorodiamidate morpholino oligomers with activity against ebola virus and marburg virus: results of two single-ascending-dose studies.,Antimicrob Agents Chemother,2014,abstract_metadata_only,derived_annotations_only,2026-06-01T18:20:51+00:00
2823,literature_discovery,https://pubmed.ncbi.nlm.nih.gov/24932560/,24932560,,10.3109/08958378.2014.907587,Local and systemic tolerability of a 2'O-methoxyethyl antisense oligonucleotide targeting interleukin-4 receptor-α delivery by inhalation in mouse and monkey.,Inhal Toxicol,2014,abstract_metadata_only,derived_annotations_only,2026-06-01T18:20:51+00:00
2825,literature_discovery,https://pubmed.ncbi.nlm.nih.gov/24292388/,24292388,,10.1177/0192623313505781,Species-specific inflammatory responses as a primary component for the development of glomerular lesions in mice and monkeys following chronic administration of a second-generation antisense oligonucleotide.,Toxicol Pathol,2014,abstract_metadata_only,derived_annotations_only,2026-06-01T18:20:51+00:00
2831,literature_discovery,https://pubmed.ncbi.nlm.nih.gov/22872057/,22872057,,10.1093/toxsci/kfs247,Mutagenesis by an antisense oligonucleotide and its degradation product.,Toxicol Sci,2012,abstract_metadata_only,derived_annotations_only,2026-06-01T18:20:51+00:00
2839,literature_discovery,https://pubmed.ncbi.nlm.nih.gov/21540336/,21540336,,10.1177/1091581811403505,"Repeat-dose toxicology evaluation in cynomolgus monkeys of AVI-4658, a phosphorodiamidate morpholino oligomer (PMO) drug for the treatment of duchenne muscular dystrophy.",Int J Toxicol,2011,abstract_metadata_only,derived_annotations_only,2026-06-01T18:20:51+00:00
2840,literature_discovery,https://pubmed.ncbi.nlm.nih.gov/21540335/,21540335,,10.1177/1091581811403504,Chemical and mechanistic toxicology evaluation of exon skipping phosphorodiamidate morpholino oligomers in mdx mice.,Int J Toxicol,2011,abstract_metadata_only,derived_annotations_only,2026-06-01T18:20:51+00:00
2845,literature_discovery,https://pubmed.ncbi.nlm.nih.gov/19854938/,19854938,PMC2800216,10.1093/nar/gkp841,"Efficient gene silencing by delivery of locked nucleic acid antisense oligonucleotides, unassisted by transfection reagents.",Nucleic Acids Res,2010,abstract_metadata_only,derived_annotations_only,2026-06-01T18:20:51+00:00
3148,literature_discovery,https://pubmed.ncbi.nlm.nih.gov/31034558/,31034558,PMC6582325,10.1093/nar/gkz247,Site-specific replacement of phosphorothioate with alkyl phosphonate linkages enhances the therapeutic profile of gapmer ASOs by modulating interactions with cellular proteins.,Nucleic Acids Res,2019,abstract_metadata_only,derived_annotations_only,2026-06-01T18:20:51+00:00
3211,literature_discovery,https://pubmed.ncbi.nlm.nih.gov/41898774/,41898774,PMC13026121,10.3390/ijms27062915,Functional siRNA Delivery via Jet Nebulization: Proof-of-Concept IL-1ß Silencing in Macrophage-like THP-1 Cells.,Int J Mol Sci,2026,abstract_metadata_only,derived_annotations_only,2026-06-01T18:20:51+00:00
3228,literature_discovery,https://pubmed.ncbi.nlm.nih.gov/41815210/,41815210,PMC12972210,10.1002/mco2.70673,An Engineered Extracellular Vesicle With Enhanced Tumor and Lymph Nodes Targeting as siRNA Delivery System for Robust Tumor Immunotherapy.,MedComm (2020),2026,abstract_metadata_only,derived_annotations_only,2026-06-01T18:20:51+00:00
3251,literature_discovery,https://pubmed.ncbi.nlm.nih.gov/41732207/,41732207,PMC12925542,10.1016/j.omtn.2026.102848,"Design, validation, and functional impact of oligonucleotides for multigene silencing in Alzheimer's disease.",Mol Ther Nucleic Acids,2026,abstract_metadata_only,derived_annotations_only,2026-06-01T18:20:51+00:00
3262,literature_discovery,https://pubmed.ncbi.nlm.nih.gov/41704233/,41704233,PMC12907503,10.1016/j.bioactmat.2026.02.006,Polyplex of peptide-mannan and RNA for intranasal delivery of TGF-β siRNA in treatment of pulmonary fibrosis.,Bioact Mater,2026,abstract_metadata_only,derived_annotations_only,2026-06-01T18:20:51+00:00
3263,literature_discovery,https://pubmed.ncbi.nlm.nih.gov/41691982/,41691982,PMC13183465,10.1016/j.bbrc.2026.153430,An effective tumor-inhibiting siRNA delivery platform.,Biochem Biophys Res Commun,2026,abstract_metadata_only,derived_annotations_only,2026-06-01T18:20:51+00:00
3272,literature_discovery,https://pubmed.ncbi.nlm.nih.gov/41664462/,41664462,,10.1021/acsami.5c12952,Hemocompatibility of Carbosilane Dendrimers as a Therapeutic siRNA Delivery System across Blood-Brain Barrier.,ACS Appl Mater Interfaces,2026,abstract_metadata_only,derived_annotations_only,2026-06-01T18:20:51+00:00
3276,literature_discovery,https://pubmed.ncbi.nlm.nih.gov/41647289/,41647289,PMC12869795,10.1093/rb/rbaf115,A smart nanocomposite bioactive ink for controlled siRNA delivery in calvarial mesenchymal stromal cells as a minimally invasive treatment for craniosynostosis.,Regen Biomater,2026,abstract_metadata_only,derived_annotations_only,2026-06-01T18:20:51+00:00
3294,literature_discovery,https://pubmed.ncbi.nlm.nih.gov/41572432/,41572432,PMC13042977,10.1002/advs.202510547,PARPi Combining Nanoparticle LIN28B siRNA for the Management of Malignant Ascites.,Adv Sci (Weinh),2026,abstract_metadata_only,derived_annotations_only,2026-06-01T18:20:51+00:00
3297,literature_discovery,https://pubmed.ncbi.nlm.nih.gov/41560836/,41560836,PMC12814076,10.1016/j.mtbio.2026.102764,Intranasal delivery of Odorranalectin-modified lipid nanoparticles for multi-targeted therapy of Alzheimer's disease.,Mater Today Bio,2026,abstract_metadata_only,derived_annotations_only,2026-06-01T18:20:51+00:00
3301,literature_discovery,https://pubmed.ncbi.nlm.nih.gov/41552385/,41552385,PMC12804371,10.1016/j.omtn.2025.102802,An acyclic nucleic acid-modified siRNA targeting CAG expansions for polyglutamine disease treatment.,Mol Ther Nucleic Acids,2026,abstract_metadata_only,derived_annotations_only,2026-06-01T18:20:51+00:00
3312,literature_discovery,https://pubmed.ncbi.nlm.nih.gov/41518301/,41518301,,10.1021/acs.bioconjchem.5c00554,"""Zip-to-Cytosol"": Glutathione-Cleavable Fluorinated Polyplexes Deliver siRNA at Single-Digit Nanomolar Dose with >90% Gene Silencing.",Bioconjug Chem,2026,abstract_metadata_only,derived_annotations_only,2026-06-01T18:20:51+00:00
3316,literature_discovery,https://pubmed.ncbi.nlm.nih.gov/41510156/,41510156,PMC12775651,10.7150/thno.121865,Curcumin coacervates for supramolecular-interaction-responsive cytosolic siRNA delivery to enhance pyroptosis.,Theranostics,2026,abstract_metadata_only,derived_annotations_only,2026-06-01T18:20:51+00:00
3325,literature_discovery,https://pubmed.ncbi.nlm.nih.gov/41491215/,41491215,PMC12781530,10.1186/s12951-025-03954-2,Endothelial-targeted modification of ginseng-derived exosomes for IL-6 SiRNA delivery ameliorates hepatic ischemia-reperfusion injury.,J Nanobiotechnology,2026,abstract_metadata_only,derived_annotations_only,2026-06-01T18:20:51+00:00
3330,literature_discovery,https://pubmed.ncbi.nlm.nih.gov/41477663/,41477663,PMC12752751,10.1016/j.bioactmat.2025.11.049,Chiral metal nanozyme-enabled SOD2 activation and siRNA delivery cooperatively mitigating chronic heart failure.,Bioact Mater,2026,abstract_metadata_only,derived_annotations_only,2026-06-01T18:20:51+00:00
3333,literature_discovery,https://pubmed.ncbi.nlm.nih.gov/41443351/,41443351,,10.1016/j.jconrel.2025.114568,Structurally-defined non-cationic docosahexaenoic acid based siRNA-micelles for safe and effective combinatorial glioblastoma therapy.,J Control Release,2026,abstract_metadata_only,derived_annotations_only,2026-06-01T18:20:51+00:00
3376,literature_discovery,https://pubmed.ncbi.nlm.nih.gov/41076799/,41076799,,10.1016/j.bioadv.2025.214537,Novel vector for efficient siRNA delivery to lymphoblasts and melanoma based on genipin-spermine nanocarriers protected with hybrid erythrocyte membrane coating.,Biomater Adv,2026,abstract_metadata_only,derived_annotations_only,2026-06-01T18:20:51+00:00
3396,literature_discovery,https://pubmed.ncbi.nlm.nih.gov/41625362/,41625362,PMC12859616,10.1016/j.mtbio.2025.102267,Tumor-homing exosomes enable targeted delivery of siRNA and isoimperatorin for overcoming BTK inhibitor resistance in DLBCL.,Mater Today Bio,2025,abstract_metadata_only,derived_annotations_only,2026-06-01T18:20:51+00:00
3399,literature_discovery,https://pubmed.ncbi.nlm.nih.gov/41599118/,41599118,PMC12844724,10.3390/pharmaceutics18010010,Construction and Characterization of PDA@MnO(2)-Cored Multifunctional Targeting Nanoparticles Loaded with Survivin siRNA for Breast Tumor Therapy.,Pharmaceutics,2025,abstract_metadata_only,derived_annotations_only,2026-06-01T18:20:51+00:00
3402,literature_discovery,https://pubmed.ncbi.nlm.nih.gov/41473322/,41473322,PMC12746015,10.64898/2025.12.16.694641,Albumin-binding dendrimer-conjugated siRNA enables safe and effective gene silencing throughout the central nervous system.,bioRxiv,2025,abstract_metadata_only,derived_annotations_only,2026-06-01T18:20:51+00:00
3407,literature_discovery,https://pubmed.ncbi.nlm.nih.gov/41432033/,41432033,PMC12723224,10.1093/nar/gkaf1374,Potent and durable gene modulation in heart and muscle with chemically defined lipophilic siRNAs.,Nucleic Acids Res,2025,abstract_metadata_only,derived_annotations_only,2026-06-01T18:20:51+00:00
3423,literature_discovery,https://pubmed.ncbi.nlm.nih.gov/41360814/,41360814,PMC12804779,10.1038/s41467-025-67183-9,Inflammation-specific DNA origami nanodevice for delivery of siRNAs to treat ulcerative colitis.,Nat Commun,2025,abstract_metadata_only,derived_annotations_only,2026-06-01T18:20:51+00:00
3426,literature_discovery,https://pubmed.ncbi.nlm.nih.gov/41326382/,41326382,PMC12780110,10.1038/s41467-025-66876-5,An RNA interference therapeutic potentially achieves functional cure of chronic hepatitis B virus infection.,Nat Commun,2025,abstract_metadata_only,derived_annotations_only,2026-06-01T18:20:51+00:00
3428,literature_discovery,https://pubmed.ncbi.nlm.nih.gov/41299672/,41299672,PMC12837076,10.1186/s12951-025-03872-3,Peptide-modified phase-transition nanoparticles co-deliver FTO siRNA and Ce6 for sonodynamic metabolism-immunotherapy of melanoma.,J Nanobiotechnology,2025,abstract_metadata_only,derived_annotations_only,2026-06-01T18:20:51+00:00
3472,literature_discovery,https://pubmed.ncbi.nlm.nih.gov/41096791/,41096791,PMC12525168,10.3390/ijms26199526,Targeting carA Using Optimized Antisense Peptide Nucleic Acid-Cell-Penetrating Peptide Conjugates in Acinetobacter baumannii: A Novel Antibacterial Approach.,Int J Mol Sci,2025,abstract_metadata_only,derived_annotations_only,2026-06-01T18:20:51+00:00
3484,literature_discovery,https://pubmed.ncbi.nlm.nih.gov/41037472/,41037472,,10.1021/acsabm.5c01486,Peptide-Functionalized Selenium Nanoparticle-Based Effective Delivery System for Src-Targeting siRNA in Triple-Negative Breast Cancer Cells.,ACS Appl Bio Mater,2025,abstract_metadata_only,derived_annotations_only,2026-06-01T18:20:51+00:00
3493,literature_discovery,https://pubmed.ncbi.nlm.nih.gov/41007671/,41007671,PMC12467891,10.3390/biomedicines13092108,Crossing Barriers: PEGylated Gold Nanoparticles as Promising Delivery Vehicles for siRNA Delivery in Alzheimer's Disease.,Biomedicines,2025,abstract_metadata_only,derived_annotations_only,2026-06-01T18:20:51+00:00
3500,literature_discovery,https://pubmed.ncbi.nlm.nih.gov/40978531/,40978531,PMC12447568,10.1016/j.omtn.2025.102671,Nose-to-brain siRNA delivery by PEI/PPI-based nanoparticles reduces α-synuclein expression in a Parkinson's disease mouse model.,Mol Ther Nucleic Acids,2025,abstract_metadata_only,derived_annotations_only,2026-06-01T18:20:51+00:00
3501,literature_discovery,https://pubmed.ncbi.nlm.nih.gov/40977834/,40977834,PMC12446780,10.1016/j.mtbio.2025.102226,CD11b-modified ROS/pH-responsive nanoparticles co-deliver Dioscin and siRNA to improve cardiac repair after myocardial infarction by reducing neutrophil recruitment.,Mater Today Bio,2025,abstract_metadata_only,derived_annotations_only,2026-06-01T18:20:51+00:00
3517,literature_discovery,https://pubmed.ncbi.nlm.nih.gov/40919077/,40919077,PMC12409438,10.1016/j.jhepr.2025.101516,Peginterferon-alpha-2a add-on to treatment with siRNA JNJ-73763989 in virologically suppressed chronic hepatitis B: The phase II PENGUIN study.,JHEP Rep,2025,abstract_metadata_only,derived_annotations_only,2026-06-01T18:20:51+00:00
3529,literature_discovery,https://pubmed.ncbi.nlm.nih.gov/40898177/,40898177,PMC12406594,10.1186/s12896-025-01000-5,Biomimetic nanoparticles coated with ScFv-modified macrophage membranes for siRNA delivery to relieve brain metastases of lung cancer.,BMC Biotechnol,2025,abstract_metadata_only,derived_annotations_only,2026-06-01T18:20:51+00:00
3544,literature_discovery,https://pubmed.ncbi.nlm.nih.gov/40861898/,40861898,PMC12375242,10.1016/j.omtn.2025.102667,Development of conditional-siRNA programmable riboswitch for targeting adverse cardiac remodeling.,Mol Ther Nucleic Acids,2025,abstract_metadata_only,derived_annotations_only,2026-06-01T18:20:51+00:00
3571,literature_discovery,https://pubmed.ncbi.nlm.nih.gov/40747059/,40747059,PMC12308423,10.1021/jacsau.5c00474,Programmable Comodification of DNA Soccer Framework with Fluorocarbon and Aptamer for Efficient siRNA Delivery.,JACS Au,2025,abstract_metadata_only,derived_annotations_only,2026-06-01T18:20:51+00:00
3572,literature_discovery,https://pubmed.ncbi.nlm.nih.gov/40736337/,40736337,,10.1021/acsami.5c07808,TUBB3/DTX LNPs Dry Powder Inhaler and an Efficient Delivery Device for Targeted Therapy of Lung Cancer.,ACS Appl Mater Interfaces,2025,abstract_metadata_only,derived_annotations_only,2026-06-01T18:20:51+00:00
3573,literature_discovery,https://pubmed.ncbi.nlm.nih.gov/40736236/,40736236,PMC12403870,10.1128/spectrum.02622-24,An antisense peptide-conjugated peptide nucleic acid (PPNA) for peptidoglycan recycling inhibition reduces AmpC hyperproduction and β-lactam resistance in Pseudomonas aeruginosa.,Microbiol Spectr,2025,abstract_metadata_only,derived_annotations_only,2026-06-01T18:20:51+00:00
3574,literature_discovery,https://pubmed.ncbi.nlm.nih.gov/40735032/,40735032,PMC12305587,10.1016/j.jpha.2025.101203,pH-responsive biomimetic zeolitic imidazolate framework-based nanoparticles for co-delivery of cetuximab and siRNA in synergistic therapy of laryngeal squamous cell carcinoma.,J Pharm Anal,2025,abstract_metadata_only,derived_annotations_only,2026-06-01T18:20:51+00:00
3590,literature_discovery,https://pubmed.ncbi.nlm.nih.gov/40688667/,40688667,PMC12274865,10.1016/j.mtbio.2025.102074,Hyaluronic acid-anchored nanoparticles co-delivering emodin and siRNA confers protection against rheumatoid arthritis via macrophage polarization.,Mater Today Bio,2025,abstract_metadata_only,derived_annotations_only,2026-06-01T18:20:51+00:00
3595,literature_discovery,https://pubmed.ncbi.nlm.nih.gov/40681573/,40681573,PMC12274417,10.1038/s41598-025-10960-9,Peptide dendrimer and hyaluronic acid modified nanovesicles for ocular delivery of timolol maleate and siRNA.,Sci Rep,2025,abstract_metadata_only,derived_annotations_only,2026-06-01T18:20:51+00:00
3596,literature_discovery,https://pubmed.ncbi.nlm.nih.gov/40679089/,40679089,PMC12344721,10.1021/acs.biomac.5c00344,Cleavable Cationic Carbosilane Dendrimers with pH-Tunable Charge as siRNA Carriers.,Biomacromolecules,2025,abstract_metadata_only,derived_annotations_only,2026-06-01T18:20:51+00:00
3598,literature_discovery,https://pubmed.ncbi.nlm.nih.gov/40673060/,40673060,PMC12264612,10.1016/j.omtm.2025.101513,A systemically deliverable lipid-conjugated siRNA targeting DUX4 as an facioscapulohumeral muscular dystrophy therapeutic.,Mol Ther Methods Clin Dev,2025,abstract_metadata_only,derived_annotations_only,2026-06-01T18:20:51+00:00
3614,literature_discovery,https://pubmed.ncbi.nlm.nih.gov/40616527/,40616527,PMC12269356,10.1021/acsnano.5c05395,Reprogramming Immunodeficiency in Lung Metastases via PD-L1 siRNA Delivery and Antigen Capture of Nanosponge-Mediated Dendritic Cell Modulation.,ACS Nano,2025,abstract_metadata_only,derived_annotations_only,2026-06-01T18:20:51+00:00
3619,literature_discovery,https://pubmed.ncbi.nlm.nih.gov/40598893/,40598893,PMC12214009,10.1093/nar/gkaf600,Elucidating brain transport pathways and cell type-dependent gene silencing of a durable lipid-siRNA conjugate administered into cerebrospinal fluid.,Nucleic Acids Res,2025,abstract_metadata_only,derived_annotations_only,2026-06-01T18:20:51+00:00
3626,literature_discovery,https://pubmed.ncbi.nlm.nih.gov/40582054/,40582054,PMC12268195,10.1016/j.ultsonch.2025.107446,A novel ultrasound-responsive cluster bomb system for efficient siRNA delivery in brain.,Ultrason Sonochem,2025,abstract_metadata_only,derived_annotations_only,2026-06-01T18:20:51+00:00
3640,literature_discovery,https://pubmed.ncbi.nlm.nih.gov/40524159/,40524159,PMC12168320,10.1186/s12951-025-03521-9,An immune activator encapsulating PD-L1 siRNA for augmented immune checkpoint blockade immunotherapy through Zn(2+) overload triggered pyroptosis.,J Nanobiotechnology,2025,abstract_metadata_only,derived_annotations_only,2026-06-01T18:20:51+00:00
3666,literature_discovery,https://pubmed.ncbi.nlm.nih.gov/40433119/,40433119,PMC12106909,10.2147/IJN.S510514,Lipid-Coated Ag@MnO(2) Core-Shell Nanoparticles for Co-Delivery of Survivin siRNA in Breast Tumor Therapy.,Int J Nanomedicine,2025,abstract_metadata_only,derived_annotations_only,2026-06-01T18:20:51+00:00
3685,literature_discovery,https://pubmed.ncbi.nlm.nih.gov/40380202/,40380202,PMC12082952,10.1186/s13046-025-03396-6,A novel pH-sensitive nanoparticles encapsulating anti-PD-1 antibody and MDK-siRNA overcome immune checkpoint blockade resistance in HCC via reshaping immunosuppressive TME.,J Exp Clin Cancer Res,2025,abstract_metadata_only,derived_annotations_only,2026-06-01T18:20:51+00:00
3690,literature_discovery,https://pubmed.ncbi.nlm.nih.gov/40364633/,40364633,PMC12147987,10.1002/adhm.202500107,Engineered Chitosan-Derived Nanocarrier for Efficient siRNA Delivery to Peripheral and Central Neurons.,Adv Healthc Mater,2025,abstract_metadata_only,derived_annotations_only,2026-06-01T18:20:51+00:00
3695,literature_discovery,https://pubmed.ncbi.nlm.nih.gov/40347142/,40347142,PMC12152932,10.1021/acs.biomac.5c00267,Poly(2-(diethylamino)ethyl methacrylate)-Functionalized Carbon Nanodots as Theranostic Platforms for siRNA Delivery and Survivin Silencing in Triple-Negative Breast Cancer.,Biomacromolecules,2025,abstract_metadata_only,derived_annotations_only,2026-06-01T18:20:51+00:00
3700,literature_discovery,https://pubmed.ncbi.nlm.nih.gov/40314193/,40314193,PMC12051533,10.1080/13880209.2025.2498169,Delivery of small interfering RNA through lyophilized natural lipid nanoparticles: effects of natural lipid selection.,Pharm Biol,2025,abstract_metadata_only,derived_annotations_only,2026-06-01T18:20:51+00:00
3701,literature_discovery,https://pubmed.ncbi.nlm.nih.gov/40313754/,40313754,PMC12045366,10.21203/rs.3.rs-6465542/v1,Single-dose administration of therapeutic divalent siRNA targeting MECP2 prevents lethality for one year in an MECP2 duplication mouse model.,Res Sq,2025,abstract_metadata_only,derived_annotations_only,2026-06-01T18:20:51+00:00
3710,literature_discovery,https://pubmed.ncbi.nlm.nih.gov/40259913/,40259913,PMC12010081,10.2147/IJN.S511655,NIR-Triggered siRNA Release and Lysosomal Escape for Synergistic Photothermal Tumor Therapy.,Int J Nanomedicine,2025,abstract_metadata_only,derived_annotations_only,2026-06-01T18:20:51+00:00
3717,literature_discovery,https://pubmed.ncbi.nlm.nih.gov/40196492/,40196492,PMC11974818,10.1101/2025.03.26.645328,Single-dose administration of therapeutic divalent siRNA targeting MECP2 prevents lethality for one year in an MECP2 duplication mouse model.,bioRxiv,2025,abstract_metadata_only,derived_annotations_only,2026-06-01T18:20:51+00:00
3725,literature_discovery,https://pubmed.ncbi.nlm.nih.gov/40143003/,40143003,PMC11946471,10.3390/pharmaceutics17030339,Analysis of Polymer/siRNA Nanoparticle Efficacy and Biocompatibility in 3D Air-Liquid Interface Culture Compared to 2D Cell Culture.,Pharmaceutics,2025,abstract_metadata_only,derived_annotations_only,2026-06-01T18:20:51+00:00
3740,literature_discovery,https://pubmed.ncbi.nlm.nih.gov/40046817/,40046817,PMC11881639,10.2147/IJN.S497428,Injured Cardiac Tissue-Targeted Delivery of TGFβ1 siRNA by FAP Aptamer-Functionalized Extracellular Vesicles Promotes Cardiac Repair.,Int J Nanomedicine,2025,abstract_metadata_only,derived_annotations_only,2026-06-01T18:20:51+00:00
3747,literature_discovery,https://pubmed.ncbi.nlm.nih.gov/40010411/,40010411,,10.1016/j.jconrel.2025.02.067,Surfactant protein B-derived peptides as endosomal escape enhancers for pulmonary delivery of siRNA.,J Control Release,2025,abstract_metadata_only,derived_annotations_only,2026-06-01T18:20:51+00:00
3749,literature_discovery,https://pubmed.ncbi.nlm.nih.gov/39990947/,39990947,PMC11843345,10.1021/acsbiomedchemau.4c00061,Development of Small Interfering RNA Loaded Cationic Lipid Nanoparticles for the Treatment of Liver Cancer with Elevated α-Fetoprotein Expression.,ACS Bio Med Chem Au,2025,abstract_metadata_only,derived_annotations_only,2026-06-01T18:20:51+00:00
3751,literature_discovery,https://pubmed.ncbi.nlm.nih.gov/39980062/,39980062,PMC11842220,10.1111/cts.70169,"Low Proarrhythmic Risk of Imetelstat, a Novel Oligonucleotide Telomerase Inhibitor: A Translational Analysis.",Clin Transl Sci,2025,abstract_metadata_only,derived_annotations_only,2026-06-01T18:20:51+00:00
3759,literature_discovery,https://pubmed.ncbi.nlm.nih.gov/39934917/,39934917,PMC11816505,10.1186/s13287-025-04151-6,Development and evaluation of siRNA-mediated gene silencing strategies for ADO2 therapy utilizing iPSCs model and DMPC-SPIONs delivery system.,Stem Cell Res Ther,2025,abstract_metadata_only,derived_annotations_only,2026-06-01T18:20:51+00:00
3764,literature_discovery,https://pubmed.ncbi.nlm.nih.gov/39907973/,39907973,,10.1007/s13346-025-01800-4,Topical delivery of siRNA to psoriatic skin model using high molecular weight chitosan derivatives: In vitro and in vivo studies.,Drug Deliv Transl Res,2025,abstract_metadata_only,derived_annotations_only,2026-06-01T18:20:51+00:00
3765,literature_discovery,https://pubmed.ncbi.nlm.nih.gov/39906612/,39906612,PMC11790197,10.22038/ijbms.2024.81998.17744,Nanomolecular silencing of TSC22D4 mRNA via a DNAsome-siRNA for enhancing insulin sensitization in hepatocytes.,Iran J Basic Med Sci,2025,abstract_metadata_only,derived_annotations_only,2026-06-01T18:20:51+00:00
3771,literature_discovery,https://pubmed.ncbi.nlm.nih.gov/39860035/,39860035,PMC11766699,10.3390/life15010095,A Novel Approach for In Vitro Testing and Hazard Evaluation of Nanoformulated RyR2-Targeting siRNA Drugs Using Human PBMCs.,Life (Basel),2025,abstract_metadata_only,derived_annotations_only,2026-06-01T18:20:51+00:00
3789,literature_discovery,https://pubmed.ncbi.nlm.nih.gov/39733890/,39733890,,10.1016/j.ijbiomac.2024.139219,Shielding siRNA by peptide-based nanofibers: An efficient approach for turning off EGFR gene in breast cancer.,Int J Biol Macromol,2025,abstract_metadata_only,derived_annotations_only,2026-06-01T18:20:51+00:00
3790,literature_discovery,https://pubmed.ncbi.nlm.nih.gov/39723844/,39723844,,10.1021/acsabm.4c01319,"Application of Strontium Chloride Hexahydrate to Synthesize Strontium-Substituted Carbonate Apatite as a pH-Sensitive, Biologically Safe, and Highly Efficient siRNA Nanocarrier.",ACS Appl Bio Mater,2025,abstract_metadata_only,derived_annotations_only,2026-06-01T18:20:51+00:00
3801,literature_discovery,https://pubmed.ncbi.nlm.nih.gov/39632755/,39632755,PMC11704396,10.4062/biomolther.2024.071,"Design, Screening and Development of Asymmetric siRNAs Targeting the MYC Oncogene in Triple-Negative Breast Cancer.",Biomol Ther (Seoul),2025,abstract_metadata_only,derived_annotations_only,2026-06-01T18:20:51+00:00
3813,literature_discovery,https://pubmed.ncbi.nlm.nih.gov/40308740/,40308740,PMC12043328,10.59566/isrnn.2024.0101079,The Reduction of Traumatic Spinal Cord Secondary Injury by Anti-RhoA siRNA Functionalized Nucleic Acid Nanoparticles (NANPs).,RNA Nanomed,2024,abstract_metadata_only,derived_annotations_only,2026-06-01T18:20:51+00:00
3848,literature_discovery,https://pubmed.ncbi.nlm.nih.gov/39296267/,39296267,PMC11406681,10.1021/acsptsci.4c00336,Lipopolymer/siRNA Nanoparticles Targeting the Signal Transducer and Activator of Transcription 5A Disrupts Proliferation of Acute Lymphoblastic Leukemia.,ACS Pharmacol Transl Sci,2024,abstract_metadata_only,derived_annotations_only,2026-06-01T18:20:51+00:00
3851,literature_discovery,https://pubmed.ncbi.nlm.nih.gov/39263399/,39263399,PMC11386170,10.1039/d4na00363b,Efficient siRNA delivery to murine melanoma cells via a novel genipin-based nano-polymer.,Nanoscale Adv,2024,abstract_metadata_only,derived_annotations_only,2026-06-01T18:20:51+00:00
3865,literature_discovery,https://pubmed.ncbi.nlm.nih.gov/39166716/,39166716,,10.1111/jocd.16535,Novel injectable polypeptide nanoparticle encapsulated siRNA targeting TGF-β1 and COX-2 for localized fat reduction I: Preclinical in vitro and animal models.,J Cosmet Dermatol,2024,abstract_metadata_only,derived_annotations_only,2026-06-01T18:20:51+00:00
3866,literature_discovery,https://pubmed.ncbi.nlm.nih.gov/39146787/,39146787,,10.1016/j.intimp.2024.112892,Delivery of SiRNA-PD-L1 by attenuated Salmonella in combination with oxaliplatin in a hepatocellular carcinoma mouse model.,Int Immunopharmacol,2024,abstract_metadata_only,derived_annotations_only,2026-06-01T18:20:51+00:00
3903,literature_discovery,https://pubmed.ncbi.nlm.nih.gov/38672408/,38672408,PMC11048556,10.3390/biom14040390,Synthesis and Validation of TRIFAPYs as a Family of Transfection Agents for Therapeutic Oligonucleotides.,Biomolecules,2024,abstract_metadata_only,derived_annotations_only,2026-06-01T18:20:51+00:00
3912,literature_discovery,https://pubmed.ncbi.nlm.nih.gov/38617800/,38617800,PMC11015852,10.2147/IJN.S443413,Microdroplets Encapsulated with NFATc1-siRNA and Exosomes-Derived from MSCs Onto 3D Porous PLA Scaffold for Regulating Osteoclastogenesis and Promoting Osteogenesis.,Int J Nanomedicine,2024,abstract_metadata_only,derived_annotations_only,2026-06-01T18:20:51+00:00
3913,literature_discovery,https://pubmed.ncbi.nlm.nih.gov/38613388/,38613388,PMC11109979,10.1093/nar/gkae260,Quantifying the activity profile of ASO and siRNA conjugates in glioblastoma xenograft tumors in vivo.,Nucleic Acids Res,2024,abstract_metadata_only,derived_annotations_only,2026-06-01T18:20:51+00:00
3922,literature_discovery,https://pubmed.ncbi.nlm.nih.gov/38554525/,38554525,,10.1016/j.biopha.2024.116506,Construction of aptamer-siRNA chimera and glutamine modified carboxymethyl-β-cyclodextrin nanoparticles for the combination therapy against lung squamous cell carcinoma.,Biomed Pharmacother,2024,abstract_metadata_only,derived_annotations_only,2026-06-01T18:20:51+00:00
3950,literature_discovery,https://pubmed.ncbi.nlm.nih.gov/38311577/,38311577,PMC11005685,10.1002/advs.202308345,Identification of Potent siRNA Delivery Peptides Using Computer Modeling.,Adv Sci (Weinh),2024,abstract_metadata_only,derived_annotations_only,2026-06-01T18:20:51+00:00
3957,literature_discovery,https://pubmed.ncbi.nlm.nih.gov/38197438/,38197438,,10.1039/d3nr05738k,Cellular uptake and fate of cationic polymer-coated nanodiamonds delivering siRNA: a mechanistic study.,Nanoscale,2024,abstract_metadata_only,derived_annotations_only,2026-06-01T18:20:51+00:00
3958,literature_discovery,https://pubmed.ncbi.nlm.nih.gov/38192611/,38192611,PMC10772295,10.1016/j.omtn.2023.102088,Single intravitreal administration of a tetravalent siRNA exhibits robust and efficient gene silencing in mouse and pig photoreceptors.,Mol Ther Nucleic Acids,2024,abstract_metadata_only,derived_annotations_only,2026-06-01T18:20:51+00:00
3959,literature_discovery,https://pubmed.ncbi.nlm.nih.gov/38191947/,38191947,,10.1208/s12249-023-02728-z,Development and Characterization of Modified Chitosan Lipopolyplex for an Effective siRNA Delivery.,AAPS PharmSciTech,2024,abstract_metadata_only,derived_annotations_only,2026-06-01T18:20:51+00:00
3960,literature_discovery,https://pubmed.ncbi.nlm.nih.gov/38157582/,38157582,,10.1016/j.bbrc.2023.149397,"Silencing of ocular transthyretin, a gene responsible for hereditary transthyretin amyloidosis, by intravitreal injection of an siRNA conjugate into rabbit eyes.",Biochem Biophys Res Commun,2024,abstract_metadata_only,derived_annotations_only,2026-06-01T18:20:51+00:00
3961,literature_discovery,https://pubmed.ncbi.nlm.nih.gov/38126895/,38126895,PMC7616748,10.1002/smll.202308775,Pulmonary siRNA Delivery with Sophisticated Amphiphilic Poly(Spermine Acrylamides) for the Treatment of Lung Fibrosis.,Small,2024,abstract_metadata_only,derived_annotations_only,2026-06-01T18:20:51+00:00
3970,literature_discovery,https://pubmed.ncbi.nlm.nih.gov/38168301/,38168301,PMC10760232,10.21203/rs.3.rs-3713164/v1,Evaluation of mAb 2C5-modified dendrimer-based micelles for the co-delivery of siRNA and chemotherapeutic drug in xenograft mice model.,Res Sq,2023,abstract_metadata_only,derived_annotations_only,2026-06-01T18:20:51+00:00
3979,literature_discovery,https://pubmed.ncbi.nlm.nih.gov/37925520/,37925520,PMC10625637,10.1038/s41467-023-42714-4,Rational design of a JAK1-selective siRNA inhibitor for the modulation of autoimmunity in the skin.,Nat Commun,2023,abstract_metadata_only,derived_annotations_only,2026-06-01T18:20:51+00:00
4000,literature_discovery,https://pubmed.ncbi.nlm.nih.gov/37290591/,37290591,,10.1016/j.jhep.2023.05.023,Evaluation of RNAi therapeutics VIR-2218 and ALN-HBV for chronic hepatitis B: Results from randomized clinical trials.,J Hepatol,2023,abstract_metadata_only,derived_annotations_only,2026-06-01T18:20:51+00:00
4022,literature_discovery,https://pubmed.ncbi.nlm.nih.gov/37016578/,37016578,PMC10188904,10.1016/j.ymthe.2023.03.036,Red blood cell extracellular vesicles deliver therapeutic siRNAs to skeletal muscles for treatment of cancer cachexia.,Mol Ther,2023,abstract_metadata_only,derived_annotations_only,2026-06-01T18:20:51+00:00
4035,literature_discovery,https://pubmed.ncbi.nlm.nih.gov/36650129/,36650129,PMC9845313,10.1038/s41467-022-35637-z,Ligand-tethered lipid nanoparticles for targeted RNA delivery to treat liver fibrosis.,Nat Commun,2023,abstract_metadata_only,derived_annotations_only,2026-06-01T18:20:51+00:00
4042,literature_discovery,https://pubmed.ncbi.nlm.nih.gov/36513186/,36513186,,10.1016/j.jhep.2022.11.025,"A phase I/II study of ARO-HSD, an RNA interference therapeutic, for the treatment of non-alcoholic steatohepatitis.",J Hepatol,2023,abstract_metadata_only,derived_annotations_only,2026-06-01T18:20:51+00:00
4047,literature_discovery,https://pubmed.ncbi.nlm.nih.gov/36318487/,36318487,,10.1089/nat.2022.0038,Cholesterol-Conjugated siRNA Silencing Tnf for the Treatment of Liver Macrophage-Mediated Acute Inflammation in Nonalcoholic Fatty Liver Disease.,Nucleic Acid Ther,2023,abstract_metadata_only,derived_annotations_only,2026-06-01T18:20:51+00:00
4051,literature_discovery,https://pubmed.ncbi.nlm.nih.gov/36457549/,36457549,PMC9707323,10.2147/IJN.S383862,Combined Self-Assembled iRGD Polymersomes for Effective Targeted siRNA Anti-Tumor Therapy.,Int J Nanomedicine,2022,abstract_metadata_only,derived_annotations_only,2026-06-01T18:20:51+00:00
4056,literature_discovery,https://pubmed.ncbi.nlm.nih.gov/36365241/,36365241,PMC9692777,10.3390/pharmaceutics14112424,A β-Cyclodextrin-Based Nanoparticle with Very High Transfection Efficiency Unveils siRNA-Activated TLR3 Responses in Human Prostate Cancer Cells.,Pharmaceutics,2022,abstract_metadata_only,derived_annotations_only,2026-06-01T18:20:51+00:00
4061,literature_discovery,https://pubmed.ncbi.nlm.nih.gov/36192390/,36192390,PMC9530163,10.1038/s41467-022-33061-x,Chemical engineering of therapeutic siRNAs for allele-specific gene silencing in Huntington's disease models.,Nat Commun,2022,abstract_metadata_only,derived_annotations_only,2026-06-01T18:20:51+00:00
4065,literature_discovery,https://pubmed.ncbi.nlm.nih.gov/36064365/,36064365,PMC9446571,10.1186/s12951-022-01603-6,Hydrogel-metal-organic-framework hybrids mediated efficient oral delivery of siRNA for the treatment of ulcerative colitis.,J Nanobiotechnology,2022,abstract_metadata_only,derived_annotations_only,2026-06-01T18:20:51+00:00
4069,literature_discovery,https://pubmed.ncbi.nlm.nih.gov/35847173/,35847173,PMC9263991,10.1016/j.omtn.2022.06.009,Chemical optimization of siRNA for safe and efficient silencing of placental sFLT1.,Mol Ther Nucleic Acids,2022,abstract_metadata_only,derived_annotations_only,2026-06-01T18:20:51+00:00
4073,literature_discovery,https://pubmed.ncbi.nlm.nih.gov/35745067/,35745067,PMC9228010,10.3390/molecules27123944,Properties of Parallel Tetramolecular G-Quadruplex Carrying N-Acetylgalactosamine as Potential Enhancer for Oligonucleotide Delivery to Hepatocytes.,Molecules,2022,abstract_metadata_only,derived_annotations_only,2026-06-01T18:20:51+00:00
4091,literature_discovery,https://pubmed.ncbi.nlm.nih.gov/35156491/,35156491,PMC8856077,10.1080/10717544.2022.2032874,Hyaluronic acid-modified redox-sensitive hybrid nanocomplex loading with siRNA for non-small-cell lung carcinoma therapy.,Drug Deliv,2022,abstract_metadata_only,derived_annotations_only,2026-06-01T18:20:51+00:00
4092,literature_discovery,https://pubmed.ncbi.nlm.nih.gov/35143189/,35143189,PMC8938942,10.1021/jacs.1c12750,Hairpin-like siRNA-Based Spherical Nucleic Acids.,J Am Chem Soc,2022,abstract_metadata_only,derived_annotations_only,2026-06-01T18:20:51+00:00
4096,literature_discovery,https://pubmed.ncbi.nlm.nih.gov/35037525/,35037525,PMC8765274,10.1080/10717544.2022.2026532,Utilizing RNA nanotechnology to construct negatively charged and ultrasound-responsive nanodroplets for targeted delivery of siRNA.,Drug Deliv,2022,abstract_metadata_only,derived_annotations_only,2026-06-01T18:20:51+00:00
4105,literature_discovery,https://pubmed.ncbi.nlm.nih.gov/34382360/,34382360,PMC11468224,10.1002/adhm.202101202,Functional siRNA Delivery by Extracellular Vesicle-Liposome Hybrid Nanoparticles.,Adv Healthc Mater,2022,abstract_metadata_only,derived_annotations_only,2026-06-01T18:20:51+00:00
4106,literature_discovery,https://pubmed.ncbi.nlm.nih.gov/34959463/,34959463,PMC8703291,10.3390/pharmaceutics13122182,Non-Cationic RGD-Containing Protein Nanocarrier for Tumor-Targeted siRNA Delivery.,Pharmaceutics,2021,abstract_metadata_only,derived_annotations_only,2026-06-01T18:20:51+00:00
4112,literature_discovery,https://pubmed.ncbi.nlm.nih.gov/34841414/,34841414,PMC8611673,10.1021/jacsau.1c00327,Deep Learning Enables Discovery of a Short Nuclear Targeting Peptide for Efficient Delivery of Antisense Oligomers.,JACS Au,2021,abstract_metadata_only,derived_annotations_only,2026-06-01T18:20:51+00:00
4114,literature_discovery,https://pubmed.ncbi.nlm.nih.gov/34684009/,34684009,PMC8539707,10.3390/pharmaceutics13101716,Chitosan Oleate Coated PLGA Nanoparticles as siRNA Drug Delivery System.,Pharmaceutics,2021,abstract_metadata_only,derived_annotations_only,2026-06-01T18:20:51+00:00
4126,literature_discovery,https://pubmed.ncbi.nlm.nih.gov/34437914/,34437914,,10.1016/j.jconrel.2021.08.039,TNFα siRNA delivery by nanoparticles and photochemical internalization for psoriasis topical therapy.,J Control Release,2021,abstract_metadata_only,derived_annotations_only,2026-06-01T18:20:51+00:00
4145,literature_discovery,https://pubmed.ncbi.nlm.nih.gov/33952251/,33952251,PMC8097905,10.1186/s12951-021-00869-6,Sustained delivery of MMP-9 siRNA via thermosensitive hydrogel accelerates diabetic wound healing.,J Nanobiotechnology,2021,abstract_metadata_only,derived_annotations_only,2026-06-01T18:20:51+00:00
4163,literature_discovery,https://pubmed.ncbi.nlm.nih.gov/33577685/,33577685,PMC7969009,10.1093/nar/gkab050,siRNAs containing 2'-fluorinated Northern-methanocarbacyclic (2'-F-NMC) nucleotides: in vitro and in vivo RNAi activity and inability of mitochondrial polymerases to incorporate 2'-F-NMC NTPs.,Nucleic Acids Res,2021,abstract_metadata_only,derived_annotations_only,2026-06-01T18:20:51+00:00
4173,literature_discovery,https://pubmed.ncbi.nlm.nih.gov/33068777/,33068777,PMC7854280,10.1016/j.ymthe.2020.10.010,DUX4 Transcript Knockdown with Antisense 2'-O-Methoxyethyl Gapmers for the Treatment of Facioscapulohumeral Muscular Dystrophy.,Mol Ther,2021,abstract_metadata_only,derived_annotations_only,2026-06-01T18:20:51+00:00
4197,literature_discovery,https://pubmed.ncbi.nlm.nih.gov/32059541/,32059541,PMC7072202,10.3390/biom10020285,Silencing of STAT3 via Peptidomimetic LNP-Mediated Systemic Delivery of RNAi Downregulates PD-L1 and Inhibits Melanoma Growth.,Biomolecules,2020,abstract_metadata_only,derived_annotations_only,2026-06-01T18:20:51+00:00
4207,literature_discovery,https://pubmed.ncbi.nlm.nih.gov/31676815/,31676815,PMC6825139,10.1038/s41598-019-52142-4,Therapeutic potential of functionalized siRNA nanoparticles on regression of liver cancer in experimental mice.,Sci Rep,2019,abstract_metadata_only,derived_annotations_only,2026-06-01T18:20:51+00:00
4212,literature_discovery,https://pubmed.ncbi.nlm.nih.gov/31479430/,31479430,PMC6819114,10.1172/JCI128205,Peptide-conjugated oligonucleotides evoke long-lasting myotonic dystrophy correction in patient-derived cells and mice.,J Clin Invest,2019,abstract_metadata_only,derived_annotations_only,2026-06-01T18:20:51+00:00
4213,literature_discovery,https://pubmed.ncbi.nlm.nih.gov/31375812/,31375812,PMC6879195,10.1038/s41587-019-0205-0,A divalent siRNA chemical scaffold for potent and sustained modulation of gene expression throughout the central nervous system.,Nat Biotechnol,2019,abstract_metadata_only,derived_annotations_only,2026-06-01T18:20:51+00:00
4216,literature_discovery,https://pubmed.ncbi.nlm.nih.gov/30765435/,30765435,,10.2337/dc18-1343,Antisense Inhibition of Glucagon Receptor by IONIS-GCGR(Rx) Improves Type 2 Diabetes Without Increase in Hepatic Glycogen Content in Patients With Type 2 Diabetes on Stable Metformin Therapy.,Diabetes Care,2019,abstract_metadata_only,derived_annotations_only,2026-06-01T18:20:51+00:00
4227,literature_discovery,https://pubmed.ncbi.nlm.nih.gov/29250742/,29250742,,10.1007/s10637-017-0553-x,"A randomized phase 2 study of a HSP27 targeting antisense, apatorsen with prednisone versus prednisone alone, in patients with metastatic castration resistant prostate cancer.",Invest New Drugs,2018,abstract_metadata_only,derived_annotations_only,2026-06-01T18:20:51+00:00
4230,literature_discovery,https://pubmed.ncbi.nlm.nih.gov/29246303/,29246303,PMC5675723,10.1016/j.omtn.2017.10.003,Site-Specific Modification Using the 2'-Methoxyethyl Group Improves the Specificity and Activity of siRNAs.,Mol Ther Nucleic Acids,2017,abstract_metadata_only,derived_annotations_only,2026-06-01T18:20:51+00:00
4234,literature_discovery,https://pubmed.ncbi.nlm.nih.gov/28633548/,28633548,PMC8241187,10.1080/10717544.2017.1337827,Polyquaternium-mediated delivery of morpholino oligonucleotides for exon-skipping in vitro and in mdx mice.,Drug Deliv,2017,abstract_metadata_only,derived_annotations_only,2026-06-01T18:20:51+00:00
4239,literature_discovery,https://pubmed.ncbi.nlm.nih.gov/27327137/,27327137,PMC5022129,10.1038/mtna.2016.36,Pharmacokinetics and Pharmacodynamics of a 13-mer LNA-inhibitor-miR-221 in Mice and Non-human Primates.,Mol Ther Nucleic Acids,2016,abstract_metadata_only,derived_annotations_only,2026-06-01T18:20:51+00:00
4241,literature_discovery,https://pubmed.ncbi.nlm.nih.gov/26964641/,26964641,PMC4793046,10.1038/ncomms10981,Hexose enhances oligonucleotide delivery and exon skipping in dystrophin-deficient mdx mice.,Nat Commun,2016,abstract_metadata_only,derived_annotations_only,2026-06-01T18:20:51+00:00
4246,literature_discovery,https://pubmed.ncbi.nlm.nih.gov/26134311/,26134311,PMC4598944,10.1039/c5nr01665g,Dendritic nanoconjugates for intracellular delivery of neutral oligonucleotides.,Nanoscale,2015,abstract_metadata_only,derived_annotations_only,2026-06-01T18:20:51+00:00
4253,literature_discovery,https://pubmed.ncbi.nlm.nih.gov/25434769/,25434769,,10.1021/ja505986a,Multivalent N-acetylgalactosamine-conjugated siRNA localizes in hepatocytes and elicits robust RNAi-mediated gene silencing.,J Am Chem Soc,2014,abstract_metadata_only,derived_annotations_only,2026-06-01T18:20:51+00:00
4256,literature_discovery,https://pubmed.ncbi.nlm.nih.gov/24586944/,24586944,PMC3931823,10.1371/journal.pone.0089659,In vitro and in vivo activity of a novel locked nucleic acid (LNA)-inhibitor-miR-221 against multiple myeloma cells.,PLoS One,2014,abstract_metadata_only,derived_annotations_only,2026-06-01T18:20:51+00:00
4257,literature_discovery,https://pubmed.ncbi.nlm.nih.gov/24511611/,24511611,,,The systemic administration of an anti-miRNA oligonucleotide encapsulated pH-sensitive liposome results in reduced level of hepatic microRNA-122 in mice.,J Control Release,2014,abstract_metadata_only,derived_annotations_only,2026-06-01T18:20:51+00:00
4259,literature_discovery,https://pubmed.ncbi.nlm.nih.gov/24405395/,24405395,PMC4028087,10.1089/hum.2013.156,Evaluation of Tris[2-(acryloyloxy)ethyl]isocyanurate cross-linked polyethylenimine as antisense morpholino oligomer delivery vehicle in cell culture and dystrophic mdx mice.,Hum Gene Ther,2014,abstract_metadata_only,derived_annotations_only,2026-06-01T18:20:51+00:00
4261,literature_discovery,https://pubmed.ncbi.nlm.nih.gov/24308267/,24308267,PMC3908873,10.1021/nn4053827,Cell surface self-assembly of hybrid nanoconjugates via oligonucleotide hybridization induces apoptosis.,ACS Nano,2014,abstract_metadata_only,derived_annotations_only,2026-06-01T18:20:51+00:00
4262,literature_discovery,https://pubmed.ncbi.nlm.nih.gov/24065781/,24065781,,10.1093/intimm/dxt040,Chemical modifications on siRNAs avoid Toll-like-receptor-mediated activation of the hepatic immune system in vivo and in vitro.,Int Immunol,2014,abstract_metadata_only,derived_annotations_only,2026-06-01T18:20:51+00:00
4268,literature_discovery,https://pubmed.ncbi.nlm.nih.gov/23876758/,23876758,PMC3810404,10.1016/j.biomaterials.2013.06.066,Albumin-based nanoconjugates for targeted delivery of therapeutic oligonucleotides.,Biomaterials,2013,abstract_metadata_only,derived_annotations_only,2026-06-01T18:20:51+00:00
4277,literature_discovery,https://pubmed.ncbi.nlm.nih.gov/22505629/,22505629,,10.1124/jpet.112.193789,Unique O-methoxyethyl ribose-DNA chimeric oligonucleotide induces an atypical melanoma differentiation-associated gene 5-dependent induction of type I interferon response.,J Pharmacol Exp Ther,2012,abstract_metadata_only,derived_annotations_only,2026-06-01T18:20:51+00:00
4279,literature_discovery,https://pubmed.ncbi.nlm.nih.gov/22246038/,22246038,,10.1182/blood-2011-10-387134,Antisense inhibition of coagulation factor XI prolongs APTT without increased bleeding risk in cynomolgus monkeys.,Blood,2012,abstract_metadata_only,derived_annotations_only,2026-06-01T18:20:51+00:00
4288,literature_discovery,https://pubmed.ncbi.nlm.nih.gov/20886816/,20886816,PMC2993159,10.1021/ja105875e,An exocyclic methylene group acts as a bioisostere of the 2'-oxygen atom in LNA.,J Am Chem Soc,2010,abstract_metadata_only,derived_annotations_only,2026-06-01T18:20:51+00:00
4516,literature_discovery,https://pubmed.ncbi.nlm.nih.gov/42173110/,42173110,,10.1016/S2468-1253(26)00058-0,"The small interfering RNA imdusiran as single and multiple doses in healthy, randomised individuals and non-randomised individuals with chronic hepatitis B (AB-729-001): a phase 1a/b trial.",Lancet Gastroenterol Hepatol,2026,abstract_metadata_only,derived_annotations_only,2026-06-01T18:20:51+00:00
4532,literature_discovery,https://pubmed.ncbi.nlm.nih.gov/42170556/,42170556,PMC13187621,10.1016/j.ijpx.2026.100555,Nanomedicines for DNA and interference RNA co-delivery: Combined gene therapy for Fabry disease.,Int J Pharm X,2026,abstract_metadata_only,derived_annotations_only,2026-06-01T18:20:51+00:00
4787,literature_discovery,https://pubmed.ncbi.nlm.nih.gov/42108271/,42108271,,10.1038/s41591-026-04408-4,The microRNA inhibitor CDR132L in patients with reduced left ventricular ejection fraction after myocardial infarction: a randomized phase 2 trial.,Nat Med,2026,abstract_metadata_only,derived_annotations_only,2026-06-01T18:20:51+00:00
4844,literature_discovery,https://pubmed.ncbi.nlm.nih.gov/42093739/,42093739,PMC13141635,10.1016/j.mtbio.2026.103116,Nanocarriers engineering for efficient NSUN2 silencing and immune responsive therapy in metastatic colorectal cancer.,Mater Today Bio,2026,abstract_metadata_only,derived_annotations_only,2026-06-01T18:20:51+00:00
5189,literature_discovery,https://pubmed.ncbi.nlm.nih.gov/42007960/,42007960,,10.1002/smll.202512276,Smart Nanodelivery for Eye-Brain Disorders: Synergistic CCL2 Neutralization and MMP9 Silencing Reverse Anxiety in High Myopia.,Small,2026,abstract_metadata_only,derived_annotations_only,2026-06-01T18:20:51+00:00
5375,literature_discovery,https://pubmed.ncbi.nlm.nih.gov/41961051/,41961051,PMC13154584,10.57264/cer-2025-0108,"Advancements from the EVOLVE study for assessing real-world experience with eteplirsen, golodirsen and casimersen for the treatment of DMD.",J Comp Eff Res,2026,abstract_metadata_only,derived_annotations_only,2026-06-01T18:20:51+00:00
5621,literature_discovery,https://pubmed.ncbi.nlm.nih.gov/41897327/,41897327,PMC13024069,10.3390/biom16030393,Selective Silencing of TDP-43 P. G376D Mutation Reverses Key Amyotrophic Lateral Sclerosis-Related Cellular Deficits.,Biomolecules,2026,abstract_metadata_only,derived_annotations_only,2026-06-01T18:20:51+00:00
5624,literature_discovery,https://pubmed.ncbi.nlm.nih.gov/41896932/,41896932,PMC13151111,10.1186/s12951-026-04311-7,Overcoming lysosomal barrier via V-ATPase: an exosome-based co-delivery platform for combined chemo/RNAi therapy against breast cancer.,J Nanobiotechnology,2026,abstract_metadata_only,derived_annotations_only,2026-06-01T18:20:51+00:00
6205,literature_discovery,https://pubmed.ncbi.nlm.nih.gov/41732388/,41732388,PMC12925212,10.1016/j.mtbio.2026.102877,Targeting FN1 to overcome gemcitabine resistance in gallbladder cancer: Mechanistic insights and an iRGD-modified PEG-PLGA nanoparticle delivery strategy.,Mater Today Bio,2026,abstract_metadata_only,derived_annotations_only,2026-06-01T18:20:51+00:00
6238,literature_discovery,https://pubmed.ncbi.nlm.nih.gov/41716677/,41716677,PMC12914854,10.1016/j.bioactmat.2026.02.009,Spatiotemporal reprogramming of cardiac lipid metabolism by platelet-engineered RNA therapy epigenetically modulate heart repair and regeneration.,Bioact Mater,2026,abstract_metadata_only,derived_annotations_only,2026-06-01T18:20:51+00:00
6390,literature_discovery,https://pubmed.ncbi.nlm.nih.gov/41661214/,41661214,PMC12723595,10.1001/jamaneurol.2025.4946,Long-Term Tofersen in SOD1 Amyotrophic Lateral Sclerosis.,JAMA Neurol,2026,abstract_metadata_only,derived_annotations_only,2026-06-01T18:20:51+00:00
6475,literature_discovery,https://pubmed.ncbi.nlm.nih.gov/41630990/,41630990,PMC12860987,10.1016/j.omtn.2026.102834,Improving angiogenesis ameliorates the efficacy of ASO-based exon skipping for the treatment of Duchenne muscular dystrophy.,Mol Ther Nucleic Acids,2026,abstract_metadata_only,derived_annotations_only,2026-06-01T18:20:51+00:00
6668,literature_discovery,https://pubmed.ncbi.nlm.nih.gov/41565615/,41565615,PMC12824223,10.1038/s41467-025-66486-1,SNORA49 negatively regulates self-renewal of liver cancer stem cells and hepatocarcinogenesis via suppressing SOX9 transcription.,Nat Commun,2026,abstract_metadata_only,derived_annotations_only,2026-06-01T18:20:51+00:00
6682,literature_discovery,https://pubmed.ncbi.nlm.nih.gov/41560791/,41560791,PMC12813177,10.1016/j.mtbio.2025.102734,Spatiotemporal delivery of multifunctional nanozymes for neuroinflammation alleviation via autophagy modulation in spinal cord injury.,Mater Today Bio,2026,abstract_metadata_only,derived_annotations_only,2026-06-01T18:20:51+00:00
6684,literature_discovery,https://pubmed.ncbi.nlm.nih.gov/41560785/,41560785,PMC12813121,10.1016/j.mtbio.2025.102631,Interferon-stimulated gene 15 small interfering RNA-loaded polarized mesoporous silica nanocarriers remodel the immune microenvironment to ameliorate post-myocardial infarction heart failure.,Mater Today Bio,2026,abstract_metadata_only,derived_annotations_only,2026-06-01T18:20:51+00:00
6833,literature_discovery,https://pubmed.ncbi.nlm.nih.gov/41500988/,41500988,PMC12780282,10.1038/s41467-025-66788-4,Tumor agnostic drug delivery with dynamic nanohydrogels.,Nat Commun,2026,abstract_metadata_only,derived_annotations_only,2026-06-01T18:20:51+00:00
7065,literature_discovery,https://pubmed.ncbi.nlm.nih.gov/41334811/,41334811,PMC12801319,10.1021/acs.biomac.5c01202,Hydrolytically Stable Cationic Bis-MPA Dendrimers as Efficient Transfectants for Glioblastoma Cells and Primary Astrocytes.,Biomacromolecules,2026,abstract_metadata_only,derived_annotations_only,2026-06-01T18:20:51+00:00
7129,literature_discovery,https://pubmed.ncbi.nlm.nih.gov/41270206/,41270206,PMC12866702,10.1002/advs.202515052,Spatiotemporally Controlled Tumor Photodynamic/Immunotherapy Therapy Based on Upconversion Hybrid Nanosystem.,Adv Sci (Weinh),2026,abstract_metadata_only,derived_annotations_only,2026-06-01T18:20:51+00:00
7173,literature_discovery,https://pubmed.ncbi.nlm.nih.gov/41211918/,41211918,,10.1056/NEJMoa2512761,Olezarsen for Managing Severe Hypertriglyceridemia and Pancreatitis Risk.,N Engl J Med,2026,abstract_metadata_only,derived_annotations_only,2026-06-01T18:20:51+00:00
7336,literature_discovery,https://pubmed.ncbi.nlm.nih.gov/40762902/,40762902,PMC12893402,10.1007/s13346-025-01920-x,Genetically bio-engineered PD-L1 targeted exosomes for immunotherapy of resistant triple negative breast cancer.,Drug Deliv Transl Res,2026,abstract_metadata_only,derived_annotations_only,2026-06-01T18:20:51+00:00
7559,literature_discovery,https://pubmed.ncbi.nlm.nih.gov/41392621/,41392621,PMC12754758,10.1021/acsami.5c15253,"Modular Design of Mesoporous Silica Nanoparticles Enables Bioimaging, Dual Chemotherapy, and Combinatorial Gene Silencing in Triple-Negative Breast Cancer.",ACS Appl Mater Interfaces,2025,abstract_metadata_only,derived_annotations_only,2026-06-01T18:20:51+00:00
7632,literature_discovery,https://pubmed.ncbi.nlm.nih.gov/41337773/,41337773,,,Real-Time Ultrasound-Guided Intrathecal Delivery of Nusinersen in Adult Patients With Spinal Muscular Atrophy and Complex Spinal Anatomy.,Pain Physician,2025,abstract_metadata_only,derived_annotations_only,2026-06-01T18:20:51+00:00
7646,literature_discovery,https://pubmed.ncbi.nlm.nih.gov/41323796/,41323796,PMC12663631,10.1016/j.omtn.2025.102757,SCAD: A modular platform for efficient delivery of duplex RNA to the CNS and beyond.,Mol Ther Nucleic Acids,2025,abstract_metadata_only,derived_annotations_only,2026-06-01T18:20:51+00:00
7717,literature_discovery,https://pubmed.ncbi.nlm.nih.gov/41290746/,41290746,PMC12749358,10.1038/s41467-025-66630-x,Silencing PCSK9 reshapes the spatiotemporal activation of STING for safe and effective cancer immunotherapy.,Nat Commun,2025,abstract_metadata_only,derived_annotations_only,2026-06-01T18:20:51+00:00
7835,literature_discovery,https://pubmed.ncbi.nlm.nih.gov/41226635/,41226635,PMC12607363,10.3390/ijms262110582,Anti-Angiogenic RNAi-Based Treatment of Endometriosis in a Rat Model Using CXCR4-Targeted Peptide Nanoparticles.,Int J Mol Sci,2025,abstract_metadata_only,derived_annotations_only,2026-06-01T18:20:51+00:00
7859,literature_discovery,https://pubmed.ncbi.nlm.nih.gov/41214041/,41214041,PMC12603185,10.1038/s41598-025-22922-2,LINC02178 drives lung adenocarcinoma progression and serves as a therapeutic target for nanodelivery-based intervention.,Sci Rep,2025,abstract_metadata_only,derived_annotations_only,2026-06-01T18:20:51+00:00
8005,literature_discovery,https://pubmed.ncbi.nlm.nih.gov/41135032/,41135032,PMC12614338,10.1200/JCO-25-01369,US Food and Drug Administration Approval Summary: Imetelstat for Selected Patients With Low- to Intermediate-1 Risk Myelodysplastic Syndromes With Transfusion-Dependent Anemia.,J Clin Oncol,2025,abstract_metadata_only,derived_annotations_only,2026-06-01T18:20:51+00:00
8330,literature_discovery,https://pubmed.ncbi.nlm.nih.gov/40970667/,40970667,PMC12453064,10.1167/iovs.66.12.46,Exon Skipping Therapy Restores Ciliary Function in USH2A-Related Retinal Degeneration.,Invest Ophthalmol Vis Sci,2025,abstract_metadata_only,derived_annotations_only,2026-06-01T18:20:51+00:00
8415,literature_discovery,https://pubmed.ncbi.nlm.nih.gov/40928446/,40928446,PMC12790151,10.1016/j.jacbts.2025.101364,Small Interfering RNA Therapy Targeting the Long Noncoding RNA SMILR for Therapeutic Intervention in Coronary Artery Bypass Graft Failure.,JACC Basic Transl Sci,2025,abstract_metadata_only,derived_annotations_only,2026-06-01T18:20:51+00:00
8490,literature_discovery,https://pubmed.ncbi.nlm.nih.gov/40896585/,40896585,PMC12396431,10.1016/j.omtn.2025.102644,RNAi delivery mediated by milk extracellular vesicles in colon cancer.,Mol Ther Nucleic Acids,2025,abstract_metadata_only,derived_annotations_only,2026-06-01T18:20:51+00:00
8508,literature_discovery,https://pubmed.ncbi.nlm.nih.gov/40885724/,40885724,PMC12398490,10.1038/s41467-025-63415-0,Modulating tumor collagen fiber alignment for enhanced lung cancer immunotherapy via inhaled RNA.,Nat Commun,2025,abstract_metadata_only,derived_annotations_only,2026-06-01T18:20:51+00:00
8595,literature_discovery,https://pubmed.ncbi.nlm.nih.gov/40852577/,40852577,PMC12369976,10.1002/adfm.202508122,Reconfigurable Nucleic Acid Nanoparticles with Therapeutic RNAi Responses to Intracellular Disease Markers.,Adv Funct Mater,2025,abstract_metadata_only,derived_annotations_only,2026-06-01T18:20:51+00:00
8603,literature_discovery,https://pubmed.ncbi.nlm.nih.gov/40848064/,40848064,PMC12374930,10.1007/s00262-025-04148-3,"Heat up, silence on: IDO1 gene silencing in THP-1-derived dendritic cells triggered by magnetic hyperthermia.",Cancer Immunol Immunother,2025,abstract_metadata_only,derived_annotations_only,2026-06-01T18:20:51+00:00
8812,literature_discovery,https://pubmed.ncbi.nlm.nih.gov/40735483/,40735483,PMC12303805,10.3389/fphar.2025.1554631,Systemic evaluation of inclisiran on the risk of new-onset diabetes and hyperglycemia compared to evolocumab and atorvastatin.,Front Pharmacol,2025,abstract_metadata_only,derived_annotations_only,2026-06-01T18:20:51+00:00
9006,literature_discovery,https://pubmed.ncbi.nlm.nih.gov/40654369/,40654369,PMC12254698,10.1016/j.apsb.2025.03.015,Silencing PTPN2 with nanoparticle-delivered small interfering RNA remodels tumor microenvironment to sensitize immunotherapy in hepatocellular carcinoma.,Acta Pharm Sin B,2025,abstract_metadata_only,derived_annotations_only,2026-06-01T18:20:51+00:00
9021,literature_discovery,https://pubmed.ncbi.nlm.nih.gov/40645721/,40645721,PMC12441398,10.1016/j.jaccas.2025.103897,Treatment With Inclisiran During Peritoneal Dialysis.,JACC Case Rep,2025,abstract_metadata_only,derived_annotations_only,2026-06-01T18:20:51+00:00
9102,literature_discovery,https://pubmed.ncbi.nlm.nih.gov/40608957/,40608957,PMC12677909,10.1093/brain/awaf249,Exon skipping peptide-conjugated morpholinos downregulate dynamin 2 to rescue centronuclear myopathy.,Brain,2025,abstract_metadata_only,derived_annotations_only,2026-06-01T18:20:51+00:00
9180,literature_discovery,https://pubmed.ncbi.nlm.nih.gov/40574101/,40574101,PMC12196915,10.3390/pharmaceutics17060789,Intravenous Administration of sRNA Nanoparticles for Treatment of Osteoporosis in Mice.,Pharmaceutics,2025,abstract_metadata_only,derived_annotations_only,2026-06-01T18:20:51+00:00
9274,literature_discovery,https://pubmed.ncbi.nlm.nih.gov/40528841/,40528841,PMC12173670,10.1016/j.mtbio.2025.101917,Thermosensitive hydrogel composite with si-Cx43 nanoparticles and anti-VEGF agent for synergistic treatment of diabetic retinopathy.,Mater Today Bio,2025,abstract_metadata_only,derived_annotations_only,2026-06-01T18:20:51+00:00
9324,literature_discovery,https://pubmed.ncbi.nlm.nih.gov/40503175/,40503175,PMC12156227,10.1016/j.omtn.2025.102567,Targeting CIDEB alleviates liver steatosis and fibrosis in mouse MASH models.,Mol Ther Nucleic Acids,2025,abstract_metadata_only,derived_annotations_only,2026-06-01T18:20:51+00:00
9397,literature_discovery,https://pubmed.ncbi.nlm.nih.gov/40464222/,40464222,PMC12134771,10.1002/jcsm.13831,Novel Aptamers Targeting Sclerostin Loop3 Improve Skeletal and Muscle Properties Without Adverse Cardiovascular Effects in Orchiectomized Mice.,J Cachexia Sarcopenia Muscle,2025,abstract_metadata_only,derived_annotations_only,2026-06-01T18:20:51+00:00
9437,literature_discovery,https://pubmed.ncbi.nlm.nih.gov/40444266/,40444266,PMC12120247,10.34133/bmr.0209,Reactive Oxygen Species-Responsive Ferrocene Nanoparticles Delivering Small Interfering RNA Targeting NOP2/Sun RNA Methyltransferase Family Member 2 for Gastric Cancer Therapy.,Biomater Res,2025,abstract_metadata_only,derived_annotations_only,2026-06-01T18:20:51+00:00
9471,literature_discovery,https://pubmed.ncbi.nlm.nih.gov/40427146/,40427146,PMC12109797,10.3390/cancers17101648,Exosome Enveloped by Nano Lipid Particle a New Model for Signal Transducer and Activator of Transcription 3 Silencer Ribonucleic Acid Delivery System to a Glioblastoma Mice Model.,Cancers (Basel),2025,abstract_metadata_only,derived_annotations_only,2026-06-01T18:20:51+00:00
9560,literature_discovery,https://pubmed.ncbi.nlm.nih.gov/40368879/,40368879,PMC12078682,10.1038/s41467-025-59494-8,DG9 boosts PMO nuclear uptake and exon skipping to restore dystrophic muscle and cardiac function.,Nat Commun,2025,abstract_metadata_only,derived_annotations_only,2026-06-01T18:20:51+00:00
9646,literature_discovery,https://pubmed.ncbi.nlm.nih.gov/40308203/,40308203,PMC12303760,10.1161/CIRCULATIONAHA.124.072411,CD206(+)IL-4Rα(+) Macrophages Are Drivers of Adverse Cardiac Remodeling in Ischemic Cardiomyopathy.,Circulation,2025,abstract_metadata_only,derived_annotations_only,2026-06-01T18:20:51+00:00
9647,literature_discovery,https://pubmed.ncbi.nlm.nih.gov/40306578/,40306578,,10.1016/j.jconrel.2025.113791,Gemcitabine and miRNA34a mimic codelivery with magnetic nanoparticles enhanced anti-tumor effect against pancreatic cancer.,J Control Release,2025,abstract_metadata_only,derived_annotations_only,2026-06-01T18:20:51+00:00
9651,literature_discovery,https://pubmed.ncbi.nlm.nih.gov/40305283/,40305283,PMC12024947,10.3390/biom15040537,A pH-Responsive Dendritic-DNA-Based Nanohydrogel for Dual Drug Delivery.,Biomolecules,2025,abstract_metadata_only,derived_annotations_only,2026-06-01T18:20:51+00:00
9662,literature_discovery,https://pubmed.ncbi.nlm.nih.gov/40297405/,40297405,PMC12036690,10.2147/IJN.S514375,ROS-Responsive Biomimetic Nanocomplexes of Liposomes and Macrophage-Derived Exosomes for Combination Breast Cancer Therapy.,Int J Nanomedicine,2025,abstract_metadata_only,derived_annotations_only,2026-06-01T18:20:51+00:00
9750,literature_discovery,https://pubmed.ncbi.nlm.nih.gov/40236812/,40236812,PMC11999372,10.1016/j.mtbio.2025.101718,Bundling gold nanorods with RCA-produced DNA tape into an intelligently reconfigurable nanocluster bomb for multimodal precision cancer therapy.,Mater Today Bio,2025,abstract_metadata_only,derived_annotations_only,2026-06-01T18:20:51+00:00
9792,literature_discovery,https://pubmed.ncbi.nlm.nih.gov/40207309/,40207309,PMC11980806,10.2147/IJN.S501561,Si-ITGA6-Loaded Liposomes Inhibit Capsule Fibrosis via the FAK/PI3K/Akt Signaling Pathway in Adhesive Capsulitis of Shoulder.,Int J Nanomedicine,2025,abstract_metadata_only,derived_annotations_only,2026-06-01T18:20:51+00:00
9875,literature_discovery,https://pubmed.ncbi.nlm.nih.gov/40147647/,40147647,,10.1016/j.ijbiomac.2025.142492,Overcoming chemoresistance in acute myeloid leukemia via co-delivery of siGLUT1 and hydroxycamptothecin using hyaluronic acid-conjugated nanocarriers.,Int J Biol Macromol,2025,abstract_metadata_only,derived_annotations_only,2026-06-01T18:20:51+00:00
9881,literature_discovery,https://pubmed.ncbi.nlm.nih.gov/40142497/,40142497,PMC11946339,10.3390/microorganisms13030604,In Vitro Transcribed Artificial Primary MicroRNA for the Inhibition of Hepatitis B Virus Gene Expression in Cultured Cells.,Microorganisms,2025,abstract_metadata_only,derived_annotations_only,2026-06-01T18:20:51+00:00
9935,literature_discovery,https://pubmed.ncbi.nlm.nih.gov/40084851/,40084851,PMC12132915,10.1002/cmdc.202400885,Enhancing WRAP-Based Nanoparticles for Small Interfering Ribonucleic Acid Delivery in pH-Sensitive Environments.,ChemMedChem,2025,abstract_metadata_only,derived_annotations_only,2026-06-01T18:20:51+00:00
9951,literature_discovery,https://pubmed.ncbi.nlm.nih.gov/40073943/,40073943,,10.1016/j.jconrel.2025.113624,A Mannosylated peptidyl lipid CManDA doped into cytidinyl/cationic lipids efficiently delivers siG12Ss to lung cancer in vivo.,J Control Release,2025,abstract_metadata_only,derived_annotations_only,2026-06-01T18:20:51+00:00
9961,literature_discovery,https://pubmed.ncbi.nlm.nih.gov/40064874/,40064874,PMC11893799,10.1038/s41467-025-57488-0,Berberine-inspired ionizable lipid for self-structure stabilization and brain targeting delivery of nucleic acid therapeutics.,Nat Commun,2025,abstract_metadata_only,derived_annotations_only,2026-06-01T18:20:51+00:00
9966,literature_discovery,https://pubmed.ncbi.nlm.nih.gov/40060931/,40060931,PMC11889396,10.1016/j.omtn.2025.102479,Potential ASO-based personalized treatment for Charcot-Marie-Tooth disease type 2S.,Mol Ther Nucleic Acids,2025,abstract_metadata_only,derived_annotations_only,2026-06-01T18:20:51+00:00
10025,literature_discovery,https://pubmed.ncbi.nlm.nih.gov/40024534/,40024534,PMC12022666,10.1016/j.jcmgh.2025.101485,Therapeutic Potential of STE20-Type Kinase STK25 Inhibition for the Prevention and Treatment of Metabolically Induced Hepatocellular Carcinoma.,Cell Mol Gastroenterol Hepatol,2025,abstract_metadata_only,derived_annotations_only,2026-06-01T18:20:51+00:00
10126,literature_discovery,https://pubmed.ncbi.nlm.nih.gov/39950874/,39950874,PMC11967816,10.1002/advs.202415169,Nanodot-Inspired Precise Bacterial Gene Suppression in a Smart Hydrogel Bandage for Underwater Wound Healing.,Adv Sci (Weinh),2025,abstract_metadata_only,derived_annotations_only,2026-06-01T18:20:51+00:00
10132,literature_discovery,https://pubmed.ncbi.nlm.nih.gov/39946362/,39946362,PMC11825018,10.1371/journal.pone.0317559,"Multifunctional molecular hybrid for targeted colorectal cancer cells: Integrating doxorubicin, AS1411 aptamer, and T9/U4 ASO.",PLoS One,2025,abstract_metadata_only,derived_annotations_only,2026-06-01T18:20:51+00:00
10207,literature_discovery,https://pubmed.ncbi.nlm.nih.gov/39875734/,39875734,PMC12031765,10.1007/s00467-025-06675-8,"Nedosiran in pediatric patients with PH1 and relatively preserved kidney function, a phase 2 study (PHYOX8).",Pediatr Nephrol,2025,abstract_metadata_only,derived_annotations_only,2026-06-01T18:20:51+00:00
10245,literature_discovery,https://pubmed.ncbi.nlm.nih.gov/39838063/,39838063,PMC11751084,10.1038/s43856-024-00712-7,Preclinical assessment of splicing modulation therapy for ABCA4 variant c.768G>T in Stargardt disease.,Commun Med (Lond),2025,abstract_metadata_only,derived_annotations_only,2026-06-01T18:20:51+00:00
10466,literature_discovery,https://pubmed.ncbi.nlm.nih.gov/39225259/,39225259,,10.1056/NEJMoa2409368,Plozasiran for Managing Persistent Chylomicronemia and Pancreatitis Risk.,N Engl J Med,2025,abstract_metadata_only,derived_annotations_only,2026-06-01T18:20:51+00:00
10468,literature_discovery,https://pubmed.ncbi.nlm.nih.gov/39214467/,39214467,,10.1016/j.jhep.2024.08.010,Sequential Peg-IFN after bepirovirsen may reduce post-treatment relapse in chronic hepatitis B.,J Hepatol,2025,abstract_metadata_only,derived_annotations_only,2026-06-01T18:20:51+00:00
10539,literature_discovery,https://pubmed.ncbi.nlm.nih.gov/39697325/,39697325,PMC11652358,10.3389/fimmu.2024.1501679,Self-delivering RNAi immunotherapeutic PH-762 silences PD-1 to generate local and abscopal antitumor efficacy.,Front Immunol,2024,abstract_metadata_only,derived_annotations_only,2026-06-01T18:20:51+00:00
10547,literature_discovery,https://pubmed.ncbi.nlm.nih.gov/39676860/,39676860,PMC11638040,10.3389/fimmu.2024.1491230,Effective inhibition of dengue virus replication using 3'UTR-targeted Vivo-Morpholinos.,Front Immunol,2024,abstract_metadata_only,derived_annotations_only,2026-06-01T18:20:51+00:00
10550,literature_discovery,https://pubmed.ncbi.nlm.nih.gov/39657238/,39657238,,10.1021/acsami.4c13535,Synergistic Therapy of Metastatic Breast Cancers by Biomimetic Chemotherapeutic Drug-Gene Nanoparticles.,ACS Appl Mater Interfaces,2024,abstract_metadata_only,derived_annotations_only,2026-06-01T18:20:51+00:00
10566,literature_discovery,https://pubmed.ncbi.nlm.nih.gov/39597922/,39597922,PMC11594983,10.3390/jcm13226779,German Real-World Experience of Patients with Diverse Features of Acute Intermittent Porphyria Treated with Givosiran.,J Clin Med,2024,abstract_metadata_only,derived_annotations_only,2026-06-01T18:20:51+00:00
10623,literature_discovery,https://pubmed.ncbi.nlm.nih.gov/39491068/,39491068,,10.1016/j.jcis.2023.10.036,Effect of lipid-polymer hybrid nanoparticles on the biophysical function and lateral structure of pulmonary surfactant: Mechanistic in vitro studies.,J Colloid Interface Sci,2024,abstract_metadata_only,derived_annotations_only,2026-06-01T18:20:51+00:00
10648,literature_discovery,https://pubmed.ncbi.nlm.nih.gov/39458966/,39458966,PMC11509954,10.3390/ph17101325,In Vivo HOXB7 Gene Silencing and Cotreatment with Tamoxifen for Luminal A Breast Cancer Therapy.,Pharmaceuticals (Basel),2024,abstract_metadata_only,derived_annotations_only,2026-06-01T18:20:51+00:00
10686,literature_discovery,https://pubmed.ncbi.nlm.nih.gov/39392531/,39392531,,10.1021/acsabm.4c00923,Therapeutic Suppression of Atherosclerotic Burden and Vulnerability via Dll4 Inhibition in Plaque Macrophages Using Dual-Targeted Liposomes.,ACS Appl Bio Mater,2024,abstract_metadata_only,derived_annotations_only,2026-06-01T18:20:51+00:00
10687,literature_discovery,https://pubmed.ncbi.nlm.nih.gov/39389081/,39389081,,10.1016/S2468-1253(24)00237-1,VIR-2218 (elebsiran) plus pegylated interferon-alfa-2a in participants with chronic hepatitis B virus infection: a phase 2 study.,Lancet Gastroenterol Hepatol,2024,abstract_metadata_only,derived_annotations_only,2026-06-01T18:20:51+00:00
10749,literature_discovery,https://pubmed.ncbi.nlm.nih.gov/39306863/,39306863,,10.1021/acsinfecdis.4c00514,"Control of Hepatitis B Virus with Imdusiran, a Small Interfering RNA Therapeutic.",ACS Infect Dis,2024,abstract_metadata_only,derived_annotations_only,2026-06-01T18:20:51+00:00
10778,literature_discovery,https://pubmed.ncbi.nlm.nih.gov/39252874/,39252874,PMC11382116,10.1016/j.omtn.2024.102289,DNA/RNA heteroduplex technology with cationic oligopeptide reduces class-related adverse effects of nucleic acid drugs.,Mol Ther Nucleic Acids,2024,abstract_metadata_only,derived_annotations_only,2026-06-01T18:20:51+00:00
10888,literature_discovery,https://pubmed.ncbi.nlm.nih.gov/39106627/,39106627,,10.1016/j.ijbiomac.2024.134515,Construction of charge-reversible coordination-crosslinked spherical nucleic acids to deliver dual anti-cancer genes and ferroptosis payloads.,Int J Biol Macromol,2024,abstract_metadata_only,derived_annotations_only,2026-06-01T18:20:51+00:00
10925,literature_discovery,https://pubmed.ncbi.nlm.nih.gov/39064553/,39064553,PMC11278919,10.3390/medicina60071124,"Efficacy of Alirocumab, Evolocumab, and Inclisiran in Patients with Hypercholesterolemia at Increased Cardiovascular Risk.",Medicina (Kaunas),2024,abstract_metadata_only,derived_annotations_only,2026-06-01T18:20:51+00:00
10973,literature_discovery,https://pubmed.ncbi.nlm.nih.gov/38998694/,38998694,PMC11243722,10.3390/nano14131089,Development of Focused Ultrasound-Assisted Nanoplexes for RNA Delivery.,Nanomaterials (Basel),2024,abstract_metadata_only,derived_annotations_only,2026-06-01T18:20:51+00:00
10988,literature_discovery,https://pubmed.ncbi.nlm.nih.gov/38979291/,38979291,PMC11230209,10.1101/2024.06.20.599943,RNAi-mediated silencing of SOD1 profoundly extends survival and functional outcomes in ALS mice.,bioRxiv,2024,abstract_metadata_only,derived_annotations_only,2026-06-01T18:20:51+00:00
11005,literature_discovery,https://pubmed.ncbi.nlm.nih.gov/38963794/,38963794,,10.1021/acsabm.4c00507,Hepatocyte Growth Factor DNA Aptamer for Prevention of Postoperative Peritoneal Adhesion via Enhancement of Fibrinolysis and Inhibition of Mesothelial Mesenchymal Transition.,ACS Appl Bio Mater,2024,abstract_metadata_only,derived_annotations_only,2026-06-01T18:20:51+00:00
11036,literature_discovery,https://pubmed.ncbi.nlm.nih.gov/38921951/,38921951,PMC11206794,10.3390/neurolint16030047,Nusinersen Treatment for Spinal Muscular Atrophy: Retrospective Multicenter Study of Pediatric and Adult Patients in Kuwait.,Neurol Int,2024,abstract_metadata_only,derived_annotations_only,2026-06-01T18:20:51+00:00
11191,literature_discovery,https://pubmed.ncbi.nlm.nih.gov/38741123/,38741123,PMC11089668,10.1186/s12951-024-02505-5,Targeted degradation of oncogenic BCR-ABL by silencing the gene of NEDD8 E3 ligase RAPSYN.,J Nanobiotechnology,2024,abstract_metadata_only,derived_annotations_only,2026-06-01T18:20:51+00:00
11199,literature_discovery,https://pubmed.ncbi.nlm.nih.gov/38722537/,38722537,PMC11213752,10.1007/s12325-024-02852-7,A Post-Marketing Surveillance Study of Nusinersen for Spinal Muscular Atrophy in Routine Medical Practice in China: Interim Results.,Adv Ther,2024,abstract_metadata_only,derived_annotations_only,2026-06-01T18:20:51+00:00
11219,literature_discovery,https://pubmed.ncbi.nlm.nih.gov/38697280/,38697280,,10.1016/j.lfs.2024.122680,H-ras-targeted genetic therapy remarkably surpassed docetaxel treatment in inhibiting chemically induced hepatic tumors in rats.,Life Sci,2024,abstract_metadata_only,derived_annotations_only,2026-06-01T18:20:51+00:00
11250,literature_discovery,https://pubmed.ncbi.nlm.nih.gov/38666665/,38666665,,,[SOD1 gene therapy delays ALS disease progression].,Lakartidningen,2024,abstract_metadata_only,derived_annotations_only,2026-06-01T18:20:51+00:00
11345,literature_discovery,https://pubmed.ncbi.nlm.nih.gov/38548524/,38548524,,10.1016/j.jfma.2024.03.008,"Patisiran, an RNAi therapeutic for hereditary transthyretin-mediated amyloidosis: Sub-analysis in Taiwanese patients from the APOLLO study.",J Formos Med Assoc,2024,abstract_metadata_only,derived_annotations_only,2026-06-01T18:20:51+00:00
11357,literature_discovery,https://pubmed.ncbi.nlm.nih.gov/38532802/,38532802,PMC10964446,10.1177/17562864241239755,Patisiran exposure in early pregnancy: a case report.,Ther Adv Neurol Disord,2024,abstract_metadata_only,derived_annotations_only,2026-06-01T18:20:51+00:00
11416,literature_discovery,https://pubmed.ncbi.nlm.nih.gov/38452197/,38452197,PMC11181353,10.1182/blood.2023021864,Fitusiran prophylaxis in people with hemophilia A or B who switched from prior BPA/CFC prophylaxis: the ATLAS-PPX trial.,Blood,2024,abstract_metadata_only,derived_annotations_only,2026-06-01T18:20:51+00:00
11479,literature_discovery,https://pubmed.ncbi.nlm.nih.gov/38383439/,38383439,PMC10882889,10.1186/s12943-024-01955-7,The therapeutically actionable long non-coding RNA 'T-RECS' is essential to cancer cells' survival in NRAS/MAPK-driven melanoma.,Mol Cancer,2024,abstract_metadata_only,derived_annotations_only,2026-06-01T18:20:51+00:00
11551,literature_discovery,https://pubmed.ncbi.nlm.nih.gov/38321605/,38321605,,10.1021/acsnano.3c10213,Multipathway Regulation for Targeted Atherosclerosis Therapy Using Anti-miR-33-Loaded DNA Origami.,ACS Nano,2024,abstract_metadata_only,derived_annotations_only,2026-06-01T18:20:51+00:00
11712,literature_discovery,https://pubmed.ncbi.nlm.nih.gov/37951519/,37951519,,10.1016/j.actbio.2023.10.038,Engineering a biomimetic system for hepatocyte-specific RNAi treatment of non-alcoholic fatty liver disease.,Acta Biomater,2024,abstract_metadata_only,derived_annotations_only,2026-06-01T18:20:51+00:00
11811,literature_discovery,https://pubmed.ncbi.nlm.nih.gov/38077055/,38077055,PMC10705697,10.21203/rs.3.rs-1297358/v3,The therapeutically actionable long non-coding RNA 'T-RECS' is essential to cancer cells' survival in NRAS/MAPK-driven melanoma.,Res Sq,2023,abstract_metadata_only,derived_annotations_only,2026-06-01T18:20:51+00:00
11827,literature_discovery,https://pubmed.ncbi.nlm.nih.gov/38015828/,38015828,PMC10683999,10.1371/journal.pone.0294731,Targeted ASO-mediated Atp1a2 knockdown in astrocytes reduces SOD1 aggregation and accelerates disease onset in mutant SOD1 mice.,PLoS One,2023,abstract_metadata_only,derived_annotations_only,2026-06-01T18:20:51+00:00
11863,literature_discovery,https://pubmed.ncbi.nlm.nih.gov/37905978/,37905978,,10.1002/anie.202315768,Impact of the Core Chemistry of Self-Assembled Spherical Nucleic Acids on their In Vitro Fate.,Angew Chem Int Ed Engl,2023,abstract_metadata_only,derived_annotations_only,2026-06-01T18:20:51+00:00
11924,literature_discovery,https://pubmed.ncbi.nlm.nih.gov/37768671/,37768671,PMC10540057,10.1001/jama.2023.18688,Eplontersen for Hereditary Transthyretin Amyloidosis With Polyneuropathy.,JAMA,2023,abstract_metadata_only,derived_annotations_only,2026-06-01T18:20:51+00:00
11931,literature_discovery,https://pubmed.ncbi.nlm.nih.gov/37744174/,37744174,PMC10514136,10.1016/j.omtn.2023.09.001,Peptide-conjugated antimiRs improve myotonic dystrophy type 1 phenotypes by promoting endogenous MBNL1 expression.,Mol Ther Nucleic Acids,2023,abstract_metadata_only,derived_annotations_only,2026-06-01T18:20:51+00:00
12017,literature_discovery,https://pubmed.ncbi.nlm.nih.gov/37524230/,37524230,,10.1016/j.jhep.2023.07.026,First-in-human randomized study of RNAi therapeutic RG6346 for chronic hepatitis B virus infection.,J Hepatol,2023,abstract_metadata_only,derived_annotations_only,2026-06-01T18:20:51+00:00
12058,literature_discovery,https://pubmed.ncbi.nlm.nih.gov/37799089/,37799089,,10.1080/17425255.2023.2266361,"The safety and toxicity profile of SPL84, an inhaled antisense oligonucleotide for treatment of cystic fibrosis patients with the 3849 +10kb C->T mutation, supports a Phase 1/2 clinical study.",Expert Opin Drug Metab Toxicol,2023,abstract_metadata_only,derived_annotations_only,2026-06-01T18:20:51+00:00
12059,literature_discovery,https://pubmed.ncbi.nlm.nih.gov/30095329/,30095329,,10.1089/nat.2018.0724,Role of Computationally Evaluated Target Specificity in the Hepatotoxicity of Gapmer Antisense Oligonucleotides.,Nucleic Acid Ther,2018,abstract_metadata_only,derived_annotations_only,2026-06-01T18:20:51+00:00
12064,literature_discovery,https://pubmed.ncbi.nlm.nih.gov/39684010/,39684010,PMC11644305,10.3390/polym16233265,Bio-Inspired Polymeric Solid Lipid Nanoparticles for siRNA Delivery: Cytotoxicity and Cellular Uptake In Vitro.,Polymers (Basel),2024,abstract_metadata_only,derived_annotations_only,2026-06-01T18:20:51+00:00
12067,literature_discovery,https://pubmed.ncbi.nlm.nih.gov/36700050/,36700050,PMC9843489,10.1016/j.omtn.2022.12.010,Change of intracellular calcium level causes acute neurotoxicity by antisense oligonucleotides via CSF route.,Mol Ther Nucleic Acids,2023,abstract_metadata_only,derived_annotations_only,2026-06-01T18:20:51+00:00
12077,literature_discovery,https://pubmed.ncbi.nlm.nih.gov/39231537/,39231537,PMC11472056,10.1093/nar/gkae741,Synthesis of 2'-formamidonucleoside phosphoramidites for suppressing the seed-based off-target effects of siRNAs.,Nucleic Acids Res,2024,abstract_metadata_only,derived_annotations_only,2026-06-01T18:20:51+00:00
12078,literature_discovery,https://pubmed.ncbi.nlm.nih.gov/39690144/,39690144,,10.1080/14740338.2024.2443796,Adverse events of nusinersen: a real-world drug safety surveillance study based on the FDA adverse event reporting system (FAERS) database.,Expert Opin Drug Saf,2026,abstract_metadata_only,derived_annotations_only,2026-06-01T18:20:51+00:00
12104,literature_discovery,https://pubmed.ncbi.nlm.nih.gov/39348656/,39348656,,,"A novel, non-toxic chitosan modified with lysine to enhance buffer capacity for siRNA delivery.",Pak J Pharm Sci,2024,abstract_metadata_only,derived_annotations_only,2026-06-01T18:20:51+00:00
12106,literature_discovery,https://pubmed.ncbi.nlm.nih.gov/39274180/,39274180,PMC11398103,10.3390/polym16172547,Chitosan siRNA Nanoparticles Produce Significant Non-Toxic Functional Gene Silencing in Kidney Cortices.,Polymers (Basel),2024,abstract_metadata_only,derived_annotations_only,2026-06-01T18:20:51+00:00
12115,literature_discovery,https://pubmed.ncbi.nlm.nih.gov/31063435/,31063435,,10.1089/nat.2018.0767,"Use of ""C9/11 Mismatch"" Control siRNA Reveals Sequence-Related Off-Target Effect on Coagulation of an siRNA Targeting Mouse Coagulation Factor XII.",Nucleic Acid Ther,2019,abstract_metadata_only,derived_annotations_only,2026-06-01T18:20:51+00:00
12119,literature_discovery,https://pubmed.ncbi.nlm.nih.gov/27504598/,27504598,PMC5023396,10.1038/mtna.2016.50,Docosahexaenoic Acid Conjugation Enhances Distribution and Safety of siRNA upon Local Administration in Mouse Brain.,Mol Ther Nucleic Acids,2016,abstract_metadata_only,derived_annotations_only,2026-06-01T18:20:51+00:00
12122,literature_discovery,https://pubmed.ncbi.nlm.nih.gov/39068444/,39068444,PMC11282766,10.1186/s12951-024-02700-4,PD-L1 siRNA hitched polyethyleneimine-elastase constituting nanovesicle induces tumor immunogenicity and PD-L1 silencing for synergistic antitumor immunotherapy.,J Nanobiotechnology,2024,abstract_metadata_only,derived_annotations_only,2026-06-01T18:20:51+00:00
12141,literature_discovery,https://pubmed.ncbi.nlm.nih.gov/40011938/,40011938,PMC11866593,10.1186/s13023-025-03603-9,Real-world analysis of the efficacy and safety of nusinersen in pediatric patients with spinal muscular atrophy.,Orphanet J Rare Dis,2025,abstract_metadata_only,derived_annotations_only,2026-06-01T18:20:51+00:00
12147,literature_discovery,https://pubmed.ncbi.nlm.nih.gov/39813044/,39813044,PMC12522049,10.1021/acschembio.4c00824,Amide Internucleoside Linkages Suppress the MicroRNA-like Off-Target Activity of Short Interfering RNA.,ACS Chem Biol,2025,abstract_metadata_only,derived_annotations_only,2026-06-01T18:20:51+00:00
12161,literature_discovery,https://pubmed.ncbi.nlm.nih.gov/39411247/,39411247,PMC11474373,10.1016/j.omtn.2024.102340,l-Type amino acid transporter 1-targeting nanoparticles for antisense oligonucleotide delivery to the CNS.,Mol Ther Nucleic Acids,2024,abstract_metadata_only,derived_annotations_only,2026-06-01T18:20:51+00:00
12175,literature_discovery,https://pubmed.ncbi.nlm.nih.gov/37704069/,37704069,PMC10591917,10.1016/j.bone.2023.116898,Antisense oligonucleotides targeting a NOTCH3 mutation in male mice ameliorate the cortical osteopenia of lateral meningocele syndrome.,Bone,2023,abstract_metadata_only,derived_annotations_only,2026-06-01T18:20:51+00:00
12177,literature_discovery,https://pubmed.ncbi.nlm.nih.gov/37659896/,37659896,,10.1016/j.vaccine.2023.08.053,Developmental and reproductive safety of Advax-CpG55.2™ adjuvanted COVID-19 and influenza vaccines in mice.,Vaccine,2023,abstract_metadata_only,derived_annotations_only,2026-06-01T18:20:51+00:00
12201,literature_discovery,https://pubmed.ncbi.nlm.nih.gov/36529659/,36529659,,10.1016/j.jacl.2022.12.001,Efficacy and safety of pelacarsen in lowering Lp(a) in healthy Japanese subjects.,J Clin Lipidol,2023,abstract_metadata_only,derived_annotations_only,2026-06-01T18:20:51+00:00
12219,literature_discovery,https://pubmed.ncbi.nlm.nih.gov/31877238/,31877238,,10.1002/jat.3938,Safety of bovine milk derived extracellular vesicles used for delivery of RNA therapeutics in zebrafish and mice.,J Appl Toxicol,2020,abstract_metadata_only,derived_annotations_only,2026-06-01T18:20:51+00:00
12278,literature_discovery,https://pubmed.ncbi.nlm.nih.gov/39896757/,39896757,PMC11782793,10.34133/bmr.0136,Isoprenaline-Modified Polyethyleneimine as an Efficient Gene Delivery System for Targeted Asthma Therapy and Airway Remodeling Inhibition.,Biomater Res,2025,abstract_metadata_only,derived_annotations_only,2026-06-01T18:20:51+00:00
12337,literature_discovery,https://pubmed.ncbi.nlm.nih.gov/41282509/,41282509,PMC12635908,10.3892/br.2025.2085,Assessment of anionic siRNA lipoplexes prepared via modified ethanol injection for tumor cell delivery.,Biomed Rep,2026,abstract_metadata_only,derived_annotations_only,2026-06-01T18:20:51+00:00
12342,literature_discovery,https://pubmed.ncbi.nlm.nih.gov/41304812/,41304812,PMC12655120,10.3390/pharmaceutics17111476,Heterofunctional Cationic Polyester Dendrimers as Potent Nonviral Vectors for siRNA Delivery.,Pharmaceutics,2025,abstract_metadata_only,derived_annotations_only,2026-06-01T18:20:51+00:00
12389,literature_discovery,https://pubmed.ncbi.nlm.nih.gov/39955653/,39955653,,10.1002/adma.202419418,A PD-L1 siRNA-Loaded Boron Nanoparticle for Targeted Cancer Radiotherapy and Immunotherapy.,Adv Mater,2025,abstract_metadata_only,derived_annotations_only,2026-06-01T18:20:51+00:00
12392,literature_discovery,https://pubmed.ncbi.nlm.nih.gov/39940962/,39940962,PMC11818693,10.3390/ijms26031196,"Cetuximab-Immunoliposomes Loaded with TGF-β1 siRNA for the Targeting Therapy of NSCLC: Design, and In Vitro and In Vivo Evaluation.",Int J Mol Sci,2025,abstract_metadata_only,derived_annotations_only,2026-06-01T18:20:51+00:00
12426,literature_discovery,https://pubmed.ncbi.nlm.nih.gov/39448881/,39448881,PMC12018592,10.1038/s41587-024-02448-0,Gold-siRNA supraclusters enhance the anti-tumor immune response of stereotactic ablative radiotherapy at primary and metastatic tumors.,Nat Biotechnol,2025,abstract_metadata_only,derived_annotations_only,2026-06-01T18:20:51+00:00
12427,literature_discovery,https://pubmed.ncbi.nlm.nih.gov/39447239/,39447239,,10.1016/j.bioadv.2024.214078,Bone-targeted ultrasound-responsive nanobubbles for siRNA delivery to treat osteoporosis in mice.,Biomater Adv,2025,abstract_metadata_only,derived_annotations_only,2026-06-01T18:20:51+00:00
12433,literature_discovery,https://pubmed.ncbi.nlm.nih.gov/39684325/,39684325,PMC11641217,10.3390/ijms252312614,Non-Viral Systems Based on PAMAM-Calix-Dendrimers for Regulatory siRNA Delivery into Cancer Cells.,Int J Mol Sci,2024,abstract_metadata_only,derived_annotations_only,2026-06-01T18:20:51+00:00
12435,literature_discovery,https://pubmed.ncbi.nlm.nih.gov/39627280/,39627280,PMC11615393,10.1038/s41598-024-80646-1,Polyethylene glycol-phospholipid functionalized single-walled carbon nanotubes for enhanced siRNA systemic delivery.,Sci Rep,2024,abstract_metadata_only,derived_annotations_only,2026-06-01T18:20:51+00:00
12439,literature_discovery,https://pubmed.ncbi.nlm.nih.gov/39606561/,39606561,PMC11598607,10.2147/IJN.S492363,A Multifunctional Nanodrug Co-Delivering VEGF-siRNA and Dexamethasone for Synergistic Therapy in Ocular Neovascular Diseases.,Int J Nanomedicine,2024,abstract_metadata_only,derived_annotations_only,2026-06-01T18:20:51+00:00
12442,literature_discovery,https://pubmed.ncbi.nlm.nih.gov/39583320/,39583320,PMC11585994,10.2147/IJN.S477597,Aptamer sgc8-Modified PAMAM Nanoparticles for Targeted siRNA Delivery to Inhibit BCL11B in T-Cell Acute Lymphoblastic Leukemia.,Int J Nanomedicine,2024,abstract_metadata_only,derived_annotations_only,2026-06-01T18:20:51+00:00
12444,literature_discovery,https://pubmed.ncbi.nlm.nih.gov/39553720/,39553720,PMC11566511,10.7717/peerj.18214,Investigation of the efficacy of siRNA-mediated KRAS gene silencing in pancreatic cancer therapy.,PeerJ,2024,abstract_metadata_only,derived_annotations_only,2026-06-01T18:20:51+00:00
12446,literature_discovery,https://pubmed.ncbi.nlm.nih.gov/39539970/,39539970,PMC11559232,10.2147/IJN.S483252,Stimuli-Responsive Peptide/siRNA Nanoparticles as a Radiation Sensitizer for Glioblastoma Treatment by Co-Inhibiting RELA/P65 and EGFR.,Int J Nanomedicine,2024,abstract_metadata_only,derived_annotations_only,2026-06-01T18:20:51+00:00
12451,literature_discovery,https://pubmed.ncbi.nlm.nih.gov/39447458/,39447458,,10.1016/j.ejmech.2024.116978,Targeting oncogenic transcriptional factor c-myc by oligonucleotide PROTAC for the treatment of hepatocellular carcinoma.,Eur J Med Chem,2024,abstract_metadata_only,derived_annotations_only,2026-06-01T18:20:51+00:00
12453,literature_discovery,https://pubmed.ncbi.nlm.nih.gov/39431993/,39431993,PMC11583972,10.1021/acs.bioconjchem.4c00255,A pH-Sensitive cRGD-PEG-siRNA Conjugated Compound Targeting Glioblastoma.,Bioconjug Chem,2024,abstract_metadata_only,derived_annotations_only,2026-06-01T18:20:51+00:00
12464,literature_discovery,https://pubmed.ncbi.nlm.nih.gov/39329032/,39329032,PMC11424689,10.2147/IJN.S461167,Ion Doped Hollow Silica Nanoparticles as Promising Oligonucleotide Delivery Systems to Mesenchymal Stem Cells.,Int J Nanomedicine,2024,abstract_metadata_only,derived_annotations_only,2026-06-01T18:20:51+00:00
12475,literature_discovery,https://pubmed.ncbi.nlm.nih.gov/39258001/,39258001,PMC11385781,10.1016/j.ajps.2024.100929,Pulmonary fibroblast-specific delivery of siRNA exploiting exosomes-based nanoscaffolds for IPF treatment.,Asian J Pharm Sci,2024,abstract_metadata_only,derived_annotations_only,2026-06-01T18:20:51+00:00
12485,literature_discovery,https://pubmed.ncbi.nlm.nih.gov/39118143/,39118143,PMC11308685,10.1186/s12951-024-02756-2,Tea polyphenol nanoparticles enable targeted siRNA delivery and multi-bioactive therapy for abdominal aortic aneurysms.,J Nanobiotechnology,2024,abstract_metadata_only,derived_annotations_only,2026-06-01T18:20:51+00:00
12500,literature_discovery,https://pubmed.ncbi.nlm.nih.gov/39006767/,39006767,PMC11240087,10.1039/d4ra01965b,"Carboxymethylcellulose encapsulated fingolimod, siRNA@ZnO hybrid nanocomposite as a new anti-Alzheimer's material.",RSC Adv,2024,abstract_metadata_only,derived_annotations_only,2026-06-01T18:20:51+00:00
12511,literature_discovery,https://pubmed.ncbi.nlm.nih.gov/37700336/,37700336,PMC10496174,10.1186/s13578-023-01108-1,A novel recombinant ORF7-siRNA delivered by flexible nano-liposomes inhibits varicella zoster virus infection.,Cell Biosci,2023,abstract_metadata_only,derived_annotations_only,2026-06-01T18:20:51+00:00
12521,literature_discovery,https://pubmed.ncbi.nlm.nih.gov/37110552/,37110552,PMC10144622,10.3390/molecules28083318,A Straightforward Method for the Development of Positively Charged Gold Nanoparticle-Based Vectors for Effective siRNA Delivery.,Molecules,2023,abstract_metadata_only,derived_annotations_only,2026-06-01T18:20:51+00:00
12533,literature_discovery,https://pubmed.ncbi.nlm.nih.gov/36755201/,36755201,PMC10074117,10.1002/advs.202300282,Lymphocyte Membrane- and 12p1-Dual-Functionalized Nanoparticles for Free HIV-1 Trapping and Precise siRNA Delivery into HIV-1-Infected Cells.,Adv Sci (Weinh),2023,abstract_metadata_only,derived_annotations_only,2026-06-01T18:20:51+00:00
12538,literature_discovery,https://pubmed.ncbi.nlm.nih.gov/36541426/,36541426,,10.1002/biot.202200415,Analysis of polymeric nanoparticle properties for siRNA/DNA delivery in a tumor xenograft tissue slice air-liquid interface model.,Biotechnol J,2023,abstract_metadata_only,derived_annotations_only,2026-06-01T18:20:51+00:00
12545,literature_discovery,https://pubmed.ncbi.nlm.nih.gov/36371191/,36371191,PMC9652794,10.1186/s12967-022-03740-w,Targeted delivery of ZNF416 siRNA-loaded liposomes attenuates experimental pulmonary fibrosis.,J Transl Med,2022,abstract_metadata_only,derived_annotations_only,2026-06-01T18:20:51+00:00
12550,literature_discovery,https://pubmed.ncbi.nlm.nih.gov/35992044/,35992044,PMC9384066,10.1016/j.omtn.2022.08.011,A model system for antiviral siRNA therapeutics using exosome-based delivery.,Mol Ther Nucleic Acids,2022,abstract_metadata_only,derived_annotations_only,2026-06-01T18:20:51+00:00
12553,literature_discovery,https://pubmed.ncbi.nlm.nih.gov/34172725/,34172725,PMC8233311,10.1038/s41467-021-24191-9,A smart multiantenna gene theranostic system based on the programmed assembly of hypoxia-related siRNAs.,Nat Commun,2021,abstract_metadata_only,derived_annotations_only,2026-06-01T18:20:51+00:00
12558,literature_discovery,https://pubmed.ncbi.nlm.nih.gov/33664996/,33664996,PMC7900643,10.1016/j.omtn.2021.01.018,AGO-accessible anticancer siRNAs designed with synergistic miRNA-like activity.,Mol Ther Nucleic Acids,2021,abstract_metadata_only,derived_annotations_only,2026-06-01T18:20:51+00:00
12601,literature_discovery,https://pubmed.ncbi.nlm.nih.gov/31381852/,31381852,,10.1021/acs.nanolett.9b01660,Stimuli-Responsive Polymer-Prodrug Hybrid Nanoplatform for Multistage siRNA Delivery and Combination Cancer Therapy.,Nano Lett,2019,abstract_metadata_only,derived_annotations_only,2026-06-01T18:20:51+00:00
12604,literature_discovery,https://pubmed.ncbi.nlm.nih.gov/31140918/,31140918,PMC6686697,10.1089/nat.2019.0784,Formulation of Biocompatible Targeted ECO/siRNA Nanoparticles with Long-Term Stability for Clinical Translation of RNAi.,Nucleic Acid Ther,2019,abstract_metadata_only,derived_annotations_only,2026-06-01T18:20:51+00:00
12610,literature_discovery,https://pubmed.ncbi.nlm.nih.gov/30817230/,30817230,PMC6461157,10.1089/nat.2018.0754,IONIS-PKK(Rx) a Novel Antisense Inhibitor of Prekallikrein and Bradykinin Production.,Nucleic Acid Ther,2019,abstract_metadata_only,derived_annotations_only,2026-06-01T18:20:51+00:00
12615,literature_discovery,https://pubmed.ncbi.nlm.nih.gov/30544191/,30544191,PMC6379722,10.1093/nar/gky1239,Diverse lipid conjugates for functional extra-hepatic siRNA delivery in vivo.,Nucleic Acids Res,2019,abstract_metadata_only,derived_annotations_only,2026-06-01T18:20:51+00:00
12616,literature_discovery,https://pubmed.ncbi.nlm.nih.gov/30535404/,30535404,PMC6379714,10.1093/nar/gky1232,Hydrophobicity drives the systemic distribution of lipid-conjugated siRNAs via lipid transport pathways.,Nucleic Acids Res,2019,abstract_metadata_only,derived_annotations_only,2026-06-01T18:20:51+00:00
12621,literature_discovery,https://pubmed.ncbi.nlm.nih.gov/30114557/,30114557,PMC6092551,10.1016/j.omtn.2018.07.010,Splice-Modulating Oligonucleotide QR-110 Restores CEP290 mRNA and Function in Human c.2991+1655A>G LCA10 Models.,Mol Ther Nucleic Acids,2018,abstract_metadata_only,derived_annotations_only,2026-06-01T18:20:51+00:00
12636,literature_discovery,https://pubmed.ncbi.nlm.nih.gov/29432571/,29432571,PMC5861422,10.1093/nar/gky037,Comparison of partially and fully chemically-modified siRNA in conjugate-mediated delivery in vivo.,Nucleic Acids Res,2018,abstract_metadata_only,derived_annotations_only,2026-06-01T18:20:51+00:00
12641,literature_discovery,https://pubmed.ncbi.nlm.nih.gov/29121767/,29121767,,10.1021/acs.molpharmaceut.7b00725,"From Pulmonary Surfactant, Synthetic KL4 Peptide as Effective siRNA Delivery Vector for Pulmonary Delivery.",Mol Pharm,2017,abstract_metadata_only,derived_annotations_only,2026-06-01T18:20:51+00:00
12648,literature_discovery,https://pubmed.ncbi.nlm.nih.gov/28694238/,28694238,PMC5942204,10.1016/j.actbio.2017.07.014,Functionalized bioengineered spider silk spheres improve nuclease resistance and activity of oligonucleotide therapeutics providing a strategy for cancer treatment.,Acta Biomater,2017,abstract_metadata_only,derived_annotations_only,2026-06-01T18:20:51+00:00
12652,literature_discovery,https://pubmed.ncbi.nlm.nih.gov/28591791/,28591791,PMC5570069,10.1093/nar/gkx507,5΄-Vinylphosphonate improves tissue accumulation and efficacy of conjugated siRNAs in vivo.,Nucleic Acids Res,2017,abstract_metadata_only,derived_annotations_only,2026-06-01T18:20:51+00:00
12658,literature_discovery,https://pubmed.ncbi.nlm.nih.gov/28118087/,28118087,PMC5467147,10.1089/nat.2016.0652,Identification of a Peptide for Systemic Brain Delivery of a Morpholino Oligonucleotide in Mouse Models of Spinal Muscular Atrophy.,Nucleic Acid Ther,2017,abstract_metadata_only,derived_annotations_only,2026-06-01T18:20:51+00:00
12672,literature_discovery,https://pubmed.ncbi.nlm.nih.gov/27483025/,27483025,PMC5023400,10.1038/mtna.2016.55,Silencing Myostatin Using Cholesterol-conjugated siRNAs Induces Muscle Growth.,Mol Ther Nucleic Acids,2016,abstract_metadata_only,derived_annotations_only,2026-06-01T18:20:51+00:00
12938,literature_discovery,https://pubmed.ncbi.nlm.nih.gov/41266661/,41266661,PMC12634668,10.1038/s41598-025-24808-9,Optimized delivery of RNA silencing prolyl hydroxylase domain 2 for enhanced angiogenesis and osteogenesis using bioactive glass scaffolds.,Sci Rep,2025,abstract_metadata_only,derived_annotations_only,2026-06-01T18:20:51+00:00
13359,literature_discovery,https://pubmed.ncbi.nlm.nih.gov/39985265/,39985265,PMC12005807,10.1002/advs.202412881,CpG-Based Nanovaccines Enhance Ovarian Cancer Immune Response by Gbp2-Mediated Remodeling of Tumor-Associated Macrophages.,Adv Sci (Weinh),2025,abstract_metadata_only,derived_annotations_only,2026-06-01T18:20:51+00:00
13436,literature_discovery,https://pubmed.ncbi.nlm.nih.gov/39910045/,39910045,PMC11799145,10.1038/s41420-025-02336-9,TMEM45A enhances palbociclib resistance and cellular glycolysis by activating AKT/mTOR signaling pathway in HR+ breast cancer.,Cell Death Discov,2025,abstract_metadata_only,derived_annotations_only,2026-06-01T18:20:51+00:00
13678,literature_discovery,https://pubmed.ncbi.nlm.nih.gov/39629104/,39629104,PMC11614587,10.2147/IJN.S487598,T Lymphocyte-Macrophage Hybrid Membrane-Coated Biomimetic Nanoparticles Alleviate Myocarditis via Suppressing Pyroptosis by Targeting Gene Silencing.,Int J Nanomedicine,2024,abstract_metadata_only,derived_annotations_only,2026-06-01T18:20:51+00:00
13711,literature_discovery,https://pubmed.ncbi.nlm.nih.gov/39521158/,39521158,,10.1016/j.ijpharm.2024.124928,Cysteamine functionalized gold nanoparticles exhibit high efficiency delivery of genetic materials in embryonic stem cells majorly via clathrin mediated endocytosis.,Int J Pharm,2024,abstract_metadata_only,derived_annotations_only,2026-06-01T18:20:51+00:00
13796,literature_discovery,https://pubmed.ncbi.nlm.nih.gov/39264298/,39264298,,10.1039/d4bm00843j,Oral bomb effect nanotherapeutics alleviate ulcerative colitis through coordinated anti-inflammatory and pro-resolving strategies.,Biomater Sci,2024,abstract_metadata_only,derived_annotations_only,2026-06-01T18:20:51+00:00
13877,literature_discovery,https://pubmed.ncbi.nlm.nih.gov/39052238/,39052238,,10.1039/d4nr01955e,Membrane-localized magnetic hyperthermia promotes intracellular delivery of cell-impermeant probes.,Nanoscale,2024,abstract_metadata_only,derived_annotations_only,2026-06-01T18:20:51+00:00
13881,literature_discovery,https://pubmed.ncbi.nlm.nih.gov/39031853/,39031853,,10.1002/smll.202401776,A Metal-Phenolic Network-Enabled Nanoadjuvant to Modulate Immune Responses.,Small,2024,abstract_metadata_only,derived_annotations_only,2026-06-01T18:20:51+00:00
13888,literature_discovery,https://pubmed.ncbi.nlm.nih.gov/38973319/,38973319,PMC11425963,10.1002/advs.202400951,Multifunctional Biomimetic Nanocarriers for Dual-Targeted Immuno-Gene Therapy Against Hepatocellular Carcinoma.,Adv Sci (Weinh),2024,abstract_metadata_only,derived_annotations_only,2026-06-01T18:20:51+00:00
13969,literature_discovery,https://pubmed.ncbi.nlm.nih.gov/37719367/,37719367,PMC10501866,10.1016/j.apsb.2023.03.020,Antitumor synergism between PAK4 silencing and immunogenic phototherapy of engineered extracellular vesicles.,Acta Pharm Sin B,2023,abstract_metadata_only,derived_annotations_only,2026-06-01T18:20:51+00:00
13975,literature_discovery,https://pubmed.ncbi.nlm.nih.gov/37692001/,37692001,PMC10483903,10.4103/JAPTR.JAPTR_117_23,Preventive treatment of coronavirus disease-2019 virus using coronavirus disease-2019-receptor-binding domain 1C aptamer by suppress the expression of angiotensin-converting enzyme 2 receptor.,J Adv Pharm Technol Res,2023,abstract_metadata_only,derived_annotations_only,2026-06-01T18:20:51+00:00
14031,literature_discovery,https://pubmed.ncbi.nlm.nih.gov/37424909/,37424909,PMC10326624,10.3389/fcvm.2023.1181720,Painful and recurring injection site reaction to alirocumab and evolocumab in a young woman with familial hypercholesterolemia and effective therapeutic alternative based on inclisiran: a case report.,Front Cardiovasc Med,2023,abstract_metadata_only,derived_annotations_only,2026-06-01T18:20:51+00:00
14112,literature_discovery,https://pubmed.ncbi.nlm.nih.gov/37251692/,37251692,PMC10220282,10.1016/j.omtn.2023.04.028,Modified ASO conjugates encapsulated with cytidinyl/cationic lipids exhibit more potent and longer-lasting anti-HCC effects.,Mol Ther Nucleic Acids,2023,abstract_metadata_only,derived_annotations_only,2026-06-02T14:47:48+00:00
14152,literature_discovery,https://pubmed.ncbi.nlm.nih.gov/37147890/,37147890,PMC10339693,10.1111/cts.13531,A single ascending dose study of single-stranded oligodeoxyribonucleotide RO7062931 in Chinese healthy volunteers.,Clin Transl Sci,2023,abstract_metadata_only,derived_annotations_only,2026-06-02T14:47:48+00:00
14195,literature_discovery,https://pubmed.ncbi.nlm.nih.gov/37021909/,37021909,PMC10077952,10.1002/prp2.1080,The N-Acetylgalactosamine-conjugated small interfering RNA inclisiran can be coadministered safely with atorvastatin in cynomolgus monkeys resulting in additive low-density lipoprotein cholesterol reductions.,Pharmacol Res Perspect,2023,abstract_metadata_only,derived_annotations_only,2026-06-02T14:47:48+00:00
14202,literature_discovery,https://pubmed.ncbi.nlm.nih.gov/37002654/,37002654,PMC10175964,10.1111/cts.13498,"A multi-purpose Japanese phase I study in the global development of vupanorsen: Randomized, placebo-controlled, single-ascending dose study in adults.",Clin Transl Sci,2023,abstract_metadata_only,derived_annotations_only,2026-06-02T14:47:48+00:00
14276,literature_discovery,https://pubmed.ncbi.nlm.nih.gov/36719755/,36719755,PMC10077475,10.1172/jci.insight.160516,DG9-conjugated morpholino rescues phenotype in SMA mice by reaching the CNS via a subcutaneous administration.,JCI Insight,2023,abstract_metadata_only,derived_annotations_only,2026-06-02T14:47:48+00:00
14301,literature_discovery,https://pubmed.ncbi.nlm.nih.gov/36618268/,36618268,PMC9813581,10.1016/j.omtn.2022.12.008,Chemically modified small interfering RNA targeting Hedgehog signaling pathway for rheumatoid arthritis therapy.,Mol Ther Nucleic Acids,2023,abstract_metadata_only,derived_annotations_only,2026-06-02T14:47:48+00:00
14302,literature_discovery,https://pubmed.ncbi.nlm.nih.gov/36614194/,36614194,PMC9821664,10.3390/ijms24010752,Target-Specific Nanoparticle Polyplex Down-Regulates Mutant Kras to Prevent Pancreatic Carcinogenesis and Halt Tumor Progression.,Int J Mol Sci,2023,abstract_metadata_only,derived_annotations_only,2026-06-02T14:47:48+00:00
14317,literature_discovery,https://pubmed.ncbi.nlm.nih.gov/36525882/,36525882,,10.1016/j.ejpn.2022.12.003,Inflammatory markers in cerebrospinal fluid of paediatric spinal muscular atrophy patients receiving nusinersen treatment.,Eur J Paediatr Neurol,2023,abstract_metadata_only,derived_annotations_only,2026-06-02T14:47:48+00:00
14599,literature_discovery,https://pubmed.ncbi.nlm.nih.gov/35289020/,35289020,PMC9314115,10.1111/ene.15325,Real-life experience with inotersen in hereditary transthyretin amyloidosis with late-onset phenotype: Data from an early-access program in Italy.,Eur J Neurol,2022,abstract_metadata_only,derived_annotations_only,2026-06-02T14:47:48+00:00
14660,literature_discovery,https://pubmed.ncbi.nlm.nih.gov/34921016/,34921016,PMC8898261,10.1158/0008-5472.CAN-20-0948,ASO-Based PKM Splice-Switching Therapy Inhibits Hepatocellular Carcinoma Growth.,Cancer Res,2022,abstract_metadata_only,derived_annotations_only,2026-06-02T14:47:48+00:00
14708,literature_discovery,https://pubmed.ncbi.nlm.nih.gov/34948105/,34948105,PMC8703959,10.3390/ijms222413314,Cell Penetrating Peptide-Based Self-Assembly for PD-L1 Targeted Tumor Regression.,Int J Mol Sci,2021,abstract_metadata_only,derived_annotations_only,2026-06-02T14:47:48+00:00
14741,literature_discovery,https://pubmed.ncbi.nlm.nih.gov/34566407/,34566407,PMC8459178,10.2147/DDDT.S325790,CpG Oligodeoxynucleotide Developed to Activate Primate Immune Responses Promotes Antitumoral Effects in Combination with a Neoantigen-Based mRNA Cancer Vaccine.,Drug Des Devel Ther,2021,abstract_metadata_only,derived_annotations_only,2026-06-02T14:47:48+00:00
14753,literature_discovery,https://pubmed.ncbi.nlm.nih.gov/34440222/,34440222,PMC8394971,10.3390/biomedicines9081018,Vivo-Morpholino-Based Antiviral for SARS-CoV-2: Implications for Novel Therapies in the Treatment of Acute COVID-19 Disease.,Biomedicines,2021,abstract_metadata_only,derived_annotations_only,2026-06-02T14:47:48+00:00
14789,literature_discovery,https://pubmed.ncbi.nlm.nih.gov/34251414/,34251414,PMC8288671,10.1182/bloodadvances.2021004233,Phase 3 randomized trial of chemotherapy with or without oblimersen in older AML patients: CALGB 10201 (Alliance).,Blood Adv,2021,abstract_metadata_only,derived_annotations_only,2026-06-02T14:47:48+00:00
14905,literature_discovery,https://pubmed.ncbi.nlm.nih.gov/33544849/,33544849,PMC7913697,10.1093/nar/gkab047,Site-specific incorporation of 5'-methyl DNA enhances the therapeutic profile of gapmer ASOs.,Nucleic Acids Res,2021,abstract_metadata_only,derived_annotations_only,2026-06-02T14:47:48+00:00
14926,literature_discovery,https://pubmed.ncbi.nlm.nih.gov/33337582/,33337582,PMC7863382,10.15252/emmm.202012993,MOTS-c promotes phosphorodiamidate morpholino oligomer uptake and efficacy in dystrophic mice.,EMBO Mol Med,2021,abstract_metadata_only,derived_annotations_only,2026-06-02T14:47:48+00:00
14986,literature_discovery,https://pubmed.ncbi.nlm.nih.gov/32805488/,32805488,PMC7452286,10.1016/j.omtn.2020.07.008,MYC ASO Impedes Tumorigenesis and Elicits Oncogene Addiction in Autochthonous Transgenic Mouse Models of HCC and RCC.,Mol Ther Nucleic Acids,2020,abstract_metadata_only,derived_annotations_only,2026-06-02T14:47:48+00:00
15084,literature_discovery,https://pubmed.ncbi.nlm.nih.gov/31629961/,31629961,PMC6807288,10.1016/j.omtn.2019.09.012,Hexose Potentiates Peptide-Conjugated Morpholino Oligomer Efficacy in Cardiac Muscles of Dystrophic Mice in an Age-Dependent Manner.,Mol Ther Nucleic Acids,2019,abstract_metadata_only,derived_annotations_only,2026-06-02T14:47:48+00:00
15203,literature_discovery,https://pubmed.ncbi.nlm.nih.gov/27939059/,27939059,,10.1016/S0140-6736(16)31408-8,"Treatment of infantile-onset spinal muscular atrophy with nusinersen: a phase 2, open-label, dose-escalation study.",Lancet,2016,abstract_metadata_only,derived_annotations_only,2026-06-02T14:47:48+00:00
15206,literature_discovery,https://pubmed.ncbi.nlm.nih.gov/27378237/,27378237,PMC5023379,10.1038/mt.2016.111,Morpholino-mediated Knockdown of DUX4 Toward Facioscapulohumeral Muscular Dystrophy Therapeutics.,Mol Ther,2016,abstract_metadata_only,derived_annotations_only,2026-06-02T14:47:48+00:00
15336,literature_discovery,https://pubmed.ncbi.nlm.nih.gov/18420656/,18420656,PMC2396434,10.1093/nar/gkn190,Analysis of siRNA specificity on targets with double-nucleotide mismatches.,Nucleic Acids Res,2008,abstract_metadata_only,derived_annotations_only,2026-06-02T17:13:36+00:00
15362,literature_discovery,https://pubmed.ncbi.nlm.nih.gov/21047800/,21047800,PMC3061082,10.1093/nar/gkq961,Improved specificity of gene silencing by siRNAs containing unlocked nucleobase analogs.,Nucleic Acids Res,2011,abstract_metadata_only,derived_annotations_only,2026-06-02T17:13:36+00:00
15373,literature_discovery,https://pubmed.ncbi.nlm.nih.gov/21673662/,21673662,PMC3182346,10.1038/mt.2011.109,Modified siRNA structure with a single nucleotide bulge overcomes conventional siRNA-mediated off-target silencing.,Mol Ther,2011,abstract_metadata_only,derived_annotations_only,2026-06-02T17:13:36+00:00
15470,literature_discovery,https://pubmed.ncbi.nlm.nih.gov/19767612/,19767612,PMC2777430,10.1093/nar/gkp735,Off-target and a portion of target-specific siRNA mediated mRNA degradation is Ago2 'Slicer' independent and can be mediated by Ago1.,Nucleic Acids Res,2009,abstract_metadata_only,derived_annotations_only,2026-06-02T17:13:36+00:00
15558,literature_discovery,https://pubmed.ncbi.nlm.nih.gov/20453030/,20453030,PMC2943616,10.1093/nar/gkq341,A screen of chemical modifications identifies position-specific modification by UNA to most potently reduce siRNA off-target effects.,Nucleic Acids Res,2010,abstract_metadata_only,derived_annotations_only,2026-06-02T17:13:36+00:00
15837,literature_discovery,https://pubmed.ncbi.nlm.nih.gov/19815667/,19815667,PMC2794185,10.1093/nar/gkp835,Profiling of mismatch discrimination in RNAi enabled rational design of allele-specific siRNAs.,Nucleic Acids Res,2009,abstract_metadata_only,derived_annotations_only,2026-06-02T17:13:36+00:00
15845,literature_discovery,https://pubmed.ncbi.nlm.nih.gov/22258146/,22258146,PMC3342946,10.4161/rna.9.1.18121,Single base mismatches in the mRNA target site allow specific seed region-mediated off-target binding of siRNA targeting human coagulation factor 7.,RNA Biol,2012,abstract_metadata_only,derived_annotations_only,2026-06-02T17:13:36+00:00
16582,literature_discovery,https://pubmed.ncbi.nlm.nih.gov/24875475/,24875475,PMC4081087,10.1093/nar/gku480,siPools: highly complex but accurately defined siRNA pools eliminate off-target effects.,Nucleic Acids Res,2014,abstract_metadata_only,derived_annotations_only,2026-06-02T17:13:36+00:00
20894,literature_discovery,https://pubmed.ncbi.nlm.nih.gov/16091630/,16091630,PMC1184219,10.1093/nar/gki762,siRNA-mediated off-target gene silencing triggered by a 7 nt complementation.,Nucleic Acids Res,2005,abstract_metadata_only,derived_annotations_only,2026-06-02T17:13:36+00:00
21536,literature_discovery,https://pubmed.ncbi.nlm.nih.gov/18096615/,18096615,PMC2275081,10.1093/nar/gkm630,Knockdown of TNFR1 by the sense strand of an ICAM-1 siRNA: dissection of an off-target effect.,Nucleic Acids Res,2008,abstract_metadata_only,derived_annotations_only,2026-06-02T17:13:36+00:00
28684,literature_discovery,https://pubmed.ncbi.nlm.nih.gov/34994962/,34994962,PMC8766371,10.1007/s40291-021-00573-z,Reduction of Off-Target Effects of Gapmer Antisense Oligonucleotides by Oligonucleotide Extension.,Mol Diagn Ther,2022,abstract_metadata_only,derived_annotations_only,2026-06-02T17:13:36+00:00
28702,literature_discovery,https://pubmed.ncbi.nlm.nih.gov/34445083/,34445083,PMC8395096,10.3390/ijms22168378,High Concentration of an ISS-N1-Targeting Antisense Oligonucleotide Causes Massive Perturbation of the Transcriptome.,Int J Mol Sci,2021,abstract_metadata_only,derived_annotations_only,2026-06-02T17:13:36+00:00
31422,literature_discovery,https://pubmed.ncbi.nlm.nih.gov/25072142/,25072142,PMC4114480,10.1371/journal.pone.0101752,Defining the factors that contribute to on-target specificity of antisense oligonucleotides.,PLoS One,2014,abstract_metadata_only,derived_annotations_only,2026-06-02T17:13:36+00:00
