source_key,pmid,source_type,reuse_category,license_status,priority,notes
nar_database_guideline,,nar_guideline,derived_annotations_only,official_guideline,core,NAR Database Issue official requirements
oligotox_notice,,challenge_notice,derived_annotations_only,official_notice,core,NIH/NCATS OligoTox challenge notice
hybridization_offtarget_guidance,39912803,industry_guidance,derived_annotations_only,abstract_metadata_only,core,Updated industry recommendations for hybridization-dependent off-target risk
seedmatchr,38192001,tool_reference,derived_annotations_only,abstract_metadata_only,core,siRNA seed-mediated off-target detection in RNA-seq experiments
aso_toxicity_interplay,41078095,literature_signal,derived_annotations_only,abstract_metadata_only,core,ASO toxicity depends on sequence and chemical modification interplay
phosphorothioate_ddr,41760661,literature_signal,derived_annotations_only,abstract_metadata_only,core,Phosphorothioate ASO effects on DNA damage response
sirna_offtarget_modification_method,40877521,method_reference,derived_annotations_only,abstract_metadata_only,secondary,siRNA design method to reduce sequence-dependent off-target effects
galnac_sirna_pkpd,37589246,review_reference,derived_annotations_only,abstract_metadata_only,secondary,GalNAc-conjugated siRNA PK/PD and safety context
sirna_delivery_landscape,38204162,review_reference,derived_annotations_only,abstract_metadata_only,secondary,Nanoparticle-based siRNA delivery context
apoc3_sirna_aso_dyslipidemia,38334488,review_reference,derived_annotations_only,abstract_metadata_only,secondary,APOC3 siRNA and ASO therapy context
clinical_oligo_arrhythmia_risk,38362953,review_reference,derived_annotations_only,abstract_metadata_only,secondary,Proarrhythmic risk review for oligonucleotide therapeutics
asog_generator,41050468,tool_reference,derived_annotations_only,abstract_metadata_only,secondary,Antisense oligonucleotide generator comparator
ube3a_aso_trial,40646322,clinical_context,derived_annotations_only,abstract_metadata_only,secondary,ASO clinical trial context; not preclinical label source
pelacarsen_context,40781022,clinical_context,derived_annotations_only,abstract_metadata_only,secondary,ASO clinical context for Lp(a)
mechanistic_galnac_sirna_offtarget,40134378,literature_signal,derived_annotations_only,abstract_metadata_only,core,Mechanistic insights into hybridization-based off-target activity of GalNAc-siRNA conjugates
offtarget_preclinical_assessment_review,40721084,review_reference,derived_annotations_only,abstract_metadata_only,core,Off-target effects of oligonucleotides and preclinical assessment approaches
scn2a_individualized_aso,40263630,clinical_context,derived_annotations_only,abstract_metadata_only,secondary,Individualized ASO clinical context; use for safety/provenance fields only
pnpla3_aso_phase1,39798707,clinical_context,derived_annotations_only,abstract_metadata_only,secondary,PNPLA3 ASO phase I safety context
nusinersen_renal_hematological,39829133,clinical_context,derived_annotations_only,abstract_metadata_only,secondary,Nusinersen renal and hematological safety context
sirna_structural_modifications,38954918,review_reference,derived_annotations_only,abstract_metadata_only,secondary,Structural-guided modifications of siRNA
chemical_modifications_nat,40877500,method_reference,derived_annotations_only,abstract_metadata_only,secondary,Chemical modifications in nucleic acid therapeutics
aso_design_screening,40163297,method_reference,derived_annotations_only,abstract_metadata_only,secondary,ASO design and preliminary screening method
r_aso_readthrough,39011883,literature_signal,derived_annotations_only,abstract_metadata_only,secondary,Readthrough ASO mechanism; source-level curation candidate
amena_modified_aso_mcm8,40098305,literature_signal,derived_annotations_only,abstract_metadata_only,secondary,AmNA-modified ASO targeting MCM8
lp_a_agents_review,40430570,review_reference,derived_annotations_only,abstract_metadata_only,secondary,Lp(a)-lowering agents and oligonucleotide therapy context
apoc3_target_review,40679547,review_reference,derived_annotations_only,abstract_metadata_only,secondary,ApoC-III oligonucleotide therapeutic context
rna_therapeutics_cardiovascular,39998478,review_reference,derived_annotations_only,abstract_metadata_only,secondary,RNA therapeutics cardiovascular safety context
sirna_cardiac_failure_systematic,39214039,review_reference,derived_annotations_only,abstract_metadata_only,secondary,RNAi cardiac failure safety and effectiveness context
aso_neurodegenerative_review,40118328,review_reference,derived_annotations_only,abstract_metadata_only,secondary,ASO therapeutics for neurodegenerative disorders
aso_nervous_system_review,40534528,review_reference,derived_annotations_only,abstract_metadata_only,secondary,ASO nervous system review
small_nucleic_acid_trends,39309508,review_reference,derived_annotations_only,abstract_metadata_only,secondary,Small nucleic acid drug development trend review
pubmed_discovery_41467114,41467114,literature_discovery,derived_annotations_only,abstract_metadata_only,core,aso_toxicity_safety_2024_2026; score=12; Unraveling and controlling late-onset neurotoxicity of antisense oligonucleotides through strategic chemical modifications.
pubmed_discovery_41500580,41500580,literature_discovery,derived_annotations_only,abstract_metadata_only,core,aso_toxicity_safety_2024_2026; score=11; Predicting nucleic acid drug-induced nephrotoxicity using a 3D human renal proximal tubule spheroid model.
pubmed_discovery_41021771,41021771,literature_discovery,derived_annotations_only,abstract_metadata_only,core,"aso_toxicity_safety_2024_2026; score=10; Pharmacokinetics and Safety of Pelacarsen, a GalNAc(3)-Conjugated Antisense Oligonucleotide Targeting Apo(a), in Participants With Mild Hepatic Impairment."
pubmed_discovery_41994868,41994868,literature_discovery,derived_annotations_only,abstract_metadata_only,secondary,galnac_sirna_safety_2024_2026; score=9; Acyclic serinol nucleic acid modification of siRNAs overcomes seed region mediated off-target effects while maintaining potency.
pubmed_discovery_42176181,42176181,literature_discovery,derived_annotations_only,abstract_metadata_only,core,"sirna_offtarget_safety_2024_2026; score=8; Efficacy and Safety of Pegylated Interferon as Rescue Therapy for Patients with Chronic Hepatitis B Who Failed to Achieve Functional Cure After Antisense Oligonucleotides or Small Interfering RNA: A Prospective, Multicentre, Open-Label Randomized Controlled Trial (SPHERE) Protocol."
pubmed_discovery_42172871,42172871,literature_discovery,derived_annotations_only,abstract_metadata_only,core,"aso_toxicity_safety_2024_2026; score=8; Peptide-mediated delivery of an α-synuclein-targeting antisense oligonucleotide: Pharmacokinetics, safety, and central nervous system efficacy in a synucleinopathy model."
pubmed_discovery_42169802,42169802,literature_discovery,derived_annotations_only,abstract_metadata_only,core,aso_toxicity_safety_2024_2026; score=8; Correction to 'Integrating transcriptomics and proteomics to assess antisense oligonucleotide safety and efficacy: a time-resolved approach'.
pubmed_discovery_41918821,41918821,literature_discovery,derived_annotations_only,abstract_metadata_only,core,aso_toxicity_safety_2024_2026; score=8; Integrating transcriptomics and proteomics to assess antisense oligonucleotide safety and efficacy: a time-resolved approach.
pubmed_discovery_41863245,41863245,literature_discovery,derived_annotations_only,abstract_metadata_only,core,"aso_toxicity_safety_2024_2026; score=8; Challenges in the Stability, Safety, and Efficacy of Antisense Oligonucleotide Therapeutics."
pubmed_discovery_41792408,41792408,literature_discovery,derived_annotations_only,abstract_metadata_only,core,aso_toxicity_safety_2024_2026; score=8; Development of ARL4C antisense oligonucleotide with reduced off-target effects and enhanced efficacy as an anti-cancer drug.
pubmed_discovery_41755797,41755797,literature_discovery,derived_annotations_only,abstract_metadata_only,core,aso_toxicity_safety_2024_2026; score=8; Efficacy and safety of antisense oligonucleotide therapies targeting APoC-III in patients with severe hypertriglyceridemia: a meta-analysis of randomized controlled trials.
pubmed_discovery_41146386,41146386,literature_discovery,derived_annotations_only,abstract_metadata_only,core,"aso_toxicity_safety_2024_2026; score=8; Correction to ""Preclinical and Phase 1 Assessment of Antisense Oligonucleotide Bepirovirsenin Hepatitis B Virus-Transgenic Mice and Healthy Human Volunteers: Support for Clinical Dose Selection and Evaluation of Safety, Tolerability, and Pharmacokinetics of Single and Multiple Doses""."
pubmed_discovery_41186228,41186228,literature_discovery,derived_annotations_only,abstract_metadata_only,core,"aso_toxicity_safety_2024_2026; score=8; Safety, pharmacokinetics, and pharmacodynamics of the antisense oligonucleotide RO7239958 in healthy volunteers and adults with chronic hepatitis B infection."
pubmed_discovery_39850319,39850319,literature_discovery,derived_annotations_only,abstract_metadata_only,core,phosphorothioate_aso_safety_2024_2026; score=8; In vivo efficacy and safety of systemically administered serinol nucleic acid-modified antisense oligonucleotides in mouse kidney.
pubmed_discovery_42070763,42070763,literature_discovery,derived_annotations_only,abstract_metadata_only,secondary,galnac_sirna_safety_2024_2026; score=7; Targeted knockdown of hepatic XDH via GalNAc-siRNA alleviates hyperuricaemia and renal injury in UOX(-/-) mice.
pubmed_discovery_41978261,41978261,literature_discovery,derived_annotations_only,abstract_metadata_only,core,phosphorothioate_aso_safety_2024_2026; score=7; Phosphorothioate antisense oligonucleotide induced innate immune activation is attenuated by tryptophan oxidation products.
pubmed_discovery_41494985,41494985,literature_discovery,derived_annotations_only,abstract_metadata_only,core,phosphorothioate_aso_safety_2024_2026; score=7; Acute neuronal inhibition response caused by phosphorothioate antisense oligonucleotides following local delivery to the central nervous system.
pubmed_discovery_40685980,40685980,literature_discovery,derived_annotations_only,abstract_metadata_only,core,phosphorothioate_aso_safety_2024_2026; score=7; Characterizing Antibodies Targeting Antisense Oligonucleotide Phosphorothioate and 2'-O-Methoxyethyl Modifications for Intracellular Trafficking and Biodistribution Studies.
pubmed_discovery_38660533,38660533,literature_discovery,derived_annotations_only,abstract_metadata_only,core,phosphorothioate_aso_safety_2024_2026; score=7; Inhibition of survivin by 2'-O-methyl phosphorothioate-modified steric-blocking antisense oligonucleotides.
pubmed_discovery_41382137,41382137,literature_discovery,derived_annotations_only,abstract_metadata_only,core,aso_toxicity_safety_2024_2026; score=6; Transcriptome-wide association study revealed novel causal genes of renal-biopsy proven diabetic nephropathy.
pubmed_discovery_40899091,40899091,literature_discovery,derived_annotations_only,abstract_metadata_only,secondary,galnac_sirna_safety_2024_2026; score=6; Use of a Transgenic Human PNPLA3(I148M) Knock-in Mouse for Translational Safety Evaluations of siRNA Therapeutics.
pubmed_discovery_40151235,40151235,literature_discovery,derived_annotations_only,abstract_metadata_only,secondary,galnac_sirna_safety_2024_2026; score=6; General Platform for Efficient and Modular Assembly of GalNAc-siRNA Conjugates via Primary Amines and o-Nitrobenzyl Alcohol Cyclization Photoclick Chemistry Enabling Rapid Access to Therapeutic Oligonucleotides.
pubmed_discovery_42186366,42186366,literature_discovery,derived_annotations_only,abstract_metadata_only,core,sirna_offtarget_safety_2024_2026; score=4; In Vivo Assessment of dbDNA GNE(wt)/bi-shRNA-GNE(M743T) Lipoplex for GNE Myopathy: Improved Potency and Safety.
pubmed_discovery_42176239,42176239,literature_discovery,derived_annotations_only,abstract_metadata_only,core,"aso_toxicity_safety_2024_2026; score=4; Safety, pharmacokinetics and antiviral activity of AHB‑137 in healthy volunteers and chronic hepatitis B patients: a phase 1a/1b study."
pubmed_discovery_42169510,42169510,literature_discovery,derived_annotations_only,abstract_metadata_only,core,sirna_offtarget_safety_2024_2026; score=4; Efficacy and Safety of Oral PCSK9 Inhibitors: Insights from a Meta-analysis of RCTS.
pubmed_discovery_42149053,42149053,literature_discovery,derived_annotations_only,abstract_metadata_only,secondary,galnac_sirna_safety_2024_2026; score=4; GalNAc-modified five-component lipid nanoparticles for liver-targeted delivery of p65 siRNA to alleviate cytokine storm in liver injury via NF-κB targeting.
pubmed_discovery_42112102,42112102,literature_discovery,derived_annotations_only,abstract_metadata_only,secondary,galnac_sirna_safety_2024_2026; score=4; A computational model-powered platform to inform the development of GalNAc-conjugated siRNA therapeutics.
pubmed_discovery_42095135,42095135,literature_discovery,derived_annotations_only,abstract_metadata_only,core,aso_toxicity_safety_2024_2026; score=4; Development of an exon 27-skipping antisense oligonucleotide as a targeted therapy for refractory skin ulcers in Werner syndrome.
pubmed_discovery_42077110,42077110,literature_discovery,derived_annotations_only,abstract_metadata_only,core,aso_toxicity_safety_2024_2026; score=4; Rat and Rabbit Whole-Embryo Culture as a New Approach Method for Unlabeled Therapeutic Antisense Oligonucleotide Hazard Identification with No Requirement for Microinjection or Assisted Transfection.
pubmed_discovery_42018666,42018666,literature_discovery,derived_annotations_only,abstract_metadata_only,core,aso_toxicity_safety_2024_2026; score=4; Preclinical evaluation of antisense oligonucleotide therapy in a mouse model of HNRNPH2-related neurodevelopmental disorder.
pubmed_discovery_41981306,41981306,literature_discovery,derived_annotations_only,abstract_metadata_only,core,aso_toxicity_safety_2024_2026; score=4; Antisense oligonucleotide-mediated knockdown therapy in two infants with severe KCNT1 epileptic encephalopathy.
pubmed_discovery_41949334,41949334,literature_discovery,derived_annotations_only,abstract_metadata_only,secondary,galnac_sirna_safety_2024_2026; score=4; A Long-Term Human Liver Spheroid Model for Assessing Silencing and Durability of GalNAc-Conjugated siRNAs.
pubmed_discovery_41943994,41943994,literature_discovery,derived_annotations_only,abstract_metadata_only,core,aso_toxicity_safety_2024_2026; score=4; Efficacy and Safety of Olezarsen in Hypertriglyceridemia: An Updated Meta-Analysis of Randomised Controlled Trials.
pubmed_discovery_41887560,41887560,literature_discovery,derived_annotations_only,abstract_metadata_only,core,aso_toxicity_safety_2024_2026; score=4; Efficacy and Safety of Olezarsen for the Management of Dyslipidemia: An Updated Systematic Review and Meta-Analysis of Randomized Controlled Trials.
pubmed_discovery_41878536,41878536,literature_discovery,derived_annotations_only,abstract_metadata_only,core,aso_toxicity_safety_2024_2026; score=4; Targeting TLK2 with antisense oligonucleotides as a new strategy in acute myeloid leukemia.
pubmed_discovery_41876647,41876647,literature_discovery,derived_annotations_only,abstract_metadata_only,core,aso_toxicity_safety_2024_2026; score=4; LRRK2-targeting antisense oligonucleotide in Parkinson's disease: a phase 1 randomized controlled trial.
pubmed_discovery_41813449,41813449,literature_discovery,derived_annotations_only,abstract_metadata_only,core,"aso_toxicity_safety_2024_2026; score=4; A prospective, multi-center, observational study of the safety, tolerability and effectiveness of Nusinersen in adult patients with spinal muscular atrophy."
pubmed_discovery_41754970,41754970,literature_discovery,derived_annotations_only,abstract_metadata_only,core,aso_toxicity_safety_2024_2026; score=4; Unconventional Lysine-Type Lipid Assemblies Enable Efficient Antisense Oligonucleotide Delivery with Distinct Structural Features.
pubmed_discovery_41711123,41711123,literature_discovery,derived_annotations_only,abstract_metadata_only,core,"aso_toxicity_safety_2024_2026; score=4; Investigating the Biophysical Properties and In Vivo Activity of 7',5'-Alpha-Bicyclo-DNA Phosphodiester Backbone Gapmer Antisense Oligonucleotides."
pubmed_discovery_41663223,41663223,literature_discovery,derived_annotations_only,abstract_metadata_only,core,"aso_toxicity_safety_2024_2026; score=4; Synthesis, characterization, and application of sorbents for the mixed-mode extraction of antisense oligonucleotides from cerebrospinal fluid samples."
pubmed_discovery_41624332,41624332,literature_discovery,derived_annotations_only,abstract_metadata_only,core,aso_toxicity_safety_2024_2026; score=4; Atrophin-1 antisense oligonucleotide provides robust protection from pathology in a fully humanized DRPLA model.
pubmed_discovery_41541269,41541269,literature_discovery,derived_annotations_only,abstract_metadata_only,secondary,galnac_sirna_safety_2024_2026; score=4; Ribofuranose-based GalNAc-conjugated siRNA enhances the liver-targeted delivery and elicits robust RNAi-mediated gene silencing.
pubmed_discovery_41484831,41484831,literature_discovery,derived_annotations_only,abstract_metadata_only,core,aso_toxicity_safety_2024_2026; score=4; Antisense Oligonucleotide Therapeutics Targeting Age-Related Diseases.
pubmed_discovery_41388232,41388232,literature_discovery,derived_annotations_only,abstract_metadata_only,secondary,galnac_sirna_safety_2024_2026; score=4; Platform Assessment of Concentration-QTc Relationship Across GalNAc-siRNA Molecules.
pubmed_discovery_41314857,41314857,literature_discovery,derived_annotations_only,abstract_metadata_only,core,phosphorothioate_aso_safety_2024_2026; score=4; Unveiling Liver Micro-Distribution: NanoSIMS Imaging Reveals Critical Intracellular Distribution of Chemically Modified Antisense Oligonucleotides.
pubmed_discovery_41248931,41248931,literature_discovery,derived_annotations_only,abstract_metadata_only,core,phosphorothioate_aso_safety_2024_2026; score=4; Targeting a Pathogenic Variant Creating an Upstream AUG in the ENG 5' Untranslated Region with Antisense Oligonucleotides Fails to Restore Protein Expression.
pubmed_discovery_41145035,41145035,literature_discovery,derived_annotations_only,abstract_metadata_only,core,aso_toxicity_safety_2024_2026; score=4; Carrier-free self-assembled nanodrug with responsive release of carbon monoxide and antisense oligonucleotide for synergistic tumor therapy.
pubmed_discovery_41085094,41085094,literature_discovery,derived_annotations_only,abstract_metadata_only,core,"aso_toxicity_safety_2024_2026; score=4; A Phase 1, Randomized, Open-Label, Parallel Group Study to Evaluate the Relative Bioavailability and Safety of Subcutaneous Bepirovirsen when Delivered from a Vial or Prefilled Syringe Fitted with a Safety Syringe Device in Healthy Adult Participants."
pubmed_discovery_41465141,41465141,literature_discovery,derived_annotations_only,abstract_metadata_only,core,aso_toxicity_safety_2024_2026; score=4; Artificial Intelligence-Driven Design of Antisense Oligonucleotides for Precision Medicine in Neuromuscular Disorders.
pubmed_discovery_41457341,41457341,literature_discovery,derived_annotations_only,abstract_metadata_only,secondary,galnac_sirna_safety_2024_2026; score=4; Proceedings of the 2024 Classic Examples in Toxicologic Pathology XXXI.
pubmed_discovery_41323696,41323696,literature_discovery,derived_annotations_only,abstract_metadata_only,core,aso_toxicity_safety_2024_2026; score=4; Glycogen for Smyd3-antisense oligonucleotide delivery and enhanced liver cancer gene therapy.
pubmed_discovery_41280074,41280074,literature_discovery,derived_annotations_only,abstract_metadata_only,core,aso_toxicity_safety_2024_2026; score=4; Preclinical evaluation of antisense oligonucleotide therapy in a mouse model of HNRNPH2-related neurodevelopmental disorder.
pubmed_discovery_41166443,41166443,literature_discovery,derived_annotations_only,abstract_metadata_only,core,phosphorothioate_aso_safety_2024_2026; score=4; Improved targeted delivery of antisense oligonucleotide with an antibody mask.
pubmed_discovery_41092767,41092767,literature_discovery,derived_annotations_only,abstract_metadata_only,core,aso_toxicity_safety_2024_2026; score=4; Enhancement of antitumor immunity by CTLA-4 antisense oligonucleotides with CpG motif in mice.
pubmed_discovery_41031595,41031595,literature_discovery,derived_annotations_only,abstract_metadata_only,core,phosphorothioate_aso_safety_2024_2026; score=4; Mass Spectrometry Imaging Reveals the Distribution of a GABRG2 Targeting Antisense Oligonucleotide and Its Functional Effect in Rat Brain.
pubmed_discovery_41012491,41012491,literature_discovery,derived_annotations_only,abstract_metadata_only,secondary,galnac_sirna_safety_2024_2026; score=4; Whole-Body Physiologically Based Pharmacokinetic-Pharmacodynamic Modeling for Interspecies Translation and Mechanistic Characterization of Plasma and Tissue Disposition of GalNAc-siRNAs.
pubmed_discovery_40962198,40962198,literature_discovery,derived_annotations_only,abstract_metadata_only,core,phosphorothioate_aso_safety_2024_2026; score=4; Advancing antisense oligonucleotide delivery through click chemistry based chemical conjugation with designed short non-cationic peptides for Duchenne muscular dystrophy.
pubmed_discovery_40720032,40720032,literature_discovery,derived_annotations_only,abstract_metadata_only,core,phosphorothioate_aso_safety_2024_2026; score=4; Pre-mRNA Splicing Modulation by Antisense Oligonucleotides.
pubmed_discovery_40418024,40418024,literature_discovery,derived_annotations_only,abstract_metadata_only,secondary,galnac_sirna_safety_2024_2026; score=4; Differential Protein Precipitation-Based GalNAc-siRNA Sample Preparation with LC/MS Method Development Workflow in Plasma.
pubmed_discovery_40317426,40317426,literature_discovery,derived_annotations_only,abstract_metadata_only,secondary,galnac_sirna_safety_2024_2026; score=4; Prediction of Interspecies Translation for Targeting Delivery Coefficients of GalNAc-siRNA Silencing Apolipoprotein C-III Using a Mechanistic Minimal Physiologically Based Pharmacokinetic/Pharmacodynamic Model.
pubmed_discovery_40111412,40111412,literature_discovery,derived_annotations_only,abstract_metadata_only,core,phosphorothioate_aso_safety_2024_2026; score=4; A toxic gain-of-function variant in MAPK8IP3 provides insights into JIP3 cellular roles.
pubmed_discovery_39974630,39974630,literature_discovery,derived_annotations_only,abstract_metadata_only,core,phosphorothioate_aso_safety_2024_2026; score=4; A Bioanalytical Liquid Chromatography Tandem Mass Spectrometry Approach for the Quantification of a Novel Antisense Oligonucleotide Designed for Parkinson's Disease: A Rat Brain Biodistribution Study.
pubmed_discovery_39916530,39916530,literature_discovery,derived_annotations_only,abstract_metadata_only,core,phosphorothioate_aso_safety_2024_2026; score=4; Targeting a Novel Site in Exon 51 with Antisense Oligonucleotides Induces Enhanced Exon Skipping in a Mouse Model of Duchenne Muscular Dystrophy.
pubmed_discovery_39861717,39861717,literature_discovery,derived_annotations_only,abstract_metadata_only,secondary,galnac_sirna_safety_2024_2026; score=4; Whole-Body Physiologically Based Pharmacokinetic Modeling of GalNAc-Conjugated siRNAs.
pubmed_discovery_39126396,39126396,literature_discovery,derived_annotations_only,abstract_metadata_only,core,"phosphorothioate_aso_safety_2024_2026; score=4; Tissue distribution of renadirsen sodium, a dystrophin exon-skipping antisense oligonucleotide, in heart and diaphragm after subcutaneous administration to cynomolgus monkeys."
pubmed_discovery_39911828,39911828,literature_discovery,derived_annotations_only,abstract_metadata_only,core,phosphorothioate_aso_safety_2024_2026; score=4; Characterizing the plasma protein binding profiles of chemistry diversified antisense oligonucleotides in human and mouse plasma using an ultrafiltration method.
pubmed_discovery_39168524,39168524,literature_discovery,derived_annotations_only,abstract_metadata_only,secondary,"galnac_sirna_safety_2024_2026; score=4; Nonclinical Pharmacokinetics Study of OLX702A-075-16, N-Acetylgalactosamine Conjugated Asymmetric Small Interfering RNA (GalNAc-asiRNA)."
pubmed_discovery_39128879,39128879,literature_discovery,derived_annotations_only,abstract_metadata_only,core,phosphorothioate_aso_safety_2024_2026; score=4; Accessing Therapeutically-Relevant Multifunctional Antisense Oligonucleotide Conjugates Using Native Chemical Ligation.
pubmed_discovery_39062597,39062597,literature_discovery,derived_annotations_only,abstract_metadata_only,core,phosphorothioate_aso_safety_2024_2026; score=4; Rational Design of Chimeric Antisense Oligonucleotides on a Mixed PO-PS Backbone for Splice-Switching Applications.
pubmed_discovery_39027419,39027419,literature_discovery,derived_annotations_only,abstract_metadata_only,core,phosphorothioate_aso_safety_2024_2026; score=4; Preclinical evaluation of stereopure antisense oligonucleotides for allele-selective lowering of mutant HTT.
pubmed_discovery_38981217,38981217,literature_discovery,derived_annotations_only,abstract_metadata_only,core,phosphorothioate_aso_safety_2024_2026; score=4; In vitro screening of chemically synthesized dipeptide-antisense oligonucleotide conjugates to identify ligand molecules enhancing their activity.
pubmed_discovery_38841435,38841435,literature_discovery,derived_annotations_only,abstract_metadata_only,secondary,galnac_sirna_safety_2024_2026; score=4; Analysis of the pharmacokinetics and efficacy of RBD1016 - A GalNAc-siRNA targeting Hepatitis B Virus X gene using semi-mechanistic PK/PD model.
pubmed_discovery_38773176,38773176,literature_discovery,derived_annotations_only,abstract_metadata_only,core,phosphorothioate_aso_safety_2024_2026; score=4; Introduction of sugar-modified nucleotides into CpG-containing antisense oligonucleotides inhibits TLR9 activation.
pubmed_discovery_38748545,38748545,literature_discovery,derived_annotations_only,abstract_metadata_only,core,phosphorothioate_aso_safety_2024_2026; score=4; Antisense Oligonucleotide as a New Technology Application for CsLOB1 Gene Silencing Aiming at Citrus Canker Resistance.
pubmed_discovery_38742636,38742636,literature_discovery,derived_annotations_only,abstract_metadata_only,secondary,galnac_sirna_safety_2024_2026; score=4; Evaluating the oral delivery of GalNAc-conjugated siRNAs in rodents and non-human primates.
pubmed_discovery_38501046,38501046,literature_discovery,derived_annotations_only,abstract_metadata_only,core,phosphorothioate_aso_safety_2024_2026; score=4; Structure-activity relationship study of mesyl and busyl phosphoramidate antisense oligonucleotides for unaided and PSMA-mediated uptake into prostate cancer cells.
pubmed_discovery_38155279,38155279,literature_discovery,derived_annotations_only,abstract_metadata_only,secondary,galnac_sirna_safety_2024_2026; score=4; Targeting lncRNA16 by GalNAc-siRNA conjugates facilitates chemotherapeutic sensibilization via the HBB/NDUFAF5/ROS pathway.
pubmed_discovery_37980543,37980543,literature_discovery,derived_annotations_only,abstract_metadata_only,secondary,galnac_sirna_safety_2024_2026; score=4; GalNAc-conjugated siRNA targeting the DNAJB1-PRKACA fusion junction in fibrolamellar hepatocellular carcinoma.
pubmed_discovery_37871778,37871778,literature_discovery,derived_annotations_only,abstract_metadata_only,secondary,galnac_sirna_safety_2024_2026; score=4; Mechanistic Pharmacokinetics and Pharmacodynamics of GalNAc-siRNA: Translational Model Involving Competitive Receptor-Mediated Disposition and RISC-Dependent Gene Silencing Applied to Givosiran.
pubmed_discovery_42205867,42205867,literature_discovery,derived_annotations_only,abstract_metadata_only,core,sirna_offtarget_safety_2024_2026; score=3; CA9-Targeted Liposomal Delivery of siETS1 Inhibits Clear Cell Renal Cell Carcinoma Progression by Disrupting the ETS1/MYC Regulatory Axis.
pubmed_discovery_40134366,40134366,literature_discovery,derived_annotations_only,abstract_metadata_only,core,"aso_toxicity_safety_2024_2026; score=16; Hepatotoxicity Reduction Profiles of Antisense Oligonucleotides Containing Amido-Bridged Nucleic Acid and 2'-O,4'-C-Spirocyclopropylene Bridged Nucleic Acid."
pubmed_discovery_38648015,38648015,literature_discovery,derived_annotations_only,abstract_metadata_only,core,oligo_therapeutics_safety_2023_2026; score=15; Sequence- and Structure-Dependent Cytotoxicity of Phosphorothioate and 2'-O-Methyl Modified Single-Stranded Oligonucleotides.
pubmed_discovery_38978695,38978695,literature_discovery,derived_annotations_only,abstract_metadata_only,core,"chemical_modification_oligo_safety_2023_2026; score=14; Favorable efficacy and reduced acute neurotoxicity by antisense oligonucleotides with 2',4'-BNA/LNA with 9-(aminoethoxy)phenoxazine."
pubmed_discovery_39585752,39585752,literature_discovery,derived_annotations_only,abstract_metadata_only,core,aso_toxicity_safety_2024_2026; score=12; A Combined Fertility and Developmental Toxicity Study with an Antisense Oligonucleotide Targeting Murine Apolipoprotein C-III mRNA in Mice.
pubmed_discovery_38227794,38227794,literature_discovery,derived_annotations_only,abstract_metadata_only,core,chemical_modification_oligo_safety_2023_2026; score=12; Safety and Tolerability of GalNAc(3)-Conjugated Antisense Drugs Compared to the Same-Sequence 2'-O-Methoxyethyl-Modified Antisense Drugs: Results from an Integrated Assessment of Phase 1 Clinical Trial Data.
pubmed_discovery_41820295,41820295,literature_discovery,derived_annotations_only,abstract_metadata_only,core,chemical_modification_oligo_safety_2023_2026; score=10; Reduced Genotoxicity Testing Is Possible for Noncoding Oligonucleotide-Based Therapeutics Containing Well-Characterized Modifications: A European Regulatory Perspective.
pubmed_discovery_39846858,39846858,literature_discovery,derived_annotations_only,abstract_metadata_only,core,oligo_therapeutics_safety_2023_2026; score=10; Opportunities for More Tailored Approaches to Genotoxicity Testing and Carcinogenicity Strategy for Oligonucleotide Therapeutics: Outcome of an Industry Survey.
pubmed_discovery_39554992,39554992,literature_discovery,derived_annotations_only,abstract_metadata_only,core,oligo_therapeutics_safety_2023_2026; score=10; Preventing acute neurotoxicity of CNS therapeutic oligonucleotides with the addition of Ca(2+) and Mg(2+) in the formulation.
pubmed_discovery_38895198,38895198,literature_discovery,derived_annotations_only,abstract_metadata_only,core,oligo_therapeutics_safety_2023_2026; score=10; Preventing acute neurotoxicity of CNS therapeutic oligonucleotides with the addition of Ca(2+) and Mg(2+) in the formulation.
pubmed_discovery_38089931,38089931,literature_discovery,derived_annotations_only,abstract_metadata_only,core,"oligo_therapeutics_safety_2023_2026; score=10; Dendritic amphiphilic siRNA: Selective albumin binding, in vivo efficacy, and low toxicity."
pubmed_discovery_37567502,37567502,literature_discovery,derived_annotations_only,abstract_metadata_only,core,chemical_modification_oligo_safety_2023_2026; score=10; A holistic analysis of the intrinsic and delivery-mediated toxicity of siRNA therapeutics.
pubmed_discovery_41950836,41950836,literature_discovery,derived_annotations_only,abstract_metadata_only,secondary,oligo_prediction_benchmark_2023_2026; score=9; Combined toxicity prediction of deoxynivalenol and fumonisin B(1) by physiologically based toxicokinetic modelling and in vitro toxicity mechanism study on astrocyte-like C6 cells.
pubmed_discovery_42102394,42102394,literature_discovery,derived_annotations_only,abstract_metadata_only,core,aso_offtarget_transcriptome_2023_2026; score=8; Novel Mechanism of and Therapeutic Approach for Anthracycline-Induced Cardiotoxicity (AIC).
pubmed_discovery_42067012,42067012,literature_discovery,derived_annotations_only,abstract_metadata_only,core,sirna_seed_transcriptome_2023_2026; score=8; GPD1-mediated neuronal lipotoxicity drives aconitine-induced mitochondrial collapse and lethality.
pubmed_discovery_42049637,42049637,literature_discovery,derived_annotations_only,abstract_metadata_only,core,sirna_seed_transcriptome_2023_2026; score=8; Clotrimazole-Mediated Autophagy to Protect Against Cisplatin-Induced Ototoxicity via the AMPK/mTOR/TFEB Pathway in Mice.
pubmed_discovery_42044856,42044856,literature_discovery,derived_annotations_only,abstract_metadata_only,core,sirna_seed_transcriptome_2023_2026; score=8; Cold-induced Cpt1 repression uncouples lipid mobilization from oxidation and drives lipotoxicity during honeybee metamorphosis.
pubmed_discovery_42031540,42031540,literature_discovery,derived_annotations_only,abstract_metadata_only,core,aso_immune_complement_safety_2023_2026; score=8; Prosopis africana Pod Methanolic Extract Attenuates Multi-Metal Oxidative Injury in Thyroid and Thymus: Evidence for Nrf2/NF-κB Modulation and Implications for Environmental Toxicity.
pubmed_discovery_41979221,41979221,literature_discovery,derived_annotations_only,abstract_metadata_only,secondary,lnp_oligo_delivery_safety_2023_2026; score=8; G-quadruplexes as therapeutic platforms for anticancer drug delivery: from intrinsic cytotoxicity to drug delivery and nanotechnology.
pubmed_discovery_41948821,41948821,literature_discovery,derived_annotations_only,abstract_metadata_only,secondary,sirna_clinical_safety_2023_2026; score=8; EV-Mediated Intracardiac Crosstalk Mitigates Doxorubicin-Induced Cardiotoxicity.
pubmed_discovery_40967408,40967408,literature_discovery,derived_annotations_only,abstract_metadata_only,core,aso_immune_complement_safety_2023_2026; score=8; Safety and efficacy of KRAS antisense oligonucleotides and RIG-I agonists delivered by extracellular vesicles for pancreatic cancer peritoneal metastasis treatment.
pubmed_discovery_40828490,40828490,literature_discovery,derived_annotations_only,abstract_metadata_only,core,aso_immune_complement_safety_2023_2026; score=8; Correction: A phase 3 study of the efficacy and safety of avatrombopag in Japanese adults with chronic immune thrombocytopenia.
pubmed_discovery_40392465,40392465,literature_discovery,derived_annotations_only,abstract_metadata_only,core,aso_immune_complement_safety_2023_2026; score=8; A phase 3 study of the efficacy and safety of avatrombopag in Japanese adults with chronic immune thrombocytopenia.
pubmed_discovery_40119340,40119340,literature_discovery,derived_annotations_only,abstract_metadata_only,core,"aso_toxicity_safety_2024_2026; score=8; Safety and efficacy of antisense oligonucleotides on triglyceride, apolipoprotein C-III, and other lipid parameters levels in hypertriglyceridemia; a network meta-analysis of randomized controlled trials."
pubmed_discovery_40101742,40101742,literature_discovery,derived_annotations_only,abstract_metadata_only,core,aso_toxicity_safety_2024_2026; score=8; Cellular immune changes during severe antisense oligonucleotide-associated thrombocytopenia in a nonhuman primate model.
pubmed_discovery_39569667,39569667,literature_discovery,derived_annotations_only,abstract_metadata_only,core,"chemical_modification_oligo_safety_2023_2026; score=8; Synthesis of LNA gapmers that replace a phosphorothioate linkage with a sulfonamide in the gap region, and their ability to form duplexes with complementary RNA targets."
pubmed_discovery_39500647,39500647,literature_discovery,derived_annotations_only,abstract_metadata_only,core,"aso_toxicity_safety_2024_2026; score=8; A phase I study assessing the safety and tolerability of SPL84, an inhaled antisense oligonucleotide for treatment of cystic fibrosis patients with the 3849 +10kb C->T."
pubmed_discovery_39164364,39164364,literature_discovery,derived_annotations_only,abstract_metadata_only,core,oligo_therapeutics_safety_2023_2026; score=8; Molsidomine provides neuroprotection against vincristine-induced peripheral neurotoxicity through soluble guanylyl cyclase activation.
pubmed_discovery_39119918,39119918,literature_discovery,derived_annotations_only,abstract_metadata_only,core,"chemical_modification_oligo_safety_2023_2026; score=8; Efficacy, biodistribution and safety comparison of chemically modified antisense oligonucleotides in the retina."
pubmed_discovery_38042877,38042877,literature_discovery,derived_annotations_only,abstract_metadata_only,core,chemical_modification_oligo_safety_2023_2026; score=8; Dynamic and static control of the off-target interactions of antisense oligonucleotides using toehold chemistry.
pubmed_discovery_37638886,37638886,literature_discovery,derived_annotations_only,abstract_metadata_only,core,"chemical_modification_oligo_safety_2023_2026; score=8; Shorter Is Better: The α-(l)-Threofuranosyl Nucleic Acid Modification Improves Stability, Potency, Safety, and Ago2 Binding and Mitigates Off-Target Effects of Small Interfering RNAs."
pubmed_discovery_37185731,37185731,literature_discovery,derived_annotations_only,abstract_metadata_only,core,chemical_modification_oligo_safety_2023_2026; score=8; Inhibitory Effect of Phosphorothioate Oligonucleotide Complementary to G6PD mRNA on Murine Melanoma.
pubmed_discovery_37021418,37021418,literature_discovery,derived_annotations_only,abstract_metadata_only,core,chemical_modification_oligo_safety_2023_2026; score=8; MiR-142-3p is a Critical Modulator of TNF-mediated Neuronal Toxicity in Multiple Sclerosis.
pubmed_discovery_36454263,36454263,literature_discovery,derived_annotations_only,abstract_metadata_only,core,chemical_modification_oligo_safety_2023_2026; score=8; Integrated Assessment of Phase 2 Data on GalNAc(3)-Conjugated 2'-O-Methoxyethyl-Modified Antisense Oligonucleotides.
pubmed_discovery_42042810,42042810,literature_discovery,derived_annotations_only,abstract_metadata_only,core,aso_immune_complement_safety_2023_2026; score=7; CTLA-4 Antisense Oligonucleotide Contributes to Enhanced Immunogenicity of an Adjuvanted Recombinant Sporothrix spp. Enolase Antigen.
pubmed_discovery_41551726,41551726,literature_discovery,derived_annotations_only,abstract_metadata_only,core,aso_offtarget_transcriptome_2023_2026; score=7; A therapeutic antisense oligonucleotide encompassing 2'-O-methoxyethyl modification triggers unique perturbation of the transcriptome.
pubmed_discovery_41359415,41359415,literature_discovery,derived_annotations_only,abstract_metadata_only,core,"aso_offtarget_transcriptome_2023_2026; score=7; Letter: Correspondence on Damle, S.S., et al. (2025) A Workflow for Transcriptome-Wide Assessment of Antisense Oligonucleotide Selectivity. Nucleic Acid Therapeutics."
pubmed_discovery_41204722,41204722,literature_discovery,derived_annotations_only,abstract_metadata_only,core,"aso_immune_complement_safety_2023_2026; score=7; Immunogenicity Risk Assessment for Nucleic Acid Therapeutics: A Comprehensive Evaluation for ASO, siRNA, and Nonvaccine mRNA/LNP Therapies by the IQ Consortium."
pubmed_discovery_41021289,41021289,literature_discovery,derived_annotations_only,abstract_metadata_only,core,aso_offtarget_transcriptome_2023_2026; score=7; A Workflow for Transcriptome-Wide Assessment of Antisense Oligonucleotide Selectivity.
pubmed_discovery_40034209,40034209,literature_discovery,derived_annotations_only,abstract_metadata_only,core,chemical_modification_oligo_safety_2023_2026; score=7; SNA-modified antisense oligonucleotides: A new pathway for renal targeting?
pubmed_discovery_39772540,39772540,literature_discovery,derived_annotations_only,abstract_metadata_only,core,aso_toxicity_safety_2024_2026; score=7; The Influence of Length and Sequence of Complementary Oligonucleotides on the Spectral and Time-Resolved Fluorescence Properties of an H-Type Excitonic Dimer-Bearing Antisense Oligonucleotide.
pubmed_discovery_36631935,36631935,literature_discovery,derived_annotations_only,abstract_metadata_only,core,chemical_modification_oligo_safety_2023_2026; score=7; Correlations between preclinical BJAB assay ranking of antisense drugs and clinical trial adverse events.
pubmed_discovery_42052104,42052104,literature_discovery,derived_annotations_only,abstract_metadata_only,core,"sirna_seed_transcriptome_2023_2026; score=6; Safety and Pharmacokinetics of SRN001, a Novel siRNA Drug Targeting Amphiregulin via the SAMiRNA Platform."
pubmed_discovery_42030965,42030965,literature_discovery,derived_annotations_only,abstract_metadata_only,core,"aso_immune_complement_safety_2023_2026; score=6; Efficacy and safety of cemdisiran siRNA in myasthenia gravis (NIMBLE): a double-blind, randomised, placebo-controlled, phase 3 trial."
pubmed_discovery_41984094,41984094,literature_discovery,derived_annotations_only,abstract_metadata_only,secondary,lnp_oligo_delivery_safety_2023_2026; score=6; Imaging and safety profiling of inhaled siRNA RyR2 in human respiratory models.
pubmed_discovery_41970250,41970250,literature_discovery,derived_annotations_only,abstract_metadata_only,secondary,galnac_sirna_safety_2024_2026; score=6; Dual targeted gene delivery strategy mediated by GalNAc-modified lipid nanoparticles enhances liver regeneration through specific knockdown of MKK4.
pubmed_discovery_41669684,41669684,literature_discovery,derived_annotations_only,abstract_metadata_only,secondary,sirna_clinical_safety_2023_2026; score=6; Efficacy and safety of small interfering RNA (siRNA) therapies for hypertriglyceridemia and mixed dyslipidemia: an updated systematic review and meta-analysis.
pubmed_discovery_41646886,41646886,literature_discovery,derived_annotations_only,abstract_metadata_only,core,chemical_modification_oligo_safety_2023_2026; score=6; 2'-Ribose-modified nucleotides: A strategy for reducing off-target effects of oligonucleotide drugs.
pubmed_discovery_41616799,41616799,literature_discovery,derived_annotations_only,abstract_metadata_only,secondary,"sirna_clinical_safety_2023_2026; score=6; Efficacy and safety of inclisiran in adolescents with heterozygous familial hypercholesterolaemia (ORION-16): a two-part, randomised, multicentre clinical trial."
pubmed_discovery_41565351,41565351,literature_discovery,derived_annotations_only,abstract_metadata_only,core,oligo_therapeutics_safety_2023_2026; score=6; An Industry Perspective on Key Considerations for the ICH S13 Guidance: Nonclinical Safety Evaluations of Oligonucleotide-Based Therapeutics.
pubmed_discovery_41467115,41467115,literature_discovery,derived_annotations_only,abstract_metadata_only,core,chemical_modification_oligo_safety_2023_2026; score=6; An siRMSD parameter of structural distortion induced by chemical modification is predictive of the off-target effect of siRNA.
pubmed_discovery_41451936,41451936,literature_discovery,derived_annotations_only,abstract_metadata_only,core,chemical_modification_oligo_safety_2023_2026; score=6; Synthesis of 4'-C-α-Aminoethoxy-2'-O-Methyl-5-Methyl- and 5-Propynyl-Uridine Phosphoramidites for Structurally Optimized Antisense Oligonucleotides.
pubmed_discovery_41303530,41303530,literature_discovery,derived_annotations_only,abstract_metadata_only,core,aso_offtarget_transcriptome_2023_2026; score=6; Structural Characterization of DDX23 5' UTR Regulatory Elements and Their Targeting by LNA-Modified Antisense Oligonucleotides.
pubmed_discovery_40654713,40654713,literature_discovery,derived_annotations_only,abstract_metadata_only,core,"aso_toxicity_safety_2024_2026; score=6; Anti-Sense Oligonucleotide as a Therapeutic for Synucleinopathies: Pharmacokinetic, Safety and Efficacy Evaluation."
pubmed_discovery_39580013,39580013,literature_discovery,derived_annotations_only,abstract_metadata_only,core,aso_toxicity_safety_2024_2026; score=6; Carcinogenicity assessment of inotersen in Tg.rasH2 mice and Sprague-Dawley rats: Implications for 2'-MOE antisense oligonucleotides.
pubmed_discovery_39476283,39476283,literature_discovery,derived_annotations_only,abstract_metadata_only,core,aso_toxicity_safety_2024_2026; score=6; Antisense Oligonucleotides in Dyslipidemia Management: A Review of Clinical Trials.
pubmed_discovery_38570436,38570436,literature_discovery,derived_annotations_only,abstract_metadata_only,core,oligo_therapeutics_safety_2023_2026; score=6; Cross-Reactive Polyclonal Antibodies Raised Against GalNAc-Conjugated siRNA Recognize Mostly the GalNAc Moiety.
pubmed_discovery_37920238,37920238,literature_discovery,derived_annotations_only,abstract_metadata_only,core,oligo_therapeutics_safety_2023_2026; score=6; Awake intracerebroventricular delivery and safety assessment of oligonucleotides in a large animal model.
pubmed_discovery_37824025,37824025,literature_discovery,derived_annotations_only,abstract_metadata_only,core,chemical_modification_oligo_safety_2023_2026; score=6; Plasma Pharmacokinetics of N-Acetylgalactosamine-Conjugated Small-Interfering Ribonucleic Acids (GalNAc-Conjugated siRNAs).
pubmed_discovery_37497888,37497888,literature_discovery,derived_annotations_only,abstract_metadata_only,core,"chemical_modification_oligo_safety_2023_2026; score=6; SLN124, a GalNAc conjugated 19-mer siRNA targeting tmprss6, reduces plasma iron and increases hepcidin levels of healthy volunteers."
pubmed_discovery_37365583,37365583,literature_discovery,derived_annotations_only,abstract_metadata_only,core,"chemical_modification_oligo_safety_2023_2026; score=6; Safety and activity of the first-in-class locked nucleic acid (LNA) miR-221 selective inhibitor in refractory advanced cancer patients: a first-in-human, phase 1, open-label, dose-escalation study."
pubmed_discovery_36725319,36725319,literature_discovery,derived_annotations_only,abstract_metadata_only,core,oligo_therapeutics_safety_2023_2026; score=6; Acyclic (S)-glycol nucleic acid (S-GNA) modification of siRNAs improves the safety of RNAi therapeutics while maintaining potency.
pubmed_discovery_42156611,42156611,literature_discovery,derived_annotations_only,abstract_metadata_only,core,sirna_offtarget_safety_2024_2026; score=5; Immunogenicity Assessment for siRNA Therapeutics: A Risk-Based Proposal for Event-Driven Testing.
pubmed_discovery_42135643,42135643,literature_discovery,derived_annotations_only,abstract_metadata_only,core,sirna_offtarget_safety_2024_2026; score=5; New molecular players: siRNA expression and gene regulation in Hordeum vulgare L. ageing seeds after germination.
pubmed_discovery_42116024,42116024,literature_discovery,derived_annotations_only,abstract_metadata_only,core,sirna_offtarget_safety_2024_2026; score=5; M2 Macrophage membrane-mediated biomimetic nanoparticles carrying ADAM9 siRNA alleviate renal inflammation and fibrosis via the AKT/NF-κB pathway.
pubmed_discovery_42013287,42013287,literature_discovery,derived_annotations_only,abstract_metadata_only,core,sirna_seed_transcriptome_2023_2026; score=5; Probing the hAGO2-siRNA Interactions: A Molecular Dynamics Study on the Impact of Chemical Modifications in the Seed Region.
pubmed_discovery_41984862,41984862,literature_discovery,derived_annotations_only,abstract_metadata_only,secondary,sirna_clinical_safety_2023_2026; score=5; Assessing the real-world safety of vutrisiran for transthyretin-mediated amyloidosis with polyneuropathy: Based on WHO-VigiAccess and FAERS databases.
pubmed_discovery_40723836,40723836,literature_discovery,derived_annotations_only,abstract_metadata_only,core,aso_offtarget_transcriptome_2023_2026; score=5; Endogenous Ribonucleases: Therapeutic Targeting of the Transcriptome Through Oligonucleotide-Triggered RNA Inactivation.
pubmed_discovery_42211065,42211065,literature_discovery,derived_annotations_only,abstract_metadata_only,secondary,lnp_oligo_delivery_safety_2023_2026; score=4; CXCR4 antagonistic lipid nanoparticles loading siRNA combat refractory AML through AML1-ETO depletion and homoharringtonine sensitization.
pubmed_discovery_42198843,42198843,literature_discovery,derived_annotations_only,abstract_metadata_only,secondary,lnp_oligo_delivery_safety_2023_2026; score=4; Lipid nanoparticle delivery of antisense gapmers attenuates pathology in a mouse model of facioscapulohumeral muscular dystrophy.
pubmed_discovery_42152976,42152976,literature_discovery,derived_annotations_only,abstract_metadata_only,secondary,lnp_oligo_delivery_safety_2023_2026; score=4; Prenatal Delivery of HIF-1α siRNA Using Transferrin-Modified Lipid Nanoparticles Alleviates Hypoxia-Induced Neurodevelopmental Abnormalities via PTEN/PI3K/AKT Signaling.
pubmed_discovery_42149739,42149739,literature_discovery,derived_annotations_only,abstract_metadata_only,core,aso_offtarget_transcriptome_2023_2026; score=4; Nusinersen: the antisense oligonucleotide at the forefront of spinal muscular atrophy treatment.
pubmed_discovery_42141407,42141407,literature_discovery,derived_annotations_only,abstract_metadata_only,core,sirna_offtarget_safety_2024_2026; score=4; Comparative effectiveness and safety of inclisiran versus evolocumab and alirocumab: a 180-day real-world study.
pubmed_discovery_42115559,42115559,literature_discovery,derived_annotations_only,abstract_metadata_only,core,sirna_offtarget_safety_2024_2026; score=4; Preparation of SP94-Modified Calcium Phosphate Lipid Nanoparticles Loaded with Bcl-2 siRNA and Doxorubicin and Their Targeted Therapeutic Effect on Hepatocellular Carcinoma.
pubmed_discovery_42112101,42112101,literature_discovery,derived_annotations_only,abstract_metadata_only,core,aso_offtarget_transcriptome_2023_2026; score=4; ClinASO: An open-source platform for rapid drug discovery of gapmer antisense oligonucleotides.
pubmed_discovery_42108101,42108101,literature_discovery,derived_annotations_only,abstract_metadata_only,core,"sirna_offtarget_safety_2024_2026; score=4; A Phase 1 Study Evaluating the Pharmacokinetics, Pharmacodynamics, and Safety of Zerlasiran in Japanese Participants."
pubmed_discovery_42055150,42055150,literature_discovery,derived_annotations_only,abstract_metadata_only,secondary,lnp_oligo_delivery_safety_2023_2026; score=4; Peptide modified lipid nanoparticles Co-Delivering IL-12 mRNA and PD-L1 siRNA for glioblastoma immunotherapy.
pubmed_discovery_42036929,42036929,literature_discovery,derived_annotations_only,abstract_metadata_only,secondary,lnp_oligo_delivery_safety_2023_2026; score=4; Chitosan-protected dsRNA increases efficacy against Helicoverpa armigera without compromising biosafety for pollinators.
pubmed_discovery_42033225,42033225,literature_discovery,derived_annotations_only,abstract_metadata_only,core,aso_offtarget_transcriptome_2023_2026; score=4; Direct targeting of C9ORF72 repeat RNA with fluorinated antisense oligonucleotides.
pubmed_discovery_42023989,42023989,literature_discovery,derived_annotations_only,abstract_metadata_only,core,aso_offtarget_transcriptome_2023_2026; score=4; Antisense Oligonucleotide Releasing Cassette for Conditional Targeted RNA Degradation.
pubmed_discovery_41977221,41977221,literature_discovery,derived_annotations_only,abstract_metadata_only,secondary,lnp_oligo_delivery_safety_2023_2026; score=4; siRNA Nanoparticle Delivery Strategies and Clinical Trial Advances in Tumor Therapy.
pubmed_discovery_41964075,41964075,literature_discovery,derived_annotations_only,abstract_metadata_only,secondary,sirna_clinical_safety_2023_2026; score=4; Etalanetug (E2814) in dominantly inherited Alzheimer's disease: an open-label phase 1b/2 study to assess safety and target engagement in participants with mild to moderate cognitive impairment.
pubmed_discovery_41959281,41959281,literature_discovery,derived_annotations_only,abstract_metadata_only,secondary,oligo_prediction_benchmark_2023_2026; score=4; Targeting the DNA damage repair protein RAD51 alters fibroblast metabolism and enhances apoptosis in pulmonary fibrosis.
pubmed_discovery_41957800,41957800,literature_discovery,derived_annotations_only,abstract_metadata_only,secondary,lnp_oligo_delivery_safety_2023_2026; score=4; An LNP antiviral siRNA drug cocktail delivered intranasally is effective against a range of respiratory viruses.
pubmed_discovery_41938534,41938534,literature_discovery,derived_annotations_only,abstract_metadata_only,secondary,oligo_prediction_benchmark_2023_2026; score=4; Integrating multi-omics and network toxicology to identify FIS1 as a key target of environmental pollutants in male infertility.
pubmed_discovery_41923247,41923247,literature_discovery,derived_annotations_only,abstract_metadata_only,secondary,lnp_oligo_delivery_safety_2023_2026; score=4; Dual-targeted lipid nanoparticles for TET3 siRNA delivery: nanobiotechnology strategy to remodel tumor immune microenvironment in hepatocellular carcinoma.
pubmed_discovery_41919978,41919978,literature_discovery,derived_annotations_only,abstract_metadata_only,secondary,lnp_oligo_delivery_safety_2023_2026; score=4; DNA Repair Enzyme Regulation Strategy for Enhanced Pancreatic Neuroendocrine Tumor Therapy via Targeting siRNA-Lipid Nanoparticles.
pubmed_discovery_41917970,41917970,literature_discovery,derived_annotations_only,abstract_metadata_only,secondary,lnp_oligo_delivery_safety_2023_2026; score=4; CXCR4-antagonistic peptide-decorated lipid nanoparticles for co- delivery of AML1-ETO siRNA to enhance chemotherapy in refractory AML.
pubmed_discovery_41917770,41917770,literature_discovery,derived_annotations_only,abstract_metadata_only,secondary,oligo_prediction_benchmark_2023_2026; score=4; Efficacy and Safety of Apolipoprotein C-III Inhibitors in Hypertriglyceridemia: A Network Meta-Analysis of Randomised Controlled Trials.
pubmed_discovery_41907143,41907143,literature_discovery,derived_annotations_only,abstract_metadata_only,secondary,lnp_oligo_delivery_safety_2023_2026; score=4; Efficiency and safety of five different agents for in vivo delivery of novel bioengineered RNAi molecules.
pubmed_discovery_41898852,41898852,literature_discovery,derived_annotations_only,abstract_metadata_only,core,aso_offtarget_transcriptome_2023_2026; score=4; From Genomic Diagnosis to Personalized RNA Medicine: Advances in Next-Generation Sequencing and N-of-1 Antisense Oligonucleotide Therapies for Rare Genetic Diseases.
pubmed_discovery_41872415,41872415,literature_discovery,derived_annotations_only,abstract_metadata_only,core,aso_offtarget_transcriptome_2023_2026; score=4; Experimental Repression Targeting Long Noncoding RNAs (lncRNAs) Using an Antisense Oligonucleotide (ASO) Technology in Primary Human Epidermal Keratinocytes.
pubmed_discovery_41869866,41869866,literature_discovery,derived_annotations_only,abstract_metadata_only,core,aso_offtarget_transcriptome_2023_2026; score=4; Inhaled Angiopoietin-Like 4 Antisense Oligonucleotide Therapy for Lung Injury and Fibrosis.
pubmed_discovery_41869536,41869536,literature_discovery,derived_annotations_only,abstract_metadata_only,secondary,sirna_clinical_safety_2023_2026; score=4; Efficacy and safety of lipoprotein(a)-targeted therapeutics: a systematic review and network meta-analysis.
pubmed_discovery_41860775,41860775,literature_discovery,derived_annotations_only,abstract_metadata_only,secondary,sirna_clinical_safety_2023_2026; score=4; Inclisiran safety and efficacy in real-world clinical practice: results of a retrospective observational investigation.
pubmed_discovery_41847300,41847300,literature_discovery,derived_annotations_only,abstract_metadata_only,secondary,sirna_clinical_safety_2023_2026; score=4; Dual knockdown of Alox15 and TGF-β1 by lipid nanoparticle-delivered siRNA in bleomycin-induced pulmonary fibrosis.
pubmed_discovery_41831505,41831505,literature_discovery,derived_annotations_only,abstract_metadata_only,core,aso_offtarget_transcriptome_2023_2026; score=4; Engineering a DNA logic-gated theranostic multi-antisense oligonucleotide nanoactivator for cell subtype-specific molecular therapy.
pubmed_discovery_41814159,41814159,literature_discovery,derived_annotations_only,abstract_metadata_only,core,chemical_modification_oligo_safety_2023_2026; score=4; Conjugated Antisense Oligonucleotides for Skipping of Duchenne Muscular Dystrophy Exon 53: A Cautionary Study.
pubmed_discovery_41810141,41810141,literature_discovery,derived_annotations_only,abstract_metadata_only,secondary,sirna_clinical_safety_2023_2026; score=4; Enhanced liver-targeted delivery with ribofuranose-based GalNAc conjugates.
pubmed_discovery_41802273,41802273,literature_discovery,derived_annotations_only,abstract_metadata_only,core,chemical_modification_oligo_safety_2023_2026; score=4; Improve the efficiency of gene silencing through 2'-O-methyl modification of the bases in siRNA terminus.
pubmed_discovery_41746567,41746567,literature_discovery,derived_annotations_only,abstract_metadata_only,core,aso_toxicity_safety_2024_2026; score=4; Analysis of adverse event reporting with casimersen: a pharmacovigilance study based on the United States food and drug administration adverse event reporting system database.
pubmed_discovery_41712689,41712689,literature_discovery,derived_annotations_only,abstract_metadata_only,core,aso_immune_complement_safety_2023_2026; score=4; Strengthening Antisense Oligonucleotide-Mediated Anti-Tumor Immunity via Metal-Organic Framework Nanoparticles.
pubmed_discovery_41708903,41708903,literature_discovery,derived_annotations_only,abstract_metadata_only,secondary,sirna_clinical_safety_2023_2026; score=4; Comparative analysis of clinically approved lipid nanoparticles for intranasal siRNA delivery against SARS-CoV-2.
pubmed_discovery_41704705,41704705,literature_discovery,derived_annotations_only,abstract_metadata_only,core,chemical_modification_oligo_safety_2023_2026; score=4; Investigation of the activity of phosphothioate and phosphothioate-LNA-modified oligonucleotides against HIV-1.
pubmed_discovery_41604879,41604879,literature_discovery,derived_annotations_only,abstract_metadata_only,secondary,sirna_clinical_safety_2023_2026; score=4; Mechanistic insight into the reprotoxic effects of chronic gamma radiation on spermatogenesis in Caenorhabditis elegans.
pubmed_discovery_41604465,41604465,literature_discovery,derived_annotations_only,abstract_metadata_only,secondary,sirna_clinical_safety_2023_2026; score=4; A first-in-class small-molecule inhibitor targeting AVIL exhibits safety and antitumor efficacy in preclinical models of glioblastoma.
pubmed_discovery_41583579,41583579,literature_discovery,derived_annotations_only,abstract_metadata_only,core,aso_offtarget_transcriptome_2023_2026; score=4; Systemic distribution of tricyclo-DNA antisense oligonucleotide following intratracheal instillation in the mouse.
pubmed_discovery_41419144,41419144,literature_discovery,derived_annotations_only,abstract_metadata_only,core,aso_immune_complement_safety_2023_2026; score=4; Inhalable nanosystem promote in situ packaging of IL-11 antisense oligonucleotides into macrophage-derived vesicles for idiopathic pulmonary fibrosis.
pubmed_discovery_41399312,41399312,literature_discovery,derived_annotations_only,abstract_metadata_only,core,aso_offtarget_transcriptome_2023_2026; score=4; Delivery of Antisense Oligonucleotides Using the Nano-Cell Vesicle Technology System (nCVTs) for Targeted Cancer Therapy.
pubmed_discovery_41365067,41365067,literature_discovery,derived_annotations_only,abstract_metadata_only,core,aso_immune_complement_safety_2023_2026; score=4; Structural and functional characterization of chemically modified antisense oligonucleotides targeting miR-214-3p in endothelial cells.
pubmed_discovery_41289434,41289434,literature_discovery,derived_annotations_only,abstract_metadata_only,secondary,sirna_clinical_safety_2023_2026; score=4; Muscle Adverse Events Associated With Inclisiran: Data Mining of FAERS Database and Mendelian Randomization Analysis.
pubmed_discovery_41274662,41274662,literature_discovery,derived_annotations_only,abstract_metadata_only,secondary,sirna_clinical_safety_2023_2026; score=4; Class-Specific Adverse Events of Patients Treated with Small Interfering RNA Therapeutics: A Disproportionality Analysis of the United States Food and Drug Administration Adverse Event Reporting System Database Based on the MY FAERS Platform.
pubmed_discovery_41237341,41237341,literature_discovery,derived_annotations_only,abstract_metadata_only,secondary,sirna_clinical_safety_2023_2026; score=4; Integrin αvβ8-mediated TGF-β1 activation regulates the sustained response in immune thrombocytopenia after TPO-RA withdrawal.
pubmed_discovery_40169808,40169808,literature_discovery,derived_annotations_only,abstract_metadata_only,core,aso_toxicity_safety_2024_2026; score=4; Early life safety profiling of gene therapy for spinal muscular atrophy.
pubmed_discovery_41801895,41801895,literature_discovery,derived_annotations_only,abstract_metadata_only,core,aso_offtarget_transcriptome_2023_2026; score=4; Antisense oligonucleotide inhibition of HMGB1 attenuates angiotensin II-induced abdominal aortic aneurysms.
pubmed_discovery_41423447,41423447,literature_discovery,derived_annotations_only,abstract_metadata_only,core,aso_offtarget_transcriptome_2023_2026; score=4; Targeted antisense oligonucleotide treatment rescues developmental alterations in spinal muscular atrophy organoids.
pubmed_discovery_41362713,41362713,literature_discovery,derived_annotations_only,abstract_metadata_only,secondary,sirna_clinical_safety_2023_2026; score=4; Viral sequence analysis of chronic hepatitis B patients treated with the siRNA JNJ-73763989 in phase II clinical trials.
pubmed_discovery_41335008,41335008,literature_discovery,derived_annotations_only,abstract_metadata_only,core,aso_immune_complement_safety_2023_2026; score=4; CD47 antisense oligonucleotide treatment improves glucose homeostasis and alleviates dyslipidemia in aged male mice.
pubmed_discovery_41277693,41277693,literature_discovery,derived_annotations_only,abstract_metadata_only,core,chemical_modification_oligo_safety_2023_2026; score=4; Biophysical and biological properties of splice-switching oligonucleotides and click conjugates containing LNA-phosphothiotriester linkages.
pubmed_discovery_41222242,41222242,literature_discovery,derived_annotations_only,abstract_metadata_only,secondary,sirna_clinical_safety_2023_2026; score=4; Neurological efficacy and safety of RNA therapeutics in hereditary transthyretin amyloidosis: a systematic review and meta-analysis of randomized controlled trials.
pubmed_discovery_41210590,41210590,literature_discovery,derived_annotations_only,abstract_metadata_only,core,aso_offtarget_transcriptome_2023_2026; score=4; Antisense oligonucleotide-based switches for conditional translation of synthetic mRNA.
pubmed_discovery_41206040,41206040,literature_discovery,derived_annotations_only,abstract_metadata_only,core,aso_immune_complement_safety_2023_2026; score=4; Modulating NLRP3 splicing with antisense oligonucleotides to control pathological inflammation.
pubmed_discovery_41124364,41124364,literature_discovery,derived_annotations_only,abstract_metadata_only,core,aso_offtarget_transcriptome_2023_2026; score=4; Antisense oligonucleotides reverse SPTLC1-related hereditary sensory neuropathy in a mouse model.
pubmed_discovery_41037980,41037980,literature_discovery,derived_annotations_only,abstract_metadata_only,core,aso_offtarget_transcriptome_2023_2026; score=4; Antisense oligonucleotides for inherited retinal diseases: a comprehensive review.
pubmed_discovery_40953609,40953609,literature_discovery,derived_annotations_only,abstract_metadata_only,core,aso_immune_complement_safety_2023_2026; score=4; Antisense oligonucleotide-loaded nanozyme reverses tumor immune suppression through sonogenetic metabolic therapy.
pubmed_discovery_40946728,40946728,literature_discovery,derived_annotations_only,abstract_metadata_only,core,aso_toxicity_safety_2024_2026; score=4; Ultraviolet-tyrosinase cascade caged antisense oligonucleotide for precise treatment of hyperpigmentation.
pubmed_discovery_40926414,40926414,literature_discovery,derived_annotations_only,abstract_metadata_only,core,aso_toxicity_safety_2024_2026; score=4; Restoring chloride efflux in cystic fibrosis with TMEM16a antisense oligonucleotides.
pubmed_discovery_40898620,40898620,literature_discovery,derived_annotations_only,abstract_metadata_only,core,aso_offtarget_transcriptome_2023_2026; score=4; Antisense oligonucleotide therapy mitigates autosomal dominant progressive hearing loss in a murine model of human DFNA2.
pubmed_discovery_40885734,40885734,literature_discovery,derived_annotations_only,abstract_metadata_only,core,aso_offtarget_transcriptome_2023_2026; score=4; Neutrophil-specific targeting of STAT3 impairs tumor progression via the expansion of cytotoxic CD8(+) T cells.
pubmed_discovery_40865525,40865525,literature_discovery,derived_annotations_only,abstract_metadata_only,core,aso_toxicity_safety_2024_2026; score=4; Molecular impact of antisense oligonucleotide therapy in C9orf72-associated ALS.
pubmed_discovery_40849139,40849139,literature_discovery,derived_annotations_only,abstract_metadata_only,core,"aso_toxicity_safety_2024_2026; score=4; Antisense oligonucleotide DGAT-2 inhibitor, ION224, for metabolic dysfunction-associated steatohepatitis (ION224-CS2): results of a 51-week, multicentre, randomised, double-blind, placebo-controlled, phase 2 trial."
pubmed_discovery_40763041,40763041,literature_discovery,derived_annotations_only,abstract_metadata_only,core,aso_toxicity_safety_2024_2026; score=4; A Case Study of Model-Informed Drug Development of a Novel PCSK9 Antisense Oligonucleotide. Part 2: Phase 2 to Phase 3.
pubmed_discovery_40727088,40727088,literature_discovery,derived_annotations_only,abstract_metadata_only,core,aso_offtarget_transcriptome_2023_2026; score=4; Tailored antisense oligonucleotides for ultrarare CNS diseases: An experience-based best practice framework for individual patient evaluation.
pubmed_discovery_40699430,40699430,literature_discovery,derived_annotations_only,abstract_metadata_only,core,aso_immune_complement_safety_2023_2026; score=4; Modifying 3'-End RNA Isoforms Using Antisense Oligonucleotides.
pubmed_discovery_40699429,40699429,literature_discovery,derived_annotations_only,abstract_metadata_only,core,aso_offtarget_transcriptome_2023_2026; score=4; Design and Evaluation of a Truncated Protein Induction Strategy by Antisense Oligonucleotide-Mediated Exon Skipping.
pubmed_discovery_40692538,40692538,literature_discovery,derived_annotations_only,abstract_metadata_only,secondary,galnac_sirna_safety_2024_2026; score=4; Protective Effects of GalNac-Modified Red Blood Cell-Derived Extracellular Vesicles Against Liver Diseases.
pubmed_discovery_40687881,40687881,literature_discovery,derived_annotations_only,abstract_metadata_only,core,aso_toxicity_safety_2024_2026; score=4; Antisense oligonucleotide therapies for monogenic disorders.
pubmed_discovery_40686860,40686860,literature_discovery,derived_annotations_only,abstract_metadata_only,core,aso_immune_complement_safety_2023_2026; score=4; Antisense oligonucleotides targeting the SARS-CoV-2 nucleocapsid gene decrease viral titers in hamsters.
pubmed_discovery_40556776,40556776,literature_discovery,derived_annotations_only,abstract_metadata_only,core,aso_offtarget_transcriptome_2023_2026; score=4; RNA G‑Quadruplex Reprogramming with Guanine-Rich Antisense Oligonucleotides Inhibits Monoamine Oxidase B's Translation.
pubmed_discovery_40540297,40540297,literature_discovery,derived_annotations_only,abstract_metadata_only,core,aso_offtarget_transcriptome_2023_2026; score=4; Structurally Dynamic Polyplexes Enhance Sentinel Lymph Node Delivery of Antisense Oligonucleotides to Inhibit Breast Cancer Recurrence and Metastasis.
pubmed_discovery_40501380,40501380,literature_discovery,derived_annotations_only,abstract_metadata_only,core,aso_immune_complement_safety_2023_2026; score=4; Antisense Oligonucleotide Targeting Sortilin Reduces Vascular Calcification in Mice in a Sex-Dependent Manner.
pubmed_discovery_40496001,40496001,literature_discovery,derived_annotations_only,abstract_metadata_only,core,aso_immune_complement_safety_2023_2026; score=4; Anti-TNF-α antisense-oligonucleotide-conjugated PLG nanoparticles protect transplanted islets.
pubmed_discovery_40473796,40473796,literature_discovery,derived_annotations_only,abstract_metadata_only,core,aso_offtarget_transcriptome_2023_2026; score=4; Suppression of NRAS-mutant melanoma growth with NRAS-targeting Antisense Oligonucleotide treatment reveals therapeutically relevant kinase co-dependencies.
pubmed_discovery_40464260,40464260,literature_discovery,derived_annotations_only,abstract_metadata_only,core,aso_offtarget_transcriptome_2023_2026; score=4; Quantitative Determination of Click-Reactive Antisense Oligonucleotide and Its Reactivity in Rat Brains by Hybridization LC-MS/MS to Support Pretargeted PET Imaging.
pubmed_discovery_40464102,40464102,literature_discovery,derived_annotations_only,abstract_metadata_only,core,aso_offtarget_transcriptome_2023_2026; score=4; Design and In Vitro Evaluation of a Novel Antisense Oligonucleotide for Treatment of BK Virus Infection.
pubmed_discovery_40450413,40450413,literature_discovery,derived_annotations_only,abstract_metadata_only,core,aso_offtarget_transcriptome_2023_2026; score=4; Antisense oligonucleotide-mediated redirection of Igf1 alternative polyadenylation.
pubmed_discovery_40447972,40447972,literature_discovery,derived_annotations_only,abstract_metadata_only,core,aso_immune_complement_safety_2023_2026; score=4; Proportion of Immunoregulatory Cells in Inflammatory Infiltrate in Rheumatoid Arthritis Model and Its Correction by Antisense Oligonucleotides.
pubmed_discovery_40414239,40414239,literature_discovery,derived_annotations_only,abstract_metadata_only,core,"aso_toxicity_safety_2024_2026; score=4; Antisense oligonucleotide jacifusen for FUS-ALS: an investigator-initiated, multicentre, open-label case series."
pubmed_discovery_40412657,40412657,literature_discovery,derived_annotations_only,abstract_metadata_only,core,aso_immune_complement_safety_2023_2026; score=4; VPS9D1-AS1 antisense therapy via lipid nanoparticles reprograms cold tumors and enhances immunotherapy in colorectal cancer.
pubmed_discovery_40367190,40367190,literature_discovery,derived_annotations_only,abstract_metadata_only,core,aso_toxicity_safety_2024_2026; score=4; Intra-amniotic antisense oligonucleotide treatment improves phenotypes in preclinical models of spinal muscular atrophy.
pubmed_discovery_40339155,40339155,literature_discovery,derived_annotations_only,abstract_metadata_only,core,aso_immune_complement_safety_2023_2026; score=4; Antisense oligonucleotides directed against App and Rab5 normalized endosomal Rab activity and reversed DS-AD-linked degenerative phenotypes in the Dp16 mouse model of Down syndrome.
pubmed_discovery_40324532,40324532,literature_discovery,derived_annotations_only,abstract_metadata_only,core,aso_toxicity_safety_2024_2026; score=4; Delivery of Itgb1-siRNA by triptolide-modified and anti-Flt1 peptide-guided ionizable cationic LNPs for targeted therapy of corneal neovascularization.
pubmed_discovery_40303997,40303997,literature_discovery,derived_annotations_only,abstract_metadata_only,core,aso_offtarget_transcriptome_2023_2026; score=4; Identifying antisense oligonucleotides for targeted inhibition of insulin receptor isoform A.
pubmed_discovery_40268518,40268518,literature_discovery,derived_annotations_only,abstract_metadata_only,core,aso_offtarget_transcriptome_2023_2026; score=4; Skeletal muscle effects of antisense oligonucleotides targeting glycogen synthase 1 in a mouse model of Pompe disease.
pubmed_discovery_40254975,40254975,literature_discovery,derived_annotations_only,abstract_metadata_only,core,aso_toxicity_safety_2024_2026; score=4; Trends in First-in-Human Studies for Intrathecal Antisense Oligonucleotides: Insights From 2010 to 2024.
pubmed_discovery_40243849,40243849,literature_discovery,derived_annotations_only,abstract_metadata_only,core,aso_toxicity_safety_2024_2026; score=4; Inhibiting Myostatin Expression by the Antisense Oligonucleotides Improves Muscle Wasting in a Chronic Kidney Disease Mouse Model.
pubmed_discovery_40237398,40237398,literature_discovery,derived_annotations_only,abstract_metadata_only,core,aso_toxicity_safety_2024_2026; score=4; In Vitro Structure-Activity Relationship Stability Study of Antisense Oligonucleotide Therapeutics Using Biological Matrices and Nucleases.
pubmed_discovery_40235985,40235985,literature_discovery,derived_annotations_only,abstract_metadata_only,core,aso_immune_complement_safety_2023_2026; score=4; Strengthening Antisense Oligonucleotide-Mediated Anti-Tumor Immunity via Metal-Organic Framework Nanoparticles.
pubmed_discovery_40076889,40076889,literature_discovery,derived_annotations_only,abstract_metadata_only,core,aso_immune_complement_safety_2023_2026; score=4; Expansion of Splice-Switching Therapy with Antisense Oligonucleotides.
pubmed_discovery_39974615,39974615,literature_discovery,derived_annotations_only,abstract_metadata_only,core,aso_offtarget_transcriptome_2023_2026; score=4; Exploring precision therapeutics: computational design of antisense oligonucleotides targeting AXL gene transcripts in multiple sclerosis treatment management.
pubmed_discovery_39967902,39967902,literature_discovery,derived_annotations_only,abstract_metadata_only,core,aso_toxicity_safety_2024_2026; score=4; Lipid Nanovesicles in Cancer Treatment: Improving Targeting and Stability of Antisense Oligonucleotides.
pubmed_discovery_39955311,39955311,literature_discovery,derived_annotations_only,abstract_metadata_only,core,aso_toxicity_safety_2024_2026; score=4; Antisense oligonucleotide-mediated TRA2β poison exon inclusion induces the expression of a lncRNA with anti-tumor effects.
pubmed_discovery_39937881,39937881,literature_discovery,derived_annotations_only,abstract_metadata_only,core,aso_offtarget_transcriptome_2023_2026; score=4; Antisense oligonucleotide-mediated MSH3 suppression reduces somatic CAG repeat expansion in Huntington's disease iPSC-derived striatal neurons.
pubmed_discovery_39937271,39937271,literature_discovery,derived_annotations_only,abstract_metadata_only,core,"aso_toxicity_safety_2024_2026; score=4; AZD8701, an Antisense Oligonucleotide Targeting FOXP3 mRNA, as Monotherapy and in Combination with Durvalumab: A Phase I Trial in Patients with Advanced Solid Tumors."
pubmed_discovery_39882764,39882764,literature_discovery,derived_annotations_only,abstract_metadata_only,core,aso_toxicity_safety_2024_2026; score=4; Characterizing Antisense Oligonucleotide-Induced Histopathology Findings in Spinal Cord of Mauritius Cynomolgus Monkeys by Molecular Localization Investigation.
pubmed_discovery_39793573,39793573,literature_discovery,derived_annotations_only,abstract_metadata_only,core,aso_toxicity_safety_2024_2026; score=4; Phase 1/2 trial of brogidirsen: Dual-targeting antisense oligonucleotides for exon 44 skipping in Duchenne muscular dystrophy.
pubmed_discovery_39653607,39653607,literature_discovery,derived_annotations_only,abstract_metadata_only,core,aso_offtarget_transcriptome_2023_2026; score=4; Evolution of antisense oligonucleotides: navigating nucleic acid chemistry and delivery challenges.
pubmed_discovery_39549635,39549635,literature_discovery,derived_annotations_only,abstract_metadata_only,core,aso_toxicity_safety_2024_2026; score=4; Safety and efficacy of viltolarsen treatment in patients with Duchenne muscular dystrophy: A retrospective study with 3-year follow-up.
pubmed_discovery_40225946,40225946,literature_discovery,derived_annotations_only,abstract_metadata_only,core,aso_offtarget_transcriptome_2023_2026; score=4; Treatability of the KMT2-Associated Neurodevelopmental Disorders Using Antisense Oligonucleotide-Based Treatments.
pubmed_discovery_39886125,39886125,literature_discovery,derived_annotations_only,abstract_metadata_only,core,"aso_offtarget_transcriptome_2023_2026; score=4; Preclinical study and parallel phase II trial evaluating antisense STAT3 oligonucleotide and checkpoint blockade for advanced pancreatic, non-small cell lung cancer and mismatch repair-deficient colorectal cancer."
pubmed_discovery_39666085,39666085,literature_discovery,derived_annotations_only,abstract_metadata_only,core,aso_toxicity_safety_2024_2026; score=4; Efficacy and safety of Donidalorsen in Hereditary Angioedema with C1 inhibitor deficiency: a systematic review and a meta analysis.
pubmed_discovery_39595574,39595574,literature_discovery,derived_annotations_only,abstract_metadata_only,core,aso_offtarget_transcriptome_2023_2026; score=4; Molecular Profiling of Mouse Models of Loss or Gain of Function of the KCNT1 (Slack) Potassium Channel and Antisense Oligonucleotide Treatment.
pubmed_discovery_39589322,39589322,literature_discovery,derived_annotations_only,abstract_metadata_only,core,aso_toxicity_safety_2024_2026; score=4; DMS-MapSeq Analysis of Antisense Oligonucleotide Binding to lncRNA PANDA.
pubmed_discovery_39494149,39494149,literature_discovery,derived_annotations_only,abstract_metadata_only,core,aso_offtarget_transcriptome_2023_2026; score=4; Mechanistic insights into ASO-RNA complexation: Advancing antisense oligonucleotide design strategies.
pubmed_discovery_39473221,39473221,literature_discovery,derived_annotations_only,abstract_metadata_only,core,aso_toxicity_safety_2024_2026; score=4; Rethinking antisense oligonucleotide therapeutics for amyotrophic lateral sclerosis.
pubmed_discovery_39460376,39460376,literature_discovery,derived_annotations_only,abstract_metadata_only,core,chemical_modification_oligo_safety_2023_2026; score=4; Quantifying and mitigating motor phenotypes induced by antisense oligonucleotides in the central nervous system.
pubmed_discovery_39457466,39457466,literature_discovery,derived_annotations_only,abstract_metadata_only,core,aso_toxicity_safety_2024_2026; score=4; Recent Progress of Antisense Oligonucleotide Therapy for Superoxide-Dismutase-1-Mutated Amyotrophic Lateral Sclerosis: Focus on Tofersen.
pubmed_discovery_39416965,39416965,literature_discovery,derived_annotations_only,abstract_metadata_only,core,aso_offtarget_transcriptome_2023_2026; score=4; Light-Promoted Lysosomal Escape of a Phthalocyanine and Antisense Oligonucleotide-Complexed G-Quadruplex for Dual Photodynamic and Antisense Therapy.
pubmed_discovery_39377066,39377066,literature_discovery,derived_annotations_only,abstract_metadata_only,core,aso_toxicity_safety_2024_2026; score=4; Splice-switching antisense oligonucleotide controlling tumor suppressor REST is a novel therapeutic medicine for neuroendocrine cancer.
pubmed_discovery_39363329,39363329,literature_discovery,derived_annotations_only,abstract_metadata_only,core,aso_toxicity_safety_2024_2026; score=4; Efficacy and safety of olezarsen in lowering apolipoprotein C-III and triglycerides in healthy Japanese Americans.
pubmed_discovery_39335447,39335447,literature_discovery,derived_annotations_only,abstract_metadata_only,core,oligo_therapeutics_safety_2023_2026; score=4; Calcium-Enhanced Medium-Based Delivery of Splice Modulating Antisense Oligonucleotides in 2D and 3D hiPSC-Derived Neuronal Models.
pubmed_discovery_39126066,39126066,literature_discovery,derived_annotations_only,abstract_metadata_only,core,chemical_modification_oligo_safety_2023_2026; score=4; Allele-Selective Thiomorpholino Antisense Oligonucleotides as a Therapeutic Approach for Fused-in-Sarcoma Amyotrophic Lateral Sclerosis.
pubmed_discovery_38949758,38949758,literature_discovery,derived_annotations_only,abstract_metadata_only,core,"chemical_modification_oligo_safety_2023_2026; score=4; A Randomized, Open-Label, Phase I, Single-Dose Study of Antisense Oligonucleotide, Vupanorsen, in Chinese Adults with Elevated Triglycerides."
pubmed_discovery_38271438,38271438,literature_discovery,derived_annotations_only,abstract_metadata_only,core,chemical_modification_oligo_safety_2023_2026; score=4; A phase 2 open-label study of the safety and efficacy of weekly dosing of ATL1102 in patients with non-ambulatory Duchenne muscular dystrophy and pharmacology in mdx mice.
pubmed_discovery_38040383,38040383,literature_discovery,derived_annotations_only,abstract_metadata_only,core,oligo_therapeutics_safety_2023_2026; score=4; Antisense oligonucleotide-mediated disruption of HTT caspase-6 cleavage site ameliorates the phenotype of YAC128 Huntington disease mice.
pubmed_discovery_37834294,37834294,literature_discovery,derived_annotations_only,abstract_metadata_only,core,chemical_modification_oligo_safety_2023_2026; score=4; Antiviral Efficacy of RNase H-Dependent Gapmer Antisense Oligonucleotides against Japanese Encephalitis Virus.
pubmed_discovery_37036788,37036788,literature_discovery,derived_annotations_only,abstract_metadata_only,core,chemical_modification_oligo_safety_2023_2026; score=4; Next Generation Exon 51 Skipping Antisense Oligonucleotides for Duchenne Muscular Dystrophy.
pubmed_discovery_36195820,36195820,literature_discovery,derived_annotations_only,abstract_metadata_only,core,oligo_therapeutics_safety_2023_2026; score=4; Structural Fingerprinting of Antisense Oligonucleotide Therapeutics by Solution NMR Spectroscopy.
pubmed_discovery_42166976,42166976,literature_discovery,derived_annotations_only,abstract_metadata_only,core,sirna_offtarget_safety_2024_2026; score=3; 5-O-Methylembelin disrupts the ACO1-TPI1 interaction to promote ferroptosis in clear cell renal cell carcinoma.
pubmed_discovery_42142608,42142608,literature_discovery,derived_annotations_only,abstract_metadata_only,secondary,oligo_prediction_benchmark_2023_2026; score=3; Forest-cultivated Epimedium koreanum Nakai mitigates organotin-induced renal injury and the exacerbation of diabetic nephropathy via the SIRT1/NRF2/PPARγ signaling pathways.
pubmed_discovery_42128249,42128249,literature_discovery,derived_annotations_only,abstract_metadata_only,core,sirna_offtarget_safety_2024_2026; score=3; The nucleotidyl transferase URT1-directed mRNA surveillance is critical for embryo and seedling development in Arabidopsis.
pubmed_discovery_42121023,42121023,literature_discovery,derived_annotations_only,abstract_metadata_only,core,sirna_offtarget_safety_2024_2026; score=3; Carrying the seeds of your crop: fungal genetic networks activated during colonization of the ambrosia beetle symbiotic organ.
pubmed_discovery_42119893,42119893,literature_discovery,derived_annotations_only,abstract_metadata_only,core,sirna_offtarget_safety_2024_2026; score=3; StICE1 activates StCBFs expression to regulate cold stress response in potato (Solanum tuberosum L.) seedlings.
pubmed_discovery_42117064,42117064,literature_discovery,derived_annotations_only,abstract_metadata_only,core,sirna_offtarget_safety_2024_2026; score=3; Transcriptome analysis and characterization of cathepsin B-like protein in Melanaphis sorghi in response to resistant sorghum.
pubmed_discovery_42085538,42085538,literature_discovery,derived_annotations_only,abstract_metadata_only,core,sirna_offtarget_safety_2024_2026; score=3; Protein phosphatase 2A regulates senescence and immunogenicity in medulloblastoma models.
pubmed_discovery_42033472,42033472,literature_discovery,derived_annotations_only,abstract_metadata_only,core,sirna_seed_transcriptome_2023_2026; score=3; The rice cysteine protease OsEP3A promotes seedling growth and seed development and contains a nitrogen-starvation-responsive sequence.
pubmed_discovery_41999945,41999945,literature_discovery,derived_annotations_only,abstract_metadata_only,core,sirna_seed_transcriptome_2023_2026; score=3; Integrated multi-omics analysis to elucidate the genetic basis of seed traits in cotton.
pubmed_discovery_41967697,41967697,literature_discovery,derived_annotations_only,abstract_metadata_only,secondary,lnp_oligo_delivery_safety_2023_2026; score=3; Targeting the NSUN5-circPPAP2A axis reverses immunosuppression and sensitizes renal cell carcinoma to anti-PD-1 therapy.
pubmed_discovery_41962205,41962205,literature_discovery,derived_annotations_only,abstract_metadata_only,secondary,oligo_prediction_benchmark_2023_2026; score=3; LHX2 is associated with tumor microenvironment characteristics in clear cell renal cell carcinoma and modulates the malignant phenotypes of cancer cells.
pubmed_discovery_41949020,41949020,literature_discovery,derived_annotations_only,abstract_metadata_only,secondary,oligo_prediction_benchmark_2023_2026; score=3; Crosstalk Between Clec7a and TLR4 Immune Pathway Drives Renal Damage in a Cisplatin-Induced Acute Kidney Injury Model.
pubmed_discovery_41474128,41474128,literature_discovery,derived_annotations_only,abstract_metadata_only,core,chemical_modification_oligo_safety_2023_2026; score=3; Phosphorothioate and 2'-Fluoro Ribose Substitution-Mediated Hydrophobic Effect Empowers RNA Probes for Highly Sensitive and Subtype-Selective miRNA Imaging.
pubmed_discovery_41443406,41443406,literature_discovery,derived_annotations_only,abstract_metadata_only,core,aso_toxicity_safety_2024_2026; score=3; A single-arm phase 2 trial of an investigational RNA therapeutic to complement factor B sefaxersen for treatment of IgA nephropathy.
pubmed_discovery_41329256,41329256,literature_discovery,derived_annotations_only,abstract_metadata_only,core,aso_immune_complement_safety_2023_2026; score=3; Comparison of first-line immuno-oncology combinations with molecular targeted therapy in patients with advanced renal cell carcinoma undergoing hemodialysis: a real-world multicenter retrospective study.
pubmed_discovery_40848498,40848498,literature_discovery,derived_annotations_only,abstract_metadata_only,core,chemical_modification_oligo_safety_2023_2026; score=3; A fluorescent aptasensor for accurate and sensitive detection of glyphosate based on asymmetrically competitive CRISPR/Cas12a with phosphorothioate-modified G-quadruplex.
pubmed_discovery_42077930,42077930,literature_discovery,derived_annotations_only,abstract_metadata_only,core,sirna_offtarget_safety_2024_2026; score=3; LwaCas13a indiscriminately targets the human transcriptome.
pubmed_discovery_41399434,41399434,literature_discovery,derived_annotations_only,abstract_metadata_only,secondary,sirna_clinical_safety_2023_2026; score=3; Leveraging the active conformation of LFA-1 as a potential target for hematological malignancies.
pubmed_discovery_40683108,40683108,literature_discovery,derived_annotations_only,abstract_metadata_only,core,"oligo_therapeutics_safety_2023_2026; score=3; The complement system: Biology, pathology, and therapeutic interventions."
pubmed_discovery_39948369,39948369,literature_discovery,derived_annotations_only,abstract_metadata_only,core,aso_offtarget_transcriptome_2023_2026; score=3; Full-length transcriptome atlas of gallbladder cancer reveals trastuzumab resistance conferred by ERBB2 alternative splicing.
pubmed_discovery_39893955,39893955,literature_discovery,derived_annotations_only,abstract_metadata_only,core,"aso_toxicity_safety_2024_2026; score=3; Inhibiting the alternative pathway of complement by reducing systemic complement factor B: Randomized, double-blind, placebo-controlled phase 1 studies with Sefaxersen."
pubmed_discovery_39645556,39645556,literature_discovery,derived_annotations_only,abstract_metadata_only,core,aso_offtarget_transcriptome_2023_2026; score=3; ASO Author Reflections: Decoding Racial Differences in Colon Cancer Transcriptomes.
pubmed_discovery_39707174,39707174,literature_discovery,derived_annotations_only,abstract_metadata_only,core,aso_offtarget_transcriptome_2023_2026; score=3; Transcriptome profiling of foxtail millet (Setaria italica) pollen and anther.
pubmed_discovery_38800826,38800826,literature_discovery,derived_annotations_only,abstract_metadata_only,core,phosphorothioate_aso_safety_2024_2026; score=3; Structural dynamics of therapeutic nucleic acids with phosphorothioate backbone modifications.
pubmed_discovery_36694259,36694259,literature_discovery,derived_annotations_only,abstract_metadata_only,core,chemical_modification_oligo_safety_2023_2026; score=3; Phosphorothioated amino-AS1411 aptamer functionalized stealth nanoliposome accelerates bio-therapeutic threshold of apigenin in neoplastic rat liver: a mechanistic approach.
pubmed_discovery_42218706,42218706,literature_discovery,derived_annotations_only,abstract_metadata_only,core,sirna_offtarget_safety_2024_2026; score=2; Small interfering RNA (siRNA)-based targeting breast cancer therapy.
pubmed_discovery_42218144,42218144,literature_discovery,derived_annotations_only,abstract_metadata_only,core,sirna_offtarget_safety_2024_2026; score=2; Targeted silencing of CLYBL with platelet-mimetic siRNA nanoparticles drives itaconate-mediated macrophage reprogramming and protects against sepsis-triggered lung cell death.
pubmed_discovery_42216305,42216305,literature_discovery,derived_annotations_only,abstract_metadata_only,core,sirna_offtarget_safety_2024_2026; score=2; Structure-Guided Engineering of Histidine-Rich pH-Switchable Endosomolytic Peptides for Spleen-Selective siRNA Delivery to Inflammatory Macrophages.
pubmed_discovery_42216038,42216038,literature_discovery,derived_annotations_only,abstract_metadata_only,secondary,lnp_oligo_delivery_safety_2023_2026; score=2; Tunable PEGylation platform for efficient siRNA delivery using mesoporous silica nanoparticles.
pubmed_discovery_42214258,42214258,literature_discovery,derived_annotations_only,abstract_metadata_only,core,sirna_offtarget_safety_2024_2026; score=2; Comparative evaluation of ultrafiltration and EMSA formats for siRNA plasma protein binding: Methodological determinants and artifacts.
pubmed_discovery_42208109,42208109,literature_discovery,derived_annotations_only,abstract_metadata_only,secondary,sirna_clinical_safety_2023_2026; score=2; Ginseng-derived cholesterol analogues enhance pulmonary siRNA delivery and alleviate allergic asthma.
pubmed_discovery_42198287,42198287,literature_discovery,derived_annotations_only,abstract_metadata_only,secondary,lnp_oligo_delivery_safety_2023_2026; score=2; Evolution of siRNA Therapeutics: From Mechanistic Foundations to Clinical Expansion.
pubmed_discovery_42198221,42198221,literature_discovery,derived_annotations_only,abstract_metadata_only,secondary,lnp_oligo_delivery_safety_2023_2026; score=2; Emerging Non-Conventional Approaches in mRNA-LNP Formulation for Therapeutic Applications.
pubmed_discovery_42193329,42193329,literature_discovery,derived_annotations_only,abstract_metadata_only,secondary,"lnp_oligo_delivery_safety_2023_2026; score=2; Effect of Short-Anchored PEGylated Lipids on Lipid Nanoparticle Characterization Profiles, Stability, and Efficacy."
pubmed_discovery_42193283,42193283,literature_discovery,derived_annotations_only,abstract_metadata_only,secondary,lnp_oligo_delivery_safety_2023_2026; score=2; Functionalized Lipid Nanoparticles for Targeted RNA Delivery in Immune and Inflammatory Diseases.
pubmed_discovery_42189390,42189390,literature_discovery,derived_annotations_only,abstract_metadata_only,secondary,oligo_prediction_benchmark_2023_2026; score=2; IVSA-based siRNA targeted delivery system as a universal strategy for the treatment of EGFR-positive cancer.
pubmed_discovery_42184701,42184701,literature_discovery,derived_annotations_only,abstract_metadata_only,secondary,galnac_sirna_safety_2024_2026; score=2; Rapid assessment of metabolism and disposition of conjugated oligonucleotide vutrisiran in rats using a sensitive LC-HRMS platform.
pubmed_discovery_42182416,42182416,literature_discovery,derived_annotations_only,abstract_metadata_only,core,aso_toxicity_safety_2024_2026; score=2; Sequence-Defined Digital Bottlebrush Polymers for Programmable Oligonucleotide Delivery.
pubmed_discovery_42181752,42181752,literature_discovery,derived_annotations_only,abstract_metadata_only,secondary,lnp_oligo_delivery_safety_2023_2026; score=2; Lipid nanoparticles for nucleic acid delivery to osteoblasts and osteoblast-lineage cells: A systematic review.
pubmed_discovery_42180053,42180053,literature_discovery,derived_annotations_only,abstract_metadata_only,secondary,lnp_oligo_delivery_safety_2023_2026; score=2; A novel auto-fluorescent porphyrin-lipid nanoparticle strategy for CTNNB1 gene silencing in hepatocellular carcinoma.
pubmed_discovery_42179012,42179012,literature_discovery,derived_annotations_only,abstract_metadata_only,core,sirna_offtarget_safety_2024_2026; score=2; Tandem Oligonucleotide Synthesis Enabled by a Reducible Linker.
pubmed_discovery_42177899,42177899,literature_discovery,derived_annotations_only,abstract_metadata_only,secondary,lnp_oligo_delivery_safety_2023_2026; score=2; Multifunctional hybrid lipid-polymeric nanoparticle enabling resveratrol and siRNA co-delivery for enhanced cutaneous wound repair.
pubmed_discovery_42173448,42173448,literature_discovery,derived_annotations_only,abstract_metadata_only,secondary,lnp_oligo_delivery_safety_2023_2026; score=2; Biomimetic lipid nanoparticles for macrophage reprogramming in cancer immunotherapy.
pubmed_discovery_42167744,42167744,literature_discovery,derived_annotations_only,abstract_metadata_only,secondary,lnp_oligo_delivery_safety_2023_2026; score=2; Meta-Learning as a Promising Strategy for Lipid Nanoparticle Optimization and Ionizable Lipid Discovery.
pubmed_discovery_42162746,42162746,literature_discovery,derived_annotations_only,abstract_metadata_only,secondary,lnp_oligo_delivery_safety_2023_2026; score=2; Dual-functional chitosan-hyaluronic acid dialdehyde nanoparticles for CD44-targeted Bcl-2 siRNA delivery and photothermal therapy in bladder cancer.
pubmed_discovery_42155236,42155236,literature_discovery,derived_annotations_only,abstract_metadata_only,secondary,"lnp_oligo_delivery_safety_2023_2026; score=2; PEG-lipid structure controls in vitro PEG shedding, surface remodeling, and timing of lipid nanoparticle-mediated silencing."
pubmed_discovery_42151957,42151957,literature_discovery,derived_annotations_only,abstract_metadata_only,secondary,lnp_oligo_delivery_safety_2023_2026; score=2; Microneedle-mediated transdermal delivery of siRNA-loaded nanoparticles for atopic dermatitis therapy by disrupting cuproptosis-pyroptosis crosstalk.
pubmed_discovery_42150356,42150356,literature_discovery,derived_annotations_only,abstract_metadata_only,secondary,lnp_oligo_delivery_safety_2023_2026; score=2; Lipid@polymer hybrid nanoparticles for efficient siRNA transport across the lung barriers: Mechanistic insights into the role of Ionizable lipids.
pubmed_discovery_42148153,42148153,literature_discovery,derived_annotations_only,abstract_metadata_only,secondary,"oligo_prediction_benchmark_2023_2026; score=2; RNA duplex formation and competing endogenous RNA, proposed as mechanisms in regulating expression of natural antisense transcripts- from hypotheses to potential therapeutic applications."
pubmed_discovery_42146298,42146298,literature_discovery,derived_annotations_only,abstract_metadata_only,secondary,lnp_oligo_delivery_safety_2023_2026; score=2; Albumin Pre-Coating Enhances Intracellular siRNA Delivery of Multifunctional Amphiphile/siRNA Nanoparticles [Retraction].
pubmed_discovery_42142676,42142676,literature_discovery,derived_annotations_only,abstract_metadata_only,core,sirna_offtarget_safety_2024_2026; score=2; Effect of vascular disrupting therapy by lipid nanoparticles on the tumor microenvironment.
pubmed_discovery_42138142,42138142,literature_discovery,derived_annotations_only,abstract_metadata_only,core,sirna_offtarget_safety_2024_2026; score=2; Optimization of Lipid Nanoparticles for Safe and Versatile Lung-Targeted RNA Delivery and Disease Therapy.
pubmed_discovery_42135712,42135712,literature_discovery,derived_annotations_only,abstract_metadata_only,core,sirna_offtarget_safety_2024_2026; score=2; Galactosylated LNP-mediated hepatic Sam68 silencing improves glucose homeostasis in diabetes by suppressing gluconeogenesis.
pubmed_discovery_42135452,42135452,literature_discovery,derived_annotations_only,abstract_metadata_only,core,sirna_offtarget_safety_2024_2026; score=2; Combined PD-1 and TIGIT blockade via siRNA enhances anti-leukemic T-cell function and promotes AML cell apoptosis.
pubmed_discovery_42134451,42134451,literature_discovery,derived_annotations_only,abstract_metadata_only,core,sirna_offtarget_safety_2024_2026; score=2; Advances in siRNA and synbiotic therapies for colorectal cancer: a molecular and microbiota perspective.
pubmed_discovery_42131363,42131363,literature_discovery,derived_annotations_only,abstract_metadata_only,secondary,oligo_prediction_benchmark_2023_2026; score=2; eMALDI MS and oligonucleotide analysis.
pubmed_discovery_42126331,42126331,literature_discovery,derived_annotations_only,abstract_metadata_only,core,sirna_offtarget_safety_2024_2026; score=2; Poly-L-Lysine Doped FmocFF Nanogels as Delivery Platforms for siRNA.
pubmed_discovery_42117503,42117503,literature_discovery,derived_annotations_only,abstract_metadata_only,secondary,lnp_oligo_delivery_safety_2023_2026; score=2; Aptamer-Loaded Cubosome Lipid Nanoparticles for the Treatment of Tuberculosis.
pubmed_discovery_42112626,42112626,literature_discovery,derived_annotations_only,abstract_metadata_only,core,sirna_offtarget_safety_2024_2026; score=2; Pulmonary delivery of gene-loaded lipid nanoparticles for targeting TGF-β signaling in idiopathic pulmonary fibrosis.
pubmed_discovery_42111825,42111825,literature_discovery,derived_annotations_only,abstract_metadata_only,secondary,lnp_oligo_delivery_safety_2023_2026; score=2; A biomimetic membrane platform for predictive screening and rational engineering of endosomally escaped lipid nanoparticle-CpG oligodeoxynucleotides delivery systems.
pubmed_discovery_42108770,42108770,literature_discovery,derived_annotations_only,abstract_metadata_only,secondary,oligo_prediction_benchmark_2023_2026; score=2; Quercetin Attenuates Cytokine Storm in Viral Pneumonia via Inhibition of the TLR3-NF-κB-IL-6 Signaling Axis.
pubmed_discovery_42104082,42104082,literature_discovery,derived_annotations_only,abstract_metadata_only,secondary,lnp_oligo_delivery_safety_2023_2026; score=2; Double-coated PLGA nanoparticles with hierarchical surface architecture for CD44-targeted siRNA delivery.
pubmed_discovery_42097228,42097228,literature_discovery,derived_annotations_only,abstract_metadata_only,core,sirna_offtarget_safety_2024_2026; score=2; In vivo genetic circuit drives systemic PARP1 siRNA assembly into small extracellular vesicles for BRCA2-deficient breast cancer therapy.
pubmed_discovery_42083118,42083118,literature_discovery,derived_annotations_only,abstract_metadata_only,secondary,oligo_prediction_benchmark_2023_2026; score=2; Optimizing Oligonucleotide Therapeutics: A Model-Informed Drug Development Perspective.
pubmed_discovery_42072644,42072644,literature_discovery,derived_annotations_only,abstract_metadata_only,secondary,lnp_oligo_delivery_safety_2023_2026; score=2; Graphene Oxide-Antisense miR-21 Nanosystem Modulates Gene Expression and Suppresses Tumorigenesis in HepG2-Derived CAM Xenografts.
pubmed_discovery_42067084,42067084,literature_discovery,derived_annotations_only,abstract_metadata_only,core,sirna_seed_transcriptome_2023_2026; score=2; ROS-responsive phenylboronic acid-modified hyaluronic acid-loaded TA-siRNA nanogels accelerate diabetic wound healing.
pubmed_discovery_42063179,42063179,literature_discovery,derived_annotations_only,abstract_metadata_only,secondary,"oligo_prediction_benchmark_2023_2026; score=2; A novel antisense lncRNA, LPCRL, functions as a molecular scaffold for the USP15/MIB1 complex to promote primary cisplatin resistance and tumor progression in lung squamous cell carcinoma."
pubmed_discovery_42060243,42060243,literature_discovery,derived_annotations_only,abstract_metadata_only,secondary,lnp_oligo_delivery_safety_2023_2026; score=2; Recent Developments in Lipid Nanoparticle-Mediated Delivery of Biotherapeutics and Gene Therapy Across the Blood-Brain Barrier.
pubmed_discovery_42044042,42044042,literature_discovery,derived_annotations_only,abstract_metadata_only,core,sirna_seed_transcriptome_2023_2026; score=2; The role of the uncharacterized gene TuPSEG in host plant adaptation of Tetranychus urticae (Trombidiformes: Tetranychidae) and its potential for RNA interference-based control.
pubmed_discovery_42040413,42040413,literature_discovery,derived_annotations_only,abstract_metadata_only,core,sirna_seed_transcriptome_2023_2026; score=2; Molecular Dynamics Simulation-Assisted siRNA Design for Dual-Ubiquitinated SKP2 Silencing via Ago2 Anchoring in Breast Cancer.
pubmed_discovery_42036903,42036903,literature_discovery,derived_annotations_only,abstract_metadata_only,core,"sirna_seed_transcriptome_2023_2026; score=2; Therapeutic siRNA: Mechanisms, challenges, strategies, and clinical translation."
pubmed_discovery_42028573,42028573,literature_discovery,derived_annotations_only,abstract_metadata_only,secondary,lnp_oligo_delivery_safety_2023_2026; score=2; Influenza B mosaic HA mRNA-LNP vaccines are cross-reactive and protective in mice.
pubmed_discovery_42006041,42006041,literature_discovery,derived_annotations_only,abstract_metadata_only,secondary,lnp_oligo_delivery_safety_2023_2026; score=2; RNA-Micelles as Self-Assembling Structures for Efficient Co-Delivery of Synergistic siRNA and Nucleoside Analogues to Treat CRC Lung Metastasis.
pubmed_discovery_42005705,42005705,literature_discovery,derived_annotations_only,abstract_metadata_only,secondary,lnp_oligo_delivery_safety_2023_2026; score=2; Preparation and Antitumor Activity of METTL3 SiRNA Nanoparticles Carried by Hypoxia Sensitive Polymer (mPEG-Azo-PEI).
pubmed_discovery_42003109,42003109,literature_discovery,derived_annotations_only,abstract_metadata_only,secondary,lnp_oligo_delivery_safety_2023_2026; score=2; Spermine Lipid Assembled Nanoparticles for siRNA Delivery and Androgenetic Alopecia Therapy.
pubmed_discovery_42001054,42001054,literature_discovery,derived_annotations_only,abstract_metadata_only,secondary,lnp_oligo_delivery_safety_2023_2026; score=2; Turmeric-derived exosome-coated ZIF-8 nanoplatform for targeted delivery of TGF-β1 siRNA in the treatment of liver fibrosis.
pubmed_discovery_42000178,42000178,literature_discovery,derived_annotations_only,abstract_metadata_only,secondary,lnp_oligo_delivery_safety_2023_2026; score=2; Advances in lipids design for LNP-mediated DNA and RNA delivery.
pubmed_discovery_41997674,41997674,literature_discovery,derived_annotations_only,abstract_metadata_only,core,phosphorothioate_aso_safety_2024_2026; score=2; Therapeutic oligonucleotide (nusinersen) metabolism in cerebrospinal fluid samples of patients with spinal muscular atrophy based on liquid chromatography coupled with mass spectrometry data.
pubmed_discovery_41995194,41995194,literature_discovery,derived_annotations_only,abstract_metadata_only,secondary,lnp_oligo_delivery_safety_2023_2026; score=2; Synergic cancer chemo-immunotherapy comprising combined doxorubicin and siRNA targeting CD47 co-delivered by a bola-amphiphilic dendrimer.
pubmed_discovery_41994867,41994867,literature_discovery,derived_annotations_only,abstract_metadata_only,secondary,sirna_clinical_safety_2023_2026; score=2; Development of a DUX4-targeting antibody oligonucleotide conjugate as a therapy for FSHD.
pubmed_discovery_41985596,41985596,literature_discovery,derived_annotations_only,abstract_metadata_only,secondary,lnp_oligo_delivery_safety_2023_2026; score=2; Mucus-penetrating lipid nanoparticles overcome lung barriers for pulmonary co-delivery of siGSDMD and pDNA-SAP in idiopathic pulmonary fibrosis.
pubmed_discovery_41970227,41970227,literature_discovery,derived_annotations_only,abstract_metadata_only,secondary,lnp_oligo_delivery_safety_2023_2026; score=2; Enhancing the delivery and stability of lipid nanoparticle-dsRNA formulations in the RNAi-recalcitrant fall armyworm (Spodoptera frugiperda).
pubmed_discovery_41965145,41965145,literature_discovery,derived_annotations_only,abstract_metadata_only,secondary,oligo_prediction_benchmark_2023_2026; score=2; In silico evaluation of DsiRNA-mediated targeting of arginase in Anopheles gambiae as a novel vector control strategy.
pubmed_discovery_41958534,41958534,literature_discovery,derived_annotations_only,abstract_metadata_only,secondary,lnp_oligo_delivery_safety_2023_2026; score=2; Controlling Payload Heterogeneity in Lipid Nanoparticles for RNA-Based Therapeutics.
pubmed_discovery_41955516,41955516,literature_discovery,derived_annotations_only,abstract_metadata_only,secondary,oligo_prediction_benchmark_2023_2026; score=2; Combating VEGFA-siRNA-Induced Metabolic Reprogramming via Glucose Utilization Deprivation.
pubmed_discovery_41950645,41950645,literature_discovery,derived_annotations_only,abstract_metadata_only,secondary,lnp_oligo_delivery_safety_2023_2026; score=2; Human blood-brain barrier tissue model to characterize lipid nanoparticle delivery and transport mechanisms.
pubmed_discovery_41949512,41949512,literature_discovery,derived_annotations_only,abstract_metadata_only,core,aso_toxicity_safety_2024_2026; score=2; Efficacy of Tonlamarsen in Patients With Uncontrolled Hypertension: The KARDINAL Phase 2 Randomized Clinical Trial.
pubmed_discovery_41944781,41944781,literature_discovery,derived_annotations_only,abstract_metadata_only,secondary,oligo_prediction_benchmark_2023_2026; score=2; Emerging experimental and bioinformatic approaches in RNA interference-based pest control research.
pubmed_discovery_41931244,41931244,literature_discovery,derived_annotations_only,abstract_metadata_only,secondary,oligo_prediction_benchmark_2023_2026; score=2; HIF-1α siRNA Enhances the Efficacy of Erlotinib in Non-small Cell Lung Cancer: A Novel Strategy to Reverse Hypoxia-Induced Drug Resistance.
pubmed_discovery_41929569,41929569,literature_discovery,derived_annotations_only,abstract_metadata_only,secondary,lnp_oligo_delivery_safety_2023_2026; score=2; Dual-targeted approaches in cancer therapy: integrating siRNA and chemotherapy for improved outcomes.
pubmed_discovery_41924196,41924196,literature_discovery,derived_annotations_only,abstract_metadata_only,secondary,lnp_oligo_delivery_safety_2023_2026; score=2; Bibliometric trends and emerging frontiers in RNA interference research for mosquito control (2010-2025).
pubmed_discovery_41922680,41922680,literature_discovery,derived_annotations_only,abstract_metadata_only,secondary,oligo_prediction_benchmark_2023_2026; score=2; Co-delivery of cisplatin and Bmi1 siRNA via nanocapsules overcomes chemoresistance in ovarian cancer.
pubmed_discovery_41911333,41911333,literature_discovery,derived_annotations_only,abstract_metadata_only,secondary,lnp_oligo_delivery_safety_2023_2026; score=2; β-Triketone-Based Ionizable Cationic Lipids Synthesized via Click Chemistry for siRNA Delivery.
pubmed_discovery_41905408,41905408,literature_discovery,derived_annotations_only,abstract_metadata_only,secondary,lnp_oligo_delivery_safety_2023_2026; score=2; Baiting-enhanced extravasation of lipid nanoparticles for targeted co-delivery of decitabine and siTNF-α to the bone marrow niche in leukemia therapy.
pubmed_discovery_41899235,41899235,literature_discovery,derived_annotations_only,abstract_metadata_only,secondary,lnp_oligo_delivery_safety_2023_2026; score=2; Overcoming Chemotherapy Resistance in Triple-Negative Breast Cancer with Nanocarrier-Delivered siRNA Therapeutics.
pubmed_discovery_41896658,41896658,literature_discovery,derived_annotations_only,abstract_metadata_only,secondary,lnp_oligo_delivery_safety_2023_2026; score=2; The application of nanoparticle-mediated siRNA delivery systems in ovarian cancer.
pubmed_discovery_41884956,41884956,literature_discovery,derived_annotations_only,abstract_metadata_only,secondary,lnp_oligo_delivery_safety_2023_2026; score=2; Quantitative analysis of oligonucleotide delivery into isolated mitochondria: a proof-of-concept method.
pubmed_discovery_41865608,41865608,literature_discovery,derived_annotations_only,abstract_metadata_only,secondary,"lnp_oligo_delivery_safety_2023_2026; score=2; cRGD-modified, pH-sensitive liposomes for co-delivery of docetaxel and ABCG2 siRNA enhance therapeutic efficacy in triple-negative breast cancer."
pubmed_discovery_41865046,41865046,literature_discovery,derived_annotations_only,abstract_metadata_only,secondary,lnp_oligo_delivery_safety_2023_2026; score=2; Microfluidic process-property correlations of dsRNA lipid nanoparticle formulations.
pubmed_discovery_41864150,41864150,literature_discovery,derived_annotations_only,abstract_metadata_only,secondary,lnp_oligo_delivery_safety_2023_2026; score=2; A Calixsalan-based ionizable lipid for macrophage-targeted Trem2 siRNA delivery attenuates atherosclerosis.
pubmed_discovery_41850405,41850405,literature_discovery,derived_annotations_only,abstract_metadata_only,secondary,lnp_oligo_delivery_safety_2023_2026; score=2; Caspase-1-targeting siRNA nanoparticles suppress pyroptosis to prevent force-induced root resorption.
pubmed_discovery_41841193,41841193,literature_discovery,derived_annotations_only,abstract_metadata_only,secondary,lnp_oligo_delivery_safety_2023_2026; score=2; Cytidinyl/Cationic Lipids-siRNA Delivery Silences MYC to Reprogram Macrophages and Circadian Rhythm for Cancer Treatment.
pubmed_discovery_41832731,41832731,literature_discovery,derived_annotations_only,abstract_metadata_only,secondary,"galnac_sirna_safety_2024_2026; score=2; The Computational Journey of siRNA Silencing Efficiency: Resources, Methods, and Future Directions."
pubmed_discovery_41800240,41800240,literature_discovery,derived_annotations_only,abstract_metadata_only,core,aso_toxicity_safety_2024_2026; score=2; Metabolic Dysfunction-Associated Steatotic Liver Disease and Emerging Oligonucleotide Therapies.
pubmed_discovery_41779311,41779311,literature_discovery,derived_annotations_only,abstract_metadata_only,secondary,sirna_clinical_safety_2023_2026; score=2; Nanoparticle based siRNA therapeutics for ovarian cancer overcoming drug resistance and future directions.
pubmed_discovery_41764711,41764711,literature_discovery,derived_annotations_only,abstract_metadata_only,secondary,sirna_clinical_safety_2023_2026; score=2; Zilebesiran: an RNA interference agent-its need and potential to transform hypertension treatment.
pubmed_discovery_41736386,41736386,literature_discovery,derived_annotations_only,abstract_metadata_only,core,aso_offtarget_transcriptome_2023_2026; score=2; Enabling Large-Volume Injections in Hydrophilic Interaction Chromatography of Oligonucleotides Through In-Line Mixing.
pubmed_discovery_41707138,41707138,literature_discovery,derived_annotations_only,abstract_metadata_only,secondary,sirna_clinical_safety_2023_2026; score=2; An Antibody-Oligonucleotide Conjugate for Myotonic Dystrophy Type 1.
pubmed_discovery_41625776,41625776,literature_discovery,derived_annotations_only,abstract_metadata_only,secondary,sirna_clinical_safety_2023_2026; score=2; Recent advances in lipid nanoparticles for cancer vaccine delivery: Challenges and future perspectives.
pubmed_discovery_41624517,41624517,literature_discovery,derived_annotations_only,abstract_metadata_only,core,aso_immune_complement_safety_2023_2026; score=2; Programmable lipid nanoparticles for RNA therapeutics: Design principles and clinical translation.
pubmed_discovery_41614678,41614678,literature_discovery,derived_annotations_only,abstract_metadata_only,core,chemical_modification_oligo_safety_2023_2026; score=2; Transient Cyclic Structured Oligonucleotide Designs for Therapeutic Applications.
pubmed_discovery_41612090,41612090,literature_discovery,derived_annotations_only,abstract_metadata_only,core,oligo_therapeutics_safety_2023_2026; score=2; Industry Practices in Oligonucleotide Tissue Biodistribution Assessment: An IQ consortium Cross-Industry Survey of Current Approaches and Emerging Trends.
pubmed_discovery_41611213,41611213,literature_discovery,derived_annotations_only,abstract_metadata_only,core,oligo_therapeutics_safety_2023_2026; score=2; Bifunctional Silk Nanospheres for Targeted Delivery of Oligonucleotide Therapeutics to VEGFR-Positive Cells in the Tumor Microenvironment.
pubmed_discovery_41169576,41169576,literature_discovery,derived_annotations_only,abstract_metadata_only,core,"gapmer_aso_hepatotoxicity_2020_2026; score=19; Cycloalkane Incorporation Into the 2',4'-Bridge of Locked Nucleic Acid: Enhancing Nuclease Stability, Reducing Phosphorothioate Modifications, and Lowering Hepatotoxicity in Antisense Oligonucleotides."
pubmed_discovery_35801870,35801870,literature_discovery,derived_annotations_only,abstract_metadata_only,core,gapmer_aso_hepatotoxicity_2020_2026; score=16; Identification of nucleobase chemical modifications that reduce the hepatotoxicity of gapmer antisense oligonucleotides.
pubmed_discovery_41315228,41315228,literature_discovery,derived_annotations_only,abstract_metadata_only,core,aso_kidney_toxicity_2020_2026; score=14; The nucleobase guanine at the 3'-terminus of oligonucleotide RGLS4326 drives off-target AMPAR inhibition and CNS toxicity.
pubmed_discovery_35736224,35736224,literature_discovery,derived_annotations_only,abstract_metadata_only,secondary,galnac_conjugate_clinical_safety_2020_2026; score=13; From bench to bedside: Improving the clinical safety of GalNAc-siRNA conjugates using seed-pairing destabilization.
pubmed_discovery_35213032,35213032,literature_discovery,derived_annotations_only,abstract_metadata_only,core,aso_kidney_toxicity_2020_2026; score=13; Preclinical Evaluation of the Renal Toxicity of Oligonucleotide Therapeutics in Mice.
pubmed_discovery_41928909,41928909,literature_discovery,derived_annotations_only,abstract_metadata_only,core,gapmer_aso_hepatotoxicity_2020_2026; score=12; Guanine base modifications in antisense oligonucleotides mitigate acute central nervous system toxicity.
pubmed_discovery_41916443,41916443,literature_discovery,derived_annotations_only,abstract_metadata_only,secondary,oligo_prediction_benchmark_2023_2026; score=12; GSTA1 depletes glutathione and exacerbates oxidative stress in α-Amanitin-induced hepatotoxicity.
pubmed_discovery_41209571,41209571,literature_discovery,derived_annotations_only,abstract_metadata_only,secondary,sirna_clinical_safety_2023_2026; score=12; Molecular mechanisms and biomarkers of total parenteral nutrition-induced hepatotoxicity revealed by iTRAQ proteomics analysis.
pubmed_discovery_39680074,39680074,literature_discovery,derived_annotations_only,abstract_metadata_only,core,oligo_chemistry_toxicity_mechanism_2020_2026; score=12; Perfluorohexanesulfonic Acid (PFHxS) Induces Hepatotoxicity through the PPAR Signaling Pathway in Larval Zebrafish (Danio rerio).
pubmed_discovery_38391508,38391508,literature_discovery,derived_annotations_only,abstract_metadata_only,core,aso_offtarget_transcriptome_2023_2026; score=12; General and Specific Cytotoxicity of Chimeric Antisense Oligonucleotides in Bacterial Cells and Human Cell Lines.
pubmed_discovery_37454775,37454775,literature_discovery,derived_annotations_only,abstract_metadata_only,core,"aso_kidney_toxicity_2020_2026; score=12; Off target toxicities and links with physicochemical properties of medicinal products, including antibiotics, oligonucleotides, lipid nanoparticles (with cationic and/or anionic charges). Data review suggests an emerging pattern."
pubmed_discovery_37193356,37193356,literature_discovery,derived_annotations_only,abstract_metadata_only,core,aso_kidney_toxicity_2020_2026; score=12; Nephrotoxicity of marketed antisense oligonucleotide drugs.
pubmed_discovery_35221289,35221289,literature_discovery,derived_annotations_only,abstract_metadata_only,core,aso_kidney_toxicity_2020_2026; score=12; Adverse Drug Reactions and Toxicity of the Food and Drug Administration-Approved Antisense Oligonucleotide Drugs.
pubmed_discovery_33084520,33084520,literature_discovery,derived_annotations_only,abstract_metadata_only,core,aso_kidney_toxicity_2020_2026; score=12; Urinary Kidney Biomarker Panel Detects Preclinical Antisense Oligonucleotide-Induced Tubular Toxicity.
pubmed_discovery_32833564,32833564,literature_discovery,derived_annotations_only,abstract_metadata_only,core,"aso_kidney_toxicity_2020_2026; score=11; Immunogenicity Assessment of Inotersen, a 2'-O-(2-Methoxyethyl) Antisense Oligonucleotide in Animals and Humans: Effect on Pharmacokinetics, Pharmacodynamics, and Safety."
pubmed_discovery_31980820,31980820,literature_discovery,derived_annotations_only,abstract_metadata_only,core,gapmer_aso_hepatotoxicity_2020_2026; score=11; Understanding the effect of controlling phosphorothioate chirality in the DNA gap on the potency and safety of gapmer antisense oligonucleotides.
pubmed_discovery_41879506,41879506,literature_discovery,derived_annotations_only,abstract_metadata_only,core,oligo_nonclinical_safety_2020_2026; score=10; Toxicologic Pathology Forum: Opinion on Considerations for Determination of Adverse Versus Nonadverse Nerve Fiber Degeneration in Nonclinical Toxicity Studies of Oligonucleotides Delivered Directly Into the Intrathecal Space.
pubmed_discovery_41167339,41167339,literature_discovery,derived_annotations_only,abstract_metadata_only,secondary,lnp_rna_safety_toxicity_2020_2026; score=10; Incorporation of a polyamine into lipid nanoparticles increases the endosomal release and transfection of nucleic acids without toxicity.
pubmed_discovery_40616935,40616935,literature_discovery,derived_annotations_only,abstract_metadata_only,core,oligo_chemistry_toxicity_mechanism_2020_2026; score=10; Vps34 knockdown attenuated AlNPs-induced neurodevelopmental toxicity in zebrafish larvae and adults by inhibiting mitophagy.
pubmed_discovery_35917865,35917865,literature_discovery,derived_annotations_only,abstract_metadata_only,secondary,lnp_rna_safety_toxicity_2020_2026; score=10; Engineered ionizable lipid siRNA conjugates enhance endosomal escape but induce toxicity in vivo.
pubmed_discovery_34592399,34592399,literature_discovery,derived_annotations_only,abstract_metadata_only,secondary,lnp_rna_safety_toxicity_2020_2026; score=10; The hydrophobic tail of a pH-sensitive cationic lipid influences siRNA transfection activity and toxicity in human NK cell lines.
pubmed_discovery_34060347,34060347,literature_discovery,derived_annotations_only,abstract_metadata_only,core,"aso_kidney_toxicity_2020_2026; score=10; Safety, Tissue Distribution, and Metabolism of LNA-Containing Antisense Oligonucleotides in Rats."
pubmed_discovery_31821125,31821125,literature_discovery,derived_annotations_only,abstract_metadata_only,secondary,"galnac_conjugate_clinical_safety_2020_2026; score=10; Nonclinical Safety Profile of Revusiran, a 1st-Generation GalNAc-siRNA Conjugate for Treatment of Hereditary Transthyretin-Mediated Amyloidosis."
pubmed_discovery_32530964,32530964,literature_discovery,derived_annotations_only,abstract_metadata_only,core,aso_kidney_toxicity_2020_2026; score=9; Refining LNA safety profile by controlling phosphorothioate stereochemistry.
pubmed_discovery_41974290,41974290,literature_discovery,derived_annotations_only,abstract_metadata_only,core,sirna_seed_transcriptome_2023_2026; score=8; NFIL3-dependent regulation of NF-κB pathway mediates alginic oligosaccharide alleviation of nitrite immunotoxicity in Procambarus clarkii.
pubmed_discovery_41951857,41951857,literature_discovery,derived_annotations_only,abstract_metadata_only,core,oligo_nonclinical_safety_2020_2026; score=8; Mechanism of uptake and toxicity of a BCMA antibody drug conjugate with a MMAF payload by nonantigen expressing cells.
pubmed_discovery_41919735,41919735,literature_discovery,derived_annotations_only,abstract_metadata_only,core,oligo_sequence_dependent_toxicity_2020_2026; score=8; Alpha-Tocopherol-Conjugated DNA Tetrahedron with Enhanced Cellular Uptake and Cytotoxicity for Cancer Therapeutics.
pubmed_discovery_41898996,41898996,literature_discovery,derived_annotations_only,abstract_metadata_only,core,sirna_seed_toxicity_broad_2020_2026; score=8; Methylene Blue Alleviates Thiamethoxam-Induced Toxicity in Honeybee Larvae by Activating Dihydrolipoyl Dehydrogenase.
pubmed_discovery_41883153,41883153,literature_discovery,derived_annotations_only,abstract_metadata_only,secondary,oligo_prediction_benchmark_2023_2026; score=8; Syringin Protects Against Doxorubicin-Induced Cardiotoxicity via Apelinr-Dependent Activation of the Nuclear Factor-Erythroid 2-Related Factor 2/Heme Oxygenase-1 Antioxidant Pathway.
pubmed_discovery_41874387,41874387,literature_discovery,derived_annotations_only,abstract_metadata_only,secondary,oligo_prediction_benchmark_2023_2026; score=8; RNAi-mediated p38δ silencing mitigates anthracycline cardiotoxicity in female mice.
pubmed_discovery_41550911,41550911,literature_discovery,derived_annotations_only,abstract_metadata_only,core,"oligo_chemistry_toxicity_mechanism_2020_2026; score=8; Water Added Probiotics Attenuates Sumithion-Induced Toxicity on Growth, Intestinal Deformities, Erythrocytic Abnormalities, and Immunity in Nile Tilapia (Oreochromis niloticus)."
pubmed_discovery_41461418,41461418,literature_discovery,derived_annotations_only,abstract_metadata_only,core,oligo_chemistry_toxicity_mechanism_2020_2026; score=8; Multidimensional toxicity profiling of organophosphorus pesticides in agricultural soils: Target and non-target responses.
pubmed_discovery_41446784,41446784,literature_discovery,derived_annotations_only,abstract_metadata_only,core,oligo_chemistry_toxicity_mechanism_2020_2026; score=8; Phoxim induces neurotoxicity and intestinal damage in Caenorhabditis elegans.
pubmed_discovery_41110164,41110164,literature_discovery,derived_annotations_only,abstract_metadata_only,core,sirna_seed_toxicity_broad_2020_2026; score=8; Multiomics Approaches to Study the Contact Toxicity and Mechanisms of Aliphatic Ketones and Aldehydes against Tribolium castaneum.
pubmed_discovery_41066632,41066632,literature_discovery,derived_annotations_only,abstract_metadata_only,core,oligo_sequence_dependent_toxicity_2020_2026; score=8; Determining off-target effects of splice-switching antisense oligonucleotides using short read RNAseq in neuronally differentiated human induced pluripotent stem cells.
pubmed_discovery_41065179,41065179,literature_discovery,derived_annotations_only,abstract_metadata_only,core,oligo_chemistry_toxicity_mechanism_2020_2026; score=8; Chemical Evolution of Double Covalent Aptamers for Sustained Protein Degradation and Improved Cytotoxicity in NK-Cell-Mediated Tumor Therapy.
pubmed_discovery_40983918,40983918,literature_discovery,derived_annotations_only,abstract_metadata_only,core,aso_kidney_toxicity_2020_2026; score=8; Inhibition of GCKIII kinases STK25 and MST3 mitigates organ lipotoxicity and enhances metabolic resilience under nutritional stress.
pubmed_discovery_40912822,40912822,literature_discovery,derived_annotations_only,abstract_metadata_only,core,"oligo_chemistry_toxicity_mechanism_2020_2026; score=8; Novel antibacterial, antioxidant, and anti-inflammatory aminated chitosan hybrid quinoline Schiff base as multi-target agent: Design, molecular docking, and toxicity assessment."
pubmed_discovery_40683240,40683240,literature_discovery,derived_annotations_only,abstract_metadata_only,core,oligo_chemistry_toxicity_mechanism_2020_2026; score=8; Perfluorodecanesulfonate (PFDS) induces innate immune toxicity through the NF-κB pathway in early life stage zebrafish.
pubmed_discovery_40618660,40618660,literature_discovery,derived_annotations_only,abstract_metadata_only,core,oligo_chemistry_toxicity_mechanism_2020_2026; score=8; Bio-promoter-driven conversion of 4-chlorophenol into utilizable carbon source: Enhancing electron supply-consume and attenuating bio-toxicity.
pubmed_discovery_40570244,40570244,literature_discovery,derived_annotations_only,abstract_metadata_only,core,"oligo_chemistry_toxicity_mechanism_2020_2026; score=8; High-Throughput Screening Identifies Bisphenol P as a Potent Cardiotoxin, Inducing Cardiotoxicity through Apoptosis and the NF-κB Pathway."
pubmed_discovery_40376662,40376662,literature_discovery,derived_annotations_only,abstract_metadata_only,core,"oligo_chemistry_toxicity_mechanism_2020_2026; score=8; Exploring N-heterocyclic linked novel hybrid chalcone derivatives: synthesis, characterization, evaluation of antidepressant activity, toxicity assessment, molecular docking, DFT and ADME study."
pubmed_discovery_40083647,40083647,literature_discovery,derived_annotations_only,abstract_metadata_only,core,aso_kidney_toxicity_2020_2026; score=8; Erratum: In vivo efficacy and safety of systemically administered serinol nucleic acid-modified antisense oligonucleotides in mouse kidney.
pubmed_discovery_38802331,38802331,literature_discovery,derived_annotations_only,abstract_metadata_only,secondary,oligo_drug_discovery_safety_review_2020_2026; score=8; Non-coding RNAs and their potential exploitation in cancer therapy-related cardiotoxicity.
pubmed_discovery_39720931,39720931,literature_discovery,derived_annotations_only,abstract_metadata_only,core,aso_immune_complement_safety_2023_2026; score=8; Therapeutic Effect of Mesenchymal Stem Cells and Olive Leaf Extract Against Cytotoxicity Induced by Streptozotocin in Gestational Diabetes Rats.
pubmed_discovery_39192097,39192097,literature_discovery,derived_annotations_only,abstract_metadata_only,core,aso_toxicity_safety_2024_2026; score=8; Preclinical toxicological assessment of amido-bridged nucleic acid-modified antisense oligonucleotides targeting synaptotagmin XIII for intra-abdominal treatment of peritoneal metastasis of gastric cancer.
pubmed_discovery_39059407,39059407,literature_discovery,derived_annotations_only,abstract_metadata_only,core,"aso_toxicity_safety_2024_2026; score=8; Safety, tolerability, and pharmacokinetics of antisense oligonucleotide BIIB078 in adults with C9orf72-associated amyotrophic lateral sclerosis: a phase 1, randomised, double blinded, placebo-controlled, multiple ascending dose study."
pubmed_discovery_38764172,38764172,literature_discovery,derived_annotations_only,abstract_metadata_only,core,"aso_toxicity_safety_2024_2026; score=8; Unveiling the potential of antisense oligonucleotides: Mechanisms, therapies, and safety insights."
pubmed_discovery_38498275,38498275,literature_discovery,derived_annotations_only,abstract_metadata_only,core,aso_kidney_toxicity_2020_2026; score=8; Ocular and systemic vascular endothelial growth factor ligand inhibitor use and nephrotoxicity: an update.
pubmed_discovery_38394820,38394820,literature_discovery,derived_annotations_only,abstract_metadata_only,secondary,lnp_rna_safety_toxicity_2020_2026; score=8; A systematic study of the effect of lipid architecture on cytotoxicity and cellular uptake of cationic cubosomes.
pubmed_discovery_37654022,37654022,literature_discovery,derived_annotations_only,abstract_metadata_only,secondary,"lnp_rna_safety_toxicity_2020_2026; score=8; Pharmacokinetics, safety, and tolerability of BMS-986263, a lipid nanoparticle containing HSP47 siRNA, in participants with hepatic impairment."
pubmed_discovery_36579950,36579950,literature_discovery,derived_annotations_only,abstract_metadata_only,secondary,oligo_drug_discovery_safety_review_2020_2026; score=8; Considerations in the Preclinical Assessment of the Safety of Antisense Oligonucleotides.
pubmed_discovery_35971951,35971951,literature_discovery,derived_annotations_only,abstract_metadata_only,core,"aso_kidney_toxicity_2020_2026; score=8; Preclinical and Phase 1 Assessment of Antisense Oligonucleotide Bepirovirsen in Hepatitis B Virus-Transgenic Mice and Healthy Human Volunteers: Support for Clinical Dose Selection and Evaluation of Safety, Tolerability, and Pharmacokinetics of Single and Multiple Doses."
pubmed_discovery_35608030,35608030,literature_discovery,derived_annotations_only,abstract_metadata_only,core,aso_kidney_toxicity_2020_2026; score=8; Kidney Effects by Alternative Classes of Medicines in Patients and Relationship to Effects in Nonclinical Toxicity Studies.
pubmed_discovery_35073217,35073217,literature_discovery,derived_annotations_only,abstract_metadata_only,core,gapmer_aso_hepatotoxicity_2020_2026; score=8; Altered Biodistribution and Hepatic Safety Profile of a Gapmer Antisense Oligonucleotide Bearing Guanidine-Bridged Nucleic Acids.
pubmed_discovery_34575518,34575518,literature_discovery,derived_annotations_only,abstract_metadata_only,core,"gapmer_aso_hepatotoxicity_2020_2026; score=8; Safety Testing of an Antisense Oligonucleotide Intended for Pediatric Indications in the Juvenile Göttingen Minipig, including an Evaluation of the Ontogeny of Key Nucleases."
pubmed_discovery_33961089,33961089,literature_discovery,derived_annotations_only,abstract_metadata_only,core,aso_kidney_toxicity_2020_2026; score=8; Nephrotoxic antisense oligonucleotide SPC5001 induces kidney injury biomarkers in a proximal tubule-on-a-chip.
pubmed_discovery_33431610,33431610,literature_discovery,derived_annotations_only,abstract_metadata_only,secondary,"galnac_conjugate_clinical_safety_2020_2026; score=8; Safety, Pharmacokinetic, and Pharmacodynamic Evaluation of a 2'-(2-Methoxyethyl)-D-ribose Antisense Oligonucleotide-Triantenarry N-Acetyl-galactosamine Conjugate that Targets the Human Transmembrane Protease Serine 6."
pubmed_discovery_33406986,33406986,literature_discovery,derived_annotations_only,abstract_metadata_only,secondary,sso_splice_oligo_safety_2020_2026; score=8; Lack of Toxicity in Nonhuman Primates Receiving Clinically Relevant Doses of an AAV9.U7snRNA Vector Designed to Induce DMD Exon 2 Skipping.
pubmed_discovery_32865785,32865785,literature_discovery,derived_annotations_only,abstract_metadata_only,secondary,locked_nucleic_acid_safety_2020_2026; score=8; Degradation of Toxic RNA in Myotonic Dystrophy Using Gapmer Antisense Oligonucleotides.
pubmed_discovery_39325927,39325927,literature_discovery,derived_annotations_only,abstract_metadata_only,core,aso_toxicity_safety_2024_2026; score=7; Self-Assembled Antibody-Oligonucleotide Conjugates for Targeted Delivery of Complementary Antisense Oligonucleotides.
pubmed_discovery_38642778,38642778,literature_discovery,derived_annotations_only,abstract_metadata_only,core,aso_toxicity_safety_2024_2026; score=7; Antisense oligonucleotide-mediated terminal intron retention of endoglin: A potential strategy to inhibit renal interstitial fibrosis.
pubmed_discovery_37105829,37105829,literature_discovery,derived_annotations_only,abstract_metadata_only,core,aso_kidney_toxicity_2020_2026; score=7; Efficacy and Safety of Hypoxia-Inducible Factor Prolyl Hydroxylase Inhibitor Therapy for Anemia in Renal Transplantation Patients by Prior Erythropoiesis Stimulating Agent Use.
pubmed_discovery_33633318,33633318,literature_discovery,derived_annotations_only,abstract_metadata_only,core,aso_kidney_toxicity_2020_2026; score=7; Antisense oligonucleotide development for the selective modulation of CYP3A5 in renal disease.
pubmed_discovery_42132413,42132413,literature_discovery,derived_annotations_only,abstract_metadata_only,core,"aso_kidney_toxicity_2020_2026; score=6; Pharmacokinetics, Safety, and Tolerability of Anti-miR-17 Oligonucleotide RGLS4326 in Healthy Adult Subjects."
pubmed_discovery_41784728,41784728,literature_discovery,derived_annotations_only,abstract_metadata_only,core,oligo_chemistry_toxicity_mechanism_2020_2026; score=6; Efficacy and safety of denosumab biosimilars in the treatment of postmenopausal osteoporosis: A systematic review of randomized clinical trials.
pubmed_discovery_41783787,41783787,literature_discovery,derived_annotations_only,abstract_metadata_only,core,oligo_nonclinical_safety_2020_2026; score=6; GalNAc-conjugated siRNA targeting C/EBPβ reverses metabolic dysfunction and restores liver homeostasis in a murine MASLD model.
pubmed_discovery_41683454,41683454,literature_discovery,derived_annotations_only,abstract_metadata_only,core,oligo_nonclinical_safety_2020_2026; score=6; Refined Design and Liquid-Phase Assembly of GalNAc-siRNA Conjugates: Comparative Efficiency Validation in PCSK9 Targeting.
pubmed_discovery_41076269,41076269,literature_discovery,derived_annotations_only,abstract_metadata_only,secondary,sirna_clinical_safety_2023_2026; score=6; Preclinical safety and bleeding evaluation in swine for a small interfering RNA-lipid nanoparticle that prevents excess fibrinogen synthesis.
pubmed_discovery_40385635,40385635,literature_discovery,derived_annotations_only,abstract_metadata_only,core,"oligo_sequence_dependent_toxicity_2020_2026; score=6; Design, pharmacology, and toxicology of a novel chemically modified siRNA targeting hepatic angiotensinogen."
pubmed_discovery_40179932,40179932,literature_discovery,derived_annotations_only,abstract_metadata_only,secondary,"galnac_conjugate_clinical_safety_2020_2026; score=6; Durability and efficacy of solbinsiran, a GalNAc-conjugated siRNA targeting ANGPTL3, in adults with mixed dyslipidaemia (PROLONG-ANG3): a double-blind, randomised, placebo-controlled, phase 2 trial."
pubmed_discovery_37346977,37346977,literature_discovery,derived_annotations_only,abstract_metadata_only,secondary,lnp_rna_safety_toxicity_2020_2026; score=6; Lipid nanoparticle delivery limits antisense oligonucleotide activity and cellular distribution in the brain after intracerebroventricular injection.
pubmed_discovery_37326950,37326950,literature_discovery,derived_annotations_only,abstract_metadata_only,secondary,sso_splice_oligo_safety_2020_2026; score=6; Systemic administration of the antisense oligonucleotide NS-089/NCNP-02 for skipping of exon 44 in patients with Duchenne muscular dystrophy: Study protocol for a phase I/II clinical trial.
pubmed_discovery_37200862,37200862,literature_discovery,derived_annotations_only,abstract_metadata_only,core,gapmer_aso_hepatotoxicity_2020_2026; score=6; Block or degrade? Balancing on- and off-target effects of antisense strategies against transcripts with expanded triplet repeats in DM1.
pubmed_discovery_36302886,36302886,literature_discovery,derived_annotations_only,abstract_metadata_only,secondary,lnp_rna_safety_toxicity_2020_2026; score=6; Development of lipid nanoparticles and liposomes reference materials (II): cytotoxic profiles.
pubmed_discovery_36169577,36169577,literature_discovery,derived_annotations_only,abstract_metadata_only,secondary,lnp_rna_safety_toxicity_2020_2026; score=6; Gemini lipid nanoparticle (GLNP)-mediated oral delivery of TNF-α siRNA mitigates gut inflammation via inhibiting the differentiation of CD4(+) T cells.
pubmed_discovery_35921401,35921401,literature_discovery,derived_annotations_only,abstract_metadata_only,secondary,"lnp_rna_safety_toxicity_2020_2026; score=6; Role of a ""Magic"" Methyl: 2'-Deoxy-2'-α-F-2'-β-C-methyl Pyrimidine Nucleotides Modulate RNA Interference Activity through Synergy with 5'-Phosphate Mimics and Mitigation of Off-Target Effects."
pubmed_discovery_35861704,35861704,literature_discovery,derived_annotations_only,abstract_metadata_only,core,gapmer_aso_hepatotoxicity_2020_2026; score=6; The Combination of Mesyl-Phosphoramidate Inter-Nucleotide Linkages and 2'-O-Methyl in Selected Positions in the Antisense Oligonucleotide Enhances the Performance of RNaseH1 Active PS-ASOs.
pubmed_discovery_35737426,35737426,literature_discovery,derived_annotations_only,abstract_metadata_only,secondary,"galnac_conjugate_clinical_safety_2020_2026; score=6; Preclinical Toxicological Assessment of A Novel siRNA, SLN360, Targeting Elevated Lipoprotein (a) in Cardiovascular Disease."
pubmed_discovery_35057094,35057094,literature_discovery,derived_annotations_only,abstract_metadata_only,core,gapmer_aso_hepatotoxicity_2020_2026; score=6; Safe and Effective Cynomolgus Monkey GLP-Tox Study with Repetitive Intrathecal Application of a TGFBR2 Targeting LNA-Gapmer Antisense Oligonucleotide as Treatment Candidate for Neurodegenerative Disorders.
pubmed_discovery_34470470,34470470,literature_discovery,derived_annotations_only,abstract_metadata_only,secondary,galnac_conjugate_clinical_safety_2020_2026; score=6; High-sensitivity workflow for LC-MS-based analysis of GalNAc-conjugated oligonucleotides: a case study.
pubmed_discovery_33470890,33470890,literature_discovery,derived_annotations_only,abstract_metadata_only,secondary,oligo_drug_discovery_safety_review_2020_2026; score=6; Considerations of the Japanese Research Working Group for the ICH S6 & Related Issues Regarding Nonclinical Safety Assessments of Oligonucleotide Therapeutics: Comparison with Those of Biopharmaceuticals.
pubmed_discovery_32741234,32741234,literature_discovery,derived_annotations_only,abstract_metadata_only,secondary,oligo_drug_discovery_safety_review_2020_2026; score=6; Antisense oligonucleotide therapeutics in clinical trials for the treatment of inherited retinal diseases.
pubmed_discovery_32592692,32592692,literature_discovery,derived_annotations_only,abstract_metadata_only,secondary,galnac_conjugate_clinical_safety_2020_2026; score=6; Delivery of Oligonucleotides to the Liver with GalNAc: From Research to Registered Therapeutic Drug.
pubmed_discovery_32178467,32178467,literature_discovery,derived_annotations_only,abstract_metadata_only,core,gapmer_aso_hepatotoxicity_2020_2026; score=6; Antisense Oligonucleotide in LNA-Gapmer Design Targeting TGFBR2-A Key Single Gene Target for Safe and Effective Inhibition of TGFβ Signaling.
pubmed_discovery_32160706,32160706,literature_discovery,derived_annotations_only,abstract_metadata_only,core,aso_kidney_toxicity_2020_2026; score=6; Efficient Delivery of Antisense Oligonucleotides Using Bioreducible Lipid Nanoparticles In Vitro and In Vivo.
pubmed_discovery_41630988,41630988,literature_discovery,derived_annotations_only,abstract_metadata_only,core,oligo_chemistry_toxicity_mechanism_2020_2026; score=5; Identification and functional validation of intracellular protein partners of phosphorothioate splice-switching oligonucleotides using AP-MS.
pubmed_discovery_41312643,41312643,literature_discovery,derived_annotations_only,abstract_metadata_only,core,aso_thrombocytopenia_complement_2020_2026; score=5; Disrupting Complement-Inflammation Positive Feedback Circuit via Oligonucleotide Hydrogel Microspheres for Reversing Joint Inflammation.
pubmed_discovery_41306048,41306048,literature_discovery,derived_annotations_only,abstract_metadata_only,core,aso_kidney_toxicity_2020_2026; score=5; Comparative Impact of NSAIDs Versus Acetaminophen on Mortality in Stevens-Johnson Syndrome and Toxic Epidermal Necrolysis: A Retrospective Cohort Study of 2484 Patients From a Nationwide Inpatient Database.
pubmed_discovery_40737088,40737088,literature_discovery,derived_annotations_only,abstract_metadata_only,core,oligo_sequence_dependent_toxicity_2020_2026; score=5; Single alkyl phosphonate modification of the siRNA backbone in the seed region enhances specificity and therapeutic profile.
pubmed_discovery_39190037,39190037,literature_discovery,derived_annotations_only,abstract_metadata_only,core,oligo_chemistry_toxicity_mechanism_2020_2026; score=5; Harnessing sulfur-binding domains to separate Sp and Rp isomers of phosphorothioate oligonucleotides.
pubmed_discovery_36028587,36028587,literature_discovery,derived_annotations_only,abstract_metadata_only,secondary,oligo_drug_discovery_safety_review_2020_2026; score=5; Considerations in the Immunogenicity Assessment Strategy for Oligonucleotide Therapeutics (ONTs).
pubmed_discovery_34880218,34880218,literature_discovery,derived_annotations_only,abstract_metadata_only,secondary,sso_splice_oligo_safety_2020_2026; score=5; Low immunogenicity of LNP allows repeated administrations of CRISPR-Cas9 mRNA into skeletal muscle in mice.
pubmed_discovery_32246854,32246854,literature_discovery,derived_annotations_only,abstract_metadata_only,core,gapmer_aso_hepatotoxicity_2020_2026; score=5; In vitro metabolism of 2'-ribose unmodified and modified phosphorothioate oligonucleotide therapeutics using liquid chromatography mass spectrometry.
pubmed_discovery_42165439,42165439,literature_discovery,derived_annotations_only,abstract_metadata_only,secondary,"oligo_drug_discovery_safety_review_2020_2026; score=4; Comments on ""Neurological efficacy and safety of RNA therapeutics in hereditary transthyretin amyloidosis: a systematic review and meta-analysis of randomized controlled trials""."
pubmed_discovery_42163456,42163456,literature_discovery,derived_annotations_only,abstract_metadata_only,core,oligo_nonclinical_safety_2020_2026; score=4; Enhanced antisense oligonucleotide delivery reveals that transcript turnover impacts apparent splicing rescue in myotonic dystrophy.
pubmed_discovery_42128917,42128917,literature_discovery,derived_annotations_only,abstract_metadata_only,core,oligo_innate_immune_tlr_2020_2026; score=4; o-Toluidine and its metabolites induce oxidative and nitrative DNA damage in human urinary bladder epithelial cells.
pubmed_discovery_42065498,42065498,literature_discovery,derived_annotations_only,abstract_metadata_only,core,oligo_innate_immune_tlr_2020_2026; score=4; Inflammation-responsive hierarchical delivery of anti-inflammatory siRNA and peptide alleviates cytokine storm in pneumonia.
pubmed_discovery_42003475,42003475,literature_discovery,derived_annotations_only,abstract_metadata_only,core,"oligo_nonclinical_safety_2020_2026; score=4; Antisense Oligonucleotides in Parkinson's Disease: Challenges, Opportunities, and the Promise of Low-Intensity Focused Ultrasound for Brain Delivery."
pubmed_discovery_41966879,41966879,literature_discovery,derived_annotations_only,abstract_metadata_only,core,"oligo_nonclinical_safety_2020_2026; score=4; Corrigendum to Anisamide-conjugated hairpin antisense oligonucleotides prodrug co-delivering doxorubicin exhibited enhanced anticancer efficacy [BIOPHA, 173 (2024) 116390]."
pubmed_discovery_41913426,41913426,literature_discovery,derived_annotations_only,abstract_metadata_only,core,oligo_nonclinical_safety_2020_2026; score=4; Longitudinal PET Imaging of the Effects of a D(2) Dopamine Receptor Antisense Oligonucleotide.
pubmed_discovery_41856548,41856548,literature_discovery,derived_annotations_only,abstract_metadata_only,secondary,oligo_prediction_benchmark_2023_2026; score=4; Characterisation of Antisense Oligonucleotides by Ion-Pair Reversed-Phase UHPLC-HRMS: Method development using Design of Experiments.
pubmed_discovery_41832373,41832373,literature_discovery,derived_annotations_only,abstract_metadata_only,secondary,lnp_oligo_delivery_safety_2023_2026; score=4; Antisense oligonucleotides: targeting oncogenic long non-coding RNAs for cancer therapy.
pubmed_discovery_41810474,41810474,literature_discovery,derived_annotations_only,abstract_metadata_only,secondary,lnp_oligo_delivery_safety_2023_2026; score=4; Freezing shock monocytes deliver antisense oligonucleotides via liposomes for the treatment of idiopathic pulmonary fibrosis.
pubmed_discovery_41722569,41722569,literature_discovery,derived_annotations_only,abstract_metadata_only,core,aso_kidney_toxicity_2020_2026; score=4; Enhanced muscle uptake of chemically optimized miR-23b antisense oligonucleotides as lead compounds for myotonic dystrophy type 1.
pubmed_discovery_41720270,41720270,literature_discovery,derived_annotations_only,abstract_metadata_only,core,oligo_chemistry_toxicity_mechanism_2020_2026; score=4; Lipid nanoparticle (LNP)-mediated cytoplasmic expression of single-stranded DNA and its application in Mpox vaccine.
pubmed_discovery_41629746,41629746,literature_discovery,derived_annotations_only,abstract_metadata_only,core,aso_kidney_toxicity_2020_2026; score=4; Plasma Exchange for Anti-GBM Disease With Dialysis Dependency: A Case Series on Clinical Outcomes and Safety.
pubmed_discovery_41620194,41620194,literature_discovery,derived_annotations_only,abstract_metadata_only,secondary,lnp_rna_safety_toxicity_2020_2026; score=4; Lipid nanoparticle-mediated Cd14 siRNA delivery ameliorates the acute inflammatory response to intracortical microelectrode implantation.
pubmed_discovery_41546392,41546392,literature_discovery,derived_annotations_only,abstract_metadata_only,secondary,"lnp_rna_safety_toxicity_2020_2026; score=4; Design, synthesis, and biological properties of novel metabolizable pH-responsive lipids for use in lipid nanoparticles for siRNA delivery and mRNA vaccination."
pubmed_discovery_41442838,41442838,literature_discovery,derived_annotations_only,abstract_metadata_only,core,sirna_seed_toxicity_broad_2020_2026; score=4; Advances in lipid nanoparticle delivery systems for targeted cytokine immunotherapy in autoimmune disorders.
pubmed_discovery_41418527,41418527,literature_discovery,derived_annotations_only,abstract_metadata_only,core,aso_thrombocytopenia_complement_2020_2026; score=4; Effectiveness and safety of prasugrel- versus clopidogrel-based dual antiplatelet therapy for acute ischemic stroke.
pubmed_discovery_41411532,41411532,literature_discovery,derived_annotations_only,abstract_metadata_only,core,gapmer_aso_hepatotoxicity_2020_2026; score=4; Rational Design of Chimeric Antisense Oligonucleotides that Target FMN Riboswitch mRNAs and Inhibit the Growth of Methicillin-Resistant Staphylococcus aureus.
pubmed_discovery_41407269,41407269,literature_discovery,derived_annotations_only,abstract_metadata_only,core,aso_thrombocytopenia_complement_2020_2026; score=4; Avacincaptad Pegol for Geographic Atrophy Secondary to Age-Related Macular Degeneration: Two-Year Efficacy and Safety Results from the GATHER2 Phase 3 Trial.
pubmed_discovery_41406692,41406692,literature_discovery,derived_annotations_only,abstract_metadata_only,core,"oligo_sequence_dependent_toxicity_2020_2026; score=4; Aptamer-based biosensing platforms for saxitoxin and tetrodotoxin: Advances, challenges, and future perspectives in food safety and environmental monitoring."
pubmed_discovery_41387345,41387345,literature_discovery,derived_annotations_only,abstract_metadata_only,secondary,oligo_drug_discovery_safety_review_2020_2026; score=4; Efficacy and safety of novel lipoprotein(a)-targeted therapies: A systematic review and meta-analysis of randomised controlled trials.
pubmed_discovery_41338505,41338505,literature_discovery,derived_annotations_only,abstract_metadata_only,secondary,lnp_rna_safety_toxicity_2020_2026; score=4; Glutamine modified lipid nanoparticles loaded with GPX4 siRNA for cervical cancer targeting.
pubmed_discovery_41601692,41601692,literature_discovery,derived_annotations_only,abstract_metadata_only,core,oligo_chemistry_toxicity_mechanism_2020_2026; score=4; An antibody uniquely binding short 2'-O-methyl RNA oligonucleotide duplexes: formation and recognition of target duplexes on cell surfaces.
pubmed_discovery_41515958,41515958,literature_discovery,derived_annotations_only,abstract_metadata_only,secondary,lnp_rna_safety_toxicity_2020_2026; score=4; The Toxic Effect and Mechanism of TMZ Combined with siHOXB9 on Glioblastoma Cells.
pubmed_discovery_41346243,41346243,literature_discovery,derived_annotations_only,abstract_metadata_only,core,aso_thrombocytopenia_complement_2020_2026; score=4; Inhibition of calreticulin by protein nanoparticles carrying antisense oligonucleotides reduce gene expression and infection of Trypanosoma cruzi trypomastigotes on mammalian cells.
pubmed_discovery_41283704,41283704,literature_discovery,derived_annotations_only,abstract_metadata_only,secondary,lnp_rna_safety_toxicity_2020_2026; score=4; Dually Decorated Palmitate-Containing Lipid Nanoparticles for the Targeted Delivery of siRNAs against HER2 and Hsp27 in HER2(+) Breast Cancer.
pubmed_discovery_41275652,41275652,literature_discovery,derived_annotations_only,abstract_metadata_only,core,sirna_seed_toxicity_broad_2020_2026; score=4; Silencing of the endoplasmic reticulum stress sensor IRE1 impairs survival and growth of zooplankton under toxic cyanobacteria.
pubmed_discovery_41189054,41189054,literature_discovery,derived_annotations_only,abstract_metadata_only,secondary,sso_splice_oligo_safety_2020_2026; score=4; Therapeutic antisense oligonucleotide mitigates retinal dysfunction in a pig model of CLN3 Batten disease.
pubmed_discovery_41183892,41183892,literature_discovery,derived_annotations_only,abstract_metadata_only,secondary,lnp_rna_safety_toxicity_2020_2026; score=4; Treatment of Experimental Autoimmune Encephalomyelitis with Lipid Nanoparticles Loaded with siRNA Targeting Neogenin.
pubmed_discovery_41111811,41111811,literature_discovery,derived_annotations_only,abstract_metadata_only,secondary,sirna_clinical_safety_2023_2026; score=4; Efficacy and Safety of Zilebesiran for the Management of Hypertension: An Updated Systematic Review and Meta-Analysis of Randomised Controlled Trials.
pubmed_discovery_41094680,41094680,literature_discovery,derived_annotations_only,abstract_metadata_only,secondary,"sirna_clinical_safety_2023_2026; score=4; Safety, pharmacokinetics and pharmacodynamics of Plozasiran in Chinese healthy volunteers."
pubmed_discovery_41071927,41071927,literature_discovery,derived_annotations_only,abstract_metadata_only,secondary,lnp_rna_safety_toxicity_2020_2026; score=4; Lipid Nanoparticle-Mediated Targeted Delivery of MEGF10 siRNA to Astrocytes Reduced Synaptic Phagocytosis and Promoted Stroke Recovery in Mice.
pubmed_discovery_40954959,40954959,literature_discovery,derived_annotations_only,abstract_metadata_only,secondary,lnp_rna_safety_toxicity_2020_2026; score=4; Bile Acid-Histidine Decapeptide Conjugates as Promising Additives in Lipid Nanoparticle Formulation for siRNA Delivery.
pubmed_discovery_40954399,40954399,literature_discovery,derived_annotations_only,abstract_metadata_only,secondary,locked_nucleic_acid_safety_2020_2026; score=4; Antisense LNA GapmeR targeting hsa-piR-33195 induces antiproliferative and apoptotic effects on human acute myeloid leukemia.
pubmed_discovery_40936480,40936480,literature_discovery,derived_annotations_only,abstract_metadata_only,core,"oligo_chemistry_toxicity_mechanism_2020_2026; score=4; Food safety and public health implications by determining the antibiotic residues in animal-derived food commercially available in southern Punjab, Pakistan."
pubmed_discovery_40909481,40909481,literature_discovery,derived_annotations_only,abstract_metadata_only,core,oligo_sequence_dependent_toxicity_2020_2026; score=4; An integrated enzymatic and computational pipeline for quantifying off-target base-editing.
pubmed_discovery_40776451,40776451,literature_discovery,derived_annotations_only,abstract_metadata_only,secondary,lnp_rna_safety_toxicity_2020_2026; score=4; Pulmonary Delivery of siRNA Anti-TNFα-loaded Lipid Nanoparticles for Rapid Recovery in Murine Acute Lung Injury.
pubmed_discovery_40726257,40726257,literature_discovery,derived_annotations_only,abstract_metadata_only,core,aso_kidney_toxicity_2020_2026; score=4; Red Blood Cell Membrane-Camouflaged Reduction-Responsive Polyethylenimine-Based Nanoparticles for Enhanced Antitumor Efficacy of Antisense Oligonucleotides.
pubmed_discovery_40720030,40720030,literature_discovery,derived_annotations_only,abstract_metadata_only,core,aso_kidney_toxicity_2020_2026; score=4; Use of Tricyclo-DNA Antisense Oligonucleotides for Exon-Skipping.
pubmed_discovery_40607962,40607962,literature_discovery,derived_annotations_only,abstract_metadata_only,secondary,"galnac_conjugate_clinical_safety_2020_2026; score=4; A Double-Blind, Placebo-Controlled, Single-Ascending Dose Study to Evaluate the Safety, Tolerability, and Pharmacokinetics of HT-101, an RNAi Therapeutic Targeting HBV Infection."
pubmed_discovery_40510593,40510593,literature_discovery,derived_annotations_only,abstract_metadata_only,core,aso_thrombocytopenia_complement_2020_2026; score=4; Novel mutation SLFN14 T853fs associated with inherited macrothrombocytopenia.
pubmed_discovery_40501755,40501755,literature_discovery,derived_annotations_only,abstract_metadata_only,secondary,sso_splice_oligo_safety_2020_2026; score=4; Therapeutic antisense oligonucleotide mitigates retinal dysfunction in a pig model of CLN3 Batten disease.
pubmed_discovery_40425312,40425312,literature_discovery,derived_annotations_only,abstract_metadata_only,core,aso_thrombocytopenia_complement_2020_2026; score=4; OpenASO: RNA Rescue-designing splice-modulating antisense oligonucleotides through community science.
pubmed_discovery_40308063,40308063,literature_discovery,derived_annotations_only,abstract_metadata_only,secondary,sso_splice_oligo_safety_2020_2026; score=4; Clinical applications of exon-skipping antisense oligonucleotides in neuromuscular diseases.
pubmed_discovery_40206658,40206658,literature_discovery,derived_annotations_only,abstract_metadata_only,core,oligo_chemistry_toxicity_mechanism_2020_2026; score=4; Correcting tau isoform ratios with a long-acting antisense oligonucleotide alleviates 4R-tauopathy phenotypes.
pubmed_discovery_40091434,40091434,literature_discovery,derived_annotations_only,abstract_metadata_only,secondary,lnp_rna_safety_toxicity_2020_2026; score=4; Formulation and Characterization of Novel Ionizable and Cationic Lipid Nanoparticles for the Delivery of Splice-Switching Oligonucleotides.
pubmed_discovery_40033950,40033950,literature_discovery,derived_annotations_only,abstract_metadata_only,core,aso_immune_complement_safety_2023_2026; score=4; An antisense oligonucleotide targeting the heat-shock protein HSPB5 as an innovative therapeutic approach in pulmonary fibrosis.
pubmed_discovery_39967852,39967852,literature_discovery,derived_annotations_only,abstract_metadata_only,core,oligo_chemistry_toxicity_mechanism_2020_2026; score=4; Antisense oligonucleotide-mediated exon 27 skipping restores dysferlin function in dysferlinopathy patient-derived muscle cells.
pubmed_discovery_39944202,39944202,literature_discovery,derived_annotations_only,abstract_metadata_only,secondary,oligo_drug_discovery_safety_review_2020_2026; score=4; Pathogenetic therapeutic approaches for endocrine diseases based on antisense oligonucleotides and RNA-interference.
pubmed_discovery_39861693,39861693,literature_discovery,derived_annotations_only,abstract_metadata_only,secondary,lnp_rna_safety_toxicity_2020_2026; score=4; Innovative Lipid Nanoparticles Co-Delivering Hydroxychloroquine and siRNA for Enhanced Rheumatoid Arthritis Therapy.
pubmed_discovery_39667598,39667598,literature_discovery,derived_annotations_only,abstract_metadata_only,core,"aso_immune_complement_safety_2023_2026; score=4; Reply to: ""Sequential therapy with antisense oligonucleotide and immune modulator as a strategy for HBV cure""."
pubmed_discovery_39293936,39293936,literature_discovery,derived_annotations_only,abstract_metadata_only,secondary,"oligo_drug_discovery_safety_review_2020_2026; score=4; Mitigating off-target effects of small RNAs: conventional approaches, network theory and artificial intelligence."
pubmed_discovery_39768315,39768315,literature_discovery,derived_annotations_only,abstract_metadata_only,core,aso_immune_complement_safety_2023_2026; score=4; Evaluation of an Antisense Oligonucleotide Targeting CAG Repeats: A Patient-Customized Therapy Study for Huntington's Disease.
pubmed_discovery_39670497,39670497,literature_discovery,derived_annotations_only,abstract_metadata_only,secondary,lnp_rna_safety_toxicity_2020_2026; score=4; A Critical Review on Lipid Nanoparticle-based siRNA Formulations for Breast Cancer Management.
pubmed_discovery_39592778,39592778,literature_discovery,derived_annotations_only,abstract_metadata_only,core,"oligo_chemistry_toxicity_mechanism_2020_2026; score=4; Functional profiling of the rhizospheric Exiguobacterium sp. for dimethoate degradation, PGPR activity, biofilm development, and ecotoxicological risk."
pubmed_discovery_39495988,39495988,literature_discovery,derived_annotations_only,abstract_metadata_only,core,aso_kidney_toxicity_2020_2026; score=4; Clinical efficacy evaluation and safety study of Qishen Tongmai Yin I combined with moxibustion therapy on ASO: A retrospective study.
pubmed_discovery_39407291,39407291,literature_discovery,derived_annotations_only,abstract_metadata_only,secondary,lnp_rna_safety_toxicity_2020_2026; score=4; Innovative nebulization delivery of lipid nanoparticle-encapsulated siRNA: a therapeutic advance for Staphylococcus aureus-induced pneumonia.
pubmed_discovery_39363681,39363681,literature_discovery,derived_annotations_only,abstract_metadata_only,secondary,lnp_rna_safety_toxicity_2020_2026; score=4; Oligonucleotide-Linked Lipid Nanoparticles as a Versatile mRNA Nanovaccine Platform.
pubmed_discovery_39304746,39304746,literature_discovery,derived_annotations_only,abstract_metadata_only,core,aso_offtarget_transcriptome_2023_2026; score=4; Dual-modified antisense oligonucleotides targeting oncogenic protocadherin to treat gastric cancer.
pubmed_discovery_39292801,39292801,literature_discovery,derived_annotations_only,abstract_metadata_only,core,aso_offtarget_transcriptome_2023_2026; score=4; A deep intronic splice-altering AIRE variant causes APECED syndrome through antisense oligonucleotide-targetable pseudoexon inclusion.
pubmed_discovery_39286058,39286058,literature_discovery,derived_annotations_only,abstract_metadata_only,core,"aso_toxicity_safety_2024_2026; score=4; Randomised, phase 1/2a trial of ION-827359, an antisense oligonucleotide inhibitor of ENaC."
pubmed_discovery_39277796,39277796,literature_discovery,derived_annotations_only,abstract_metadata_only,core,aso_offtarget_transcriptome_2023_2026; score=4; Modeling antisense oligonucleotide therapy in MECP2 duplication syndrome human iPSC-derived neurons reveals gene expression programs responsive to MeCP2 levels.
pubmed_discovery_39268699,39268699,literature_discovery,derived_annotations_only,abstract_metadata_only,core,"aso_toxicity_safety_2024_2026; score=4; A Phase 1, Single-Dose Study to Evaluate the Pharmacokinetics and Safety of Bepirovirsen in Adults with Hepatic Impairment and Healthy Participants (B-Assured)."
pubmed_discovery_39259836,39259836,literature_discovery,derived_annotations_only,abstract_metadata_only,secondary,galnac_conjugate_clinical_safety_2020_2026; score=4; Liver-targeted Angptl4 silencing by antisense oligonucleotide treatment attenuates hyperlipidaemia and atherosclerosis development in APOE*3-Leiden.CETP mice.
pubmed_discovery_39254274,39254274,literature_discovery,derived_annotations_only,abstract_metadata_only,secondary,lnp_rna_safety_toxicity_2020_2026; score=4; Intranasal Delivery of circATF7IP siRNA via Lipid Nanoparticles Alleviates LPS-induced Depressive-Like Behaviors.
pubmed_discovery_39163541,39163541,literature_discovery,derived_annotations_only,abstract_metadata_only,core,aso_offtarget_transcriptome_2023_2026; score=4; Heavy Metal-Based Toxic Oxo-Pollutants Sequestration by Advanced Functional Porous Materials for Safe Drinking Water.
pubmed_discovery_39155863,39155863,literature_discovery,derived_annotations_only,abstract_metadata_only,core,aso_toxicity_safety_2024_2026; score=4; Antisense Oligonucleotide Therapy for Calmodulinopathy.
pubmed_discovery_39122967,39122967,literature_discovery,derived_annotations_only,abstract_metadata_only,core,aso_toxicity_safety_2024_2026; score=4; Antisense oligonucleotide therapy in an individual with KIF1A-associated neurological disorder.
pubmed_discovery_39109217,39109217,literature_discovery,derived_annotations_only,abstract_metadata_only,secondary,lnp_rna_safety_toxicity_2020_2026; score=4; Lipid nanoparticle-encapsulated DOCK11-siRNA efficiently reduces hepatitis B virus cccDNA level in infected mice.
pubmed_discovery_39060346,39060346,literature_discovery,derived_annotations_only,abstract_metadata_only,core,aso_kidney_toxicity_2020_2026; score=4; Unveiling the adverse events of Nusinersen in spinal muscular atrophy management based on FAERS database.
pubmed_discovery_39054521,39054521,literature_discovery,derived_annotations_only,abstract_metadata_only,core,aso_toxicity_safety_2024_2026; score=4; Safety analysis of laboratory parameters in paediatric patients with spinal muscular atrophy treated with nusinersen.
pubmed_discovery_39041663,39041663,literature_discovery,derived_annotations_only,abstract_metadata_only,core,aso_offtarget_transcriptome_2023_2026; score=4; Bioanalysis of free antisense oligonucleotide payload from antibody-oligonucleotide conjugate by hybridization LC-MS/MS.
pubmed_discovery_38993932,38993932,literature_discovery,derived_annotations_only,abstract_metadata_only,core,aso_offtarget_transcriptome_2023_2026; score=4; Strategies to improve the design of gapmer antisense oligonucleotide on allele-specific silencing.
pubmed_discovery_38983605,38983605,literature_discovery,derived_annotations_only,abstract_metadata_only,core,aso_toxicity_safety_2024_2026; score=4; Comprehensive review of adverse reactions and toxicology in ASO-based therapies for Duchenne Muscular Dystrophy: From FDA-approved drugs to peptide-conjugated ASO.
pubmed_discovery_38976350,38976350,literature_discovery,derived_annotations_only,abstract_metadata_only,core,oligo_chemistry_toxicity_mechanism_2020_2026; score=4; Perfluorooctane Sulfonamide Induced Autotoxic Effects on the Zebrafish Immune System.
pubmed_discovery_38972640,38972640,literature_discovery,derived_annotations_only,abstract_metadata_only,secondary,lnp_rna_safety_toxicity_2020_2026; score=4; Lipid nanoparticle-mediated hepatocyte delivery of siRNA and silibinin in metabolic dysfunction-associated steatotic liver disease.
pubmed_discovery_38893532,38893532,literature_discovery,derived_annotations_only,abstract_metadata_only,core,oligo_chemistry_toxicity_mechanism_2020_2026; score=4; Potential of Cell-Penetrating Peptide-Conjugated Antisense Oligonucleotides for the Treatment of SMA.
pubmed_discovery_38860318,38860318,literature_discovery,derived_annotations_only,abstract_metadata_only,core,oligo_chemistry_toxicity_mechanism_2020_2026; score=4; A stable hybrid catalyst (POM-PPPh(3)/L/Ni) for the reduction of toxic nitroarene compounds in water.
pubmed_discovery_38819395,38819395,literature_discovery,derived_annotations_only,abstract_metadata_only,core,aso_toxicity_safety_2024_2026; score=4; Efficacy and Safety of Donidalorsen for Hereditary Angioedema.
pubmed_discovery_38767982,38767982,literature_discovery,derived_annotations_only,abstract_metadata_only,core,aso_offtarget_transcriptome_2023_2026; score=4; Coordination-Driven Self-Assembly of Metal Ion-Antisense Oligonucleotide Nanohybrids for Chronic Bacterial Infection Therapy.
pubmed_discovery_38749176,38749176,literature_discovery,derived_annotations_only,abstract_metadata_only,core,aso_toxicity_safety_2024_2026; score=4; Efficient systemic CNS delivery of a therapeutic antisense oligonucleotide with a blood-brain barrier-penetrating ApoE-derived peptide.
pubmed_discovery_38706632,38706632,literature_discovery,derived_annotations_only,abstract_metadata_only,core,aso_toxicity_safety_2024_2026; score=4; ASOptimizer: Optimizing antisense oligonucleotides through deep learning for IDO1 gene regulation.
pubmed_discovery_38654375,38654375,literature_discovery,derived_annotations_only,abstract_metadata_only,core,aso_toxicity_safety_2024_2026; score=4; Regulation of human microglial gene expression and function via RNAase-H active antisense oligonucleotides in vivo in Alzheimer's disease.
pubmed_discovery_38636882,38636882,literature_discovery,derived_annotations_only,abstract_metadata_only,secondary,lnp_rna_safety_toxicity_2020_2026; score=4; A potent bioreducible ionizable lipid nanoparticle enables siRNA delivery for retinal neovascularization inhibition.
pubmed_discovery_38616115,38616115,literature_discovery,derived_annotations_only,abstract_metadata_only,core,aso_toxicity_safety_2024_2026; score=4; Oral Administration of PLGA Nanoparticles to Deliver Antisense Oligonucleotides to Inflammatory Lesions in the Gastrointestinal Tract.
pubmed_discovery_38504437,38504437,literature_discovery,derived_annotations_only,abstract_metadata_only,core,aso_kidney_toxicity_2020_2026; score=4; Population pharmacokinetics of a novel PCSK9 antisense oligonucleotide.
pubmed_discovery_38464319,38464319,literature_discovery,derived_annotations_only,abstract_metadata_only,core,aso_offtarget_transcriptome_2023_2026; score=4; Skeletal muscle effects of antisense oligonucleotides targeting glycogen synthase 1 in a mouse model of Pompe disease.
pubmed_discovery_38458742,38458742,literature_discovery,derived_annotations_only,abstract_metadata_only,secondary,oligo_drug_discovery_safety_review_2020_2026; score=4; Biosafety and regulatory issues of RNA therapeutics.
pubmed_discovery_38436880,38436880,literature_discovery,derived_annotations_only,abstract_metadata_only,secondary,lnp_rna_safety_toxicity_2020_2026; score=4; Novel synthesized ionizable lipid for LNP-mediated P2X7siRNA to inhibit migration and induce apoptosis of breast cancer cells.
pubmed_discovery_38419941,38419941,literature_discovery,derived_annotations_only,abstract_metadata_only,core,gapmer_aso_hepatotoxicity_2020_2026; score=4; Tissue pharmacokinetics of antisense oligonucleotides.
pubmed_discovery_38379891,38379891,literature_discovery,derived_annotations_only,abstract_metadata_only,core,aso_offtarget_transcriptome_2023_2026; score=4; Synergistic Effect of an Antisense Oligonucleotide and Small Molecule on Splicing Correction of the Spinal Muscular Atrophy Gene.
pubmed_discovery_38369231,38369231,literature_discovery,derived_annotations_only,abstract_metadata_only,core,gapmer_aso_hepatotoxicity_2020_2026; score=4; Allele-specific antisense oligonucleotides for the treatment of BEST1-related dominantly inherited retinal diseases: An in vitro model.
pubmed_discovery_38126776,38126776,literature_discovery,derived_annotations_only,abstract_metadata_only,core,aso_kidney_toxicity_2020_2026; score=4; Injectable Biodegradable Silica Depot for Controlled Subcutaneous Delivery of Antisense Oligonucleotides with beyond Monthly Administration.
pubmed_discovery_38010230,38010230,literature_discovery,derived_annotations_only,abstract_metadata_only,secondary,sso_splice_oligo_safety_2020_2026; score=4; Challenges of Assessing Exon 53 Skipping of the Human DMD Transcript with Locked Nucleic Acid-Modified Antisense Oligonucleotides in a Mouse Model for Duchenne Muscular Dystrophy.
pubmed_discovery_37995087,37995087,literature_discovery,derived_annotations_only,abstract_metadata_only,core,"aso_kidney_toxicity_2020_2026; score=4; Safety Concerns with Nusinersen, Risdiplam, and Onasemnogene Abeparvovec in Spinal Muscular Atrophy: A Real-World Pharmacovigilance Study."
pubmed_discovery_37830609,37830609,literature_discovery,derived_annotations_only,abstract_metadata_only,secondary,"sso_splice_oligo_safety_2020_2026; score=4; Enhancing Antisense Oligonucleotide-Based Therapeutic Delivery with DG9, a Versatile Cell-Penetrating Peptide."
pubmed_discovery_37429729,37429729,literature_discovery,derived_annotations_only,abstract_metadata_only,core,gapmer_aso_hepatotoxicity_2020_2026; score=4; In Vivo Metabolite Profiles of an N-Acetylgalactosamine-Conjugated Antisense Oligonucleotide AZD8233 Using Liquid Chromatography High-Resolution Mass Spectrometry: A Cross-Species Comparison in Animals and Humans.
pubmed_discovery_37364611,37364611,literature_discovery,derived_annotations_only,abstract_metadata_only,secondary,oligo_drug_discovery_safety_review_2020_2026; score=4; Polyplex designs for improving the stability and safety of RNA therapeutics.
pubmed_discovery_37207382,37207382,literature_discovery,derived_annotations_only,abstract_metadata_only,core,"aso_kidney_toxicity_2020_2026; score=4; Safety, tolerability and pharmacokinetics of eteplirsen in young boys aged 6-48 months with Duchenne muscular dystrophy amenable to exon 51 skipping."
pubmed_discovery_37077890,37077890,literature_discovery,derived_annotations_only,abstract_metadata_only,secondary,oligo_drug_discovery_safety_review_2020_2026; score=4; CRISPR/Cas9-generated mouse model with humanizing single-base substitution in the Gnao1 for safety studies of RNA therapeutics.
pubmed_discovery_37005891,37005891,literature_discovery,derived_annotations_only,abstract_metadata_only,secondary,"sso_splice_oligo_safety_2020_2026; score=4; Efficacy and Safety of Viltolarsen in Boys With Duchenne Muscular Dystrophy: Results From the Phase 2, Open-Label, 4-Year Extension Study."
pubmed_discovery_36910710,36910710,literature_discovery,derived_annotations_only,abstract_metadata_only,secondary,sso_splice_oligo_safety_2020_2026; score=4; Antisense oligonucleotide therapy corrects splicing in the common Stargardt disease type 1-causing variant ABCA4 c.5461-10T>C.
pubmed_discovery_36853144,36853144,literature_discovery,derived_annotations_only,abstract_metadata_only,core,aso_kidney_toxicity_2020_2026; score=4; Safety and Biodistribution of Nanoligomers Targeting the SARS-CoV-2 Genome for the Treatment of COVID-19.
pubmed_discovery_36602748,36602748,literature_discovery,derived_annotations_only,abstract_metadata_only,core,aso_kidney_toxicity_2020_2026; score=4; Safety and Effectiveness of Lenvatinib in Patients with Unresectable Hepatocellular Carcinoma in Real-World Clinical Practice: An Observational Post-Marketing Study in Japan.
pubmed_discovery_36521639,36521639,literature_discovery,derived_annotations_only,abstract_metadata_only,secondary,lnp_rna_safety_toxicity_2020_2026; score=4; Engineered ionizable lipid nanoparticles mediated efficient siRNA delivery to macrophages for anti-inflammatory treatment of acute liver injury.
pubmed_discovery_36512627,36512627,literature_discovery,derived_annotations_only,abstract_metadata_only,secondary,oligo_drug_discovery_safety_review_2020_2026; score=4; RNA Therapeutics for Improving CAR T-cell Safety and Efficacy.
pubmed_discovery_36464085,36464085,literature_discovery,derived_annotations_only,abstract_metadata_only,secondary,sso_splice_oligo_safety_2020_2026; score=4; Non-SUMOylated alternative spliced isoforms of alpha-synuclein are more aggregation-prone and toxic.
pubmed_discovery_36228827,36228827,literature_discovery,derived_annotations_only,abstract_metadata_only,core,"aso_kidney_toxicity_2020_2026; score=4; Focal Segmental Glomerulosclerosis Complicating Therapy With Inotersen, an Antisense Oligonucleotide Inhibitor: A Case Report."
pubmed_discovery_36421306,36421306,literature_discovery,derived_annotations_only,abstract_metadata_only,core,gapmer_aso_hepatotoxicity_2020_2026; score=4; Targeting SAM-I Riboswitch Using Antisense Oligonucleotide Technology for Inhibiting the Growth of Staphylococcus aureus and Listeria monocytogenes.
pubmed_discovery_36397636,36397636,literature_discovery,derived_annotations_only,abstract_metadata_only,core,aso_kidney_toxicity_2020_2026; score=4; Nano drug delivery systems for antisense oligonucleotides (ASO) therapeutics.
pubmed_discovery_36195542,36195542,literature_discovery,derived_annotations_only,abstract_metadata_only,core,"aso_kidney_toxicity_2020_2026; score=4; Volanesorsen, an antisense oligonucleotide to apolipoprotein C-III, increases lipoprotein lipase activity and lowers triglycerides in partial lipodystrophy."
pubmed_discovery_36191773,36191773,literature_discovery,derived_annotations_only,abstract_metadata_only,secondary,lnp_rna_safety_toxicity_2020_2026; score=4; Development of amino acid-modified biodegradable lipid nanoparticles for siRNA delivery.
pubmed_discovery_36126785,36126785,literature_discovery,derived_annotations_only,abstract_metadata_only,secondary,lnp_rna_safety_toxicity_2020_2026; score=4; Spray drying siRNA-lipid nanoparticles for dry powder pulmonary delivery.
pubmed_discovery_36090761,36090761,literature_discovery,derived_annotations_only,abstract_metadata_only,secondary,locked_nucleic_acid_safety_2020_2026; score=4; Identification and characterization of a MAPT-targeting locked nucleic acid antisense oligonucleotide therapeutic for tauopathies.
pubmed_discovery_35908242,35908242,literature_discovery,derived_annotations_only,abstract_metadata_only,core,aso_kidney_toxicity_2020_2026; score=4; Long-term efficacy and safety of inotersen for hereditary transthyretin amyloidosis: NEURO-TTR open-label extension 3-year update.
pubmed_discovery_35860385,35860385,literature_discovery,derived_annotations_only,abstract_metadata_only,secondary,"sso_splice_oligo_safety_2020_2026; score=4; Developing antisense oligonucleotides for a TECPR2 mutation-induced, ultra-rare neurological disorder using patient-derived cellular models."
pubmed_discovery_35854777,35854777,literature_discovery,derived_annotations_only,abstract_metadata_only,core,aso_kidney_toxicity_2020_2026; score=4; Efficacy and Safety Differences between Domestic Paclitaxel Drug-Coated Balloons and Metal Bare Stents in the Treatment of ASO of Femoral-Popliteal Arteries Type IIA-C.
pubmed_discovery_35667416,35667416,literature_discovery,derived_annotations_only,abstract_metadata_only,secondary,galnac_conjugate_clinical_safety_2020_2026; score=4; ANGPTL4 silencing via antisense oligonucleotides reduces plasma triglycerides and glucose in mice without causing lymphadenopathy.
pubmed_discovery_35653229,35653229,literature_discovery,derived_annotations_only,abstract_metadata_only,core,aso_kidney_toxicity_2020_2026; score=4; AZD8233 antisense oligonucleotide targeting PCSK9 does not prolong QT interval.
pubmed_discovery_35634851,35634851,literature_discovery,derived_annotations_only,abstract_metadata_only,secondary,sso_splice_oligo_safety_2020_2026; score=4; Long-Term Functional Efficacy and Safety of Viltolarsen in Patients with Duchenne Muscular Dystrophy.
pubmed_discovery_35561842,35561842,literature_discovery,derived_annotations_only,abstract_metadata_only,core,"aso_kidney_toxicity_2020_2026; score=4; Spatial analysis of drug absorption, distribution, metabolism, and toxicology using mass spectrometry imaging."
pubmed_discovery_35387780,35387780,literature_discovery,derived_annotations_only,abstract_metadata_only,secondary,"locked_nucleic_acid_safety_2020_2026; score=4; Direct targeting of FOXP3 in Tregs with AZD8701, a novel antisense oligonucleotide to relieve immunosuppression in cancer."
pubmed_discovery_35221287,35221287,literature_discovery,derived_annotations_only,abstract_metadata_only,secondary,"sso_splice_oligo_safety_2020_2026; score=4; Absorption, Distribution, Metabolism, and Excretion of US Food and Drug Administration-Approved Antisense Oligonucleotide Drugs."
pubmed_discovery_35208958,35208958,literature_discovery,derived_annotations_only,abstract_metadata_only,secondary,lnp_rna_safety_toxicity_2020_2026; score=4; Effect of Cationic Lipid Nanoparticle Loaded siRNA with Stearylamine against Chikungunya Virus.
pubmed_discovery_35080855,35080855,literature_discovery,derived_annotations_only,abstract_metadata_only,secondary,lnp_rna_safety_toxicity_2020_2026; score=4; Gene Regulation Using Nanodiscs Modified with HIF-1-α Antisense Oligonucleotides.
pubmed_discovery_34928745,34928745,literature_discovery,derived_annotations_only,abstract_metadata_only,core,gapmer_aso_hepatotoxicity_2020_2026; score=4; Quantification of Antisense Oligonucleotides by Splint Ligation and Quantitative Polymerase Chain Reaction.
pubmed_discovery_34797383,34797383,literature_discovery,derived_annotations_only,abstract_metadata_only,secondary,sso_splice_oligo_safety_2020_2026; score=4; Pharmacology and toxicology of eteplirsen and SRP-5051 for DMD exon 51 skipping: an update.
pubmed_discovery_34788571,34788571,literature_discovery,derived_annotations_only,abstract_metadata_only,secondary,"sso_splice_oligo_safety_2020_2026; score=4; Long-Term Safety and Efficacy Data of Golodirsen in Ambulatory Patients with Duchenne Muscular Dystrophy Amenable to Exon 53 Skipping: A First-in-human, Multicenter, Two-Part, Open-Label, Phase 1/2 Trial."
pubmed_discovery_35423918,35423918,literature_discovery,derived_annotations_only,abstract_metadata_only,secondary,sso_splice_oligo_safety_2020_2026; score=4; Evaluation of DNA segments in 2'-modified RNA sequences in designing efficient splice switching antisense oligonucleotides.
pubmed_discovery_34832896,34832896,literature_discovery,derived_annotations_only,abstract_metadata_only,secondary,locked_nucleic_acid_safety_2020_2026; score=4; Intramuscular Evaluation of Chimeric Locked Nucleic Acid/2'OMethyl-Modified Antisense Oligonucleotides for Targeted Exon 23 Skipping in Mdx Mice.
pubmed_discovery_34760338,34760338,literature_discovery,derived_annotations_only,abstract_metadata_only,core,gapmer_aso_hepatotoxicity_2020_2026; score=4; Drug discovery and development scheme for liver-targeting bridged nucleic acid antisense oligonucleotides.
pubmed_discovery_34757287,34757287,literature_discovery,derived_annotations_only,abstract_metadata_only,secondary,lnp_rna_safety_toxicity_2020_2026; score=4; Difference in the lipid nanoparticle technology employed in three approved siRNA (Patisiran) and mRNA (COVID-19 vaccine) drugs.
pubmed_discovery_34698059,34698059,literature_discovery,derived_annotations_only,abstract_metadata_only,secondary,"sso_splice_oligo_safety_2020_2026; score=4; Renadirsen, a Novel 2'OMeRNA/ENA(®) Chimera Antisense Oligonucleotide, Induces Robust Exon 45 Skipping for Dystrophin In Vivo."
pubmed_discovery_34683974,34683974,literature_discovery,derived_annotations_only,abstract_metadata_only,secondary,lnp_rna_safety_toxicity_2020_2026; score=4; Development of siRNA-Loaded Lipid Nanoparticles Targeting Long Non-Coding RNA LINC01257 as a Novel and Safe Therapeutic Approach for t(8;21) Pediatric Acute Myeloid Leukemia.
pubmed_discovery_34629736,34629736,literature_discovery,derived_annotations_only,abstract_metadata_only,core,aso_kidney_toxicity_2020_2026; score=4; Karnovsky's fixative prevents artifacts appearing as vacuolation derived from tissue processing in kidneys treated with antisense oligonucleotide.
pubmed_discovery_34417625,34417625,literature_discovery,derived_annotations_only,abstract_metadata_only,core,gapmer_aso_hepatotoxicity_2020_2026; score=4; Towards next generation antisense oligonucleotides: mesylphosphoramidate modification improves therapeutic index and duration of effect of gapmer antisense oligonucleotides.
pubmed_discovery_34141070,34141070,literature_discovery,derived_annotations_only,abstract_metadata_only,core,"gapmer_aso_hepatotoxicity_2020_2026; score=4; Site-specific Incorporation of 2',5'-Linked Nucleic Acids Enhances Therapeutic Profile of Antisense Oligonucleotides."
pubmed_discovery_34105177,34105177,literature_discovery,derived_annotations_only,abstract_metadata_only,secondary,"sso_splice_oligo_safety_2020_2026; score=4; Safety, tolerability, and pharmacokinetics of casimersen in patients with Duchenne muscular dystrophy amenable to exon 45 skipping: A randomized, double-blind, placebo-controlled, dose-titration trial."
pubmed_discovery_34061681,34061681,literature_discovery,derived_annotations_only,abstract_metadata_only,secondary,sso_splice_oligo_safety_2020_2026; score=4; Antisense Oligonucleotide-Induced Amyloid Precursor Protein Splicing Modulation as a Therapeutic Approach for Dutch-Type Cerebral Amyloid Angiopathy.
pubmed_discovery_34042551,34042551,literature_discovery,derived_annotations_only,abstract_metadata_only,secondary,lnp_rna_safety_toxicity_2020_2026; score=4; cRGD peptide-conjugated polyethylenimine-based lipid nanoparticle for intracellular delivery of siRNA in hepatocarcinoma therapy.
pubmed_discovery_33980578,33980578,literature_discovery,derived_annotations_only,abstract_metadata_only,core,aso_kidney_toxicity_2020_2026; score=4; An oral antisense oligonucleotide for PCSK9 inhibition.
pubmed_discovery_33899154,33899154,literature_discovery,derived_annotations_only,abstract_metadata_only,core,aso_kidney_toxicity_2020_2026; score=4; Nusinersen treatment in adult patients with spinal muscular atrophy: a safety analysis of laboratory parameters.
pubmed_discovery_33862193,33862193,literature_discovery,derived_annotations_only,abstract_metadata_only,core,aso_kidney_toxicity_2020_2026; score=4; Distribution and biotransformation of therapeutic antisense oligonucleotides and conjugates.
pubmed_discovery_33860461,33860461,literature_discovery,derived_annotations_only,abstract_metadata_only,secondary,locked_nucleic_acid_safety_2020_2026; score=4; Reconditioning the Neurogenic Niche of Adult Non-human Primates by Antisense Oligonucleotide-Mediated Attenuation of TGFβ Signaling.
pubmed_discovery_33738134,33738134,literature_discovery,derived_annotations_only,abstract_metadata_only,secondary,lnp_rna_safety_toxicity_2020_2026; score=4; Selective suppression of polyglutamine-expanded protein by lipid nanoparticle-delivered siRNA targeting CAG expansions in the mouse CNS.
pubmed_discovery_33626278,33626278,literature_discovery,derived_annotations_only,abstract_metadata_only,core,aso_kidney_toxicity_2020_2026; score=4; Glucagon Like Peptide 1 Receptor Agonists for Targeted Delivery of Antisense Oligonucleotides to Pancreatic Beta Cell.
pubmed_discovery_33542028,33542028,literature_discovery,derived_annotations_only,abstract_metadata_only,core,gapmer_aso_hepatotoxicity_2020_2026; score=4; Potent and Selective Knockdown of Tyrosine Kinase 2 by Antisense Oligonucleotides.
pubmed_discovery_33326082,33326082,literature_discovery,derived_annotations_only,abstract_metadata_only,secondary,locked_nucleic_acid_safety_2020_2026; score=4; In Vivo Administration of Therapeutic Antisense Oligonucleotides.
pubmed_discovery_33026966,33026966,literature_discovery,derived_annotations_only,abstract_metadata_only,secondary,oligo_drug_discovery_safety_review_2020_2026; score=4; Antisense Oligonucleotides as Potential Therapeutics for Type 2 Diabetes.
pubmed_discovery_33288723,33288723,literature_discovery,derived_annotations_only,abstract_metadata_only,core,gapmer_aso_hepatotoxicity_2020_2026; score=4; Mesyl phosphoramidate backbone modified antisense oligonucleotides targeting miR-21 with enhanced in vivo therapeutic potency.
pubmed_discovery_33096948,33096948,literature_discovery,derived_annotations_only,abstract_metadata_only,secondary,lnp_rna_safety_toxicity_2020_2026; score=4; Co-delivery of paclitaxel and anti-VEGF siRNA by tripeptide lipid nanoparticle to enhance the anti-tumor activity for lung cancer therapy.
pubmed_discovery_32865781,32865781,literature_discovery,derived_annotations_only,abstract_metadata_only,core,gapmer_aso_hepatotoxicity_2020_2026; score=4; Knocking Down Long Noncoding RNAs Using Antisense Oligonucleotide Gapmers.
pubmed_discovery_32865780,32865780,literature_discovery,derived_annotations_only,abstract_metadata_only,core,gapmer_aso_hepatotoxicity_2020_2026; score=4; Development and Clinical Applications of Antisense Oligonucleotide Gapmers.
pubmed_discovery_32731935,32731935,literature_discovery,derived_annotations_only,abstract_metadata_only,secondary,galnac_conjugate_clinical_safety_2020_2026; score=4; Targeting RNA With Antisense Oligonucleotides and Small Interfering RNA: JACC State-of-the-Art Review.
pubmed_discovery_32589504,32589504,literature_discovery,derived_annotations_only,abstract_metadata_only,core,gapmer_aso_hepatotoxicity_2020_2026; score=4; Gapmer Antisense Oligonucleotides Targeting 5S Ribosomal RNA Can Reduce Mature 5S Ribosomal RNA by Two Mechanisms.
pubmed_discovery_32485363,32485363,literature_discovery,derived_annotations_only,abstract_metadata_only,secondary,locked_nucleic_acid_safety_2020_2026; score=4; Antisense oligonucleotide-based therapies for the treatment of osteoarthritis: Opportunities and roadblocks.
pubmed_discovery_32343462,32343462,literature_discovery,derived_annotations_only,abstract_metadata_only,core,aso_kidney_toxicity_2020_2026; score=4; Early data on long-term efficacy and safety of inotersen in patients with hereditary transthyretin amyloidosis: a 2-year update from the open-label extension of the NEURO-TTR trial.
pubmed_discovery_32269522,32269522,literature_discovery,derived_annotations_only,abstract_metadata_only,secondary,locked_nucleic_acid_safety_2020_2026; score=4; Pharmacokinetic Studies of Antisense Oligonucleotides Using MALDI-TOF Mass Spectrometry.
pubmed_discovery_31873063,31873063,literature_discovery,derived_annotations_only,abstract_metadata_only,secondary,locked_nucleic_acid_safety_2020_2026; score=4; Systemic Evaluation of Chimeric LNA/2'-O-Methyl Steric Blockers for Myotonic Dystrophy Type 1 Therapy.
pubmed_discovery_31738395,31738395,literature_discovery,derived_annotations_only,abstract_metadata_only,secondary,oligo_drug_discovery_safety_review_2020_2026; score=4; Antisense oligonucleotide therapeutics in neurodegenerative diseases: the case of polyglutamine disorders.
pubmed_discovery_31617782,31617782,literature_discovery,derived_annotations_only,abstract_metadata_only,core,gapmer_aso_hepatotoxicity_2020_2026; score=4; Effect of modular conjugation strategy for N-acetylgalactosamine-targeted antisense oligonucleotides.
pubmed_discovery_42174585,42174585,literature_discovery,derived_annotations_only,abstract_metadata_only,secondary,rnai_screen_offtarget_2020_2026; score=3; ALDH18A1 regulates glutamine metabolism and tumor microenvironment in the attenuation of clear cell renal cell carcinoma.
pubmed_discovery_42155080,42155080,literature_discovery,derived_annotations_only,abstract_metadata_only,core,oligo_innate_immune_tlr_2020_2026; score=3; The essential role of the redox balance in adrenal steroidogenesis.
pubmed_discovery_42104888,42104888,literature_discovery,derived_annotations_only,abstract_metadata_only,core,oligo_chemistry_toxicity_mechanism_2020_2026; score=3; Properties of Stereopure Phosphorothioate Groups in RNA-PROTACs.
pubmed_discovery_42041567,42041567,literature_discovery,derived_annotations_only,abstract_metadata_only,core,"oligo_nonclinical_safety_2020_2026; score=3; Astro-Versus Microglia-Enriched Transcriptomes from Aged Atxn2-CAG100-Knockin Mice Suggest Underlying Pathology of RNA Processing at Ribosomes, and Possibly at U-Bodies."
pubmed_discovery_41985321,41985321,literature_discovery,derived_annotations_only,abstract_metadata_only,secondary,rnai_screen_offtarget_2020_2026; score=3; Integrated spatial and single‑cell transcriptomics maps disulfidptosis in renal cell carcinoma and reveals PDLIM1 as a prognostic biomarker and potential therapeutic target.
pubmed_discovery_41975505,41975505,literature_discovery,derived_annotations_only,abstract_metadata_only,core,sirna_seed_transcriptome_2023_2026; score=3; DNA base lesion-containing G-quadruplex mediates transcriptome reprogramming in EGFR-TKI resistance of non-small cell lung cancer.
pubmed_discovery_41972721,41972721,literature_discovery,derived_annotations_only,abstract_metadata_only,core,"sirna_seed_transcriptome_2023_2026; score=3; 2,3-Bisphosphoglycerate Mutase (BPGM), a Metabolic Player Shaping Stress-Adaptive Transcriptional States in Clear Cell Renal Cell Carcinoma."
pubmed_discovery_41957211,41957211,literature_discovery,derived_annotations_only,abstract_metadata_only,core,sirna_seed_transcriptome_2023_2026; score=3; Global stabilization of the transcriptome in mitotic cells.
pubmed_discovery_41936854,41936854,literature_discovery,derived_annotations_only,abstract_metadata_only,secondary,rnai_screen_offtarget_2020_2026; score=3; Reduced NR2F6 expression reshapes the VPA-induced transcriptome in human hepatocytes and increases lipid accumulation.
pubmed_discovery_41885504,41885504,literature_discovery,derived_annotations_only,abstract_metadata_only,core,sirna_seed_toxicity_broad_2020_2026; score=3; SLC38A6 expression in renal tubular cells accelerates cisplatin-induced acute kidney injury by promoting cell apoptosis.
pubmed_discovery_41874705,41874705,literature_discovery,derived_annotations_only,abstract_metadata_only,secondary,rnai_screen_offtarget_2020_2026; score=3; Transcriptome sequencing (RNA-Seq) reveals non-coding pseudogene CDC27P9 role in cervical cancer.
pubmed_discovery_41867107,41867107,literature_discovery,derived_annotations_only,abstract_metadata_only,core,oligo_chemistry_toxicity_mechanism_2020_2026; score=3; Phosphorothioate Modification-Regulated One-Pot CRISPR Assay for Arbovirus Detection.
pubmed_discovery_41821648,41821648,literature_discovery,derived_annotations_only,abstract_metadata_only,core,sirna_seed_toxicity_broad_2020_2026; score=3; A Cross-Tissue Transcriptome Association Study Revealed Novel Susceptibility Genes for Chronic Obstructive Pulmonary Disease.
pubmed_discovery_41806728,41806728,literature_discovery,derived_annotations_only,abstract_metadata_only,secondary,lnp_oligo_delivery_safety_2023_2026; score=3; Dual-emitting persistent luminescence-based Ratiometric Aptasensor without complementary-strand and in-situ excitation for accurate detection of bioactive Lactoferrin.
pubmed_discovery_41801682,41801682,literature_discovery,derived_annotations_only,abstract_metadata_only,secondary,lnp_oligo_delivery_safety_2023_2026; score=3; Complementary Strand-Free Persistent Luminescence Ratiometric Aptasensor for Ultrasensitive and Selective Carbendazim Assay.
pubmed_discovery_41761314,41761314,literature_discovery,derived_annotations_only,abstract_metadata_only,secondary,rnai_screen_offtarget_2020_2026; score=3; Targeted inhibition of RGS19 alleviates renal fibrosis by restoring autophagy and modulating immune cell infiltration.
pubmed_discovery_41747986,41747986,literature_discovery,derived_annotations_only,abstract_metadata_only,secondary,rnai_screen_offtarget_2020_2026; score=3; Ovary-specific transcriptomes and the essential role of vitelline membrane protein 26Ab in embryonic desiccation resistance and female fertility of Zeugodacus tau.
pubmed_discovery_41722940,41722940,literature_discovery,derived_annotations_only,abstract_metadata_only,core,aso_thrombocytopenia_complement_2020_2026; score=3; The expanding role of complement inhibitors in the treatment of IgA nephropathy.
pubmed_discovery_41632099,41632099,literature_discovery,derived_annotations_only,abstract_metadata_only,core,oligo_nonclinical_safety_2020_2026; score=3; Targeting HIF-2α in renal cell carcinoma: Expanding upon belzutifan.
pubmed_discovery_41628994,41628994,literature_discovery,derived_annotations_only,abstract_metadata_only,core,sirna_seed_toxicity_broad_2020_2026; score=3; Effects of abamectin sublethal doses on the invasive pest Tuta absoluta: Integration of population parameters and transcriptome analysis.
pubmed_discovery_41589899,41589899,literature_discovery,derived_annotations_only,abstract_metadata_only,core,sirna_seed_toxicity_broad_2020_2026; score=3; Enhancing Global Oilseed Production and Sustainable Agriculture through Nanoenabled Strategies.
pubmed_discovery_41325832,41325832,literature_discovery,derived_annotations_only,abstract_metadata_only,core,aso_thrombocytopenia_complement_2020_2026; score=3; Recent advancements in aptamer-mediated theranostics in the management of hematological disorders.
pubmed_discovery_41676392,41676392,literature_discovery,derived_annotations_only,abstract_metadata_only,core,sirna_seed_toxicity_broad_2020_2026; score=3; Using transcriptome analysis to evaluate the impact of dsAllim cotton on non-target organism O. similis.
pubmed_discovery_41647638,41647638,literature_discovery,derived_annotations_only,abstract_metadata_only,core,sirna_seed_toxicity_broad_2020_2026; score=3; Silencing of a glycosyltransferase-like protein in citrus reduces male and female fertility impacting seed development in self-pollinated fruit.
pubmed_discovery_41201497,41201497,literature_discovery,derived_annotations_only,abstract_metadata_only,core,sirna_seed_toxicity_broad_2020_2026; score=3; RNAI-based strategies and nanomaterial-mediated delivery for green control of clubroot disease in rapeseed.
pubmed_discovery_40926402,40926402,literature_discovery,derived_annotations_only,abstract_metadata_only,core,oligo_chemistry_toxicity_mechanism_2020_2026; score=3; Phosphorothioate-Modified DNA Aptamer-Based PROTACs for Targeted Degradation of Estrogen Receptor α.
pubmed_discovery_40593724,40593724,literature_discovery,derived_annotations_only,abstract_metadata_only,core,oligo_chemistry_toxicity_mechanism_2020_2026; score=3; Scalable modulation of CRISPR‒Cas enzyme activity using photocleavable phosphorothioate DNA.
pubmed_discovery_40492356,40492356,literature_discovery,derived_annotations_only,abstract_metadata_only,core,aso_thrombocytopenia_complement_2020_2026; score=3; Cellular Inflammation-Induced Cleavage of Phosphorothioate DNA Locker Activates CRISPR/Cas9 Regulator for Gene Editing.
pubmed_discovery_40258523,40258523,literature_discovery,derived_annotations_only,abstract_metadata_only,secondary,sso_splice_oligo_safety_2020_2026; score=3; Excision repair cross complementation group 1 gene exon 3 skipping isoform presents selective cGAS-STING activation in platinum-sensitive lung adenocarcinoma.
pubmed_discovery_40181163,40181163,literature_discovery,derived_annotations_only,abstract_metadata_only,secondary,sso_splice_oligo_safety_2020_2026; score=3; Is dystrophin immunogenicity a barrier to advancing gene therapy for Duchenne muscular dystrophy?
pubmed_discovery_40087953,40087953,literature_discovery,derived_annotations_only,abstract_metadata_only,core,aso_thrombocytopenia_complement_2020_2026; score=3; ANCA Negative Vasculitis Manifesting as Pulmonary-Renal Syndrome in a Patient with Chronic Osteomyelitis.
pubmed_discovery_40043710,40043710,literature_discovery,derived_annotations_only,abstract_metadata_only,core,aso_immune_complement_safety_2023_2026; score=3; Germline variants and mosaic chromosomal alterations affect COVID-19 vaccine immunogenicity.
pubmed_discovery_39963903,39963903,literature_discovery,derived_annotations_only,abstract_metadata_only,core,oligo_chemistry_toxicity_mechanism_2020_2026; score=3; Epitranscriptome-Mediated Regulation of Neuronal Translation.
pubmed_discovery_39924738,39924738,literature_discovery,derived_annotations_only,abstract_metadata_only,core,aso_thrombocytopenia_complement_2020_2026; score=3; Co-Delivery of Multiple Toll-Like Receptor Agonists and Avian Influenza Hemagglutinin on Protein Nanoparticles Enhances Vaccine Immunogenicity and Efficacy.
pubmed_discovery_39798433,39798433,literature_discovery,derived_annotations_only,abstract_metadata_only,core,aso_thrombocytopenia_complement_2020_2026; score=3; Immunogenicity in mice and non-human primates of an Advax-CpG55.2-adjuvanted recombinant hemagglutinin seasonal quadrivalent influenza vaccine.
pubmed_discovery_39045328,39045328,literature_discovery,derived_annotations_only,abstract_metadata_only,secondary,sso_splice_oligo_safety_2020_2026; score=3; Alternative splicing responses to salt stress in Glycyrrhiza uralensis revealed by global profiling of transcriptome RNA-seq datasets.
pubmed_discovery_38966147,38966147,literature_discovery,derived_annotations_only,abstract_metadata_only,secondary,sso_splice_oligo_safety_2020_2026; score=3; RNA-seq analysis reveals transcriptome reprogramming and alternative splicing during early response to salt stress in tomato root.
pubmed_discovery_38888963,38888963,literature_discovery,derived_annotations_only,abstract_metadata_only,core,aso_kidney_toxicity_2020_2026; score=3; Antimetastatic effect of intratumoral Treg antagonists in mice with renal cancer.
pubmed_discovery_38767870,38767870,literature_discovery,derived_annotations_only,abstract_metadata_only,core,aso_offtarget_transcriptome_2023_2026; score=3; Pediatric renal transplantation: a single center experience.
pubmed_discovery_38740457,38740457,literature_discovery,derived_annotations_only,abstract_metadata_only,core,oligo_chemistry_toxicity_mechanism_2020_2026; score=3; Phosphorothioate-modified G-quadruplex as a signal-on dual-mode reporter for CRISPR/Cas12a-based portable detection of environmental pollutants.
pubmed_discovery_38587587,38587587,literature_discovery,derived_annotations_only,abstract_metadata_only,core,"aso_kidney_toxicity_2020_2026; score=3; Redox homeostasis in human renal cells that had been treated with amphotericin B in combination with selected 1,3,4-thiadiazole derivatives."
pubmed_discovery_38516669,38516669,literature_discovery,derived_annotations_only,abstract_metadata_only,secondary,sso_splice_oligo_safety_2020_2026; score=3; Full-length transcriptome sequencing provides insights into alternative splicing under cold stress in peanut.
pubmed_discovery_36589712,36589712,literature_discovery,derived_annotations_only,abstract_metadata_only,secondary,"lnp_rna_safety_toxicity_2020_2026; score=3; Formulation, inflammation, and RNA sensing impact the immunogenicity of self-amplifying RNA vaccines."
pubmed_discovery_35904033,35904033,literature_discovery,derived_annotations_only,abstract_metadata_only,core,aso_kidney_toxicity_2020_2026; score=3; Angiotensinogen Suppression: A New Tool to Treat Cardiovascular and Renal Disease.
pubmed_discovery_35569085,35569085,literature_discovery,derived_annotations_only,abstract_metadata_only,core,aso_kidney_toxicity_2020_2026; score=3; Renal Outcomes in Neonates and Infants with Transposition Physiology Undergoing Arterial Switch Procedure.
pubmed_discovery_35462990,35462990,literature_discovery,derived_annotations_only,abstract_metadata_only,core,aso_kidney_toxicity_2020_2026; score=3; Development of Alveolar Hemorrhage After Pfizer-BioNTech COVID-19 mRNA Vaccination in a Patient With Renal-Limited Anti-neutrophil Cytoplasmic Antibody-Associated Vasculitis: A Case Report.
pubmed_discovery_33285320,33285320,literature_discovery,derived_annotations_only,abstract_metadata_only,core,aso_kidney_toxicity_2020_2026; score=3; Transcriptome analysis of cadmium exposure in kidney fibroblast cells of the North Atlantic Right Whale (Eubalaena glacialis).
pubmed_discovery_32341330,32341330,literature_discovery,derived_annotations_only,abstract_metadata_only,core,aso_kidney_toxicity_2020_2026; score=3; Serial Peripheral Blood Gene Expression Profiling to Assess Immune Quiescence in Kidney Transplant Recipients with Stable Renal Function.
pubmed_discovery_32202774,32202774,literature_discovery,derived_annotations_only,abstract_metadata_only,core,gapmer_aso_hepatotoxicity_2020_2026; score=3; Origins of the Increased Affinity of Phosphorothioate-Modified Therapeutic Nucleic Acids for Proteins.
pubmed_discovery_42204446,42204446,literature_discovery,derived_annotations_only,abstract_metadata_only,core,aso_thrombocytopenia_complement_2020_2026; score=2; Comparative Colorimetric Oligonucleotide Sensing using Gold Nanoparticles and Toluidine Blue O: Insights from Representative Viral Sequences.
pubmed_discovery_42197118,42197118,literature_discovery,derived_annotations_only,abstract_metadata_only,core,"oligo_innate_immune_tlr_2020_2026; score=2; Single-Molecule Chemistry Part II: Pathway Analysis of the Oxidation of Guanine to 8-Oxo-7,8-dihydroguanosine in an Oligonucleotide Hybrid."
pubmed_discovery_42181696,42181696,literature_discovery,derived_annotations_only,abstract_metadata_only,core,oligo_nonclinical_safety_2020_2026; score=2; AAV9-mediated targeting of natural antisense transcript as a novel treatment for Dravet syndrome.
pubmed_discovery_42159020,42159020,literature_discovery,derived_annotations_only,abstract_metadata_only,core,oligo_nonclinical_safety_2020_2026; score=2; [New therapies and ongoing clinical trials in Alzheimer's disease].
pubmed_discovery_42129124,42129124,literature_discovery,derived_annotations_only,abstract_metadata_only,core,oligo_innate_immune_tlr_2020_2026; score=2; Small Interfering RNA (siRNA)-Mediated Knockdown of Macrophage Migration Inhibitory Factor Transcript in Adherent and Suspension Cultures of Human Cell Lines.
pubmed_discovery_42121345,42121345,literature_discovery,derived_annotations_only,abstract_metadata_only,core,oligo_chemistry_toxicity_mechanism_2020_2026; score=2; AP-1-Targeting Decoy Oligonucleotides: Mechanisms and Therapeutic Potential as Modulators of Inflammatory Pathways.
pubmed_discovery_42105443,42105443,literature_discovery,derived_annotations_only,abstract_metadata_only,core,aso_thrombocytopenia_complement_2020_2026; score=2; Development of multiple heartcutting two-dimensional liquid chromatography with ion-pairing reversed-phase and hydrophilic interaction separations for analysis of impurities in therapeutic oligonucleotides.
pubmed_discovery_42093552,42093552,literature_discovery,derived_annotations_only,abstract_metadata_only,core,oligo_innate_immune_tlr_2020_2026; score=2; Retina-targeted siRNA delivery via exosome-liposome hybrid vesicles for AMD treatment.
pubmed_discovery_42063078,42063078,literature_discovery,derived_annotations_only,abstract_metadata_only,core,oligo_innate_immune_tlr_2020_2026; score=2; The ZIF-8 nanoplatform targeted delivery of IFI44 siRNA to suppress bladder cancer development via modulating the PI3K/AKT signaling pathway.
pubmed_discovery_42052678,42052678,literature_discovery,derived_annotations_only,abstract_metadata_only,core,"aso_thrombocytopenia_complement_2020_2026; score=2; Impact of 2'-fluoro nucleobase modifications on CD detection, sensitivity and specificity of short oligonucleotides bound to alginate hydrogels."
pubmed_discovery_42045944,42045944,literature_discovery,derived_annotations_only,abstract_metadata_only,secondary,oligo_drug_discovery_safety_review_2020_2026; score=2; Lipid nanoparticles for bone marrow-targeted RNA therapeutics.
pubmed_discovery_42033217,42033217,literature_discovery,derived_annotations_only,abstract_metadata_only,core,oligo_nonclinical_safety_2020_2026; score=2; Divalent siRNA for prion disease.
pubmed_discovery_41993699,41993699,literature_discovery,derived_annotations_only,abstract_metadata_only,core,oligo_innate_immune_tlr_2020_2026; score=2; Progress in siRNA therapy and delivery platforms for osteoarthritis.
pubmed_discovery_41968146,41968146,literature_discovery,derived_annotations_only,abstract_metadata_only,core,aso_thrombocytopenia_complement_2020_2026; score=2; Efficient genome editing with chimeric oligonucleotide-directed editing.
pubmed_discovery_41956189,41956189,literature_discovery,derived_annotations_only,abstract_metadata_only,core,sirna_seed_transcriptome_2023_2026; score=2; Facilitating siRNA delivery into mammalian cells via the LDL receptor.
pubmed_discovery_41955703,41955703,literature_discovery,derived_annotations_only,abstract_metadata_only,core,"oligo_innate_immune_tlr_2020_2026; score=2; WISP-3 enhances proinflammatory cytokine IL-1β production in rheumatoid arthritis through the FAK, JNK and AP-1 pathways."
pubmed_discovery_41935833,41935833,literature_discovery,derived_annotations_only,abstract_metadata_only,core,oligo_innate_immune_tlr_2020_2026; score=2; Endothelin-1 induces Zfp36 family RNA-binding proteins and restrains cytokine and chemokine production in reactive astrocytes.
pubmed_discovery_41913547,41913547,literature_discovery,derived_annotations_only,abstract_metadata_only,core,oligo_nonclinical_safety_2020_2026; score=2; Oligonucleotides: Evolution of Carcinogenicity and Risk Assessment Strategy.
pubmed_discovery_41902193,41902193,literature_discovery,derived_annotations_only,abstract_metadata_only,secondary,oligo_prediction_benchmark_2023_2026; score=2; Molecular Ruler Variation in Insect Dicer-2 Suggests a Structural Basis for Species-Dependent siRNA Length and Antiviral Defense Diversity.
pubmed_discovery_41867745,41867745,literature_discovery,derived_annotations_only,abstract_metadata_only,core,oligo_nonclinical_safety_2020_2026; score=2; Divalent siRNA for prion disease.
pubmed_discovery_41859644,41859644,literature_discovery,derived_annotations_only,abstract_metadata_only,core,oligo_sequence_dependent_toxicity_2020_2026; score=2; An exosome-biomimetic photothermal nanocarrier for IGF2BP2 siRNA delivery and enhanced ferroptosis in head and neck squamous cell carcinoma.
pubmed_discovery_41832714,41832714,literature_discovery,derived_annotations_only,abstract_metadata_only,secondary,lnp_oligo_delivery_safety_2023_2026; score=2; Advances in siRNA-Loaded Nanocarriers: Harnessing Cutting-Edge Technologies for Precision Cancer Treatment.
pubmed_discovery_41810472,41810472,literature_discovery,derived_annotations_only,abstract_metadata_only,secondary,lnp_oligo_delivery_safety_2023_2026; score=2; The evolution of lipid nanoparticles: Paving the way for next-generation nucleic acid medicines.
pubmed_discovery_41809386,41809386,literature_discovery,derived_annotations_only,abstract_metadata_only,secondary,lnp_oligo_delivery_safety_2023_2026; score=2; Transdermal siRNA delivery via biomineralized nanoparticle-incorporated microneedles modulates cuproptosis-ferroptosis interaction for psoriasis therapy.
pubmed_discovery_41809385,41809385,literature_discovery,derived_annotations_only,abstract_metadata_only,secondary,"lnp_oligo_delivery_safety_2023_2026; score=2; Polysaccharide-functionalized gold, silver, and iron oxide nanoparticles for siRNA delivery: The role of artificial intelligence in design and optimization."
pubmed_discovery_41797405,41797405,literature_discovery,derived_annotations_only,abstract_metadata_only,secondary,lnp_oligo_delivery_safety_2023_2026; score=2; Lung-Accumulating Mucin 5AC Silencing by Noninflammatory Lipid Nanoparticles for Asthma Treatment.
pubmed_discovery_41792170,41792170,literature_discovery,derived_annotations_only,abstract_metadata_only,secondary,lnp_oligo_delivery_safety_2023_2026; score=2; Tudor domain-containing protein 9-targeting siRNA nanoparticles alleviate Pseudomonas aeruginosa lung injury in preclinical models by promoting neutrophil cuproptosis.
pubmed_discovery_41780686,41780686,literature_discovery,derived_annotations_only,abstract_metadata_only,secondary,"lnp_oligo_delivery_safety_2023_2026; score=2; A functional lyoprotectant platform enables storage-stable, mucus-penetrating siRNA delivery to the lung."
pubmed_discovery_41780418,41780418,literature_discovery,derived_annotations_only,abstract_metadata_only,secondary,lnp_oligo_delivery_safety_2023_2026; score=2; Lipid nanoparticle-points to consider in assessing materials quality for ribonucleic acid-based therapeutics.
pubmed_discovery_41776767,41776767,literature_discovery,derived_annotations_only,abstract_metadata_only,secondary,lnp_oligo_delivery_safety_2023_2026; score=2; Reprogramming Lesional Macrophage Homeostasis via Interferon Regulatory Factor 5 Targeted siRNA Nanoimmunotherapy for Atherosclerosis.
pubmed_discovery_41773345,41773345,literature_discovery,derived_annotations_only,abstract_metadata_only,secondary,lnp_oligo_delivery_safety_2023_2026; score=2; Targeted delivery of Follistatin-like 1 siRNA via biodegradable nanoparticles attenuates bleomycin-induced pulmonary fibrosis in mice.
pubmed_discovery_41755631,41755631,literature_discovery,derived_annotations_only,abstract_metadata_only,core,oligo_nonclinical_safety_2020_2026; score=2; Development of a competitive immunoassay platform for quantifying the oligonucleotide products of nucleotide excision repair in UV-irradiated cells.
pubmed_discovery_41755009,41755009,literature_discovery,derived_annotations_only,abstract_metadata_only,core,oligo_sequence_dependent_toxicity_2020_2026; score=2; Calcium/Aluminum-Cored Asymmetric Bilayer Nanoparticles for Codelivery of Ziyuglycoside II and PD-L1 siRNA Exert Anti-Breast Tumor Effects.
pubmed_discovery_41754785,41754785,literature_discovery,derived_annotations_only,abstract_metadata_only,secondary,galnac_conjugate_clinical_safety_2020_2026; score=2; 2025 FDA TIDES (Peptides and Oligonucleotides) Harvest.
pubmed_discovery_41723880,41723880,literature_discovery,derived_annotations_only,abstract_metadata_only,core,sirna_seed_toxicity_broad_2020_2026; score=2; Reprogramming tumour-associated macrophages in breast cancer via si-FOXM1-loaded lipid nanoparticles enhances immune checkpoint inhibitor efficacy.
pubmed_discovery_41681593,41681593,literature_discovery,derived_annotations_only,abstract_metadata_only,secondary,rnai_screen_offtarget_2020_2026; score=2; Enhanced Soybean Immunity to the Soybean Mosaic Virus Through RNA Interference Targeting the CP Gene.
pubmed_discovery_41667621,41667621,literature_discovery,derived_annotations_only,abstract_metadata_only,core,oligo_chemistry_toxicity_mechanism_2020_2026; score=2; 2'-O-Methyl-guanosine RNA fragments antagonize TLR7 and TLR8 to limit autoimmunity.
pubmed_discovery_41663648,41663648,literature_discovery,derived_annotations_only,abstract_metadata_only,secondary,rnai_screen_offtarget_2020_2026; score=2; Comprehensive analysis of diverse cytokine patterns in the prognosis and tumor microenvironment of lung adenocarcinoma.
pubmed_discovery_41634015,41634015,literature_discovery,derived_annotations_only,abstract_metadata_only,core,oligo_nonclinical_safety_2020_2026; score=2; Intradermal delivery of lipophilic siRNAs enables prolonged skin retention and sustained gene silencing in a porcine model.
pubmed_discovery_41633500,41633500,literature_discovery,derived_annotations_only,abstract_metadata_only,core,oligo_nonclinical_safety_2020_2026; score=2; Transient acute neuronal activation response caused by high concentrations of oligonucleotides in the cerebral spinal fluid.
pubmed_discovery_41632249,41632249,literature_discovery,derived_annotations_only,abstract_metadata_only,core,oligo_nonclinical_safety_2020_2026; score=2; Beyond inflammation: siRNA strategies for precision targeting in rheumatological disorders.
pubmed_discovery_41596367,41596367,literature_discovery,derived_annotations_only,abstract_metadata_only,core,oligo_nonclinical_safety_2020_2026; score=2; Small Interfering RNA (siRNA) as a Targeted Therapy for Acute Respiratory Distress Syndrome: Evidence from Experimental Models.
pubmed_discovery_41592789,41592789,literature_discovery,derived_annotations_only,abstract_metadata_only,core,aso_immune_complement_safety_2023_2026; score=2; Heteroduplex oligonucleotide technology boosts gene knockdown in cardiac and skeletal muscles.
pubmed_discovery_41592681,41592681,literature_discovery,derived_annotations_only,abstract_metadata_only,core,sirna_seed_toxicity_broad_2020_2026; score=2; A plant virus-derived siRNA modulates wing dimorphism and fertility of vector insects to enhance virus spread.
pubmed_discovery_41590508,41590508,literature_discovery,derived_annotations_only,abstract_metadata_only,secondary,sirna_clinical_safety_2023_2026; score=2; The Dawn of Precision Medicine in Pediatric Nephrology: Lumasiran and the Era of siRNA Therapies for Primary Hyperoxaluria Type 1.
pubmed_discovery_41570670,41570670,literature_discovery,derived_annotations_only,abstract_metadata_only,secondary,lnp_rna_safety_toxicity_2020_2026; score=2; Transforming lipid nanoparticles into radio-activatable therapeutics through synergistic ferroptosis for enhanced cancer radiotherapy.
pubmed_discovery_41532074,41532074,literature_discovery,derived_annotations_only,abstract_metadata_only,secondary,lnp_rna_safety_toxicity_2020_2026; score=2; Triplet RNA Lipid Nanoparticles for Locoregional Cancer Immunotherapy.
pubmed_discovery_41528981,41528981,literature_discovery,derived_annotations_only,abstract_metadata_only,secondary,sirna_clinical_safety_2023_2026; score=2; A Phase II Trial of an Extended-Release siRNA Implant Targeting KRASG12D/V in Locally Advanced Pancreatic Cancer.
pubmed_discovery_41522350,41522350,literature_discovery,derived_annotations_only,abstract_metadata_only,core,sirna_seed_toxicity_broad_2020_2026; score=2; Targeting the HSP60/p53 Axis with Extracellular Vesicle-Delivered siRNA Reprograms Glycolysis in Prostate Cancer.
pubmed_discovery_41512823,41512823,literature_discovery,derived_annotations_only,abstract_metadata_only,core,oligo_sequence_dependent_toxicity_2020_2026; score=2; Defining RNA oligonucleotides that reverse deleterious phase transitions of RNA-binding proteins with prion-like domains.
pubmed_discovery_41512172,41512172,literature_discovery,derived_annotations_only,abstract_metadata_only,secondary,sirna_clinical_safety_2023_2026; score=2; RNA interference therapy targeting coagulation factor XI: a first-in-human trial of RBD4059 (vortosiran).
pubmed_discovery_41500345,41500345,literature_discovery,derived_annotations_only,abstract_metadata_only,secondary,lnp_rna_safety_toxicity_2020_2026; score=2; Vitamin A-spermine conjugated lipid nanoparticles for efficient nucleic acid delivery in ocular and hepatocellular cells.
pubmed_discovery_41451593,41451593,literature_discovery,derived_annotations_only,abstract_metadata_only,secondary,sirna_clinical_safety_2023_2026; score=2; Fine-Tuning Lipid-Coated Porous Silicon Nanoparticles for siRNA Delivery.
pubmed_discovery_41437666,41437666,literature_discovery,derived_annotations_only,abstract_metadata_only,core,oligo_sequence_dependent_toxicity_2020_2026; score=2; A Photoelectrocatalytic Platform for Sequence-Unrestricted Modification of Oligonucleotide Backbones.
pubmed_discovery_41424446,41424446,literature_discovery,derived_annotations_only,abstract_metadata_only,secondary,lnp_rna_safety_toxicity_2020_2026; score=2; Leveraging Cisplatin-Derived Prodrugs as Helper Lipids in LNPs to Boost the Efficacy of Cancer Chemoimmunotherapy.
pubmed_discovery_41403214,41403214,literature_discovery,derived_annotations_only,abstract_metadata_only,secondary,sirna_clinical_safety_2023_2026; score=2; Nanotechnology-based PD-L1 siRNA codelivery systems for improving cancer immunotherapy.
pubmed_discovery_41380578,41380578,literature_discovery,derived_annotations_only,abstract_metadata_only,core,aso_thrombocytopenia_complement_2020_2026; score=2; The use of multiple liquid chromatography methods augmented by phosphorus-31 nuclear magnetic resonance to characterize the diastereomer composition in synthetic oligonucleotides.
pubmed_discovery_41365154,41365154,literature_discovery,derived_annotations_only,abstract_metadata_only,secondary,galnac_sirna_safety_2024_2026; score=2; A universal LC-HRMS workflow integrating targeted and untargeted strategies for rapid and comprehensive metabolite profiling of oligonucleotide-based therapeutics.
pubmed_discovery_41344063,41344063,literature_discovery,derived_annotations_only,abstract_metadata_only,core,aso_offtarget_transcriptome_2023_2026; score=2; Hybridization liquid chromatography-mass spectrometry for quantitative bioanalysis of oligonucleotides: The upcoming paradigm shift.
pubmed_discovery_41274344,41274344,literature_discovery,derived_annotations_only,abstract_metadata_only,secondary,sirna_clinical_safety_2023_2026; score=2; Dry powder inhalation of siRNA therapeutics: Emerging strategies for pulmonary gene silencing.
pubmed_discovery_41258982,41258982,literature_discovery,derived_annotations_only,abstract_metadata_only,core,aso_immune_complement_safety_2023_2026; score=2; ASO Visual Abstract: Age-Associated Alterations in Cytokine and Extracellular Matrix Remodeling in the Papillary Thyroid Cancer Tumor Microenvironment.
pubmed_discovery_41220296,41220296,literature_discovery,derived_annotations_only,abstract_metadata_only,secondary,lnp_rna_safety_toxicity_2020_2026; score=2; Photosensitizing Lipid Nanoparticles for Ferroptosis-Enhanced Photodynamic Cancer Therapy via GPX4 Silencing.
pubmed_discovery_41213485,41213485,literature_discovery,derived_annotations_only,abstract_metadata_only,core,oligo_therapeutics_safety_2023_2026; score=2; Theoretical calculation of the amounts of nucleotide deletion impurities in oligonucleotides.
pubmed_discovery_41193172,41193172,literature_discovery,derived_annotations_only,abstract_metadata_only,secondary,sirna_clinical_safety_2023_2026; score=2; Peginterferon alpha-2a add-on to siRNA JNJ-73763989 in untreated patients with HBeAg-positive chronic hepatitis B virus (HBV) infection: the phase 2 REEF-IT study.
pubmed_discovery_41041909,41041909,literature_discovery,derived_annotations_only,abstract_metadata_only,secondary,sirna_clinical_safety_2023_2026; score=2; Silencing Myostatin Using In Vivo Self-Assembled siRNA Protects Against Cancer- and Dexamethasone-Induced Muscle Atrophy.
pubmed_discovery_42004278,42004278,literature_discovery,derived_annotations_only,abstract_metadata_only,secondary,lnp_oligo_delivery_safety_2023_2026; score=2; CD133-Guided RNA Nanoparticle Delivery of FTO siRNA Impairs Leukemia Resistance to Tyrosine Kinase Inhibitor Therapy.
pubmed_discovery_41658564,41658564,literature_discovery,derived_annotations_only,abstract_metadata_only,core,sirna_seed_toxicity_broad_2020_2026; score=2; Direct pulmonary delivery route in lung cancer: a highway for siRNA therapeutics.
pubmed_discovery_41599628,41599628,literature_discovery,derived_annotations_only,abstract_metadata_only,secondary,"sirna_clinical_safety_2023_2026; score=2; C16-siRNAs in Focus: Development of ALN-APP, a Promising RNAi-Based Therapeutic for Alzheimer's Disease."
pubmed_discovery_41480638,41480638,literature_discovery,derived_annotations_only,abstract_metadata_only,core,aso_kidney_toxicity_2020_2026; score=2; IGF1R-targeted delivery of a bridged nucleic acid oligonucleotide-peptide conjugate for microRNA-21 inhibition in triple-negative breast cancer.
pubmed_discovery_41463125,41463125,literature_discovery,derived_annotations_only,abstract_metadata_only,core,aso_offtarget_transcriptome_2023_2026; score=2; Reversing the Irreversible: miRNA-Targeting Mesyl Phosphoramidate Oligonucleotides Restore Sensitivity to Cisplatin and Doxorubicin of KB-8-5 Epidermoid Carcinoma Cells.
pubmed_discovery_41446212,41446212,literature_discovery,derived_annotations_only,abstract_metadata_only,core,oligo_therapeutics_safety_2023_2026; score=2; Evaluating the effects of aging on biodistribution and gene silencing activity of lipid-siRNA conjugates delivered into cerebrospinal fluid.
pubmed_discovery_41429785,41429785,literature_discovery,derived_annotations_only,abstract_metadata_only,core,"phosphorothioate_aso_safety_2024_2026; score=2; Morpholino-RNA duplex exhibits robust, sustained, and safe steric-block antisense activity by intracerebroventricular and intrathecal injection."
pubmed_discovery_41425586,41425586,literature_discovery,derived_annotations_only,abstract_metadata_only,secondary,sirna_clinical_safety_2023_2026; score=2; Nanocarrier-based delivery of siRNA therapeutics in rheumatoid arthritis: immune mechanisms and translational perspectives.
pubmed_discovery_41413582,41413582,literature_discovery,derived_annotations_only,abstract_metadata_only,secondary,sirna_clinical_safety_2023_2026; score=2; NUP85 siRNA loaded red blood cell-derived extracellular vesicles alleviate hepatic steatosis in MASLD.
pubmed_discovery_41393714,41393714,literature_discovery,derived_annotations_only,abstract_metadata_only,core,aso_toxicity_safety_2024_2026; score=2; Olezarsen: A Next-Generation Antisense Therapy for Hypertriglyceridemia and Familial Chylomicronemia Syndrome.
pubmed_discovery_41373892,41373892,literature_discovery,derived_annotations_only,abstract_metadata_only,core,aso_offtarget_transcriptome_2023_2026; score=2; Biological Performance and Molecular Mechanisms of Mesyl MicroRNA-Targeted Oligonucleotides in Colorectal Cancer Cells.
pubmed_discovery_41373822,41373822,literature_discovery,derived_annotations_only,abstract_metadata_only,core,chemical_modification_oligo_safety_2023_2026; score=2; Respiratory Delivery of Highly Conserved Antiviral siRNAs Suppress SARS-CoV-2 Infection.
pubmed_discovery_41341748,41341748,literature_discovery,derived_annotations_only,abstract_metadata_only,secondary,galnac_sirna_safety_2024_2026; score=2; A novel bispecific siRNA concept: Efficient dual knockdown of YAP1 and WWTR1 with a single guide strand.
pubmed_discovery_41311216,41311216,literature_discovery,derived_annotations_only,abstract_metadata_only,core,"aso_thrombocytopenia_complement_2020_2026; score=2; Antibody-oligonucleotide conjugates for spatial proteomics: principles, applications, and challenges."
pubmed_discovery_41268339,41268339,literature_discovery,derived_annotations_only,abstract_metadata_only,secondary,lnp_rna_safety_toxicity_2020_2026; score=2; A naturally derived lipopeptide lipid nanoparticle platform enabling multiple nucleic acids delivery.
pubmed_discovery_41258869,41258869,literature_discovery,derived_annotations_only,abstract_metadata_only,core,sirna_seed_toxicity_broad_2020_2026; score=2; Disruption of TcGNBP3 via RNA interference compromises antibacterial immunity in Tribolium castaneum.
pubmed_discovery_41226756,41226756,literature_discovery,derived_annotations_only,abstract_metadata_only,secondary,sirna_clinical_safety_2023_2026; score=2; Zilebesiran as an Innovative siRNA-Based Therapeutic Approach for Hypertension: Emerging Perspectives in Cardiovascular Medicine.
pubmed_discovery_41207134,41207134,literature_discovery,derived_annotations_only,abstract_metadata_only,core,aso_offtarget_transcriptome_2023_2026; score=2; Antisense-mediated exon skipping therapy improves neuromuscular junction deficits in a Duchenne muscular dystrophy mouse model.
pubmed_discovery_41173907,41173907,literature_discovery,derived_annotations_only,abstract_metadata_only,core,aso_immune_complement_safety_2023_2026; score=2; Immunomodulation of behavior impairment via spleen-specific targeting lipid nanoparticles in a MeCP2 transgenic mouse model.
pubmed_discovery_41163544,41163544,literature_discovery,derived_annotations_only,abstract_metadata_only,core,aso_toxicity_safety_2024_2026; score=2; Discovery of long-acting APOC3 siRNA for treating patients with hypertriglyceridemia.
pubmed_discovery_41155969,41155969,literature_discovery,derived_annotations_only,abstract_metadata_only,secondary,lnp_rna_safety_toxicity_2020_2026; score=2; Lipid Nanoparticle-Mediated RNAi Against GIPC1 Overcomes Chemoresistance in Pancreatic Ductal Adenocarcinoma.
pubmed_discovery_41111990,41111990,literature_discovery,derived_annotations_only,abstract_metadata_only,core,aso_offtarget_transcriptome_2023_2026; score=2; Exploring the Therapeutic Potential: Antisense RNA Delivery Via Bacteriophage Platform.
pubmed_discovery_41050095,41050095,literature_discovery,derived_annotations_only,abstract_metadata_only,core,oligo_sequence_dependent_toxicity_2020_2026; score=2; pH-responsive 2D niobium carbide nanosheets for targeted circPUM1 siRNA delivery in ovarian cancer therapy.
pubmed_discovery_41044092,41044092,literature_discovery,derived_annotations_only,abstract_metadata_only,core,oligo_chemistry_toxicity_mechanism_2020_2026; score=2; Stereo-random oligonucleotides enable efficient recruitment of ADAR in vitro and in vivo.
pubmed_discovery_41043736,41043736,literature_discovery,derived_annotations_only,abstract_metadata_only,secondary,lnp_rna_safety_toxicity_2020_2026; score=2; Incorporation of monophosphoryl lipid A and CpG-oligodeoxynucleotides into lipid nanoparticles activates toll-like receptor signaling pathways while maintaining antigen expression for mRNA-based vaccinations.
pubmed_discovery_41038078,41038078,literature_discovery,derived_annotations_only,abstract_metadata_only,core,aso_immune_complement_safety_2023_2026; score=2; Systematic evaluation of phenyl stationary phases for oligonucleotide analysis without ion-pairing reagents.
pubmed_discovery_41027940,41027940,literature_discovery,derived_annotations_only,abstract_metadata_only,secondary,sirna_clinical_safety_2023_2026; score=2; Engineered exosomes with Kras(G12D) specific siRNA in pancreatic cancer: a phase I study with immunological correlates.
pubmed_discovery_41022318,41022318,literature_discovery,derived_annotations_only,abstract_metadata_only,core,oligo_sequence_dependent_toxicity_2020_2026; score=2; Advances in the pharmaceutical development of antibody-oligonucleotide conjugates.
pubmed_discovery_41020498,41020498,literature_discovery,derived_annotations_only,abstract_metadata_only,core,"aso_kidney_toxicity_2020_2026; score=2; Translational and clinical development of therapeutic siRNA and ASOs: current industry practices, perspectives, and recommendations."
pubmed_discovery_40981427,40981427,literature_discovery,derived_annotations_only,abstract_metadata_only,core,"aso_toxicity_safety_2024_2026; score=2; Upgrading nucleic acid and antisense therapeutics: challenges, solutions, and future directions."
pubmed_discovery_40965251,40965251,literature_discovery,derived_annotations_only,abstract_metadata_only,core,aso_toxicity_safety_2024_2026; score=2; Update on Gene Therapy Clinical Trials for Eye Diseases.
pubmed_discovery_40960849,40960849,literature_discovery,derived_annotations_only,abstract_metadata_only,core,aso_kidney_toxicity_2020_2026; score=2; Targeted Delivery of Oligonucleotide-Peptide Conjugates for Enhanced Kidney-Specific Therapy.
pubmed_discovery_40943573,40943573,literature_discovery,derived_annotations_only,abstract_metadata_only,secondary,galnac_sirna_safety_2024_2026; score=2; siRNA Therapeutics for the Treatment of Hereditary Diseases and Other Conditions: A Review.
pubmed_discovery_40901740,40901740,literature_discovery,derived_annotations_only,abstract_metadata_only,secondary,oligo_drug_discovery_safety_review_2020_2026; score=2; Emerging lipid nanoparticle systems capable of efficient intramuscular RNA delivery.
pubmed_discovery_40896584,40896584,literature_discovery,derived_annotations_only,abstract_metadata_only,secondary,sso_splice_oligo_safety_2020_2026; score=2; A combinatorial oligonucleotide therapy to improve dystrophin restoration and dystrophin-deficient muscle health.
pubmed_discovery_40888416,40888416,literature_discovery,derived_annotations_only,abstract_metadata_only,core,oligo_therapeutics_safety_2023_2026; score=2; A Novel Hybrid LC-MS/MS Methodology for the Quantitative Bioanalysis of Antibody-siRNA Conjugates.
pubmed_discovery_40851466,40851466,literature_discovery,derived_annotations_only,abstract_metadata_only,core,aso_offtarget_transcriptome_2023_2026; score=2; Examining hybridization-based LC-MS methodologies for the bioanalysis of siRNA analytes.
pubmed_discovery_40832631,40832631,literature_discovery,derived_annotations_only,abstract_metadata_only,secondary,lnp_rna_safety_toxicity_2020_2026; score=2; mRNA-LNP vaccine encoding the Plasmodium vivax circumsporozoite protein is highly immunogenic and confers protection in mice.
pubmed_discovery_40825982,40825982,literature_discovery,derived_annotations_only,abstract_metadata_only,secondary,locked_nucleic_acid_safety_2020_2026; score=2; Targeting intestinal inflammation using locked nucleic acids delivered via lipid nanoparticles.
pubmed_discovery_40825643,40825643,literature_discovery,derived_annotations_only,abstract_metadata_only,core,oligo_therapeutics_safety_2023_2026; score=2; Identification of oligonucleotide drug impurities using heart-cutting two-dimensional liquid chromatography-tandem mass spectrometry (2D-LC-MS/MS).
pubmed_discovery_40772591,40772591,literature_discovery,derived_annotations_only,abstract_metadata_only,secondary,lnp_rna_safety_toxicity_2020_2026; score=2; Synergizing Ferroptosis Suppressor Protein 1 Gene Silencing and Photodynamic Therapy Based on Photosensitive Lipid Nanoparticles for Colon Cancer Immunotherapy.
pubmed_discovery_40733840,40733840,literature_discovery,derived_annotations_only,abstract_metadata_only,core,aso_thrombocytopenia_complement_2020_2026; score=2; Chitosan - hyaluronate based polyplexes for the delivery of oligonucleotides: structural properties and intravitreal mobility.
pubmed_discovery_40704024,40704024,literature_discovery,derived_annotations_only,abstract_metadata_only,secondary,lnp_rna_safety_toxicity_2020_2026; score=2; Combined cancer immunotherapy with lipid nanoparticle delivery of oligo-based cGAS-agonistic adjuvant and peptide or mRNA vaccines.
pubmed_discovery_40703143,40703143,literature_discovery,derived_annotations_only,abstract_metadata_only,core,aso_toxicity_safety_2024_2026; score=2; Current Clinical Trials for Treating Elevated Lipoprotein(a).
pubmed_discovery_40701271,40701271,literature_discovery,derived_annotations_only,abstract_metadata_only,secondary,lnp_rna_safety_toxicity_2020_2026; score=2; Ionizable lipid chemistry in lipid nanoparticles determines delivery efficiency to hepatic stellate cells.
pubmed_discovery_40700483,40700483,literature_discovery,derived_annotations_only,abstract_metadata_only,core,oligo_sequence_dependent_toxicity_2020_2026; score=2; Engineering hybrid nanoparticles for targeted codelivery of triptolide and CYP3A4-siRNA against pulmonary metastatic melanoma.
pubmed_discovery_40699433,40699433,literature_discovery,derived_annotations_only,abstract_metadata_only,core,aso_offtarget_transcriptome_2023_2026; score=2; Knockdown of Gene Expression Following Activation of the NMD Pathway Using Splice-Switching Oligonucleotides.
pubmed_discovery_40672232,40672232,literature_discovery,derived_annotations_only,abstract_metadata_only,core,aso_offtarget_transcriptome_2023_2026; score=2; Targeted RNA editing by direct delivery of an adenosine deaminase-antisense oligo conjugate.
pubmed_discovery_40654340,40654340,literature_discovery,derived_annotations_only,abstract_metadata_only,secondary,"lnp_rna_safety_toxicity_2020_2026; score=2; Self-degradable ""gemini-like"" ionizable lipid-mediated delivery of siRNA for subcellular-specific gene therapy of hepatic diseases."
pubmed_discovery_40615758,40615758,literature_discovery,derived_annotations_only,abstract_metadata_only,core,oligo_sequence_dependent_toxicity_2020_2026; score=2; mRNA vaccines and SiRNAs targeting cancer immunotherapy: challenges and opportunities.
pubmed_discovery_40609116,40609116,literature_discovery,derived_annotations_only,abstract_metadata_only,core,oligo_sequence_dependent_toxicity_2020_2026; score=2; Multicheckpoint Cellular Targeting of siRNAs Using Antibody-Directed Lipid-Polymer Hybrid Nanoparticles.
pubmed_discovery_40599554,40599554,literature_discovery,derived_annotations_only,abstract_metadata_only,core,aso_thrombocytopenia_complement_2020_2026; score=2; Rats subject to extracorporeal membrane oxygenation have improved cardiac function following anticoagulation and reversal with factor IXa aptamer-antidote oligonucleotide pair.
pubmed_discovery_40584785,40584785,literature_discovery,derived_annotations_only,abstract_metadata_only,core,"oligo_therapeutics_safety_2023_2026; score=2; Developing the Strategy to Use Silk Spheres for Efficient, Targeted Delivery of Oligonucleotide Therapeutics to Cancer Cells."
pubmed_discovery_40581300,40581300,literature_discovery,derived_annotations_only,abstract_metadata_only,secondary,galnac_conjugate_clinical_safety_2020_2026; score=2; Phase I randomized double-blind study of an RNA interference therapeutic targeting HSD17B13 for metabolic dysfunction-associated steatohepatitis.
pubmed_discovery_40526841,40526841,literature_discovery,derived_annotations_only,abstract_metadata_only,core,aso_offtarget_transcriptome_2023_2026; score=2; Enhancing Clinical Detection Accuracy of Large Structured Viral RNA via DNAzyme Cleavage and Antisense-Assisted Rolling Circle Amplification.
pubmed_discovery_40506605,40506605,literature_discovery,derived_annotations_only,abstract_metadata_only,secondary,galnac_sirna_safety_2024_2026; score=2; Cross-species translational modelling of targeted therapeutic oligonucleotides using physiologically based pharmacokinetics.
pubmed_discovery_40454845,40454845,literature_discovery,derived_annotations_only,abstract_metadata_only,secondary,galnac_conjugate_clinical_safety_2020_2026; score=2; Zilebesiran: A Novel RNA Interference Therapeutic for Hypertension.
pubmed_discovery_40443118,40443118,literature_discovery,derived_annotations_only,abstract_metadata_only,secondary,galnac_sirna_safety_2024_2026; score=2; Multimeric Conjugates Using Engineered Peptide Scaffolds for Efficient siRNA Delivery.
pubmed_discovery_40439141,40439141,literature_discovery,derived_annotations_only,abstract_metadata_only,core,oligo_sequence_dependent_toxicity_2020_2026; score=2; Modification-Free Oligonucleotide-Utilized Lateral Flow Assay System for On-Site Detection of Foodborne Pathogens.
pubmed_discovery_40438965,40438965,literature_discovery,derived_annotations_only,abstract_metadata_only,secondary,oligo_drug_discovery_safety_review_2020_2026; score=2; The role of excipients in lipid nanoparticle metabolism: implications for enhanced therapeutic effect.
pubmed_discovery_40424842,40424842,literature_discovery,derived_annotations_only,abstract_metadata_only,core,oligo_sequence_dependent_toxicity_2020_2026; score=2; In silico discovery of multi-target small molecules and efficient siRNA design to overcome drug resistance in breast cancer via local therapy.
pubmed_discovery_40418189,40418189,literature_discovery,derived_annotations_only,abstract_metadata_only,core,chemical_modification_oligo_safety_2023_2026; score=2; Systematic Evaluation of Position-Specific Tolerability of Seven Backbone and Ribose Modifications in Fully Chemically Stabilized siRNAs.
pubmed_discovery_40414500,40414500,literature_discovery,derived_annotations_only,abstract_metadata_only,secondary,locked_nucleic_acid_safety_2020_2026; score=2; Amphiphilic dendrimer-assisted delivery of antisense nucleic acid mimics against E. coli.
pubmed_discovery_40354673,40354673,literature_discovery,derived_annotations_only,abstract_metadata_only,core,oligo_sequence_dependent_toxicity_2020_2026; score=2; Nanotechnology-Enhanced siRNA Delivery: Revolutionizing Cancer Therapy.
pubmed_discovery_40325939,40325939,literature_discovery,derived_annotations_only,abstract_metadata_only,core,oligo_sequence_dependent_toxicity_2020_2026; score=2; Oligonucleotide-Based Modulation of Macrophage Polarization: Emerging Strategies in Immunotherapy.
pubmed_discovery_40280496,40280496,literature_discovery,derived_annotations_only,abstract_metadata_only,core,aso_kidney_toxicity_2020_2026; score=2; NF-kappa B Oligo DNA decoy provides 12 months of pain relief and disc height restoration for patients with chronic discogenic low back pain-a randomized clinical trial.
pubmed_discovery_40214214,40214214,literature_discovery,derived_annotations_only,abstract_metadata_only,core,aso_toxicity_safety_2024_2026; score=2; Multimodal glioma immunotherapy combining TLR9-targeted STAT3 antisense oligodeoxynucleotides with PD1 immune checkpoint blockade.
pubmed_discovery_40207629,40207629,literature_discovery,derived_annotations_only,abstract_metadata_only,core,oligo_therapeutics_safety_2023_2026; score=2; Conjugation to a transferrin receptor 1-binding Bicycle peptide enhances ASO and siRNA potency in skeletal and cardiac muscles.
pubmed_discovery_40187867,40187867,literature_discovery,derived_annotations_only,abstract_metadata_only,secondary,lnp_rna_safety_toxicity_2020_2026; score=2; Characterization of lipid nanoparticles using macro mass photometry: Insights into size and mass.
pubmed_discovery_40178922,40178922,literature_discovery,derived_annotations_only,abstract_metadata_only,core,aso_toxicity_safety_2024_2026; score=2; Ameliorative Effect of an Anti-MicroRNA-21 Oligonucleotide on Animal and Human Models of Cystic Kidney Disease.
pubmed_discovery_40161818,40161818,literature_discovery,derived_annotations_only,abstract_metadata_only,core,aso_kidney_toxicity_2020_2026; score=2; IGF1R-Targeted Delivery of a Bridged Nucleic Acid Oligonucleotide-Peptide Conjugate for MicroRNA-21 Inhibition in Triple-Negative Breast Cancer.
pubmed_discovery_40143070,40143070,literature_discovery,derived_annotations_only,abstract_metadata_only,secondary,oligo_drug_discovery_safety_review_2020_2026; score=2; 2024 FDA TIDES (Peptides and Oligonucleotides) Harvest.
pubmed_discovery_40083288,40083288,literature_discovery,derived_annotations_only,abstract_metadata_only,secondary,lnp_rna_safety_toxicity_2020_2026; score=2; Model-Informed Drug Development Applications and Opportunities in mRNA-LNP Therapeutics.
pubmed_discovery_40052708,40052708,literature_discovery,derived_annotations_only,abstract_metadata_only,core,oligo_chemistry_toxicity_mechanism_2020_2026; score=2; Trivalent siRNA-Conjugates with Guanosine as ASGPR-Binder Show Potent Knock-Down In Vivo.
pubmed_discovery_40045578,40045578,literature_discovery,derived_annotations_only,abstract_metadata_only,secondary,oligo_drug_discovery_safety_review_2020_2026; score=2; Clinical applications of oligonucleotides for cancer therapy.
pubmed_discovery_40035231,40035231,literature_discovery,derived_annotations_only,abstract_metadata_only,secondary,lnp_rna_safety_toxicity_2020_2026; score=2; Lipid Nanoparticles and PEG: Time Frame of Immune Checkpoint Blockade Can Be Controlled by Adjusting the Rate of Cellular Uptake of Nanoparticles.
pubmed_discovery_40034207,40034207,literature_discovery,derived_annotations_only,abstract_metadata_only,core,aso_offtarget_transcriptome_2023_2026; score=2; Effect of chemical modification on the exon-skipping activity of heteroduplex oligonucleotides.
pubmed_discovery_39988873,39988873,literature_discovery,derived_annotations_only,abstract_metadata_only,core,aso_offtarget_transcriptome_2023_2026; score=2; Antisense-mediated exon skipping targeting EZH2 suppresses tumor growth in a xenograft mouse model of hepatocellular carcinoma.
pubmed_discovery_39988193,39988193,literature_discovery,derived_annotations_only,abstract_metadata_only,core,aso_immune_complement_safety_2023_2026; score=2; Foamy monocytes and atherogenesis in mice with combined hyperlipidemia and effects of antisense knockdown of apoCIII.
pubmed_discovery_39987694,39987694,literature_discovery,derived_annotations_only,abstract_metadata_only,core,aso_toxicity_safety_2024_2026; score=2; A platform method for simultaneous quantification of lipid and nucleic acid components in lipid nanoparticles.
pubmed_discovery_39978599,39978599,literature_discovery,derived_annotations_only,abstract_metadata_only,core,aso_toxicity_safety_2024_2026; score=2; Developing splice-switching oligonucleotides for urea cycle disorder using an integrated diagnostic and therapeutic platform.
pubmed_discovery_39962990,39962990,literature_discovery,derived_annotations_only,abstract_metadata_only,secondary,lnp_rna_safety_toxicity_2020_2026; score=2; Advances in Lipid Nanoparticle-Based Disease Treatment.
pubmed_discovery_39960827,39960827,literature_discovery,derived_annotations_only,abstract_metadata_only,core,aso_toxicity_safety_2024_2026; score=2; Combined 20-Hydroxyecdysone and Antisense-Mediated Exon Skipping Improve Functional Outcomes in a Mouse Model of Duchenne Muscular Dystrophy.
pubmed_discovery_39948537,39948537,literature_discovery,derived_annotations_only,abstract_metadata_only,core,aso_toxicity_safety_2024_2026; score=2; Investigator-initiated phase I trial of an oligonucleotide therapeutic targeting long noncoding RNA TUG 1 for recurrent glioblastoma.
pubmed_discovery_39926316,39926316,literature_discovery,derived_annotations_only,abstract_metadata_only,core,chemical_modification_oligo_safety_2023_2026; score=2; Unveiling sequence-agnostic mixed-chemical modification patterns for splice-switching oligonucleotides using the NATURA platform.
pubmed_discovery_39919854,39919854,literature_discovery,derived_annotations_only,abstract_metadata_only,core,aso_toxicity_safety_2024_2026; score=2; Preconcentration and purification of oligonucleotides from heat-treated human plasma by anion-exchange microextraction devices coupled to high performance liquid chromatography-mass spectrometry.
pubmed_discovery_39829074,39829074,literature_discovery,derived_annotations_only,abstract_metadata_only,secondary,"galnac_sirna_safety_2024_2026; score=2; Multiplexed siRNA Immunoassay Unveils Spatial and Quantitative Dimensions of siRNA Function, Abundance, and Localization In Vitro and In Vivo."
pubmed_discovery_39779027,39779027,literature_discovery,derived_annotations_only,abstract_metadata_only,core,aso_thrombocytopenia_complement_2020_2026; score=2; A smart responsive NIR-operated chitosan-based nanoswitch to induce cascade immunogenic tumor ferroptosis via cytokine storm.
pubmed_discovery_39778469,39778469,literature_discovery,derived_annotations_only,abstract_metadata_only,core,aso_immune_complement_safety_2023_2026; score=2; Exosome-equipped TNF antisense oligodeoxynucleotide or 2-deoxy-D-glucose ameliorated nonalcoholic steatohepatitis by modulating superoxide dismutase 1 in mice.
pubmed_discovery_39674388,39674388,literature_discovery,derived_annotations_only,abstract_metadata_only,core,oligo_chemistry_toxicity_mechanism_2020_2026; score=2; SB16 versus reference denosumab in postmenopausal women with osteoporosis: 18-month outcomes of a phase III randomized clinical trial.
pubmed_discovery_39654352,39654352,literature_discovery,derived_annotations_only,abstract_metadata_only,secondary,"galnac_sirna_safety_2024_2026; score=2; Preclinical and Clinical Pharmacokinetics of JNJ-75220795, an siRNA Therapeutic Targeting PNPLA3, for Metabolic Dysfunction-Associated Steatohepatitis."
pubmed_discovery_39644435,39644435,literature_discovery,derived_annotations_only,abstract_metadata_only,core,aso_immune_complement_safety_2023_2026; score=2; Investigational RNA Interference Agents for Hepatitis B.
pubmed_discovery_39631700,39631700,literature_discovery,derived_annotations_only,abstract_metadata_only,secondary,lnp_rna_safety_toxicity_2020_2026; score=2; Corosolic acid derivative-based lipid nanoparticles for efficient RNA delivery.
pubmed_discovery_39385468,39385468,literature_discovery,derived_annotations_only,abstract_metadata_only,secondary,lnp_rna_safety_toxicity_2020_2026; score=2; Efficient and safe in vivo treatment of primary hyperoxaluria type 1 via LNP-CRISPR-Cas9-mediated glycolate oxidase disruption.
pubmed_discovery_39771501,39771501,literature_discovery,derived_annotations_only,abstract_metadata_only,secondary,lnp_rna_safety_toxicity_2020_2026; score=2; Effect of Lipid Nanoparticle Physico-Chemical Properties and Composition on Their Interaction with the Immune System.
pubmed_discovery_39633726,39633726,literature_discovery,derived_annotations_only,abstract_metadata_only,core,aso_offtarget_transcriptome_2023_2026; score=2; Comparative molecular dynamics calculations of duplexation of chemically modified analogs of DNA used for antisense applications.
pubmed_discovery_39589900,39589900,literature_discovery,derived_annotations_only,abstract_metadata_only,secondary,lnp_rna_safety_toxicity_2020_2026; score=2; Probing Different Lengths of the Tertiary Amine Head Group on Triglyceride-Mimetic Ionizable Lipid-Mediated siRNA Delivery.
pubmed_discovery_39558155,39558155,literature_discovery,derived_annotations_only,abstract_metadata_only,core,aso_offtarget_transcriptome_2023_2026; score=2; Selective recognition of RNA G-quadruplex in vitro and in cells by L-aptamer-D-oligonucleotide conjugate.
pubmed_discovery_39543630,39543630,literature_discovery,derived_annotations_only,abstract_metadata_only,secondary,oligo_drug_discovery_safety_review_2020_2026; score=2; Navigating the intricate in-vivo journey of lipid nanoparticles tailored for the targeted delivery of RNA therapeutics: a quality-by-design approach.
pubmed_discovery_39525592,39525592,literature_discovery,derived_annotations_only,abstract_metadata_only,secondary,lnp_rna_safety_toxicity_2020_2026; score=2; Modeling on in vivo disposition and cellular transportation of RNA lipid nanoparticles via quantum mechanics/physiologically-based pharmacokinetic approaches.
pubmed_discovery_39516029,39516029,literature_discovery,derived_annotations_only,abstract_metadata_only,core,"oligo_chemistry_toxicity_mechanism_2020_2026; score=2; Characterization of Nonclinical Drug Metabolism and Pharmacokinetic Properties of Phosphorodiamidate Morpholino Oligonucleotides, a Novel Drug Class for Duchenne Muscular Dystrophy."
pubmed_discovery_39447842,39447842,literature_discovery,derived_annotations_only,abstract_metadata_only,secondary,"lnp_rna_safety_toxicity_2020_2026; score=2; Optimizing lipid nanoparticles for fetal gene delivery in vitro, ex vivo, and aided with machine learning."
pubmed_discovery_39442238,39442238,literature_discovery,derived_annotations_only,abstract_metadata_only,core,aso_kidney_toxicity_2020_2026; score=2; Therapeutic oligonucleotide ASC1R shows excellent tolerability and remarkable efficacy in reducing SARS-CoV-2 mRNA levels in C57BL/6 mice.
pubmed_discovery_39437973,39437973,literature_discovery,derived_annotations_only,abstract_metadata_only,core,chemical_modification_oligo_safety_2023_2026; score=2; Effect of modification of siRNA molecules delivered with aminopropylsilanol nanoparticles on suppression of A/H5N1 virus in cell culture.
pubmed_discovery_39363106,39363106,literature_discovery,derived_annotations_only,abstract_metadata_only,secondary,lnp_rna_safety_toxicity_2020_2026; score=2; Amine headgroups in ionizable lipids drive immune responses to lipid nanoparticles by binding to the receptors TLR4 and CD1d.
pubmed_discovery_39327422,39327422,literature_discovery,derived_annotations_only,abstract_metadata_only,secondary,sso_splice_oligo_safety_2020_2026; score=2; Heteroduplex oligonucleotide technology boosts oligonucleotide splice switching activity of morpholino oligomers in a Duchenne muscular dystrophy mouse model.
pubmed_discovery_39311689,39311689,literature_discovery,derived_annotations_only,abstract_metadata_only,core,oligo_therapeutics_safety_2023_2026; score=2; An Evaluation of First-in-Human Studies for RNA Oligonucleotides.
pubmed_discovery_39309631,39309631,literature_discovery,derived_annotations_only,abstract_metadata_only,secondary,lnp_rna_safety_toxicity_2020_2026; score=2; Comprehensive analysis of lipid nanoparticle formulation and preparation for RNA delivery.
pubmed_discovery_39279472,39279472,literature_discovery,derived_annotations_only,abstract_metadata_only,secondary,galnac_sirna_safety_2024_2026; score=2; Development of in vitro biopharmaceutics tools for predicting the bioavailability of subcutaneously injected monoclonal antibodies and oligonucleotides.
pubmed_discovery_39264964,39264964,literature_discovery,derived_annotations_only,abstract_metadata_only,secondary,lnp_rna_safety_toxicity_2020_2026; score=2; Development of a Lipid-encapsulated TGFβRI-siRNA Drug for Liver Fibrosis Induced by Schistosoma mansoni.
pubmed_discovery_39233550,39233550,literature_discovery,derived_annotations_only,abstract_metadata_only,secondary,oligo_drug_discovery_safety_review_2020_2026; score=2; Tuning Lipid Nanoparticles for RNA Delivery to Extrahepatic Organs.
pubmed_discovery_39212195,39212195,literature_discovery,derived_annotations_only,abstract_metadata_only,secondary,lnp_rna_safety_toxicity_2020_2026; score=2; A Multifunctional Aptamer Decorated Lipid Nanoparticles for the Delivery of EpCAM-targeted CRISPR/Cas9 Plasmid for Efficacious In Vivo Tumor Regression.
pubmed_discovery_39179112,39179112,literature_discovery,derived_annotations_only,abstract_metadata_only,secondary,lnp_rna_safety_toxicity_2020_2026; score=2; Enhancing RNA-lipid nanoparticle delivery: Organ- and cell-specificity and barcoding strategies.
pubmed_discovery_39171140,39171140,literature_discovery,derived_annotations_only,abstract_metadata_only,core,oligo_therapeutics_safety_2023_2026; score=2; Bi-functional CpG-STAT3 decoy oligonucleotide triggers multilineage differentiation of acute myeloid leukemia in mice.
pubmed_discovery_39157887,39157887,literature_discovery,derived_annotations_only,abstract_metadata_only,core,oligo_therapeutics_safety_2023_2026; score=2; Overcoming Challenges in Oligonucleotide Therapeutics Analysis: A Novel Nonion Pair Approach.
pubmed_discovery_39154935,39154935,literature_discovery,derived_annotations_only,abstract_metadata_only,secondary,lnp_rna_safety_toxicity_2020_2026; score=2; Engineered lipid nanoparticles enable therapeutic gene silencing of GTSE1 for the treatment of liver fibrosis.
pubmed_discovery_39110607,39110607,literature_discovery,derived_annotations_only,abstract_metadata_only,core,oligo_therapeutics_safety_2023_2026; score=2; A Guide to Chemical Considerations for the Pre-Clinical Development of Oligonucleotides.
pubmed_discovery_39082615,39082615,literature_discovery,derived_annotations_only,abstract_metadata_only,core,aso_toxicity_safety_2024_2026; score=2; Separation and Characterization of Therapeutic Oligonucleotide Isomer Impurities by Cyclic Ion Mobility Mass Spectrometry.
pubmed_discovery_38957973,38957973,literature_discovery,derived_annotations_only,abstract_metadata_only,core,aso_kidney_toxicity_2020_2026; score=2; Preclinical Pharmacokinetics in Tumors and Normal Tissues of the Antigene PNA Oligonucleotide MYCN-Inhibitor BGA002.
pubmed_discovery_38945909,38945909,literature_discovery,derived_annotations_only,abstract_metadata_only,secondary,"galnac_conjugate_clinical_safety_2020_2026; score=2; [Pharmacological and clinical profile of inclisiran sodium, a long-acting LDL cholesterol lowering siRNA, LEQVIO for s.c. injection syringe 300 ‍mg]."
pubmed_discovery_38932395,38932395,literature_discovery,derived_annotations_only,abstract_metadata_only,secondary,lnp_rna_safety_toxicity_2020_2026; score=2; Lipid Nanoparticles Outperform Electroporation in Delivering Therapeutic HPV DNA Vaccines.
pubmed_discovery_38902241,38902241,literature_discovery,derived_annotations_only,abstract_metadata_only,secondary,lnp_rna_safety_toxicity_2020_2026; score=2; Optimized RNA interference therapeutics combined with interleukin-2 mRNA for treating hepatitis B virus infection.
pubmed_discovery_38829703,38829703,literature_discovery,derived_annotations_only,abstract_metadata_only,core,aso_kidney_toxicity_2020_2026; score=2; A Randomized Controlled Clinical Trial Testing Effects of Lademirsen on Kidney Function Decline in Adults with Alport Syndrome.
pubmed_discovery_38829038,38829038,literature_discovery,derived_annotations_only,abstract_metadata_only,secondary,lnp_rna_safety_toxicity_2020_2026; score=2; Imidazolyl Lipids Enhanced LNP Endosomal Escape for Ferroptosis RNAi Treatment of Cancer.
pubmed_discovery_38826137,38826137,literature_discovery,derived_annotations_only,abstract_metadata_only,core,oligo_therapeutics_safety_2023_2026; score=2; ASP210: a potent oligonucleotide-based inhibitor effective against TKI-resistant CML cells.
pubmed_discovery_38814398,38814398,literature_discovery,derived_annotations_only,abstract_metadata_only,secondary,lnp_rna_safety_toxicity_2020_2026; score=2; A Basic Method for Formulating mRNA-Lipid Nanoparticle Vaccines in the Lab.
pubmed_discovery_38804718,38804718,literature_discovery,derived_annotations_only,abstract_metadata_only,core,oligo_therapeutics_safety_2023_2026; score=2; MIND4OLIGOS: Determining the Monoisotopic Mass of Oligonucleotides Observed in High-Resolution Mass Spectrometry.
pubmed_discovery_38692053,38692053,literature_discovery,derived_annotations_only,abstract_metadata_only,core,aso_toxicity_safety_2024_2026; score=2; A sensitive analytical strategy of oligonucleotide functionalized fluorescent probes for detection of nusinersen sodium in human serum.
pubmed_discovery_38688053,38688053,literature_discovery,derived_annotations_only,abstract_metadata_only,core,"chemical_modification_oligo_safety_2023_2026; score=2; Influence of oligonucleotides structures for separation of diastereomers by capillary electrophoresis method using polyvinylpyrrolidone 1,300,000."
pubmed_discovery_38686344,38686344,literature_discovery,derived_annotations_only,abstract_metadata_only,core,oligo_therapeutics_safety_2023_2026; score=2; Preparing and Evaluating the Stability of Therapeutically Relevant Oligonucleotide Duplexes.
pubmed_discovery_38675231,38675231,literature_discovery,derived_annotations_only,abstract_metadata_only,secondary,lnp_rna_safety_toxicity_2020_2026; score=2; Combination of miR159 Mimics and Irinotecan Utilizing Lipid Nanoparticles for Enhanced Treatment of Colorectal Cancer.
pubmed_discovery_38538323,38538323,literature_discovery,derived_annotations_only,abstract_metadata_only,secondary,lnp_rna_safety_toxicity_2020_2026; score=2; Lymphatic Endothelial Cells Produce Chemokines in Response to the Lipid Nanoparticles Used in RNA Vaccines.
pubmed_discovery_38514237,38514237,literature_discovery,derived_annotations_only,abstract_metadata_only,secondary,lnp_rna_safety_toxicity_2020_2026; score=2; Mesoscopic Structure of Lipid Nanoparticle Formulations for mRNA Drug Delivery: Comirnaty and Drug-Free Dispersions.
pubmed_discovery_38503660,38503660,literature_discovery,derived_annotations_only,abstract_metadata_only,core,chemical_modification_oligo_safety_2023_2026; score=2; High throughput AS LNA qPCR method for the detection of a specific mutation in poliovirus vaccine strains.
pubmed_discovery_38493950,38493950,literature_discovery,derived_annotations_only,abstract_metadata_only,secondary,lnp_rna_safety_toxicity_2020_2026; score=2; Plasmid DNA ionisable lipid nanoparticles as non-inert carriers and potent immune activators for cancer immunotherapy.
pubmed_discovery_38466819,38466819,literature_discovery,derived_annotations_only,abstract_metadata_only,secondary,lnp_rna_safety_toxicity_2020_2026; score=2; Optimization of a lipid nanoparticle-based protocol for RNA transfection into primary mononuclear phagocytes.
pubmed_discovery_38435821,38435821,literature_discovery,derived_annotations_only,abstract_metadata_only,secondary,lnp_rna_safety_toxicity_2020_2026; score=2; A landscape of recent advances in lipid nanoparticles and their translational potential for the treatment of solid tumors.
pubmed_discovery_38377276,38377276,literature_discovery,derived_annotations_only,abstract_metadata_only,core,aso_kidney_toxicity_2020_2026; score=2; Cholesterol-Modified DNA Nanostructures Serve as Effective Non-Viral Carriers for Delivering siRNA to the Kidneys to Prevent Acute Kidney Injury.
pubmed_discovery_38346479,38346479,literature_discovery,derived_annotations_only,abstract_metadata_only,secondary,lnp_rna_safety_toxicity_2020_2026; score=2; Archaeal ether lipids improve internalization and transfection with mRNA lipid nanoparticles.
pubmed_discovery_38341177,38341177,literature_discovery,derived_annotations_only,abstract_metadata_only,secondary,lnp_rna_safety_toxicity_2020_2026; score=2; Targeted delivery of polo-like kinase 1 siRNA nanoparticles using an EGFR-PEG bispecific antibody inhibits proliferation of high-risk neuroblastoma.
pubmed_discovery_38291016,38291016,literature_discovery,derived_annotations_only,abstract_metadata_only,secondary,sso_splice_oligo_safety_2020_2026; score=2; Duchenne muscular dystrophy: promising early-stage clinical trials to watch.
pubmed_discovery_38282246,38282246,literature_discovery,derived_annotations_only,abstract_metadata_only,secondary,galnac_sirna_safety_2024_2026; score=2; Predicting Clinical Pharmacokinetics/Pharmacodynamics and Impact of Organ Impairment on siRNA-Based Therapeutics Using a Mechanistic Physiologically-Based Pharmacokinetic-Pharmacodynamic Model.
pubmed_discovery_38253203,38253203,literature_discovery,derived_annotations_only,abstract_metadata_only,secondary,lnp_rna_safety_toxicity_2020_2026; score=2; Quality assessment of LNP-RNA therapeutics with orthogonal analytical techniques.
pubmed_discovery_38218350,38218350,literature_discovery,derived_annotations_only,abstract_metadata_only,secondary,lnp_rna_safety_toxicity_2020_2026; score=2; The immunostimulatory nature of mRNA lipid nanoparticles.
pubmed_discovery_38189247,38189247,literature_discovery,derived_annotations_only,abstract_metadata_only,secondary,lnp_rna_safety_toxicity_2020_2026; score=2; Quantification of mRNA in Lipid Nanoparticles Using Mass Spectrometry.
pubmed_discovery_38148611,38148611,literature_discovery,derived_annotations_only,abstract_metadata_only,secondary,lnp_rna_safety_toxicity_2020_2026; score=2; Nuclear-Targeting Lipid Pt(IV) Prodrug Amphiphile Cooperates with siRNA for Enhanced Cancer Immunochemotherapy by Amplifying Pt-DNA Adducts and Reducing Phosphatidylserine Exposure.
pubmed_discovery_38145661,38145661,literature_discovery,derived_annotations_only,abstract_metadata_only,core,"oligo_therapeutics_safety_2023_2026; score=2; Enabling safer, more potent oligonucleotide therapeutics with bottlebrush polymer conjugates."
pubmed_discovery_38118363,38118363,literature_discovery,derived_annotations_only,abstract_metadata_only,secondary,lnp_rna_safety_toxicity_2020_2026; score=2; Immune response to the components of lipid nanoparticles for ribonucleic acid therapeutics.
pubmed_discovery_38018280,38018280,literature_discovery,derived_annotations_only,abstract_metadata_only,secondary,lnp_rna_safety_toxicity_2020_2026; score=2; Nanoparticle-Mediated Delivery of Anti-PU.1 siRNA via Localized Intracisternal Administration Reduces Neuroinflammation.
pubmed_discovery_37994483,37994483,literature_discovery,derived_annotations_only,abstract_metadata_only,secondary,lnp_rna_safety_toxicity_2020_2026; score=2; Poly(N-methyl-N-vinylacetamide): A Strong Alternative to PEG for Lipid-Based Nanocarriers Delivering siRNA.
pubmed_discovery_37579889,37579889,literature_discovery,derived_annotations_only,abstract_metadata_only,secondary,lnp_rna_safety_toxicity_2020_2026; score=2; Evaluating how cationic lipid affects mRNA-LNP physical properties and biodistribution.
pubmed_discovery_38283433,38283433,literature_discovery,derived_annotations_only,abstract_metadata_only,secondary,"sso_splice_oligo_safety_2020_2026; score=2; AMONDYS 45 (Casimersen), a Novel Antisense Phosphorodiamidate Morpholino Oligomer: Clinical Considerations for Treatment in Duchenne Muscular Dystrophy."
pubmed_discovery_38079547,38079547,literature_discovery,derived_annotations_only,abstract_metadata_only,secondary,lnp_rna_safety_toxicity_2020_2026; score=2; Biomimetic noncationic lipid nanoparticles for mRNA delivery.
pubmed_discovery_38055742,38055742,literature_discovery,derived_annotations_only,abstract_metadata_only,secondary,lnp_rna_safety_toxicity_2020_2026; score=2; pH-dependent structural transitions in cationic ionizable lipid mesophases are critical for lipid nanoparticle function.
pubmed_discovery_37919256,37919256,literature_discovery,derived_annotations_only,abstract_metadata_only,secondary,lnp_rna_safety_toxicity_2020_2026; score=2; Multiphysics-Informed Pharmacokinetic Modeling of Systemic Exposure of Intramuscularly Injected LNPs.
pubmed_discovery_37897397,37897397,literature_discovery,derived_annotations_only,abstract_metadata_only,core,chemical_modification_oligo_safety_2023_2026; score=2; Emerging insights and future prospects for therapeutic application of siRNA targeting angiotensinogen in hypertension.
pubmed_discovery_37871289,37871289,literature_discovery,derived_annotations_only,abstract_metadata_only,secondary,galnac_conjugate_clinical_safety_2020_2026; score=2; Bioresponsive Chimaeric Polymersomes Mediate Sustained and Liver-Specific siRNA Transfection In Vivo.
pubmed_discovery_37798336,37798336,literature_discovery,derived_annotations_only,abstract_metadata_only,secondary,lnp_rna_safety_toxicity_2020_2026; score=2; Elucidation of lipid nanoparticle surface structure in mRNA vaccines.
pubmed_discovery_37788110,37788110,literature_discovery,derived_annotations_only,abstract_metadata_only,secondary,sso_splice_oligo_safety_2020_2026; score=2; A splice-switching oligonucleotide treatment ameliorates glycogen storage disease type 1a in mice with G6PC c.648G>T.
pubmed_discovery_37772637,37772637,literature_discovery,derived_annotations_only,abstract_metadata_only,core,chemical_modification_oligo_safety_2023_2026; score=2; Lipid Nanoparticle Delivery Alters the Adjuvanticity of the TLR9 Agonist CpG by Innate Immune Activation in Lymphoid Tissue.
pubmed_discovery_37741463,37741463,literature_discovery,derived_annotations_only,abstract_metadata_only,secondary,lnp_rna_safety_toxicity_2020_2026; score=2; Spray dried lipid nanoparticle formulations enable intratracheal delivery of mRNA.
pubmed_discovery_37729550,37729550,literature_discovery,derived_annotations_only,abstract_metadata_only,secondary,lnp_rna_safety_toxicity_2020_2026; score=2; Lipid Nanoparticles Deliver mRNA to the Brain after an Intracerebral Injection.
pubmed_discovery_37602495,37602495,literature_discovery,derived_annotations_only,abstract_metadata_only,secondary,lnp_rna_safety_toxicity_2020_2026; score=2; Ionizable Lipid Nanoparticles with Integrated Immune Checkpoint Inhibition for mRNA CAR T Cell Engineering.
pubmed_discovery_37566146,37566146,literature_discovery,derived_annotations_only,abstract_metadata_only,secondary,lnp_rna_safety_toxicity_2020_2026; score=2; siRNA-Based Novel Therapeutic Strategies to Improve Effectiveness of Antivirals: An Insight.
pubmed_discovery_37538053,37538053,literature_discovery,derived_annotations_only,abstract_metadata_only,secondary,sso_splice_oligo_safety_2020_2026; score=2; The endosomal escape vehicle platform enhances delivery of oligonucleotides in preclinical models of neuromuscular disorders.
pubmed_discovery_37514122,37514122,literature_discovery,derived_annotations_only,abstract_metadata_only,secondary,lnp_rna_safety_toxicity_2020_2026; score=2; Novel Golden Lipid Nanoparticles with Small Interference Ribonucleic Acid for Substrate Reduction Therapy in Fabry Disease.
pubmed_discovery_37502970,37502970,literature_discovery,derived_annotations_only,abstract_metadata_only,core,oligo_therapeutics_safety_2023_2026; score=2; Engineering cGAS-agonistic oligonucleotides as therapeutics and vaccine adjuvants for cancer immunotherapy.
pubmed_discovery_37438524,37438524,literature_discovery,derived_annotations_only,abstract_metadata_only,secondary,sso_splice_oligo_safety_2020_2026; score=2; A framework for individualized splice-switching oligonucleotide therapy.
pubmed_discovery_37399694,37399694,literature_discovery,derived_annotations_only,abstract_metadata_only,secondary,lnp_rna_safety_toxicity_2020_2026; score=2; A lipid toolbox of sugar alcohol fatty acid monoesters for single-component lipid nanoparticles with temperature-controlled release.
pubmed_discovery_37251983,37251983,literature_discovery,derived_annotations_only,abstract_metadata_only,secondary,lnp_rna_safety_toxicity_2020_2026; score=2; Studying how administration route and dose regulates antibody generation against LNPs for mRNA delivery with single-particle resolution.
pubmed_discovery_37241787,37241787,literature_discovery,derived_annotations_only,abstract_metadata_only,secondary,lnp_rna_safety_toxicity_2020_2026; score=2; Ionizable Lipids with Triazole Moiety from Click Reaction for LNP-Based mRNA Delivery.
pubmed_discovery_37208184,37208184,literature_discovery,derived_annotations_only,abstract_metadata_only,secondary,"lnp_rna_safety_toxicity_2020_2026; score=2; Biodistribution of Lipid 5, mRNA, and Its Translated Protein Following Intravenous Administration of mRNA-Encapsulated Lipid Nanoparticles in Rats."
pubmed_discovery_37201764,37201764,literature_discovery,derived_annotations_only,abstract_metadata_only,secondary,lnp_rna_safety_toxicity_2020_2026; score=2; Optimization of formulation and atomization of lipid nanoparticles for the inhalation of mRNA.
pubmed_discovery_37111616,37111616,literature_discovery,derived_annotations_only,abstract_metadata_only,core,"oligo_therapeutics_safety_2023_2026; score=2; Enhancing the Effectiveness of Oligonucleotide Therapeutics Using Cell-Penetrating Peptide Conjugation, Chemical Modification, and Carrier-Based Delivery Strategies."
pubmed_discovery_37027823,37027823,literature_discovery,derived_annotations_only,abstract_metadata_only,secondary,galnac_conjugate_clinical_safety_2020_2026; score=2; RNA interference therapy in acute hepatic porphyrias.
pubmed_discovery_36988645,36988645,literature_discovery,derived_annotations_only,abstract_metadata_only,secondary,lnp_rna_safety_toxicity_2020_2026; score=2; In Vivo RNA Delivery to Hematopoietic Stem and Progenitor Cells via Targeted Lipid Nanoparticles.
pubmed_discovery_36893269,36893269,literature_discovery,derived_annotations_only,abstract_metadata_only,core,oligo_therapeutics_safety_2023_2026; score=2; Divalent siRNAs are bioavailable in the lung and efficiently block SARS-CoV-2 infection.
pubmed_discovery_36839919,36839919,literature_discovery,derived_annotations_only,abstract_metadata_only,secondary,lnp_rna_safety_toxicity_2020_2026; score=2; Effect of PEG Anchor and Serum on Lipid Nanoparticles: Development of a Nanoparticles Tracking Method.
pubmed_discovery_36798116,36798116,literature_discovery,derived_annotations_only,abstract_metadata_only,secondary,"sso_splice_oligo_safety_2020_2026; score=2; The exon-skipping oligonucleotide, KitStop, depletes tissue-resident mast cells in vivo to ameliorate anaphylaxis."
pubmed_discovery_36773957,36773957,literature_discovery,derived_annotations_only,abstract_metadata_only,secondary,lnp_rna_safety_toxicity_2020_2026; score=2; Lipid nanoparticle-based ribonucleoprotein delivery for in vivo genome editing.
pubmed_discovery_36735581,36735581,literature_discovery,derived_annotations_only,abstract_metadata_only,core,chemical_modification_oligo_safety_2023_2026; score=2; Chemical Modifications and Design Influence the Potency of Huntingtin Anti-Gene Oligonucleotides.
pubmed_discovery_36727438,36727438,literature_discovery,derived_annotations_only,abstract_metadata_only,core,oligo_therapeutics_safety_2023_2026; score=2; Simultaneous inhibition of endocytic recycling and lysosomal fusion sensitizes cells and tissues to oligonucleotide therapeutics.
pubmed_discovery_36669889,36669889,literature_discovery,derived_annotations_only,abstract_metadata_only,secondary,"sso_splice_oligo_safety_2020_2026; score=2; Development of tailored splice-switching oligonucleotides for progressive brain disorders in Europe: development, regulation, and implementation considerations."
pubmed_discovery_36632217,36632217,literature_discovery,derived_annotations_only,abstract_metadata_only,core,aso_kidney_toxicity_2020_2026; score=2; Therapeutic delivery of microRNA-125a-5p oligonucleotides improves recovery from myocardial ischemia/reperfusion injury in mice and swine.
pubmed_discovery_36576986,36576986,literature_discovery,derived_annotations_only,abstract_metadata_only,core,oligo_therapeutics_safety_2023_2026; score=2; Time Is a Critical Factor When Evaluating Oligonucleotide Therapeutics in hERG Assays.
pubmed_discovery_36414195,36414195,literature_discovery,derived_annotations_only,abstract_metadata_only,secondary,lnp_rna_safety_toxicity_2020_2026; score=2; Optimization of storage conditions for lipid nanoparticle-formulated self-replicating RNA vaccines.
pubmed_discovery_36325948,36325948,literature_discovery,derived_annotations_only,abstract_metadata_only,secondary,lnp_rna_safety_toxicity_2020_2026; score=2; Lipid Nanoparticle Delivery of Chemically Modified NGF(R100W) mRNA Alleviates Peripheral Neuropathy.
pubmed_discovery_36520934,36520934,literature_discovery,derived_annotations_only,abstract_metadata_only,secondary,lnp_rna_safety_toxicity_2020_2026; score=2; Inhibition of c-Rel expression in myeloid and lymphoid cells with distearoyl -phosphatidylserine (DSPS) liposomal nanoparticles encapsulating therapeutic siRNA.
pubmed_discovery_36339619,36339619,literature_discovery,derived_annotations_only,abstract_metadata_only,secondary,oligo_drug_discovery_safety_review_2020_2026; score=2; A perspective on oligonucleotide therapy: Approaches to patient customization.
pubmed_discovery_36187052,36187052,literature_discovery,derived_annotations_only,abstract_metadata_only,secondary,lnp_rna_safety_toxicity_2020_2026; score=2; Design and lyophilization of lipid nanoparticles for mRNA vaccine and its robust immune response in mice and nonhuman primates.
pubmed_discovery_36126230,36126230,literature_discovery,derived_annotations_only,abstract_metadata_only,core,aso_kidney_toxicity_2020_2026; score=2; A case-study of model-informed drug development of a novel PCSK9 anti sense oligonucleotide. Part 1: First time in man to phase II.
pubmed_discovery_36117149,36117149,literature_discovery,derived_annotations_only,abstract_metadata_only,secondary,lnp_rna_safety_toxicity_2020_2026; score=2; Construction of PEI-EGFR-PD-L1-siRNA dual functional nano-vaccine and therapeutic efficacy evaluation for lung cancer.
pubmed_discovery_36037350,36037350,literature_discovery,derived_annotations_only,abstract_metadata_only,secondary,sso_splice_oligo_safety_2020_2026; score=2; Thiomorpholino oligonucleotides as a robust class of next generation platforms for alternate mRNA splicing.
pubmed_discovery_36002054,36002054,literature_discovery,derived_annotations_only,abstract_metadata_only,secondary,lnp_rna_safety_toxicity_2020_2026; score=2; Lipid nanoparticles produce chimeric antigen receptor T cells with interleukin-6 knockdown in vivo.
pubmed_discovery_35963467,35963467,literature_discovery,derived_annotations_only,abstract_metadata_only,secondary,lnp_rna_safety_toxicity_2020_2026; score=2; A lipid nanoparticle platform for mRNA delivery through repurposing of cationic amphiphilic drugs.
pubmed_discovery_35890348,35890348,literature_discovery,derived_annotations_only,abstract_metadata_only,secondary,oligo_drug_discovery_safety_review_2020_2026; score=2; Precision Anti-Cancer Medicines by Oligonucleotide Therapeutics in Clinical Research Targeting Undruggable Proteins and Non-Coding RNAs.
pubmed_discovery_35799779,35799779,literature_discovery,derived_annotations_only,abstract_metadata_only,core,aso_kidney_toxicity_2020_2026; score=2; The Accuracy of Sequence-Specific Oligonucleotide and Real-Time Polymerase Chain Reaction HLA Typing in Determining the Presence of Pre-Transplant Donor-Specific Anti-HLA Antibodies and Total Eplet Mismatches for Deceased Donor Kidney Transplantation.
pubmed_discovery_35787388,35787388,literature_discovery,derived_annotations_only,abstract_metadata_only,secondary,lnp_rna_safety_toxicity_2020_2026; score=2; The role of lipid components in lipid nanoparticles for vaccines and gene therapy.
pubmed_discovery_35780952,35780952,literature_discovery,derived_annotations_only,abstract_metadata_only,secondary,lnp_rna_safety_toxicity_2020_2026; score=2; Lipid nanoparticles to silence androgen receptor variants for prostate cancer therapy.
pubmed_discovery_35731922,35731922,literature_discovery,derived_annotations_only,abstract_metadata_only,secondary,lnp_rna_safety_toxicity_2020_2026; score=2; Multifunctional Lipid Nanoparticles for Protein Kinase N3 shRNA Delivery and Prostate Cancer Therapy.
pubmed_discovery_35701833,35701833,literature_discovery,derived_annotations_only,abstract_metadata_only,secondary,oligo_drug_discovery_safety_review_2020_2026; score=2; Antitumoral RNA-targeted oligonucleotide therapeutics: The third pillar after small molecule inhibitors and antibodies.
pubmed_discovery_35671982,35671982,literature_discovery,derived_annotations_only,abstract_metadata_only,secondary,lnp_rna_safety_toxicity_2020_2026; score=2; LNP-CpG ODN-adjuvanted varicella-zoster virus glycoprotein E induced comparable levels of immunity with Shingrix™ in VZV-primed mice.
pubmed_discovery_35642083,35642083,literature_discovery,derived_annotations_only,abstract_metadata_only,secondary,lnp_rna_safety_toxicity_2020_2026; score=2; Comparison of DLin-MC3-DMA and ALC-0315 for siRNA Delivery to Hepatocytes and Hepatic Stellate Cells.
pubmed_discovery_35436109,35436109,literature_discovery,derived_annotations_only,abstract_metadata_only,core,aso_kidney_toxicity_2020_2026; score=2; Antisense Peptide Nucleic Acid-Diaminobutanoic Acid Dendron Conjugates with SbmA-Independent Antimicrobial Activity against Gram-Negative Bacteria.
pubmed_discovery_35155859,35155859,literature_discovery,derived_annotations_only,abstract_metadata_only,core,aso_kidney_toxicity_2020_2026; score=2; Phase 2 Study of the Factor XI Antisense Inhibitor IONIS-FXI(Rx) in Patients With ESRD.
pubmed_discovery_35027752,35027752,literature_discovery,derived_annotations_only,abstract_metadata_only,secondary,galnac_conjugate_clinical_safety_2020_2026; score=2; Preclinical development and phase 1 trial of a novel siRNA targeting lipoprotein(a).
pubmed_discovery_35024714,35024714,literature_discovery,derived_annotations_only,abstract_metadata_only,secondary,lnp_rna_safety_toxicity_2020_2026; score=2; Development of a high-throughput platform for screening lipid nanoparticles for mRNA delivery.
pubmed_discovery_34850635,34850635,literature_discovery,derived_annotations_only,abstract_metadata_only,secondary,lnp_rna_safety_toxicity_2020_2026; score=2; Chemistry of Lipid Nanoparticles for RNA Delivery.
pubmed_discovery_34766620,34766620,literature_discovery,derived_annotations_only,abstract_metadata_only,secondary,oligo_drug_discovery_safety_review_2020_2026; score=2; Leveraging microphysiological systems to address challenges encountered during development of oligonucleotide therapeutics.
pubmed_discovery_33769464,33769464,literature_discovery,derived_annotations_only,abstract_metadata_only,secondary,galnac_conjugate_clinical_safety_2020_2026; score=2; Treatment and prevention of lipoprotein(a)-mediated cardiovascular disease: the emerging potential of RNA interference therapeutics.
pubmed_discovery_34873640,34873640,literature_discovery,derived_annotations_only,abstract_metadata_only,secondary,lnp_rna_safety_toxicity_2020_2026; score=2; Development of Lipidoid Nanoparticles for siRNA Delivery to Neural Cells.
pubmed_discovery_34853281,34853281,literature_discovery,derived_annotations_only,abstract_metadata_only,secondary,lnp_rna_safety_toxicity_2020_2026; score=2; Development of Lipid Nanoparticles for the Delivery of Macromolecules Based on the Molecular Design of pH-Sensitive Cationic Lipids.
pubmed_discovery_34754286,34754286,literature_discovery,derived_annotations_only,abstract_metadata_only,core,aso_kidney_toxicity_2020_2026; score=2; Systematic Combination of Oligonucleotides and Synthetic Polymers for Advanced Therapeutic Applications.
pubmed_discovery_34668716,34668716,literature_discovery,derived_annotations_only,abstract_metadata_only,secondary,lnp_rna_safety_toxicity_2020_2026; score=2; Developing Biodegradable Lipid Nanoparticles for Intracellular mRNA Delivery and Genome Editing.
pubmed_discovery_34520257,34520257,literature_discovery,derived_annotations_only,abstract_metadata_only,secondary,locked_nucleic_acid_safety_2020_2026; score=2; Oligonucleotides Targeting DNA Repeats Downregulate Huntingtin Gene Expression in Huntington's Patient-Derived Neural Model System.
pubmed_discovery_34222719,34222719,literature_discovery,derived_annotations_only,abstract_metadata_only,core,aso_kidney_toxicity_2020_2026; score=2; Antisense Inhibition of Angiotensinogen With IONIS-AGT-L(Rx): Results of Phase 1 and Phase 2 Studies.
pubmed_discovery_34181394,34181394,literature_discovery,derived_annotations_only,abstract_metadata_only,secondary,"lnp_rna_safety_toxicity_2020_2026; score=2; Lipid Nanoparticles─From Liposomes to mRNA Vaccine Delivery, a Landscape of Research Diversity and Advancement."
pubmed_discovery_34140675,34140675,literature_discovery,derived_annotations_only,abstract_metadata_only,secondary,lnp_rna_safety_toxicity_2020_2026; score=2; Conformation-sensitive targeting of lipid nanoparticles for RNA therapeutics.
pubmed_discovery_34101472,34101472,literature_discovery,derived_annotations_only,abstract_metadata_only,secondary,lnp_rna_safety_toxicity_2020_2026; score=2; Scalable Production of Lipid Nanoparticles Containing Amphotericin B.
pubmed_discovery_34037271,34037271,literature_discovery,derived_annotations_only,abstract_metadata_only,secondary,locked_nucleic_acid_safety_2020_2026; score=2; Clinical Study of Single-Stranded Oligonucleotide RO7062931 in Healthy Volunteers and Patients With Chronic Hepatitis B.
pubmed_discovery_33981364,33981364,literature_discovery,derived_annotations_only,abstract_metadata_only,secondary,lnp_rna_safety_toxicity_2020_2026; score=2; Enhanced target cell specificity and uptake of lipid nanoparticles using RNA aptamers and peptides.
pubmed_discovery_33978476,33978476,literature_discovery,derived_annotations_only,abstract_metadata_only,core,aso_kidney_toxicity_2020_2026; score=2; (34)S-SIL of PCSK9-Active Oligonucleotide as Tools for Accurate Quantification by Mass Spectrometry.
pubmed_discovery_33924589,33924589,literature_discovery,derived_annotations_only,abstract_metadata_only,secondary,lnp_rna_safety_toxicity_2020_2026; score=2; Delivery of Oligonucleotides Using a Self-Degradable Lipid-Like Material.
pubmed_discovery_33868782,33868782,literature_discovery,derived_annotations_only,abstract_metadata_only,core,aso_kidney_toxicity_2020_2026; score=2; Functionalized lipid nanoparticles for subcutaneous administration of mRNA to achieve systemic exposures of a therapeutic protein.
pubmed_discovery_33821570,33821570,literature_discovery,derived_annotations_only,abstract_metadata_only,secondary,sso_splice_oligo_safety_2020_2026; score=2; Delivery of oligonucleotide-based therapeutics: challenges and opportunities.
pubmed_discovery_33753212,33753212,literature_discovery,derived_annotations_only,abstract_metadata_only,core,aso_kidney_toxicity_2020_2026; score=2; Pronounced therapeutic potential of oligonucleotides fixed on inorganic nanoparticles against highly pathogenic H5N1 influenza A virus in vivo.
pubmed_discovery_33567244,33567244,literature_discovery,derived_annotations_only,abstract_metadata_only,secondary,sso_splice_oligo_safety_2020_2026; score=2; Immortalized Canine Dystrophic Myoblast Cell Lines for Development of Peptide-Conjugated Splice-Switching Oligonucleotides.
pubmed_discovery_33477663,33477663,literature_discovery,derived_annotations_only,abstract_metadata_only,secondary,sso_splice_oligo_safety_2020_2026; score=2; Lipophilic Peptide Dendrimers for Delivery of Splice-Switching Oligonucleotides.
pubmed_discovery_33452345,33452345,literature_discovery,derived_annotations_only,abstract_metadata_only,secondary,sso_splice_oligo_safety_2020_2026; score=2; Development of antisense-mediated myostatin knockdown for the treatment of insulin resistance.
pubmed_discovery_33443084,33443084,literature_discovery,derived_annotations_only,abstract_metadata_only,secondary,galnac_conjugate_clinical_safety_2020_2026; score=2; RNA Interference Targeting Liver Angiopoietin-Like Protein 3 Protects from Nephrotic Syndrome in a Rat Model Via Amelioration of Pathologic Hypertriglyceridemia.
pubmed_discovery_33290725,33290725,literature_discovery,derived_annotations_only,abstract_metadata_only,core,gapmer_aso_hepatotoxicity_2020_2026; score=2; Efficient Gene Suppression by DNA/DNA Double-Stranded Oligonucleotide In Vivo.
pubmed_discovery_33278337,33278337,literature_discovery,derived_annotations_only,abstract_metadata_only,core,aso_kidney_toxicity_2020_2026; score=2; Clinical Pharmacology Studies Supporting Oligonucleotide Therapy Development: An Assessment of Therapies Approved and in Development Between 2012 and 2018.
pubmed_discovery_33016851,33016851,literature_discovery,derived_annotations_only,abstract_metadata_only,core,aso_kidney_toxicity_2020_2026; score=2; Development of Prodrug Type Circular siRNA for In Vivo Knockdown by Systemic Administration.
pubmed_discovery_32865788,32865788,literature_discovery,derived_annotations_only,abstract_metadata_only,secondary,locked_nucleic_acid_safety_2020_2026; score=2; Calcium-Mediated In Vitro Transfection Technique of Oligonucleotides with Broad Chemical Modification Compatibility.
pubmed_discovery_32865786,32865786,literature_discovery,derived_annotations_only,abstract_metadata_only,core,gapmer_aso_hepatotoxicity_2020_2026; score=2; DNA-RNA Heteroduplex Oligonucleotide for Highly Efficient Gene Silencing.
pubmed_discovery_32659676,32659676,literature_discovery,derived_annotations_only,abstract_metadata_only,secondary,locked_nucleic_acid_safety_2020_2026; score=2; Development and validation of bioanalytical methods for LNA-i-miR-221 quantification in human plasma and urine by LC-MS/MS.
pubmed_discovery_32330214,32330214,literature_discovery,derived_annotations_only,abstract_metadata_only,secondary,lnp_rna_safety_toxicity_2020_2026; score=2; Amphetamine decorated cationic lipid nanoparticles cross the blood-brain barrier: therapeutic promise for combating glioblastoma.
pubmed_discovery_32146420,32146420,literature_discovery,derived_annotations_only,abstract_metadata_only,core,aso_kidney_toxicity_2020_2026; score=2; Dose-Finding Study and Pharmacokinetics Profile of the Novel 13-Mer Antisense miR-221 Inhibitor in Sprague-Dawley Rats.
pubmed_discovery_31875524,31875524,literature_discovery,derived_annotations_only,abstract_metadata_only,secondary,locked_nucleic_acid_safety_2020_2026; score=2; A selective Aurora-A 5'-UTR siRNA inhibits tumor growth and metastasis.
pubmed_discovery_31836192,31836192,literature_discovery,derived_annotations_only,abstract_metadata_only,secondary,oligo_drug_discovery_safety_review_2020_2026; score=2; Oligonucleotides to the (Gene) Rescue: FDA Approvals 2017-2019.
pubmed_discovery_31792921,31792921,literature_discovery,derived_annotations_only,abstract_metadata_only,secondary,"galnac_conjugate_clinical_safety_2020_2026; score=2; Leading RNA Interference Therapeutics Part 2: Silencing Delta-Aminolevulinic Acid Synthase 1, with a Focus on Givosiran."
pubmed_discovery_42095119,42095119,literature_discovery,derived_annotations_only,abstract_metadata_only,core,aso_offtarget_transcriptome_2023_2026; score=1; Clinical Prediction of Glycolysis-Driven Molecular Subclass of Hepatocellular Carcinoma without Transcriptomic Profiling.
pubmed_discovery_41964558,41964558,literature_discovery,derived_annotations_only,abstract_metadata_only,secondary,oligo_prediction_benchmark_2023_2026; score=1; Clustered Regularly Interspaced Short Palindromic Repeat-Based Colorimetric Aptasensor Combined with Smartphone Imaging and Deep Learning Enables Selective Recycling and Visual Prediction of Microplastics in the Environment.
pubmed_discovery_41781574,41781574,literature_discovery,derived_annotations_only,abstract_metadata_only,secondary,rnai_screen_offtarget_2020_2026; score=1; Identification of a novel mitovirus in Colocasia esculenta through high‑throughput sequencing and in-silico miRNA prediction for sequence-specific gene silencing.
pubmed_discovery_41774333,41774333,literature_discovery,derived_annotations_only,abstract_metadata_only,secondary,rnai_screen_offtarget_2020_2026; score=1; Regulatory Role of Ribosome Biogenesis-Related Genes in Hepatocellular Carcinoma Prognosis and Construction of a Risk Prediction Model.
pubmed_discovery_41709935,41709935,literature_discovery,derived_annotations_only,abstract_metadata_only,core,oligo_nonclinical_safety_2020_2026; score=1; Next-Generation Artificial Intelligence for ADME Prediction in Drug Discovery: From Small Molecules to Biologics.
pubmed_discovery_41453135,41453135,literature_discovery,derived_annotations_only,abstract_metadata_only,secondary,sirna_clinical_safety_2023_2026; score=1; Prediction of inclisiran efficacy in patients with established atherosclerotic cardiovascular disease: the SIRIUS In-Silico modelling of cardiovascular outcomes.
pubmed_discovery_40521514,40521514,literature_discovery,derived_annotations_only,abstract_metadata_only,core,aso_offtarget_transcriptome_2023_2026; score=1; Influence of Ion Substitution on the Properties of Apatite-Based Materials: Computational Predictions Using Density Functional Theory.
pubmed_discovery_40348375,40348375,literature_discovery,derived_annotations_only,abstract_metadata_only,core,"aso_immune_complement_safety_2023_2026; score=1; Development of prediction equations for immunoglobulin A, immunoglobulin G, and immunoglobulin M concentrations in mature milk from Holstein cows using milk infrared spectral data."
pubmed_discovery_36883788,36883788,literature_discovery,derived_annotations_only,abstract_metadata_only,core,aso_kidney_toxicity_2020_2026; score=1; Pericardial Effusions After the Arterial Switch Operation: A PHIS Database Review.
pubmed_discovery_42223774,42223774,literature_discovery,derived_annotations_only,abstract_metadata_only,core,aso_immune_complement_safety_2023_2026; score=0; ASO Author Reflections: Does Lymph Node Dissection Impair the Efficacy of Adjuvant Immune Checkpoint Inhibitors?
pubmed_discovery_42223319,42223319,literature_discovery,derived_annotations_only,abstract_metadata_only,core,oligo_nonclinical_safety_2020_2026; score=0; Brain and Muscle ARNT-Like 1 Ameliorates Sepsis-Induced Acute Lung Injury by Orchestrating Endoplasmic Reticulum-Phagy and Mitochondrial Metabolism.
pubmed_discovery_42223241,42223241,literature_discovery,derived_annotations_only,abstract_metadata_only,core,sirna_offtarget_safety_2024_2026; score=0; CLEC14A correlates with neutrophil infiltration in hepatocellular carcinoma and mediates neutrophil recruitment across liver endothelial cells.
pubmed_discovery_42223180,42223180,literature_discovery,derived_annotations_only,abstract_metadata_only,core,aso_offtarget_transcriptome_2023_2026; score=0; Chemerin knockout reveals sex difference in the role of chemerin in blood pressure and vascular remodeling.
pubmed_discovery_42223038,42223038,literature_discovery,derived_annotations_only,abstract_metadata_only,core,sirna_offtarget_safety_2024_2026; score=0; Targeting CD30L Alleviates Airway Remodeling via JNK/p38 MAPK Pathway in OVA-Induced Asthmatic Mice.
pubmed_discovery_42222434,42222434,literature_discovery,derived_annotations_only,abstract_metadata_only,core,sirna_offtarget_safety_2024_2026; score=0; OLIG2-STAT5 cooperation supports glioma stem cell maintenance and proliferation in glioblastoma.
pubmed_discovery_42221844,42221844,literature_discovery,derived_annotations_only,abstract_metadata_only,core,sirna_offtarget_safety_2024_2026; score=0; Integrated Transcriptomics and Experimental Validation Reveal Müller Cell-Driven PANoptosis in Diabetic Retinopathy via PSAP-GPR37 Signaling.
pubmed_discovery_42221587,42221587,literature_discovery,derived_annotations_only,abstract_metadata_only,core,"sirna_offtarget_safety_2024_2026; score=0; Disruption of chitin synthases impairs tick feeding and reproduction, validating a broad-spectrum acaricide target."
pubmed_discovery_42221072,42221072,literature_discovery,derived_annotations_only,abstract_metadata_only,core,oligo_innate_immune_tlr_2020_2026; score=0; Fibrinogen-like protein 2 regulates inflammatory and metabolic reprogramming of airway smooth muscle cells through PI3K/Akt activation.
pubmed_discovery_42219546,42219546,literature_discovery,derived_annotations_only,abstract_metadata_only,secondary,lnp_oligo_delivery_safety_2023_2026; score=0; Application of small interfering RNAs and drug combination for pancreatic cancer therapy.
pubmed_discovery_42218966,42218966,literature_discovery,derived_annotations_only,abstract_metadata_only,core,sirna_offtarget_safety_2024_2026; score=0; DHCR7 promotes granulosa cells ferroptosis and represents a potential therapeutic target in premature ovarian insufficiency.
pubmed_discovery_42218003,42218003,literature_discovery,derived_annotations_only,abstract_metadata_only,secondary,lnp_oligo_delivery_safety_2023_2026; score=0; Linear causal regulation ratiometric fluorescent biosensor strategy for highly sensitive detection of sulfonamides in multiple matrices.
pubmed_discovery_42217552,42217552,literature_discovery,derived_annotations_only,abstract_metadata_only,core,sirna_offtarget_safety_2024_2026; score=0; STC2 mediates hypoxia-induced immunosuppression and tumorigenesis in hepatocellular carcinoma.
pubmed_discovery_42217332,42217332,literature_discovery,derived_annotations_only,abstract_metadata_only,core,oligo_innate_immune_tlr_2020_2026; score=0; Characterizing glial cells missing transcription factor 1 (GCM1)'s role in regulating placental gene expression.
pubmed_discovery_42217207,42217207,literature_discovery,derived_annotations_only,abstract_metadata_only,core,aso_toxicity_safety_2024_2026; score=0; Baseline characteristics of patients with transthyretin amyloidosis with cardiomyopathy in the CARDIO-TTRansform trial of eplontersen.
pubmed_discovery_42217085,42217085,literature_discovery,derived_annotations_only,abstract_metadata_only,secondary,lnp_oligo_delivery_safety_2023_2026; score=0; Fluorescent covalent organic framework and multivalent aptamer-driven magnetic nanoplatform for sensitive detection of foodborne pathogens.
pubmed_discovery_42217082,42217082,literature_discovery,derived_annotations_only,abstract_metadata_only,core,sirna_offtarget_safety_2024_2026; score=0; Pan-cancer multi-omics analysis identifies SYNGR4 as a novel clinical prognostic biomarker and therapeutic target in lung adenocarcinoma.
pubmed_discovery_42216896,42216896,literature_discovery,derived_annotations_only,abstract_metadata_only,core,sirna_offtarget_safety_2024_2026; score=0; FfbHLH7 Transcription Factor Modulates Stipe Browning in Flammulina filiformis via Activation of Tyrosine-Dependent Melanin Biosynthesis.
pubmed_discovery_42216541,42216541,literature_discovery,derived_annotations_only,abstract_metadata_only,core,oligo_innate_immune_tlr_2020_2026; score=0; Epithelial SERPINB2 Overexpression Contributes to Impaired Fibrinolysis in Chronic Rhinosinusitis With Nasal Polyps via tPA Downregulation.
pubmed_discovery_42216237,42216237,literature_discovery,derived_annotations_only,abstract_metadata_only,core,sirna_offtarget_safety_2024_2026; score=0; Sex-Specific Regulation of the Turandot Gene Family Modulates Temperature-Dependent Lifespan in Drosophila melanogaster.
pubmed_discovery_42215859,42215859,literature_discovery,derived_annotations_only,abstract_metadata_only,core,aso_offtarget_transcriptome_2023_2026; score=0; RNA-centric approaches in amyotrophic lateral sclerosis: prospects for future therapeutics.
pubmed_discovery_42215712,42215712,literature_discovery,derived_annotations_only,abstract_metadata_only,core,oligo_sequence_dependent_toxicity_2020_2026; score=0; Development of a covalent organic framework/graphene oxide aptasensor for electrochemical penicillin detection.
pubmed_discovery_42215154,42215154,literature_discovery,derived_annotations_only,abstract_metadata_only,core,oligo_chemistry_toxicity_mechanism_2020_2026; score=0; Apocynum venetum leaf extract ameliorates postmenopausal osteoporosis by inhibiting RANKL-induced osteoclastogenesis.
pubmed_discovery_42214744,42214744,literature_discovery,derived_annotations_only,abstract_metadata_only,secondary,rnai_screen_offtarget_2020_2026; score=0; Human brain slice culture model of STXBP1 encephalopathy reveals disruption of neuronal network activity and changes in gene expression.
pubmed_discovery_42214471,42214471,literature_discovery,derived_annotations_only,abstract_metadata_only,core,oligo_nonclinical_safety_2020_2026; score=0; Therapeutic vaccination for chronic hepatitis B: why most vaccines failed and what may work.
pubmed_discovery_42214260,42214260,literature_discovery,derived_annotations_only,abstract_metadata_only,core,oligo_innate_immune_tlr_2020_2026; score=0; Examining the effect of Angiopoietin-like protein 8 (ANGPTL8) on mitochondrial quality and atherosclerosis in vitro.
pubmed_discovery_42214222,42214222,literature_discovery,derived_annotations_only,abstract_metadata_only,core,sirna_offtarget_safety_2024_2026; score=0; Wedelolactone alleviates rheumatoid arthritis by gut microbiota-dependent immunomodulation and p53-mediated inhibition of fibroblast-like synoviocytes.
pubmed_discovery_42213794,42213794,literature_discovery,derived_annotations_only,abstract_metadata_only,secondary,lnp_oligo_delivery_safety_2023_2026; score=0; Polymeric Gene Delivery Systems: Design Principles for Targeting Oncogenic Pathways.
pubmed_discovery_42213177,42213177,literature_discovery,derived_annotations_only,abstract_metadata_only,core,sirna_offtarget_safety_2024_2026; score=0; The BZR1-GRP5 module regulates leaf growth by altering cell wall metabolism in Flowering Chinese cabbage (Brassica rapa ssp. chinensis var. parachinensis).
pubmed_discovery_42212668,42212668,literature_discovery,derived_annotations_only,abstract_metadata_only,core,sirna_offtarget_safety_2024_2026; score=0; A PR1-Like Protein Stabilizes a Barwin-Like Protein to Enhance Wheat Resistance to Leaf Rust.
pubmed_discovery_42212370,42212370,literature_discovery,derived_annotations_only,abstract_metadata_only,core,oligo_nonclinical_safety_2020_2026; score=0; Epigenetic orchestration of scar formation: Therapeutic potential of targeting DNA methylation and non‑coding RNAs in cutaneous fibrosis (Review).
