source_key,pmid,source_type,reuse_category,license_status,priority,notes
nar_database_guideline,,nar_guideline,derived_annotations_only,official_guideline,core,NAR Database Issue official requirements
oligotox_notice,,challenge_notice,derived_annotations_only,official_notice,core,NIH/NCATS OligoTox challenge notice
hybridization_offtarget_guidance,39912803,industry_guidance,derived_annotations_only,abstract_metadata_only,core,Updated industry recommendations for hybridization-dependent off-target risk
seedmatchr,38192001,tool_reference,derived_annotations_only,abstract_metadata_only,core,siRNA seed-mediated off-target detection in RNA-seq experiments
aso_toxicity_interplay,41078095,literature_signal,derived_annotations_only,abstract_metadata_only,core,ASO toxicity depends on sequence and chemical modification interplay
phosphorothioate_ddr,41760661,literature_signal,derived_annotations_only,abstract_metadata_only,core,Phosphorothioate ASO effects on DNA damage response
sirna_offtarget_modification_method,40877521,method_reference,derived_annotations_only,abstract_metadata_only,secondary,siRNA design method to reduce sequence-dependent off-target effects
galnac_sirna_pkpd,37589246,review_reference,derived_annotations_only,abstract_metadata_only,secondary,GalNAc-conjugated siRNA PK/PD and safety context
sirna_delivery_landscape,38204162,review_reference,derived_annotations_only,abstract_metadata_only,secondary,Nanoparticle-based siRNA delivery context
apoc3_sirna_aso_dyslipidemia,38334488,review_reference,derived_annotations_only,abstract_metadata_only,secondary,APOC3 siRNA and ASO therapy context
clinical_oligo_arrhythmia_risk,38362953,review_reference,derived_annotations_only,abstract_metadata_only,secondary,Proarrhythmic risk review for oligonucleotide therapeutics
asog_generator,41050468,tool_reference,derived_annotations_only,abstract_metadata_only,secondary,Antisense oligonucleotide generator comparator
ube3a_aso_trial,40646322,clinical_context,derived_annotations_only,abstract_metadata_only,secondary,ASO clinical trial context; not preclinical label source
pelacarsen_context,40781022,clinical_context,derived_annotations_only,abstract_metadata_only,secondary,ASO clinical context for Lp(a)
mechanistic_galnac_sirna_offtarget,40134378,literature_signal,derived_annotations_only,abstract_metadata_only,core,Mechanistic insights into hybridization-based off-target activity of GalNAc-siRNA conjugates
offtarget_preclinical_assessment_review,40721084,review_reference,derived_annotations_only,abstract_metadata_only,core,Off-target effects of oligonucleotides and preclinical assessment approaches
scn2a_individualized_aso,40263630,clinical_context,derived_annotations_only,abstract_metadata_only,secondary,Individualized ASO clinical context; use for safety/provenance fields only
pnpla3_aso_phase1,39798707,clinical_context,derived_annotations_only,abstract_metadata_only,secondary,PNPLA3 ASO phase I safety context
nusinersen_renal_hematological,39829133,clinical_context,derived_annotations_only,abstract_metadata_only,secondary,Nusinersen renal and hematological safety context
sirna_structural_modifications,38954918,review_reference,derived_annotations_only,abstract_metadata_only,secondary,Structural-guided modifications of siRNA
chemical_modifications_nat,40877500,method_reference,derived_annotations_only,abstract_metadata_only,secondary,Chemical modifications in nucleic acid therapeutics
aso_design_screening,40163297,method_reference,derived_annotations_only,abstract_metadata_only,secondary,ASO design and preliminary screening method
r_aso_readthrough,39011883,literature_signal,derived_annotations_only,abstract_metadata_only,secondary,Readthrough ASO mechanism; source-level curation candidate
amena_modified_aso_mcm8,40098305,literature_signal,derived_annotations_only,abstract_metadata_only,secondary,AmNA-modified ASO targeting MCM8
lp_a_agents_review,40430570,review_reference,derived_annotations_only,abstract_metadata_only,secondary,Lp(a)-lowering agents and oligonucleotide therapy context
apoc3_target_review,40679547,review_reference,derived_annotations_only,abstract_metadata_only,secondary,ApoC-III oligonucleotide therapeutic context
rna_therapeutics_cardiovascular,39998478,review_reference,derived_annotations_only,abstract_metadata_only,secondary,RNA therapeutics cardiovascular safety context
sirna_cardiac_failure_systematic,39214039,review_reference,derived_annotations_only,abstract_metadata_only,secondary,RNAi cardiac failure safety and effectiveness context
aso_neurodegenerative_review,40118328,review_reference,derived_annotations_only,abstract_metadata_only,secondary,ASO therapeutics for neurodegenerative disorders
aso_nervous_system_review,40534528,review_reference,derived_annotations_only,abstract_metadata_only,secondary,ASO nervous system review
small_nucleic_acid_trends,39309508,review_reference,derived_annotations_only,abstract_metadata_only,secondary,Small nucleic acid drug development trend review
pubmed_discovery_41467114,41467114,literature_discovery,derived_annotations_only,abstract_metadata_only,core,aso_toxicity_safety_2024_2026; score=12; Unraveling and controlling late-onset neurotoxicity of antisense oligonucleotides through strategic chemical modifications.
pubmed_discovery_41500580,41500580,literature_discovery,derived_annotations_only,abstract_metadata_only,core,aso_toxicity_safety_2024_2026; score=11; Predicting nucleic acid drug-induced nephrotoxicity using a 3D human renal proximal tubule spheroid model.
pubmed_discovery_41021771,41021771,literature_discovery,derived_annotations_only,abstract_metadata_only,core,"aso_toxicity_safety_2024_2026; score=10; Pharmacokinetics and Safety of Pelacarsen, a GalNAc(3)-Conjugated Antisense Oligonucleotide Targeting Apo(a), in Participants With Mild Hepatic Impairment."
pubmed_discovery_41994868,41994868,literature_discovery,derived_annotations_only,abstract_metadata_only,secondary,galnac_sirna_safety_2024_2026; score=9; Acyclic serinol nucleic acid modification of siRNAs overcomes seed region mediated off-target effects while maintaining potency.
pubmed_discovery_42176181,42176181,literature_discovery,derived_annotations_only,abstract_metadata_only,core,"sirna_offtarget_safety_2024_2026; score=8; Efficacy and Safety of Pegylated Interferon as Rescue Therapy for Patients with Chronic Hepatitis B Who Failed to Achieve Functional Cure After Antisense Oligonucleotides or Small Interfering RNA: A Prospective, Multicentre, Open-Label Randomized Controlled Trial (SPHERE) Protocol."
pubmed_discovery_42172871,42172871,literature_discovery,derived_annotations_only,abstract_metadata_only,core,"aso_toxicity_safety_2024_2026; score=8; Peptide-mediated delivery of an α-synuclein-targeting antisense oligonucleotide: Pharmacokinetics, safety, and central nervous system efficacy in a synucleinopathy model."
pubmed_discovery_42169802,42169802,literature_discovery,derived_annotations_only,abstract_metadata_only,core,aso_toxicity_safety_2024_2026; score=8; Correction to 'Integrating transcriptomics and proteomics to assess antisense oligonucleotide safety and efficacy: a time-resolved approach'.
pubmed_discovery_41918821,41918821,literature_discovery,derived_annotations_only,abstract_metadata_only,core,aso_toxicity_safety_2024_2026; score=8; Integrating transcriptomics and proteomics to assess antisense oligonucleotide safety and efficacy: a time-resolved approach.
pubmed_discovery_41863245,41863245,literature_discovery,derived_annotations_only,abstract_metadata_only,core,"aso_toxicity_safety_2024_2026; score=8; Challenges in the Stability, Safety, and Efficacy of Antisense Oligonucleotide Therapeutics."
pubmed_discovery_41792408,41792408,literature_discovery,derived_annotations_only,abstract_metadata_only,core,aso_toxicity_safety_2024_2026; score=8; Development of ARL4C antisense oligonucleotide with reduced off-target effects and enhanced efficacy as an anti-cancer drug.
pubmed_discovery_41755797,41755797,literature_discovery,derived_annotations_only,abstract_metadata_only,core,aso_toxicity_safety_2024_2026; score=8; Efficacy and safety of antisense oligonucleotide therapies targeting APoC-III in patients with severe hypertriglyceridemia: a meta-analysis of randomized controlled trials.
pubmed_discovery_41146386,41146386,literature_discovery,derived_annotations_only,abstract_metadata_only,core,"aso_toxicity_safety_2024_2026; score=8; Correction to ""Preclinical and Phase 1 Assessment of Antisense Oligonucleotide Bepirovirsenin Hepatitis B Virus-Transgenic Mice and Healthy Human Volunteers: Support for Clinical Dose Selection and Evaluation of Safety, Tolerability, and Pharmacokinetics of Single and Multiple Doses""."
pubmed_discovery_41186228,41186228,literature_discovery,derived_annotations_only,abstract_metadata_only,core,"aso_toxicity_safety_2024_2026; score=8; Safety, pharmacokinetics, and pharmacodynamics of the antisense oligonucleotide RO7239958 in healthy volunteers and adults with chronic hepatitis B infection."
pubmed_discovery_39850319,39850319,literature_discovery,derived_annotations_only,abstract_metadata_only,core,phosphorothioate_aso_safety_2024_2026; score=8; In vivo efficacy and safety of systemically administered serinol nucleic acid-modified antisense oligonucleotides in mouse kidney.
pubmed_discovery_42070763,42070763,literature_discovery,derived_annotations_only,abstract_metadata_only,secondary,galnac_sirna_safety_2024_2026; score=7; Targeted knockdown of hepatic XDH via GalNAc-siRNA alleviates hyperuricaemia and renal injury in UOX(-/-) mice.
pubmed_discovery_41978261,41978261,literature_discovery,derived_annotations_only,abstract_metadata_only,core,phosphorothioate_aso_safety_2024_2026; score=7; Phosphorothioate antisense oligonucleotide induced innate immune activation is attenuated by tryptophan oxidation products.
pubmed_discovery_41494985,41494985,literature_discovery,derived_annotations_only,abstract_metadata_only,core,phosphorothioate_aso_safety_2024_2026; score=7; Acute neuronal inhibition response caused by phosphorothioate antisense oligonucleotides following local delivery to the central nervous system.
pubmed_discovery_40685980,40685980,literature_discovery,derived_annotations_only,abstract_metadata_only,core,phosphorothioate_aso_safety_2024_2026; score=7; Characterizing Antibodies Targeting Antisense Oligonucleotide Phosphorothioate and 2'-O-Methoxyethyl Modifications for Intracellular Trafficking and Biodistribution Studies.
pubmed_discovery_38660533,38660533,literature_discovery,derived_annotations_only,abstract_metadata_only,core,phosphorothioate_aso_safety_2024_2026; score=7; Inhibition of survivin by 2'-O-methyl phosphorothioate-modified steric-blocking antisense oligonucleotides.
pubmed_discovery_41382137,41382137,literature_discovery,derived_annotations_only,abstract_metadata_only,core,aso_toxicity_safety_2024_2026; score=6; Transcriptome-wide association study revealed novel causal genes of renal-biopsy proven diabetic nephropathy.
pubmed_discovery_40899091,40899091,literature_discovery,derived_annotations_only,abstract_metadata_only,secondary,galnac_sirna_safety_2024_2026; score=6; Use of a Transgenic Human PNPLA3(I148M) Knock-in Mouse for Translational Safety Evaluations of siRNA Therapeutics.
pubmed_discovery_40151235,40151235,literature_discovery,derived_annotations_only,abstract_metadata_only,secondary,galnac_sirna_safety_2024_2026; score=6; General Platform for Efficient and Modular Assembly of GalNAc-siRNA Conjugates via Primary Amines and o-Nitrobenzyl Alcohol Cyclization Photoclick Chemistry Enabling Rapid Access to Therapeutic Oligonucleotides.
pubmed_discovery_42186366,42186366,literature_discovery,derived_annotations_only,abstract_metadata_only,core,sirna_offtarget_safety_2024_2026; score=4; In Vivo Assessment of dbDNA GNE(wt)/bi-shRNA-GNE(M743T) Lipoplex for GNE Myopathy: Improved Potency and Safety.
pubmed_discovery_42176239,42176239,literature_discovery,derived_annotations_only,abstract_metadata_only,core,"aso_toxicity_safety_2024_2026; score=4; Safety, pharmacokinetics and antiviral activity of AHB‑137 in healthy volunteers and chronic hepatitis B patients: a phase 1a/1b study."
pubmed_discovery_42169510,42169510,literature_discovery,derived_annotations_only,abstract_metadata_only,core,sirna_offtarget_safety_2024_2026; score=4; Efficacy and Safety of Oral PCSK9 Inhibitors: Insights from a Meta-analysis of RCTS.
pubmed_discovery_42149053,42149053,literature_discovery,derived_annotations_only,abstract_metadata_only,secondary,galnac_sirna_safety_2024_2026; score=4; GalNAc-modified five-component lipid nanoparticles for liver-targeted delivery of p65 siRNA to alleviate cytokine storm in liver injury via NF-κB targeting.
pubmed_discovery_42112102,42112102,literature_discovery,derived_annotations_only,abstract_metadata_only,secondary,galnac_sirna_safety_2024_2026; score=4; A computational model-powered platform to inform the development of GalNAc-conjugated siRNA therapeutics.
pubmed_discovery_42095135,42095135,literature_discovery,derived_annotations_only,abstract_metadata_only,core,aso_toxicity_safety_2024_2026; score=4; Development of an exon 27-skipping antisense oligonucleotide as a targeted therapy for refractory skin ulcers in Werner syndrome.
pubmed_discovery_42077110,42077110,literature_discovery,derived_annotations_only,abstract_metadata_only,core,aso_toxicity_safety_2024_2026; score=4; Rat and Rabbit Whole-Embryo Culture as a New Approach Method for Unlabeled Therapeutic Antisense Oligonucleotide Hazard Identification with No Requirement for Microinjection or Assisted Transfection.
pubmed_discovery_42018666,42018666,literature_discovery,derived_annotations_only,abstract_metadata_only,core,aso_toxicity_safety_2024_2026; score=4; Preclinical evaluation of antisense oligonucleotide therapy in a mouse model of HNRNPH2-related neurodevelopmental disorder.
pubmed_discovery_41981306,41981306,literature_discovery,derived_annotations_only,abstract_metadata_only,core,aso_toxicity_safety_2024_2026; score=4; Antisense oligonucleotide-mediated knockdown therapy in two infants with severe KCNT1 epileptic encephalopathy.
pubmed_discovery_41949334,41949334,literature_discovery,derived_annotations_only,abstract_metadata_only,secondary,galnac_sirna_safety_2024_2026; score=4; A Long-Term Human Liver Spheroid Model for Assessing Silencing and Durability of GalNAc-Conjugated siRNAs.
pubmed_discovery_41943994,41943994,literature_discovery,derived_annotations_only,abstract_metadata_only,core,aso_toxicity_safety_2024_2026; score=4; Efficacy and Safety of Olezarsen in Hypertriglyceridemia: An Updated Meta-Analysis of Randomised Controlled Trials.
pubmed_discovery_41887560,41887560,literature_discovery,derived_annotations_only,abstract_metadata_only,core,aso_toxicity_safety_2024_2026; score=4; Efficacy and Safety of Olezarsen for the Management of Dyslipidemia: An Updated Systematic Review and Meta-Analysis of Randomized Controlled Trials.
pubmed_discovery_41878536,41878536,literature_discovery,derived_annotations_only,abstract_metadata_only,core,aso_toxicity_safety_2024_2026; score=4; Targeting TLK2 with antisense oligonucleotides as a new strategy in acute myeloid leukemia.
pubmed_discovery_41876647,41876647,literature_discovery,derived_annotations_only,abstract_metadata_only,core,aso_toxicity_safety_2024_2026; score=4; LRRK2-targeting antisense oligonucleotide in Parkinson's disease: a phase 1 randomized controlled trial.
pubmed_discovery_41813449,41813449,literature_discovery,derived_annotations_only,abstract_metadata_only,core,"aso_toxicity_safety_2024_2026; score=4; A prospective, multi-center, observational study of the safety, tolerability and effectiveness of Nusinersen in adult patients with spinal muscular atrophy."
pubmed_discovery_41754970,41754970,literature_discovery,derived_annotations_only,abstract_metadata_only,core,aso_toxicity_safety_2024_2026; score=4; Unconventional Lysine-Type Lipid Assemblies Enable Efficient Antisense Oligonucleotide Delivery with Distinct Structural Features.
pubmed_discovery_41711123,41711123,literature_discovery,derived_annotations_only,abstract_metadata_only,core,"aso_toxicity_safety_2024_2026; score=4; Investigating the Biophysical Properties and In Vivo Activity of 7',5'-Alpha-Bicyclo-DNA Phosphodiester Backbone Gapmer Antisense Oligonucleotides."
pubmed_discovery_41663223,41663223,literature_discovery,derived_annotations_only,abstract_metadata_only,core,"aso_toxicity_safety_2024_2026; score=4; Synthesis, characterization, and application of sorbents for the mixed-mode extraction of antisense oligonucleotides from cerebrospinal fluid samples."
pubmed_discovery_41624332,41624332,literature_discovery,derived_annotations_only,abstract_metadata_only,core,aso_toxicity_safety_2024_2026; score=4; Atrophin-1 antisense oligonucleotide provides robust protection from pathology in a fully humanized DRPLA model.
pubmed_discovery_41541269,41541269,literature_discovery,derived_annotations_only,abstract_metadata_only,secondary,galnac_sirna_safety_2024_2026; score=4; Ribofuranose-based GalNAc-conjugated siRNA enhances the liver-targeted delivery and elicits robust RNAi-mediated gene silencing.
pubmed_discovery_41484831,41484831,literature_discovery,derived_annotations_only,abstract_metadata_only,core,aso_toxicity_safety_2024_2026; score=4; Antisense Oligonucleotide Therapeutics Targeting Age-Related Diseases.
pubmed_discovery_41388232,41388232,literature_discovery,derived_annotations_only,abstract_metadata_only,secondary,galnac_sirna_safety_2024_2026; score=4; Platform Assessment of Concentration-QTc Relationship Across GalNAc-siRNA Molecules.
pubmed_discovery_41314857,41314857,literature_discovery,derived_annotations_only,abstract_metadata_only,core,phosphorothioate_aso_safety_2024_2026; score=4; Unveiling Liver Micro-Distribution: NanoSIMS Imaging Reveals Critical Intracellular Distribution of Chemically Modified Antisense Oligonucleotides.
pubmed_discovery_41248931,41248931,literature_discovery,derived_annotations_only,abstract_metadata_only,core,phosphorothioate_aso_safety_2024_2026; score=4; Targeting a Pathogenic Variant Creating an Upstream AUG in the ENG 5' Untranslated Region with Antisense Oligonucleotides Fails to Restore Protein Expression.
pubmed_discovery_41145035,41145035,literature_discovery,derived_annotations_only,abstract_metadata_only,core,aso_toxicity_safety_2024_2026; score=4; Carrier-free self-assembled nanodrug with responsive release of carbon monoxide and antisense oligonucleotide for synergistic tumor therapy.
pubmed_discovery_41085094,41085094,literature_discovery,derived_annotations_only,abstract_metadata_only,core,"aso_toxicity_safety_2024_2026; score=4; A Phase 1, Randomized, Open-Label, Parallel Group Study to Evaluate the Relative Bioavailability and Safety of Subcutaneous Bepirovirsen when Delivered from a Vial or Prefilled Syringe Fitted with a Safety Syringe Device in Healthy Adult Participants."
pubmed_discovery_41465141,41465141,literature_discovery,derived_annotations_only,abstract_metadata_only,core,aso_toxicity_safety_2024_2026; score=4; Artificial Intelligence-Driven Design of Antisense Oligonucleotides for Precision Medicine in Neuromuscular Disorders.
pubmed_discovery_41457341,41457341,literature_discovery,derived_annotations_only,abstract_metadata_only,secondary,galnac_sirna_safety_2024_2026; score=4; Proceedings of the 2024 Classic Examples in Toxicologic Pathology XXXI.
pubmed_discovery_41323696,41323696,literature_discovery,derived_annotations_only,abstract_metadata_only,core,aso_toxicity_safety_2024_2026; score=4; Glycogen for Smyd3-antisense oligonucleotide delivery and enhanced liver cancer gene therapy.
pubmed_discovery_41280074,41280074,literature_discovery,derived_annotations_only,abstract_metadata_only,core,aso_toxicity_safety_2024_2026; score=4; Preclinical evaluation of antisense oligonucleotide therapy in a mouse model of HNRNPH2-related neurodevelopmental disorder.
pubmed_discovery_41166443,41166443,literature_discovery,derived_annotations_only,abstract_metadata_only,core,phosphorothioate_aso_safety_2024_2026; score=4; Improved targeted delivery of antisense oligonucleotide with an antibody mask.
pubmed_discovery_41092767,41092767,literature_discovery,derived_annotations_only,abstract_metadata_only,core,aso_toxicity_safety_2024_2026; score=4; Enhancement of antitumor immunity by CTLA-4 antisense oligonucleotides with CpG motif in mice.
pubmed_discovery_41031595,41031595,literature_discovery,derived_annotations_only,abstract_metadata_only,core,phosphorothioate_aso_safety_2024_2026; score=4; Mass Spectrometry Imaging Reveals the Distribution of a GABRG2 Targeting Antisense Oligonucleotide and Its Functional Effect in Rat Brain.
pubmed_discovery_41012491,41012491,literature_discovery,derived_annotations_only,abstract_metadata_only,secondary,galnac_sirna_safety_2024_2026; score=4; Whole-Body Physiologically Based Pharmacokinetic-Pharmacodynamic Modeling for Interspecies Translation and Mechanistic Characterization of Plasma and Tissue Disposition of GalNAc-siRNAs.
pubmed_discovery_40962198,40962198,literature_discovery,derived_annotations_only,abstract_metadata_only,core,phosphorothioate_aso_safety_2024_2026; score=4; Advancing antisense oligonucleotide delivery through click chemistry based chemical conjugation with designed short non-cationic peptides for Duchenne muscular dystrophy.
pubmed_discovery_40720032,40720032,literature_discovery,derived_annotations_only,abstract_metadata_only,core,phosphorothioate_aso_safety_2024_2026; score=4; Pre-mRNA Splicing Modulation by Antisense Oligonucleotides.
pubmed_discovery_40418024,40418024,literature_discovery,derived_annotations_only,abstract_metadata_only,secondary,galnac_sirna_safety_2024_2026; score=4; Differential Protein Precipitation-Based GalNAc-siRNA Sample Preparation with LC/MS Method Development Workflow in Plasma.
pubmed_discovery_40317426,40317426,literature_discovery,derived_annotations_only,abstract_metadata_only,secondary,galnac_sirna_safety_2024_2026; score=4; Prediction of Interspecies Translation for Targeting Delivery Coefficients of GalNAc-siRNA Silencing Apolipoprotein C-III Using a Mechanistic Minimal Physiologically Based Pharmacokinetic/Pharmacodynamic Model.
pubmed_discovery_40111412,40111412,literature_discovery,derived_annotations_only,abstract_metadata_only,core,phosphorothioate_aso_safety_2024_2026; score=4; A toxic gain-of-function variant in MAPK8IP3 provides insights into JIP3 cellular roles.
pubmed_discovery_39974630,39974630,literature_discovery,derived_annotations_only,abstract_metadata_only,core,phosphorothioate_aso_safety_2024_2026; score=4; A Bioanalytical Liquid Chromatography Tandem Mass Spectrometry Approach for the Quantification of a Novel Antisense Oligonucleotide Designed for Parkinson's Disease: A Rat Brain Biodistribution Study.
pubmed_discovery_39916530,39916530,literature_discovery,derived_annotations_only,abstract_metadata_only,core,phosphorothioate_aso_safety_2024_2026; score=4; Targeting a Novel Site in Exon 51 with Antisense Oligonucleotides Induces Enhanced Exon Skipping in a Mouse Model of Duchenne Muscular Dystrophy.
pubmed_discovery_39861717,39861717,literature_discovery,derived_annotations_only,abstract_metadata_only,secondary,galnac_sirna_safety_2024_2026; score=4; Whole-Body Physiologically Based Pharmacokinetic Modeling of GalNAc-Conjugated siRNAs.
pubmed_discovery_39126396,39126396,literature_discovery,derived_annotations_only,abstract_metadata_only,core,"phosphorothioate_aso_safety_2024_2026; score=4; Tissue distribution of renadirsen sodium, a dystrophin exon-skipping antisense oligonucleotide, in heart and diaphragm after subcutaneous administration to cynomolgus monkeys."
pubmed_discovery_39911828,39911828,literature_discovery,derived_annotations_only,abstract_metadata_only,core,phosphorothioate_aso_safety_2024_2026; score=4; Characterizing the plasma protein binding profiles of chemistry diversified antisense oligonucleotides in human and mouse plasma using an ultrafiltration method.
pubmed_discovery_39168524,39168524,literature_discovery,derived_annotations_only,abstract_metadata_only,secondary,"galnac_sirna_safety_2024_2026; score=4; Nonclinical Pharmacokinetics Study of OLX702A-075-16, N-Acetylgalactosamine Conjugated Asymmetric Small Interfering RNA (GalNAc-asiRNA)."
pubmed_discovery_39128879,39128879,literature_discovery,derived_annotations_only,abstract_metadata_only,core,phosphorothioate_aso_safety_2024_2026; score=4; Accessing Therapeutically-Relevant Multifunctional Antisense Oligonucleotide Conjugates Using Native Chemical Ligation.
pubmed_discovery_39062597,39062597,literature_discovery,derived_annotations_only,abstract_metadata_only,core,phosphorothioate_aso_safety_2024_2026; score=4; Rational Design of Chimeric Antisense Oligonucleotides on a Mixed PO-PS Backbone for Splice-Switching Applications.
pubmed_discovery_39027419,39027419,literature_discovery,derived_annotations_only,abstract_metadata_only,core,phosphorothioate_aso_safety_2024_2026; score=4; Preclinical evaluation of stereopure antisense oligonucleotides for allele-selective lowering of mutant HTT.
pubmed_discovery_38981217,38981217,literature_discovery,derived_annotations_only,abstract_metadata_only,core,phosphorothioate_aso_safety_2024_2026; score=4; In vitro screening of chemically synthesized dipeptide-antisense oligonucleotide conjugates to identify ligand molecules enhancing their activity.
pubmed_discovery_38841435,38841435,literature_discovery,derived_annotations_only,abstract_metadata_only,secondary,galnac_sirna_safety_2024_2026; score=4; Analysis of the pharmacokinetics and efficacy of RBD1016 - A GalNAc-siRNA targeting Hepatitis B Virus X gene using semi-mechanistic PK/PD model.
pubmed_discovery_38773176,38773176,literature_discovery,derived_annotations_only,abstract_metadata_only,core,phosphorothioate_aso_safety_2024_2026; score=4; Introduction of sugar-modified nucleotides into CpG-containing antisense oligonucleotides inhibits TLR9 activation.
pubmed_discovery_38748545,38748545,literature_discovery,derived_annotations_only,abstract_metadata_only,core,phosphorothioate_aso_safety_2024_2026; score=4; Antisense Oligonucleotide as a New Technology Application for CsLOB1 Gene Silencing Aiming at Citrus Canker Resistance.
pubmed_discovery_38742636,38742636,literature_discovery,derived_annotations_only,abstract_metadata_only,secondary,galnac_sirna_safety_2024_2026; score=4; Evaluating the oral delivery of GalNAc-conjugated siRNAs in rodents and non-human primates.
pubmed_discovery_38501046,38501046,literature_discovery,derived_annotations_only,abstract_metadata_only,core,phosphorothioate_aso_safety_2024_2026; score=4; Structure-activity relationship study of mesyl and busyl phosphoramidate antisense oligonucleotides for unaided and PSMA-mediated uptake into prostate cancer cells.
pubmed_discovery_38155279,38155279,literature_discovery,derived_annotations_only,abstract_metadata_only,secondary,galnac_sirna_safety_2024_2026; score=4; Targeting lncRNA16 by GalNAc-siRNA conjugates facilitates chemotherapeutic sensibilization via the HBB/NDUFAF5/ROS pathway.
pubmed_discovery_37980543,37980543,literature_discovery,derived_annotations_only,abstract_metadata_only,secondary,galnac_sirna_safety_2024_2026; score=4; GalNAc-conjugated siRNA targeting the DNAJB1-PRKACA fusion junction in fibrolamellar hepatocellular carcinoma.
pubmed_discovery_37871778,37871778,literature_discovery,derived_annotations_only,abstract_metadata_only,secondary,galnac_sirna_safety_2024_2026; score=4; Mechanistic Pharmacokinetics and Pharmacodynamics of GalNAc-siRNA: Translational Model Involving Competitive Receptor-Mediated Disposition and RISC-Dependent Gene Silencing Applied to Givosiran.
pubmed_discovery_42205867,42205867,literature_discovery,derived_annotations_only,abstract_metadata_only,core,sirna_offtarget_safety_2024_2026; score=3; CA9-Targeted Liposomal Delivery of siETS1 Inhibits Clear Cell Renal Cell Carcinoma Progression by Disrupting the ETS1/MYC Regulatory Axis.
pubmed_discovery_40134366,40134366,literature_discovery,derived_annotations_only,abstract_metadata_only,core,"aso_toxicity_safety_2024_2026; score=16; Hepatotoxicity Reduction Profiles of Antisense Oligonucleotides Containing Amido-Bridged Nucleic Acid and 2'-O,4'-C-Spirocyclopropylene Bridged Nucleic Acid."
pubmed_discovery_38648015,38648015,literature_discovery,derived_annotations_only,abstract_metadata_only,core,oligo_therapeutics_safety_2023_2026; score=15; Sequence- and Structure-Dependent Cytotoxicity of Phosphorothioate and 2'-O-Methyl Modified Single-Stranded Oligonucleotides.
pubmed_discovery_38978695,38978695,literature_discovery,derived_annotations_only,abstract_metadata_only,core,"chemical_modification_oligo_safety_2023_2026; score=14; Favorable efficacy and reduced acute neurotoxicity by antisense oligonucleotides with 2',4'-BNA/LNA with 9-(aminoethoxy)phenoxazine."
pubmed_discovery_39585752,39585752,literature_discovery,derived_annotations_only,abstract_metadata_only,core,aso_toxicity_safety_2024_2026; score=12; A Combined Fertility and Developmental Toxicity Study with an Antisense Oligonucleotide Targeting Murine Apolipoprotein C-III mRNA in Mice.
pubmed_discovery_38227794,38227794,literature_discovery,derived_annotations_only,abstract_metadata_only,core,chemical_modification_oligo_safety_2023_2026; score=12; Safety and Tolerability of GalNAc(3)-Conjugated Antisense Drugs Compared to the Same-Sequence 2'-O-Methoxyethyl-Modified Antisense Drugs: Results from an Integrated Assessment of Phase 1 Clinical Trial Data.
pubmed_discovery_41820295,41820295,literature_discovery,derived_annotations_only,abstract_metadata_only,core,chemical_modification_oligo_safety_2023_2026; score=10; Reduced Genotoxicity Testing Is Possible for Noncoding Oligonucleotide-Based Therapeutics Containing Well-Characterized Modifications: A European Regulatory Perspective.
pubmed_discovery_39846858,39846858,literature_discovery,derived_annotations_only,abstract_metadata_only,core,oligo_therapeutics_safety_2023_2026; score=10; Opportunities for More Tailored Approaches to Genotoxicity Testing and Carcinogenicity Strategy for Oligonucleotide Therapeutics: Outcome of an Industry Survey.
pubmed_discovery_39554992,39554992,literature_discovery,derived_annotations_only,abstract_metadata_only,core,oligo_therapeutics_safety_2023_2026; score=10; Preventing acute neurotoxicity of CNS therapeutic oligonucleotides with the addition of Ca(2+) and Mg(2+) in the formulation.
pubmed_discovery_38895198,38895198,literature_discovery,derived_annotations_only,abstract_metadata_only,core,oligo_therapeutics_safety_2023_2026; score=10; Preventing acute neurotoxicity of CNS therapeutic oligonucleotides with the addition of Ca(2+) and Mg(2+) in the formulation.
pubmed_discovery_38089931,38089931,literature_discovery,derived_annotations_only,abstract_metadata_only,core,"oligo_therapeutics_safety_2023_2026; score=10; Dendritic amphiphilic siRNA: Selective albumin binding, in vivo efficacy, and low toxicity."
pubmed_discovery_37567502,37567502,literature_discovery,derived_annotations_only,abstract_metadata_only,core,chemical_modification_oligo_safety_2023_2026; score=10; A holistic analysis of the intrinsic and delivery-mediated toxicity of siRNA therapeutics.
pubmed_discovery_41950836,41950836,literature_discovery,derived_annotations_only,abstract_metadata_only,secondary,oligo_prediction_benchmark_2023_2026; score=9; Combined toxicity prediction of deoxynivalenol and fumonisin B(1) by physiologically based toxicokinetic modelling and in vitro toxicity mechanism study on astrocyte-like C6 cells.
pubmed_discovery_42102394,42102394,literature_discovery,derived_annotations_only,abstract_metadata_only,core,aso_offtarget_transcriptome_2023_2026; score=8; Novel Mechanism of and Therapeutic Approach for Anthracycline-Induced Cardiotoxicity (AIC).
pubmed_discovery_42067012,42067012,literature_discovery,derived_annotations_only,abstract_metadata_only,core,sirna_seed_transcriptome_2023_2026; score=8; GPD1-mediated neuronal lipotoxicity drives aconitine-induced mitochondrial collapse and lethality.
pubmed_discovery_42049637,42049637,literature_discovery,derived_annotations_only,abstract_metadata_only,core,sirna_seed_transcriptome_2023_2026; score=8; Clotrimazole-Mediated Autophagy to Protect Against Cisplatin-Induced Ototoxicity via the AMPK/mTOR/TFEB Pathway in Mice.
pubmed_discovery_42044856,42044856,literature_discovery,derived_annotations_only,abstract_metadata_only,core,sirna_seed_transcriptome_2023_2026; score=8; Cold-induced Cpt1 repression uncouples lipid mobilization from oxidation and drives lipotoxicity during honeybee metamorphosis.
pubmed_discovery_42031540,42031540,literature_discovery,derived_annotations_only,abstract_metadata_only,core,aso_immune_complement_safety_2023_2026; score=8; Prosopis africana Pod Methanolic Extract Attenuates Multi-Metal Oxidative Injury in Thyroid and Thymus: Evidence for Nrf2/NF-κB Modulation and Implications for Environmental Toxicity.
pubmed_discovery_41979221,41979221,literature_discovery,derived_annotations_only,abstract_metadata_only,secondary,lnp_oligo_delivery_safety_2023_2026; score=8; G-quadruplexes as therapeutic platforms for anticancer drug delivery: from intrinsic cytotoxicity to drug delivery and nanotechnology.
pubmed_discovery_41948821,41948821,literature_discovery,derived_annotations_only,abstract_metadata_only,secondary,sirna_clinical_safety_2023_2026; score=8; EV-Mediated Intracardiac Crosstalk Mitigates Doxorubicin-Induced Cardiotoxicity.
pubmed_discovery_40967408,40967408,literature_discovery,derived_annotations_only,abstract_metadata_only,core,aso_immune_complement_safety_2023_2026; score=8; Safety and efficacy of KRAS antisense oligonucleotides and RIG-I agonists delivered by extracellular vesicles for pancreatic cancer peritoneal metastasis treatment.
pubmed_discovery_40828490,40828490,literature_discovery,derived_annotations_only,abstract_metadata_only,core,aso_immune_complement_safety_2023_2026; score=8; Correction: A phase 3 study of the efficacy and safety of avatrombopag in Japanese adults with chronic immune thrombocytopenia.
pubmed_discovery_40392465,40392465,literature_discovery,derived_annotations_only,abstract_metadata_only,core,aso_immune_complement_safety_2023_2026; score=8; A phase 3 study of the efficacy and safety of avatrombopag in Japanese adults with chronic immune thrombocytopenia.
pubmed_discovery_40119340,40119340,literature_discovery,derived_annotations_only,abstract_metadata_only,core,"aso_toxicity_safety_2024_2026; score=8; Safety and efficacy of antisense oligonucleotides on triglyceride, apolipoprotein C-III, and other lipid parameters levels in hypertriglyceridemia; a network meta-analysis of randomized controlled trials."
pubmed_discovery_40101742,40101742,literature_discovery,derived_annotations_only,abstract_metadata_only,core,aso_toxicity_safety_2024_2026; score=8; Cellular immune changes during severe antisense oligonucleotide-associated thrombocytopenia in a nonhuman primate model.
pubmed_discovery_39569667,39569667,literature_discovery,derived_annotations_only,abstract_metadata_only,core,"chemical_modification_oligo_safety_2023_2026; score=8; Synthesis of LNA gapmers that replace a phosphorothioate linkage with a sulfonamide in the gap region, and their ability to form duplexes with complementary RNA targets."
pubmed_discovery_39500647,39500647,literature_discovery,derived_annotations_only,abstract_metadata_only,core,"aso_toxicity_safety_2024_2026; score=8; A phase I study assessing the safety and tolerability of SPL84, an inhaled antisense oligonucleotide for treatment of cystic fibrosis patients with the 3849 +10kb C->T."
pubmed_discovery_39164364,39164364,literature_discovery,derived_annotations_only,abstract_metadata_only,core,oligo_therapeutics_safety_2023_2026; score=8; Molsidomine provides neuroprotection against vincristine-induced peripheral neurotoxicity through soluble guanylyl cyclase activation.
pubmed_discovery_39119918,39119918,literature_discovery,derived_annotations_only,abstract_metadata_only,core,"chemical_modification_oligo_safety_2023_2026; score=8; Efficacy, biodistribution and safety comparison of chemically modified antisense oligonucleotides in the retina."
pubmed_discovery_38042877,38042877,literature_discovery,derived_annotations_only,abstract_metadata_only,core,chemical_modification_oligo_safety_2023_2026; score=8; Dynamic and static control of the off-target interactions of antisense oligonucleotides using toehold chemistry.
pubmed_discovery_37638886,37638886,literature_discovery,derived_annotations_only,abstract_metadata_only,core,"chemical_modification_oligo_safety_2023_2026; score=8; Shorter Is Better: The α-(l)-Threofuranosyl Nucleic Acid Modification Improves Stability, Potency, Safety, and Ago2 Binding and Mitigates Off-Target Effects of Small Interfering RNAs."
pubmed_discovery_37185731,37185731,literature_discovery,derived_annotations_only,abstract_metadata_only,core,chemical_modification_oligo_safety_2023_2026; score=8; Inhibitory Effect of Phosphorothioate Oligonucleotide Complementary to G6PD mRNA on Murine Melanoma.
pubmed_discovery_37021418,37021418,literature_discovery,derived_annotations_only,abstract_metadata_only,core,chemical_modification_oligo_safety_2023_2026; score=8; MiR-142-3p is a Critical Modulator of TNF-mediated Neuronal Toxicity in Multiple Sclerosis.
pubmed_discovery_36454263,36454263,literature_discovery,derived_annotations_only,abstract_metadata_only,core,chemical_modification_oligo_safety_2023_2026; score=8; Integrated Assessment of Phase 2 Data on GalNAc(3)-Conjugated 2'-O-Methoxyethyl-Modified Antisense Oligonucleotides.
pubmed_discovery_42042810,42042810,literature_discovery,derived_annotations_only,abstract_metadata_only,core,aso_immune_complement_safety_2023_2026; score=7; CTLA-4 Antisense Oligonucleotide Contributes to Enhanced Immunogenicity of an Adjuvanted Recombinant Sporothrix spp. Enolase Antigen.
pubmed_discovery_41551726,41551726,literature_discovery,derived_annotations_only,abstract_metadata_only,core,aso_offtarget_transcriptome_2023_2026; score=7; A therapeutic antisense oligonucleotide encompassing 2'-O-methoxyethyl modification triggers unique perturbation of the transcriptome.
pubmed_discovery_41359415,41359415,literature_discovery,derived_annotations_only,abstract_metadata_only,core,"aso_offtarget_transcriptome_2023_2026; score=7; Letter: Correspondence on Damle, S.S., et al. (2025) A Workflow for Transcriptome-Wide Assessment of Antisense Oligonucleotide Selectivity. Nucleic Acid Therapeutics."
pubmed_discovery_41204722,41204722,literature_discovery,derived_annotations_only,abstract_metadata_only,core,"aso_immune_complement_safety_2023_2026; score=7; Immunogenicity Risk Assessment for Nucleic Acid Therapeutics: A Comprehensive Evaluation for ASO, siRNA, and Nonvaccine mRNA/LNP Therapies by the IQ Consortium."
pubmed_discovery_41021289,41021289,literature_discovery,derived_annotations_only,abstract_metadata_only,core,aso_offtarget_transcriptome_2023_2026; score=7; A Workflow for Transcriptome-Wide Assessment of Antisense Oligonucleotide Selectivity.
pubmed_discovery_40034209,40034209,literature_discovery,derived_annotations_only,abstract_metadata_only,core,chemical_modification_oligo_safety_2023_2026; score=7; SNA-modified antisense oligonucleotides: A new pathway for renal targeting?
pubmed_discovery_39772540,39772540,literature_discovery,derived_annotations_only,abstract_metadata_only,core,aso_toxicity_safety_2024_2026; score=7; The Influence of Length and Sequence of Complementary Oligonucleotides on the Spectral and Time-Resolved Fluorescence Properties of an H-Type Excitonic Dimer-Bearing Antisense Oligonucleotide.
pubmed_discovery_36631935,36631935,literature_discovery,derived_annotations_only,abstract_metadata_only,core,chemical_modification_oligo_safety_2023_2026; score=7; Correlations between preclinical BJAB assay ranking of antisense drugs and clinical trial adverse events.
pubmed_discovery_42052104,42052104,literature_discovery,derived_annotations_only,abstract_metadata_only,core,"sirna_seed_transcriptome_2023_2026; score=6; Safety and Pharmacokinetics of SRN001, a Novel siRNA Drug Targeting Amphiregulin via the SAMiRNA Platform."
pubmed_discovery_42030965,42030965,literature_discovery,derived_annotations_only,abstract_metadata_only,core,"aso_immune_complement_safety_2023_2026; score=6; Efficacy and safety of cemdisiran siRNA in myasthenia gravis (NIMBLE): a double-blind, randomised, placebo-controlled, phase 3 trial."
pubmed_discovery_41984094,41984094,literature_discovery,derived_annotations_only,abstract_metadata_only,secondary,lnp_oligo_delivery_safety_2023_2026; score=6; Imaging and safety profiling of inhaled siRNA RyR2 in human respiratory models.
pubmed_discovery_41970250,41970250,literature_discovery,derived_annotations_only,abstract_metadata_only,secondary,galnac_sirna_safety_2024_2026; score=6; Dual targeted gene delivery strategy mediated by GalNAc-modified lipid nanoparticles enhances liver regeneration through specific knockdown of MKK4.
pubmed_discovery_41669684,41669684,literature_discovery,derived_annotations_only,abstract_metadata_only,secondary,sirna_clinical_safety_2023_2026; score=6; Efficacy and safety of small interfering RNA (siRNA) therapies for hypertriglyceridemia and mixed dyslipidemia: an updated systematic review and meta-analysis.
pubmed_discovery_41646886,41646886,literature_discovery,derived_annotations_only,abstract_metadata_only,core,chemical_modification_oligo_safety_2023_2026; score=6; 2'-Ribose-modified nucleotides: A strategy for reducing off-target effects of oligonucleotide drugs.
pubmed_discovery_41616799,41616799,literature_discovery,derived_annotations_only,abstract_metadata_only,secondary,"sirna_clinical_safety_2023_2026; score=6; Efficacy and safety of inclisiran in adolescents with heterozygous familial hypercholesterolaemia (ORION-16): a two-part, randomised, multicentre clinical trial."
pubmed_discovery_41565351,41565351,literature_discovery,derived_annotations_only,abstract_metadata_only,core,oligo_therapeutics_safety_2023_2026; score=6; An Industry Perspective on Key Considerations for the ICH S13 Guidance: Nonclinical Safety Evaluations of Oligonucleotide-Based Therapeutics.
pubmed_discovery_41467115,41467115,literature_discovery,derived_annotations_only,abstract_metadata_only,core,chemical_modification_oligo_safety_2023_2026; score=6; An siRMSD parameter of structural distortion induced by chemical modification is predictive of the off-target effect of siRNA.
pubmed_discovery_41451936,41451936,literature_discovery,derived_annotations_only,abstract_metadata_only,core,chemical_modification_oligo_safety_2023_2026; score=6; Synthesis of 4'-C-α-Aminoethoxy-2'-O-Methyl-5-Methyl- and 5-Propynyl-Uridine Phosphoramidites for Structurally Optimized Antisense Oligonucleotides.
pubmed_discovery_41303530,41303530,literature_discovery,derived_annotations_only,abstract_metadata_only,core,aso_offtarget_transcriptome_2023_2026; score=6; Structural Characterization of DDX23 5' UTR Regulatory Elements and Their Targeting by LNA-Modified Antisense Oligonucleotides.
pubmed_discovery_40654713,40654713,literature_discovery,derived_annotations_only,abstract_metadata_only,core,"aso_toxicity_safety_2024_2026; score=6; Anti-Sense Oligonucleotide as a Therapeutic for Synucleinopathies: Pharmacokinetic, Safety and Efficacy Evaluation."
pubmed_discovery_39580013,39580013,literature_discovery,derived_annotations_only,abstract_metadata_only,core,aso_toxicity_safety_2024_2026; score=6; Carcinogenicity assessment of inotersen in Tg.rasH2 mice and Sprague-Dawley rats: Implications for 2'-MOE antisense oligonucleotides.
pubmed_discovery_39476283,39476283,literature_discovery,derived_annotations_only,abstract_metadata_only,core,aso_toxicity_safety_2024_2026; score=6; Antisense Oligonucleotides in Dyslipidemia Management: A Review of Clinical Trials.
pubmed_discovery_38570436,38570436,literature_discovery,derived_annotations_only,abstract_metadata_only,core,oligo_therapeutics_safety_2023_2026; score=6; Cross-Reactive Polyclonal Antibodies Raised Against GalNAc-Conjugated siRNA Recognize Mostly the GalNAc Moiety.
pubmed_discovery_37920238,37920238,literature_discovery,derived_annotations_only,abstract_metadata_only,core,oligo_therapeutics_safety_2023_2026; score=6; Awake intracerebroventricular delivery and safety assessment of oligonucleotides in a large animal model.
pubmed_discovery_37824025,37824025,literature_discovery,derived_annotations_only,abstract_metadata_only,core,chemical_modification_oligo_safety_2023_2026; score=6; Plasma Pharmacokinetics of N-Acetylgalactosamine-Conjugated Small-Interfering Ribonucleic Acids (GalNAc-Conjugated siRNAs).
pubmed_discovery_37497888,37497888,literature_discovery,derived_annotations_only,abstract_metadata_only,core,"chemical_modification_oligo_safety_2023_2026; score=6; SLN124, a GalNAc conjugated 19-mer siRNA targeting tmprss6, reduces plasma iron and increases hepcidin levels of healthy volunteers."
pubmed_discovery_37365583,37365583,literature_discovery,derived_annotations_only,abstract_metadata_only,core,"chemical_modification_oligo_safety_2023_2026; score=6; Safety and activity of the first-in-class locked nucleic acid (LNA) miR-221 selective inhibitor in refractory advanced cancer patients: a first-in-human, phase 1, open-label, dose-escalation study."
pubmed_discovery_36725319,36725319,literature_discovery,derived_annotations_only,abstract_metadata_only,core,oligo_therapeutics_safety_2023_2026; score=6; Acyclic (S)-glycol nucleic acid (S-GNA) modification of siRNAs improves the safety of RNAi therapeutics while maintaining potency.
pubmed_discovery_42156611,42156611,literature_discovery,derived_annotations_only,abstract_metadata_only,core,sirna_offtarget_safety_2024_2026; score=5; Immunogenicity Assessment for siRNA Therapeutics: A Risk-Based Proposal for Event-Driven Testing.
pubmed_discovery_42135643,42135643,literature_discovery,derived_annotations_only,abstract_metadata_only,core,sirna_offtarget_safety_2024_2026; score=5; New molecular players: siRNA expression and gene regulation in Hordeum vulgare L. ageing seeds after germination.
pubmed_discovery_42116024,42116024,literature_discovery,derived_annotations_only,abstract_metadata_only,core,sirna_offtarget_safety_2024_2026; score=5; M2 Macrophage membrane-mediated biomimetic nanoparticles carrying ADAM9 siRNA alleviate renal inflammation and fibrosis via the AKT/NF-κB pathway.
pubmed_discovery_42013287,42013287,literature_discovery,derived_annotations_only,abstract_metadata_only,core,sirna_seed_transcriptome_2023_2026; score=5; Probing the hAGO2-siRNA Interactions: A Molecular Dynamics Study on the Impact of Chemical Modifications in the Seed Region.
pubmed_discovery_41984862,41984862,literature_discovery,derived_annotations_only,abstract_metadata_only,secondary,sirna_clinical_safety_2023_2026; score=5; Assessing the real-world safety of vutrisiran for transthyretin-mediated amyloidosis with polyneuropathy: Based on WHO-VigiAccess and FAERS databases.
pubmed_discovery_40723836,40723836,literature_discovery,derived_annotations_only,abstract_metadata_only,core,aso_offtarget_transcriptome_2023_2026; score=5; Endogenous Ribonucleases: Therapeutic Targeting of the Transcriptome Through Oligonucleotide-Triggered RNA Inactivation.
pubmed_discovery_42211065,42211065,literature_discovery,derived_annotations_only,abstract_metadata_only,secondary,lnp_oligo_delivery_safety_2023_2026; score=4; CXCR4 antagonistic lipid nanoparticles loading siRNA combat refractory AML through AML1-ETO depletion and homoharringtonine sensitization.
pubmed_discovery_42198843,42198843,literature_discovery,derived_annotations_only,abstract_metadata_only,secondary,lnp_oligo_delivery_safety_2023_2026; score=4; Lipid nanoparticle delivery of antisense gapmers attenuates pathology in a mouse model of facioscapulohumeral muscular dystrophy.
pubmed_discovery_42152976,42152976,literature_discovery,derived_annotations_only,abstract_metadata_only,secondary,lnp_oligo_delivery_safety_2023_2026; score=4; Prenatal Delivery of HIF-1α siRNA Using Transferrin-Modified Lipid Nanoparticles Alleviates Hypoxia-Induced Neurodevelopmental Abnormalities via PTEN/PI3K/AKT Signaling.
pubmed_discovery_42149739,42149739,literature_discovery,derived_annotations_only,abstract_metadata_only,core,aso_offtarget_transcriptome_2023_2026; score=4; Nusinersen: the antisense oligonucleotide at the forefront of spinal muscular atrophy treatment.
pubmed_discovery_42141407,42141407,literature_discovery,derived_annotations_only,abstract_metadata_only,core,sirna_offtarget_safety_2024_2026; score=4; Comparative effectiveness and safety of inclisiran versus evolocumab and alirocumab: a 180-day real-world study.
pubmed_discovery_42115559,42115559,literature_discovery,derived_annotations_only,abstract_metadata_only,core,sirna_offtarget_safety_2024_2026; score=4; Preparation of SP94-Modified Calcium Phosphate Lipid Nanoparticles Loaded with Bcl-2 siRNA and Doxorubicin and Their Targeted Therapeutic Effect on Hepatocellular Carcinoma.
pubmed_discovery_42112101,42112101,literature_discovery,derived_annotations_only,abstract_metadata_only,core,aso_offtarget_transcriptome_2023_2026; score=4; ClinASO: An open-source platform for rapid drug discovery of gapmer antisense oligonucleotides.
pubmed_discovery_42108101,42108101,literature_discovery,derived_annotations_only,abstract_metadata_only,core,"sirna_offtarget_safety_2024_2026; score=4; A Phase 1 Study Evaluating the Pharmacokinetics, Pharmacodynamics, and Safety of Zerlasiran in Japanese Participants."
pubmed_discovery_42055150,42055150,literature_discovery,derived_annotations_only,abstract_metadata_only,secondary,lnp_oligo_delivery_safety_2023_2026; score=4; Peptide modified lipid nanoparticles Co-Delivering IL-12 mRNA and PD-L1 siRNA for glioblastoma immunotherapy.
pubmed_discovery_42036929,42036929,literature_discovery,derived_annotations_only,abstract_metadata_only,secondary,lnp_oligo_delivery_safety_2023_2026; score=4; Chitosan-protected dsRNA increases efficacy against Helicoverpa armigera without compromising biosafety for pollinators.
pubmed_discovery_42033225,42033225,literature_discovery,derived_annotations_only,abstract_metadata_only,core,aso_offtarget_transcriptome_2023_2026; score=4; Direct targeting of C9ORF72 repeat RNA with fluorinated antisense oligonucleotides.
pubmed_discovery_42023989,42023989,literature_discovery,derived_annotations_only,abstract_metadata_only,core,aso_offtarget_transcriptome_2023_2026; score=4; Antisense Oligonucleotide Releasing Cassette for Conditional Targeted RNA Degradation.
pubmed_discovery_41977221,41977221,literature_discovery,derived_annotations_only,abstract_metadata_only,secondary,lnp_oligo_delivery_safety_2023_2026; score=4; siRNA Nanoparticle Delivery Strategies and Clinical Trial Advances in Tumor Therapy.
pubmed_discovery_41964075,41964075,literature_discovery,derived_annotations_only,abstract_metadata_only,secondary,sirna_clinical_safety_2023_2026; score=4; Etalanetug (E2814) in dominantly inherited Alzheimer's disease: an open-label phase 1b/2 study to assess safety and target engagement in participants with mild to moderate cognitive impairment.
pubmed_discovery_41959281,41959281,literature_discovery,derived_annotations_only,abstract_metadata_only,secondary,oligo_prediction_benchmark_2023_2026; score=4; Targeting the DNA damage repair protein RAD51 alters fibroblast metabolism and enhances apoptosis in pulmonary fibrosis.
pubmed_discovery_41957800,41957800,literature_discovery,derived_annotations_only,abstract_metadata_only,secondary,lnp_oligo_delivery_safety_2023_2026; score=4; An LNP antiviral siRNA drug cocktail delivered intranasally is effective against a range of respiratory viruses.
pubmed_discovery_41938534,41938534,literature_discovery,derived_annotations_only,abstract_metadata_only,secondary,oligo_prediction_benchmark_2023_2026; score=4; Integrating multi-omics and network toxicology to identify FIS1 as a key target of environmental pollutants in male infertility.
pubmed_discovery_41923247,41923247,literature_discovery,derived_annotations_only,abstract_metadata_only,secondary,lnp_oligo_delivery_safety_2023_2026; score=4; Dual-targeted lipid nanoparticles for TET3 siRNA delivery: nanobiotechnology strategy to remodel tumor immune microenvironment in hepatocellular carcinoma.
pubmed_discovery_41919978,41919978,literature_discovery,derived_annotations_only,abstract_metadata_only,secondary,lnp_oligo_delivery_safety_2023_2026; score=4; DNA Repair Enzyme Regulation Strategy for Enhanced Pancreatic Neuroendocrine Tumor Therapy via Targeting siRNA-Lipid Nanoparticles.
pubmed_discovery_41917970,41917970,literature_discovery,derived_annotations_only,abstract_metadata_only,secondary,lnp_oligo_delivery_safety_2023_2026; score=4; CXCR4-antagonistic peptide-decorated lipid nanoparticles for co- delivery of AML1-ETO siRNA to enhance chemotherapy in refractory AML.
pubmed_discovery_41917770,41917770,literature_discovery,derived_annotations_only,abstract_metadata_only,secondary,oligo_prediction_benchmark_2023_2026; score=4; Efficacy and Safety of Apolipoprotein C-III Inhibitors in Hypertriglyceridemia: A Network Meta-Analysis of Randomised Controlled Trials.
pubmed_discovery_41907143,41907143,literature_discovery,derived_annotations_only,abstract_metadata_only,secondary,lnp_oligo_delivery_safety_2023_2026; score=4; Efficiency and safety of five different agents for in vivo delivery of novel bioengineered RNAi molecules.
pubmed_discovery_41898852,41898852,literature_discovery,derived_annotations_only,abstract_metadata_only,core,aso_offtarget_transcriptome_2023_2026; score=4; From Genomic Diagnosis to Personalized RNA Medicine: Advances in Next-Generation Sequencing and N-of-1 Antisense Oligonucleotide Therapies for Rare Genetic Diseases.
pubmed_discovery_41872415,41872415,literature_discovery,derived_annotations_only,abstract_metadata_only,core,aso_offtarget_transcriptome_2023_2026; score=4; Experimental Repression Targeting Long Noncoding RNAs (lncRNAs) Using an Antisense Oligonucleotide (ASO) Technology in Primary Human Epidermal Keratinocytes.
pubmed_discovery_41869866,41869866,literature_discovery,derived_annotations_only,abstract_metadata_only,core,aso_offtarget_transcriptome_2023_2026; score=4; Inhaled Angiopoietin-Like 4 Antisense Oligonucleotide Therapy for Lung Injury and Fibrosis.
pubmed_discovery_41869536,41869536,literature_discovery,derived_annotations_only,abstract_metadata_only,secondary,sirna_clinical_safety_2023_2026; score=4; Efficacy and safety of lipoprotein(a)-targeted therapeutics: a systematic review and network meta-analysis.
pubmed_discovery_41860775,41860775,literature_discovery,derived_annotations_only,abstract_metadata_only,secondary,sirna_clinical_safety_2023_2026; score=4; Inclisiran safety and efficacy in real-world clinical practice: results of a retrospective observational investigation.
pubmed_discovery_41847300,41847300,literature_discovery,derived_annotations_only,abstract_metadata_only,secondary,sirna_clinical_safety_2023_2026; score=4; Dual knockdown of Alox15 and TGF-β1 by lipid nanoparticle-delivered siRNA in bleomycin-induced pulmonary fibrosis.
pubmed_discovery_41831505,41831505,literature_discovery,derived_annotations_only,abstract_metadata_only,core,aso_offtarget_transcriptome_2023_2026; score=4; Engineering a DNA logic-gated theranostic multi-antisense oligonucleotide nanoactivator for cell subtype-specific molecular therapy.
pubmed_discovery_41814159,41814159,literature_discovery,derived_annotations_only,abstract_metadata_only,core,chemical_modification_oligo_safety_2023_2026; score=4; Conjugated Antisense Oligonucleotides for Skipping of Duchenne Muscular Dystrophy Exon 53: A Cautionary Study.
pubmed_discovery_41810141,41810141,literature_discovery,derived_annotations_only,abstract_metadata_only,secondary,sirna_clinical_safety_2023_2026; score=4; Enhanced liver-targeted delivery with ribofuranose-based GalNAc conjugates.
pubmed_discovery_41802273,41802273,literature_discovery,derived_annotations_only,abstract_metadata_only,core,chemical_modification_oligo_safety_2023_2026; score=4; Improve the efficiency of gene silencing through 2'-O-methyl modification of the bases in siRNA terminus.
pubmed_discovery_41746567,41746567,literature_discovery,derived_annotations_only,abstract_metadata_only,core,aso_toxicity_safety_2024_2026; score=4; Analysis of adverse event reporting with casimersen: a pharmacovigilance study based on the United States food and drug administration adverse event reporting system database.
pubmed_discovery_41712689,41712689,literature_discovery,derived_annotations_only,abstract_metadata_only,core,aso_immune_complement_safety_2023_2026; score=4; Strengthening Antisense Oligonucleotide-Mediated Anti-Tumor Immunity via Metal-Organic Framework Nanoparticles.
pubmed_discovery_41708903,41708903,literature_discovery,derived_annotations_only,abstract_metadata_only,secondary,sirna_clinical_safety_2023_2026; score=4; Comparative analysis of clinically approved lipid nanoparticles for intranasal siRNA delivery against SARS-CoV-2.
pubmed_discovery_41704705,41704705,literature_discovery,derived_annotations_only,abstract_metadata_only,core,chemical_modification_oligo_safety_2023_2026; score=4; Investigation of the activity of phosphothioate and phosphothioate-LNA-modified oligonucleotides against HIV-1.
pubmed_discovery_41604879,41604879,literature_discovery,derived_annotations_only,abstract_metadata_only,secondary,sirna_clinical_safety_2023_2026; score=4; Mechanistic insight into the reprotoxic effects of chronic gamma radiation on spermatogenesis in Caenorhabditis elegans.
pubmed_discovery_41604465,41604465,literature_discovery,derived_annotations_only,abstract_metadata_only,secondary,sirna_clinical_safety_2023_2026; score=4; A first-in-class small-molecule inhibitor targeting AVIL exhibits safety and antitumor efficacy in preclinical models of glioblastoma.
pubmed_discovery_41583579,41583579,literature_discovery,derived_annotations_only,abstract_metadata_only,core,aso_offtarget_transcriptome_2023_2026; score=4; Systemic distribution of tricyclo-DNA antisense oligonucleotide following intratracheal instillation in the mouse.
pubmed_discovery_41419144,41419144,literature_discovery,derived_annotations_only,abstract_metadata_only,core,aso_immune_complement_safety_2023_2026; score=4; Inhalable nanosystem promote in situ packaging of IL-11 antisense oligonucleotides into macrophage-derived vesicles for idiopathic pulmonary fibrosis.
pubmed_discovery_41399312,41399312,literature_discovery,derived_annotations_only,abstract_metadata_only,core,aso_offtarget_transcriptome_2023_2026; score=4; Delivery of Antisense Oligonucleotides Using the Nano-Cell Vesicle Technology System (nCVTs) for Targeted Cancer Therapy.
pubmed_discovery_41365067,41365067,literature_discovery,derived_annotations_only,abstract_metadata_only,core,aso_immune_complement_safety_2023_2026; score=4; Structural and functional characterization of chemically modified antisense oligonucleotides targeting miR-214-3p in endothelial cells.
pubmed_discovery_41289434,41289434,literature_discovery,derived_annotations_only,abstract_metadata_only,secondary,sirna_clinical_safety_2023_2026; score=4; Muscle Adverse Events Associated With Inclisiran: Data Mining of FAERS Database and Mendelian Randomization Analysis.
pubmed_discovery_41274662,41274662,literature_discovery,derived_annotations_only,abstract_metadata_only,secondary,sirna_clinical_safety_2023_2026; score=4; Class-Specific Adverse Events of Patients Treated with Small Interfering RNA Therapeutics: A Disproportionality Analysis of the United States Food and Drug Administration Adverse Event Reporting System Database Based on the MY FAERS Platform.
pubmed_discovery_41237341,41237341,literature_discovery,derived_annotations_only,abstract_metadata_only,secondary,sirna_clinical_safety_2023_2026; score=4; Integrin αvβ8-mediated TGF-β1 activation regulates the sustained response in immune thrombocytopenia after TPO-RA withdrawal.
pubmed_discovery_40169808,40169808,literature_discovery,derived_annotations_only,abstract_metadata_only,core,aso_toxicity_safety_2024_2026; score=4; Early life safety profiling of gene therapy for spinal muscular atrophy.
pubmed_discovery_41801895,41801895,literature_discovery,derived_annotations_only,abstract_metadata_only,core,aso_offtarget_transcriptome_2023_2026; score=4; Antisense oligonucleotide inhibition of HMGB1 attenuates angiotensin II-induced abdominal aortic aneurysms.
pubmed_discovery_41423447,41423447,literature_discovery,derived_annotations_only,abstract_metadata_only,core,aso_offtarget_transcriptome_2023_2026; score=4; Targeted antisense oligonucleotide treatment rescues developmental alterations in spinal muscular atrophy organoids.
pubmed_discovery_41362713,41362713,literature_discovery,derived_annotations_only,abstract_metadata_only,secondary,sirna_clinical_safety_2023_2026; score=4; Viral sequence analysis of chronic hepatitis B patients treated with the siRNA JNJ-73763989 in phase II clinical trials.
pubmed_discovery_41335008,41335008,literature_discovery,derived_annotations_only,abstract_metadata_only,core,aso_immune_complement_safety_2023_2026; score=4; CD47 antisense oligonucleotide treatment improves glucose homeostasis and alleviates dyslipidemia in aged male mice.
pubmed_discovery_41277693,41277693,literature_discovery,derived_annotations_only,abstract_metadata_only,core,chemical_modification_oligo_safety_2023_2026; score=4; Biophysical and biological properties of splice-switching oligonucleotides and click conjugates containing LNA-phosphothiotriester linkages.
pubmed_discovery_41222242,41222242,literature_discovery,derived_annotations_only,abstract_metadata_only,secondary,sirna_clinical_safety_2023_2026; score=4; Neurological efficacy and safety of RNA therapeutics in hereditary transthyretin amyloidosis: a systematic review and meta-analysis of randomized controlled trials.
pubmed_discovery_41210590,41210590,literature_discovery,derived_annotations_only,abstract_metadata_only,core,aso_offtarget_transcriptome_2023_2026; score=4; Antisense oligonucleotide-based switches for conditional translation of synthetic mRNA.
pubmed_discovery_41206040,41206040,literature_discovery,derived_annotations_only,abstract_metadata_only,core,aso_immune_complement_safety_2023_2026; score=4; Modulating NLRP3 splicing with antisense oligonucleotides to control pathological inflammation.
pubmed_discovery_41124364,41124364,literature_discovery,derived_annotations_only,abstract_metadata_only,core,aso_offtarget_transcriptome_2023_2026; score=4; Antisense oligonucleotides reverse SPTLC1-related hereditary sensory neuropathy in a mouse model.
pubmed_discovery_41037980,41037980,literature_discovery,derived_annotations_only,abstract_metadata_only,core,aso_offtarget_transcriptome_2023_2026; score=4; Antisense oligonucleotides for inherited retinal diseases: a comprehensive review.
pubmed_discovery_40953609,40953609,literature_discovery,derived_annotations_only,abstract_metadata_only,core,aso_immune_complement_safety_2023_2026; score=4; Antisense oligonucleotide-loaded nanozyme reverses tumor immune suppression through sonogenetic metabolic therapy.
pubmed_discovery_40946728,40946728,literature_discovery,derived_annotations_only,abstract_metadata_only,core,aso_toxicity_safety_2024_2026; score=4; Ultraviolet-tyrosinase cascade caged antisense oligonucleotide for precise treatment of hyperpigmentation.
pubmed_discovery_40926414,40926414,literature_discovery,derived_annotations_only,abstract_metadata_only,core,aso_toxicity_safety_2024_2026; score=4; Restoring chloride efflux in cystic fibrosis with TMEM16a antisense oligonucleotides.
pubmed_discovery_40898620,40898620,literature_discovery,derived_annotations_only,abstract_metadata_only,core,aso_offtarget_transcriptome_2023_2026; score=4; Antisense oligonucleotide therapy mitigates autosomal dominant progressive hearing loss in a murine model of human DFNA2.
pubmed_discovery_40885734,40885734,literature_discovery,derived_annotations_only,abstract_metadata_only,core,aso_offtarget_transcriptome_2023_2026; score=4; Neutrophil-specific targeting of STAT3 impairs tumor progression via the expansion of cytotoxic CD8(+) T cells.
pubmed_discovery_40865525,40865525,literature_discovery,derived_annotations_only,abstract_metadata_only,core,aso_toxicity_safety_2024_2026; score=4; Molecular impact of antisense oligonucleotide therapy in C9orf72-associated ALS.
pubmed_discovery_40849139,40849139,literature_discovery,derived_annotations_only,abstract_metadata_only,core,"aso_toxicity_safety_2024_2026; score=4; Antisense oligonucleotide DGAT-2 inhibitor, ION224, for metabolic dysfunction-associated steatohepatitis (ION224-CS2): results of a 51-week, multicentre, randomised, double-blind, placebo-controlled, phase 2 trial."
pubmed_discovery_40763041,40763041,literature_discovery,derived_annotations_only,abstract_metadata_only,core,aso_toxicity_safety_2024_2026; score=4; A Case Study of Model-Informed Drug Development of a Novel PCSK9 Antisense Oligonucleotide. Part 2: Phase 2 to Phase 3.
pubmed_discovery_40727088,40727088,literature_discovery,derived_annotations_only,abstract_metadata_only,core,aso_offtarget_transcriptome_2023_2026; score=4; Tailored antisense oligonucleotides for ultrarare CNS diseases: An experience-based best practice framework for individual patient evaluation.
pubmed_discovery_40699430,40699430,literature_discovery,derived_annotations_only,abstract_metadata_only,core,aso_immune_complement_safety_2023_2026; score=4; Modifying 3'-End RNA Isoforms Using Antisense Oligonucleotides.
pubmed_discovery_40699429,40699429,literature_discovery,derived_annotations_only,abstract_metadata_only,core,aso_offtarget_transcriptome_2023_2026; score=4; Design and Evaluation of a Truncated Protein Induction Strategy by Antisense Oligonucleotide-Mediated Exon Skipping.
pubmed_discovery_40692538,40692538,literature_discovery,derived_annotations_only,abstract_metadata_only,secondary,galnac_sirna_safety_2024_2026; score=4; Protective Effects of GalNac-Modified Red Blood Cell-Derived Extracellular Vesicles Against Liver Diseases.
pubmed_discovery_40687881,40687881,literature_discovery,derived_annotations_only,abstract_metadata_only,core,aso_toxicity_safety_2024_2026; score=4; Antisense oligonucleotide therapies for monogenic disorders.
pubmed_discovery_40686860,40686860,literature_discovery,derived_annotations_only,abstract_metadata_only,core,aso_immune_complement_safety_2023_2026; score=4; Antisense oligonucleotides targeting the SARS-CoV-2 nucleocapsid gene decrease viral titers in hamsters.
pubmed_discovery_40556776,40556776,literature_discovery,derived_annotations_only,abstract_metadata_only,core,aso_offtarget_transcriptome_2023_2026; score=4; RNA G‑Quadruplex Reprogramming with Guanine-Rich Antisense Oligonucleotides Inhibits Monoamine Oxidase B's Translation.
pubmed_discovery_40540297,40540297,literature_discovery,derived_annotations_only,abstract_metadata_only,core,aso_offtarget_transcriptome_2023_2026; score=4; Structurally Dynamic Polyplexes Enhance Sentinel Lymph Node Delivery of Antisense Oligonucleotides to Inhibit Breast Cancer Recurrence and Metastasis.
pubmed_discovery_40501380,40501380,literature_discovery,derived_annotations_only,abstract_metadata_only,core,aso_immune_complement_safety_2023_2026; score=4; Antisense Oligonucleotide Targeting Sortilin Reduces Vascular Calcification in Mice in a Sex-Dependent Manner.
pubmed_discovery_40496001,40496001,literature_discovery,derived_annotations_only,abstract_metadata_only,core,aso_immune_complement_safety_2023_2026; score=4; Anti-TNF-α antisense-oligonucleotide-conjugated PLG nanoparticles protect transplanted islets.
pubmed_discovery_40473796,40473796,literature_discovery,derived_annotations_only,abstract_metadata_only,core,aso_offtarget_transcriptome_2023_2026; score=4; Suppression of NRAS-mutant melanoma growth with NRAS-targeting Antisense Oligonucleotide treatment reveals therapeutically relevant kinase co-dependencies.
pubmed_discovery_40464260,40464260,literature_discovery,derived_annotations_only,abstract_metadata_only,core,aso_offtarget_transcriptome_2023_2026; score=4; Quantitative Determination of Click-Reactive Antisense Oligonucleotide and Its Reactivity in Rat Brains by Hybridization LC-MS/MS to Support Pretargeted PET Imaging.
pubmed_discovery_40464102,40464102,literature_discovery,derived_annotations_only,abstract_metadata_only,core,aso_offtarget_transcriptome_2023_2026; score=4; Design and In Vitro Evaluation of a Novel Antisense Oligonucleotide for Treatment of BK Virus Infection.
pubmed_discovery_40450413,40450413,literature_discovery,derived_annotations_only,abstract_metadata_only,core,aso_offtarget_transcriptome_2023_2026; score=4; Antisense oligonucleotide-mediated redirection of Igf1 alternative polyadenylation.
pubmed_discovery_40447972,40447972,literature_discovery,derived_annotations_only,abstract_metadata_only,core,aso_immune_complement_safety_2023_2026; score=4; Proportion of Immunoregulatory Cells in Inflammatory Infiltrate in Rheumatoid Arthritis Model and Its Correction by Antisense Oligonucleotides.
pubmed_discovery_40414239,40414239,literature_discovery,derived_annotations_only,abstract_metadata_only,core,"aso_toxicity_safety_2024_2026; score=4; Antisense oligonucleotide jacifusen for FUS-ALS: an investigator-initiated, multicentre, open-label case series."
pubmed_discovery_40412657,40412657,literature_discovery,derived_annotations_only,abstract_metadata_only,core,aso_immune_complement_safety_2023_2026; score=4; VPS9D1-AS1 antisense therapy via lipid nanoparticles reprograms cold tumors and enhances immunotherapy in colorectal cancer.
pubmed_discovery_40367190,40367190,literature_discovery,derived_annotations_only,abstract_metadata_only,core,aso_toxicity_safety_2024_2026; score=4; Intra-amniotic antisense oligonucleotide treatment improves phenotypes in preclinical models of spinal muscular atrophy.
pubmed_discovery_40339155,40339155,literature_discovery,derived_annotations_only,abstract_metadata_only,core,aso_immune_complement_safety_2023_2026; score=4; Antisense oligonucleotides directed against App and Rab5 normalized endosomal Rab activity and reversed DS-AD-linked degenerative phenotypes in the Dp16 mouse model of Down syndrome.
pubmed_discovery_40324532,40324532,literature_discovery,derived_annotations_only,abstract_metadata_only,core,aso_toxicity_safety_2024_2026; score=4; Delivery of Itgb1-siRNA by triptolide-modified and anti-Flt1 peptide-guided ionizable cationic LNPs for targeted therapy of corneal neovascularization.
pubmed_discovery_40303997,40303997,literature_discovery,derived_annotations_only,abstract_metadata_only,core,aso_offtarget_transcriptome_2023_2026; score=4; Identifying antisense oligonucleotides for targeted inhibition of insulin receptor isoform A.
pubmed_discovery_40268518,40268518,literature_discovery,derived_annotations_only,abstract_metadata_only,core,aso_offtarget_transcriptome_2023_2026; score=4; Skeletal muscle effects of antisense oligonucleotides targeting glycogen synthase 1 in a mouse model of Pompe disease.
pubmed_discovery_40254975,40254975,literature_discovery,derived_annotations_only,abstract_metadata_only,core,aso_toxicity_safety_2024_2026; score=4; Trends in First-in-Human Studies for Intrathecal Antisense Oligonucleotides: Insights From 2010 to 2024.
pubmed_discovery_40243849,40243849,literature_discovery,derived_annotations_only,abstract_metadata_only,core,aso_toxicity_safety_2024_2026; score=4; Inhibiting Myostatin Expression by the Antisense Oligonucleotides Improves Muscle Wasting in a Chronic Kidney Disease Mouse Model.
pubmed_discovery_40237398,40237398,literature_discovery,derived_annotations_only,abstract_metadata_only,core,aso_toxicity_safety_2024_2026; score=4; In Vitro Structure-Activity Relationship Stability Study of Antisense Oligonucleotide Therapeutics Using Biological Matrices and Nucleases.
pubmed_discovery_40235985,40235985,literature_discovery,derived_annotations_only,abstract_metadata_only,core,aso_immune_complement_safety_2023_2026; score=4; Strengthening Antisense Oligonucleotide-Mediated Anti-Tumor Immunity via Metal-Organic Framework Nanoparticles.
pubmed_discovery_40076889,40076889,literature_discovery,derived_annotations_only,abstract_metadata_only,core,aso_immune_complement_safety_2023_2026; score=4; Expansion of Splice-Switching Therapy with Antisense Oligonucleotides.
pubmed_discovery_39974615,39974615,literature_discovery,derived_annotations_only,abstract_metadata_only,core,aso_offtarget_transcriptome_2023_2026; score=4; Exploring precision therapeutics: computational design of antisense oligonucleotides targeting AXL gene transcripts in multiple sclerosis treatment management.
pubmed_discovery_39967902,39967902,literature_discovery,derived_annotations_only,abstract_metadata_only,core,aso_toxicity_safety_2024_2026; score=4; Lipid Nanovesicles in Cancer Treatment: Improving Targeting and Stability of Antisense Oligonucleotides.
pubmed_discovery_39955311,39955311,literature_discovery,derived_annotations_only,abstract_metadata_only,core,aso_toxicity_safety_2024_2026; score=4; Antisense oligonucleotide-mediated TRA2β poison exon inclusion induces the expression of a lncRNA with anti-tumor effects.
pubmed_discovery_39937881,39937881,literature_discovery,derived_annotations_only,abstract_metadata_only,core,aso_offtarget_transcriptome_2023_2026; score=4; Antisense oligonucleotide-mediated MSH3 suppression reduces somatic CAG repeat expansion in Huntington's disease iPSC-derived striatal neurons.
pubmed_discovery_39937271,39937271,literature_discovery,derived_annotations_only,abstract_metadata_only,core,"aso_toxicity_safety_2024_2026; score=4; AZD8701, an Antisense Oligonucleotide Targeting FOXP3 mRNA, as Monotherapy and in Combination with Durvalumab: A Phase I Trial in Patients with Advanced Solid Tumors."
pubmed_discovery_39882764,39882764,literature_discovery,derived_annotations_only,abstract_metadata_only,core,aso_toxicity_safety_2024_2026; score=4; Characterizing Antisense Oligonucleotide-Induced Histopathology Findings in Spinal Cord of Mauritius Cynomolgus Monkeys by Molecular Localization Investigation.
pubmed_discovery_39793573,39793573,literature_discovery,derived_annotations_only,abstract_metadata_only,core,aso_toxicity_safety_2024_2026; score=4; Phase 1/2 trial of brogidirsen: Dual-targeting antisense oligonucleotides for exon 44 skipping in Duchenne muscular dystrophy.
pubmed_discovery_39653607,39653607,literature_discovery,derived_annotations_only,abstract_metadata_only,core,aso_offtarget_transcriptome_2023_2026; score=4; Evolution of antisense oligonucleotides: navigating nucleic acid chemistry and delivery challenges.
pubmed_discovery_39549635,39549635,literature_discovery,derived_annotations_only,abstract_metadata_only,core,aso_toxicity_safety_2024_2026; score=4; Safety and efficacy of viltolarsen treatment in patients with Duchenne muscular dystrophy: A retrospective study with 3-year follow-up.
pubmed_discovery_40225946,40225946,literature_discovery,derived_annotations_only,abstract_metadata_only,core,aso_offtarget_transcriptome_2023_2026; score=4; Treatability of the KMT2-Associated Neurodevelopmental Disorders Using Antisense Oligonucleotide-Based Treatments.
pubmed_discovery_39886125,39886125,literature_discovery,derived_annotations_only,abstract_metadata_only,core,"aso_offtarget_transcriptome_2023_2026; score=4; Preclinical study and parallel phase II trial evaluating antisense STAT3 oligonucleotide and checkpoint blockade for advanced pancreatic, non-small cell lung cancer and mismatch repair-deficient colorectal cancer."
pubmed_discovery_39666085,39666085,literature_discovery,derived_annotations_only,abstract_metadata_only,core,aso_toxicity_safety_2024_2026; score=4; Efficacy and safety of Donidalorsen in Hereditary Angioedema with C1 inhibitor deficiency: a systematic review and a meta analysis.
pubmed_discovery_39595574,39595574,literature_discovery,derived_annotations_only,abstract_metadata_only,core,aso_offtarget_transcriptome_2023_2026; score=4; Molecular Profiling of Mouse Models of Loss or Gain of Function of the KCNT1 (Slack) Potassium Channel and Antisense Oligonucleotide Treatment.
pubmed_discovery_39589322,39589322,literature_discovery,derived_annotations_only,abstract_metadata_only,core,aso_toxicity_safety_2024_2026; score=4; DMS-MapSeq Analysis of Antisense Oligonucleotide Binding to lncRNA PANDA.
pubmed_discovery_39494149,39494149,literature_discovery,derived_annotations_only,abstract_metadata_only,core,aso_offtarget_transcriptome_2023_2026; score=4; Mechanistic insights into ASO-RNA complexation: Advancing antisense oligonucleotide design strategies.
pubmed_discovery_39473221,39473221,literature_discovery,derived_annotations_only,abstract_metadata_only,core,aso_toxicity_safety_2024_2026; score=4; Rethinking antisense oligonucleotide therapeutics for amyotrophic lateral sclerosis.
pubmed_discovery_39460376,39460376,literature_discovery,derived_annotations_only,abstract_metadata_only,core,chemical_modification_oligo_safety_2023_2026; score=4; Quantifying and mitigating motor phenotypes induced by antisense oligonucleotides in the central nervous system.
pubmed_discovery_39457466,39457466,literature_discovery,derived_annotations_only,abstract_metadata_only,core,aso_toxicity_safety_2024_2026; score=4; Recent Progress of Antisense Oligonucleotide Therapy for Superoxide-Dismutase-1-Mutated Amyotrophic Lateral Sclerosis: Focus on Tofersen.
pubmed_discovery_39416965,39416965,literature_discovery,derived_annotations_only,abstract_metadata_only,core,aso_offtarget_transcriptome_2023_2026; score=4; Light-Promoted Lysosomal Escape of a Phthalocyanine and Antisense Oligonucleotide-Complexed G-Quadruplex for Dual Photodynamic and Antisense Therapy.
pubmed_discovery_39377066,39377066,literature_discovery,derived_annotations_only,abstract_metadata_only,core,aso_toxicity_safety_2024_2026; score=4; Splice-switching antisense oligonucleotide controlling tumor suppressor REST is a novel therapeutic medicine for neuroendocrine cancer.
pubmed_discovery_39363329,39363329,literature_discovery,derived_annotations_only,abstract_metadata_only,core,aso_toxicity_safety_2024_2026; score=4; Efficacy and safety of olezarsen in lowering apolipoprotein C-III and triglycerides in healthy Japanese Americans.
pubmed_discovery_39335447,39335447,literature_discovery,derived_annotations_only,abstract_metadata_only,core,oligo_therapeutics_safety_2023_2026; score=4; Calcium-Enhanced Medium-Based Delivery of Splice Modulating Antisense Oligonucleotides in 2D and 3D hiPSC-Derived Neuronal Models.
pubmed_discovery_39126066,39126066,literature_discovery,derived_annotations_only,abstract_metadata_only,core,chemical_modification_oligo_safety_2023_2026; score=4; Allele-Selective Thiomorpholino Antisense Oligonucleotides as a Therapeutic Approach for Fused-in-Sarcoma Amyotrophic Lateral Sclerosis.
pubmed_discovery_38949758,38949758,literature_discovery,derived_annotations_only,abstract_metadata_only,core,"chemical_modification_oligo_safety_2023_2026; score=4; A Randomized, Open-Label, Phase I, Single-Dose Study of Antisense Oligonucleotide, Vupanorsen, in Chinese Adults with Elevated Triglycerides."
pubmed_discovery_38271438,38271438,literature_discovery,derived_annotations_only,abstract_metadata_only,core,chemical_modification_oligo_safety_2023_2026; score=4; A phase 2 open-label study of the safety and efficacy of weekly dosing of ATL1102 in patients with non-ambulatory Duchenne muscular dystrophy and pharmacology in mdx mice.
pubmed_discovery_38040383,38040383,literature_discovery,derived_annotations_only,abstract_metadata_only,core,oligo_therapeutics_safety_2023_2026; score=4; Antisense oligonucleotide-mediated disruption of HTT caspase-6 cleavage site ameliorates the phenotype of YAC128 Huntington disease mice.
pubmed_discovery_37834294,37834294,literature_discovery,derived_annotations_only,abstract_metadata_only,core,chemical_modification_oligo_safety_2023_2026; score=4; Antiviral Efficacy of RNase H-Dependent Gapmer Antisense Oligonucleotides against Japanese Encephalitis Virus.
pubmed_discovery_37036788,37036788,literature_discovery,derived_annotations_only,abstract_metadata_only,core,chemical_modification_oligo_safety_2023_2026; score=4; Next Generation Exon 51 Skipping Antisense Oligonucleotides for Duchenne Muscular Dystrophy.
pubmed_discovery_36195820,36195820,literature_discovery,derived_annotations_only,abstract_metadata_only,core,oligo_therapeutics_safety_2023_2026; score=4; Structural Fingerprinting of Antisense Oligonucleotide Therapeutics by Solution NMR Spectroscopy.
pubmed_discovery_42166976,42166976,literature_discovery,derived_annotations_only,abstract_metadata_only,core,sirna_offtarget_safety_2024_2026; score=3; 5-O-Methylembelin disrupts the ACO1-TPI1 interaction to promote ferroptosis in clear cell renal cell carcinoma.
pubmed_discovery_42142608,42142608,literature_discovery,derived_annotations_only,abstract_metadata_only,secondary,oligo_prediction_benchmark_2023_2026; score=3; Forest-cultivated Epimedium koreanum Nakai mitigates organotin-induced renal injury and the exacerbation of diabetic nephropathy via the SIRT1/NRF2/PPARγ signaling pathways.
pubmed_discovery_42128249,42128249,literature_discovery,derived_annotations_only,abstract_metadata_only,core,sirna_offtarget_safety_2024_2026; score=3; The nucleotidyl transferase URT1-directed mRNA surveillance is critical for embryo and seedling development in Arabidopsis.
pubmed_discovery_42121023,42121023,literature_discovery,derived_annotations_only,abstract_metadata_only,core,sirna_offtarget_safety_2024_2026; score=3; Carrying the seeds of your crop: fungal genetic networks activated during colonization of the ambrosia beetle symbiotic organ.
pubmed_discovery_42119893,42119893,literature_discovery,derived_annotations_only,abstract_metadata_only,core,sirna_offtarget_safety_2024_2026; score=3; StICE1 activates StCBFs expression to regulate cold stress response in potato (Solanum tuberosum L.) seedlings.
pubmed_discovery_42117064,42117064,literature_discovery,derived_annotations_only,abstract_metadata_only,core,sirna_offtarget_safety_2024_2026; score=3; Transcriptome analysis and characterization of cathepsin B-like protein in Melanaphis sorghi in response to resistant sorghum.
pubmed_discovery_42085538,42085538,literature_discovery,derived_annotations_only,abstract_metadata_only,core,sirna_offtarget_safety_2024_2026; score=3; Protein phosphatase 2A regulates senescence and immunogenicity in medulloblastoma models.
pubmed_discovery_42033472,42033472,literature_discovery,derived_annotations_only,abstract_metadata_only,core,sirna_seed_transcriptome_2023_2026; score=3; The rice cysteine protease OsEP3A promotes seedling growth and seed development and contains a nitrogen-starvation-responsive sequence.
pubmed_discovery_41999945,41999945,literature_discovery,derived_annotations_only,abstract_metadata_only,core,sirna_seed_transcriptome_2023_2026; score=3; Integrated multi-omics analysis to elucidate the genetic basis of seed traits in cotton.
pubmed_discovery_41967697,41967697,literature_discovery,derived_annotations_only,abstract_metadata_only,secondary,lnp_oligo_delivery_safety_2023_2026; score=3; Targeting the NSUN5-circPPAP2A axis reverses immunosuppression and sensitizes renal cell carcinoma to anti-PD-1 therapy.
pubmed_discovery_41962205,41962205,literature_discovery,derived_annotations_only,abstract_metadata_only,secondary,oligo_prediction_benchmark_2023_2026; score=3; LHX2 is associated with tumor microenvironment characteristics in clear cell renal cell carcinoma and modulates the malignant phenotypes of cancer cells.
pubmed_discovery_41949020,41949020,literature_discovery,derived_annotations_only,abstract_metadata_only,secondary,oligo_prediction_benchmark_2023_2026; score=3; Crosstalk Between Clec7a and TLR4 Immune Pathway Drives Renal Damage in a Cisplatin-Induced Acute Kidney Injury Model.
pubmed_discovery_41474128,41474128,literature_discovery,derived_annotations_only,abstract_metadata_only,core,chemical_modification_oligo_safety_2023_2026; score=3; Phosphorothioate and 2'-Fluoro Ribose Substitution-Mediated Hydrophobic Effect Empowers RNA Probes for Highly Sensitive and Subtype-Selective miRNA Imaging.
pubmed_discovery_41443406,41443406,literature_discovery,derived_annotations_only,abstract_metadata_only,core,aso_toxicity_safety_2024_2026; score=3; A single-arm phase 2 trial of an investigational RNA therapeutic to complement factor B sefaxersen for treatment of IgA nephropathy.
pubmed_discovery_41329256,41329256,literature_discovery,derived_annotations_only,abstract_metadata_only,core,aso_immune_complement_safety_2023_2026; score=3; Comparison of first-line immuno-oncology combinations with molecular targeted therapy in patients with advanced renal cell carcinoma undergoing hemodialysis: a real-world multicenter retrospective study.
pubmed_discovery_40848498,40848498,literature_discovery,derived_annotations_only,abstract_metadata_only,core,chemical_modification_oligo_safety_2023_2026; score=3; A fluorescent aptasensor for accurate and sensitive detection of glyphosate based on asymmetrically competitive CRISPR/Cas12a with phosphorothioate-modified G-quadruplex.
pubmed_discovery_42077930,42077930,literature_discovery,derived_annotations_only,abstract_metadata_only,core,sirna_offtarget_safety_2024_2026; score=3; LwaCas13a indiscriminately targets the human transcriptome.
pubmed_discovery_41399434,41399434,literature_discovery,derived_annotations_only,abstract_metadata_only,secondary,sirna_clinical_safety_2023_2026; score=3; Leveraging the active conformation of LFA-1 as a potential target for hematological malignancies.
pubmed_discovery_40683108,40683108,literature_discovery,derived_annotations_only,abstract_metadata_only,core,"oligo_therapeutics_safety_2023_2026; score=3; The complement system: Biology, pathology, and therapeutic interventions."
pubmed_discovery_39948369,39948369,literature_discovery,derived_annotations_only,abstract_metadata_only,core,aso_offtarget_transcriptome_2023_2026; score=3; Full-length transcriptome atlas of gallbladder cancer reveals trastuzumab resistance conferred by ERBB2 alternative splicing.
pubmed_discovery_39893955,39893955,literature_discovery,derived_annotations_only,abstract_metadata_only,core,"aso_toxicity_safety_2024_2026; score=3; Inhibiting the alternative pathway of complement by reducing systemic complement factor B: Randomized, double-blind, placebo-controlled phase 1 studies with Sefaxersen."
pubmed_discovery_39645556,39645556,literature_discovery,derived_annotations_only,abstract_metadata_only,core,aso_offtarget_transcriptome_2023_2026; score=3; ASO Author Reflections: Decoding Racial Differences in Colon Cancer Transcriptomes.
pubmed_discovery_39707174,39707174,literature_discovery,derived_annotations_only,abstract_metadata_only,core,aso_offtarget_transcriptome_2023_2026; score=3; Transcriptome profiling of foxtail millet (Setaria italica) pollen and anther.
pubmed_discovery_38800826,38800826,literature_discovery,derived_annotations_only,abstract_metadata_only,core,phosphorothioate_aso_safety_2024_2026; score=3; Structural dynamics of therapeutic nucleic acids with phosphorothioate backbone modifications.
pubmed_discovery_36694259,36694259,literature_discovery,derived_annotations_only,abstract_metadata_only,core,chemical_modification_oligo_safety_2023_2026; score=3; Phosphorothioated amino-AS1411 aptamer functionalized stealth nanoliposome accelerates bio-therapeutic threshold of apigenin in neoplastic rat liver: a mechanistic approach.
pubmed_discovery_42218706,42218706,literature_discovery,derived_annotations_only,abstract_metadata_only,core,sirna_offtarget_safety_2024_2026; score=2; Small interfering RNA (siRNA)-based targeting breast cancer therapy.
pubmed_discovery_42218144,42218144,literature_discovery,derived_annotations_only,abstract_metadata_only,core,sirna_offtarget_safety_2024_2026; score=2; Targeted silencing of CLYBL with platelet-mimetic siRNA nanoparticles drives itaconate-mediated macrophage reprogramming and protects against sepsis-triggered lung cell death.
pubmed_discovery_42216305,42216305,literature_discovery,derived_annotations_only,abstract_metadata_only,core,sirna_offtarget_safety_2024_2026; score=2; Structure-Guided Engineering of Histidine-Rich pH-Switchable Endosomolytic Peptides for Spleen-Selective siRNA Delivery to Inflammatory Macrophages.
pubmed_discovery_42216038,42216038,literature_discovery,derived_annotations_only,abstract_metadata_only,secondary,lnp_oligo_delivery_safety_2023_2026; score=2; Tunable PEGylation platform for efficient siRNA delivery using mesoporous silica nanoparticles.
pubmed_discovery_42214258,42214258,literature_discovery,derived_annotations_only,abstract_metadata_only,core,sirna_offtarget_safety_2024_2026; score=2; Comparative evaluation of ultrafiltration and EMSA formats for siRNA plasma protein binding: Methodological determinants and artifacts.
pubmed_discovery_42208109,42208109,literature_discovery,derived_annotations_only,abstract_metadata_only,secondary,sirna_clinical_safety_2023_2026; score=2; Ginseng-derived cholesterol analogues enhance pulmonary siRNA delivery and alleviate allergic asthma.
pubmed_discovery_42198287,42198287,literature_discovery,derived_annotations_only,abstract_metadata_only,secondary,lnp_oligo_delivery_safety_2023_2026; score=2; Evolution of siRNA Therapeutics: From Mechanistic Foundations to Clinical Expansion.
pubmed_discovery_42198221,42198221,literature_discovery,derived_annotations_only,abstract_metadata_only,secondary,lnp_oligo_delivery_safety_2023_2026; score=2; Emerging Non-Conventional Approaches in mRNA-LNP Formulation for Therapeutic Applications.
pubmed_discovery_42193329,42193329,literature_discovery,derived_annotations_only,abstract_metadata_only,secondary,"lnp_oligo_delivery_safety_2023_2026; score=2; Effect of Short-Anchored PEGylated Lipids on Lipid Nanoparticle Characterization Profiles, Stability, and Efficacy."
pubmed_discovery_42193283,42193283,literature_discovery,derived_annotations_only,abstract_metadata_only,secondary,lnp_oligo_delivery_safety_2023_2026; score=2; Functionalized Lipid Nanoparticles for Targeted RNA Delivery in Immune and Inflammatory Diseases.
pubmed_discovery_42189390,42189390,literature_discovery,derived_annotations_only,abstract_metadata_only,secondary,oligo_prediction_benchmark_2023_2026; score=2; IVSA-based siRNA targeted delivery system as a universal strategy for the treatment of EGFR-positive cancer.
pubmed_discovery_42184701,42184701,literature_discovery,derived_annotations_only,abstract_metadata_only,secondary,galnac_sirna_safety_2024_2026; score=2; Rapid assessment of metabolism and disposition of conjugated oligonucleotide vutrisiran in rats using a sensitive LC-HRMS platform.
pubmed_discovery_42182416,42182416,literature_discovery,derived_annotations_only,abstract_metadata_only,core,aso_toxicity_safety_2024_2026; score=2; Sequence-Defined Digital Bottlebrush Polymers for Programmable Oligonucleotide Delivery.
pubmed_discovery_42181752,42181752,literature_discovery,derived_annotations_only,abstract_metadata_only,secondary,lnp_oligo_delivery_safety_2023_2026; score=2; Lipid nanoparticles for nucleic acid delivery to osteoblasts and osteoblast-lineage cells: A systematic review.
pubmed_discovery_42180053,42180053,literature_discovery,derived_annotations_only,abstract_metadata_only,secondary,lnp_oligo_delivery_safety_2023_2026; score=2; A novel auto-fluorescent porphyrin-lipid nanoparticle strategy for CTNNB1 gene silencing in hepatocellular carcinoma.
pubmed_discovery_42179012,42179012,literature_discovery,derived_annotations_only,abstract_metadata_only,core,sirna_offtarget_safety_2024_2026; score=2; Tandem Oligonucleotide Synthesis Enabled by a Reducible Linker.
pubmed_discovery_42177899,42177899,literature_discovery,derived_annotations_only,abstract_metadata_only,secondary,lnp_oligo_delivery_safety_2023_2026; score=2; Multifunctional hybrid lipid-polymeric nanoparticle enabling resveratrol and siRNA co-delivery for enhanced cutaneous wound repair.
pubmed_discovery_42173448,42173448,literature_discovery,derived_annotations_only,abstract_metadata_only,secondary,lnp_oligo_delivery_safety_2023_2026; score=2; Biomimetic lipid nanoparticles for macrophage reprogramming in cancer immunotherapy.
pubmed_discovery_42167744,42167744,literature_discovery,derived_annotations_only,abstract_metadata_only,secondary,lnp_oligo_delivery_safety_2023_2026; score=2; Meta-Learning as a Promising Strategy for Lipid Nanoparticle Optimization and Ionizable Lipid Discovery.
pubmed_discovery_42162746,42162746,literature_discovery,derived_annotations_only,abstract_metadata_only,secondary,lnp_oligo_delivery_safety_2023_2026; score=2; Dual-functional chitosan-hyaluronic acid dialdehyde nanoparticles for CD44-targeted Bcl-2 siRNA delivery and photothermal therapy in bladder cancer.
pubmed_discovery_42155236,42155236,literature_discovery,derived_annotations_only,abstract_metadata_only,secondary,"lnp_oligo_delivery_safety_2023_2026; score=2; PEG-lipid structure controls in vitro PEG shedding, surface remodeling, and timing of lipid nanoparticle-mediated silencing."
pubmed_discovery_42151957,42151957,literature_discovery,derived_annotations_only,abstract_metadata_only,secondary,lnp_oligo_delivery_safety_2023_2026; score=2; Microneedle-mediated transdermal delivery of siRNA-loaded nanoparticles for atopic dermatitis therapy by disrupting cuproptosis-pyroptosis crosstalk.
pubmed_discovery_42150356,42150356,literature_discovery,derived_annotations_only,abstract_metadata_only,secondary,lnp_oligo_delivery_safety_2023_2026; score=2; Lipid@polymer hybrid nanoparticles for efficient siRNA transport across the lung barriers: Mechanistic insights into the role of Ionizable lipids.
pubmed_discovery_42148153,42148153,literature_discovery,derived_annotations_only,abstract_metadata_only,secondary,"oligo_prediction_benchmark_2023_2026; score=2; RNA duplex formation and competing endogenous RNA, proposed as mechanisms in regulating expression of natural antisense transcripts- from hypotheses to potential therapeutic applications."
pubmed_discovery_42146298,42146298,literature_discovery,derived_annotations_only,abstract_metadata_only,secondary,lnp_oligo_delivery_safety_2023_2026; score=2; Albumin Pre-Coating Enhances Intracellular siRNA Delivery of Multifunctional Amphiphile/siRNA Nanoparticles [Retraction].
pubmed_discovery_42142676,42142676,literature_discovery,derived_annotations_only,abstract_metadata_only,core,sirna_offtarget_safety_2024_2026; score=2; Effect of vascular disrupting therapy by lipid nanoparticles on the tumor microenvironment.
pubmed_discovery_42138142,42138142,literature_discovery,derived_annotations_only,abstract_metadata_only,core,sirna_offtarget_safety_2024_2026; score=2; Optimization of Lipid Nanoparticles for Safe and Versatile Lung-Targeted RNA Delivery and Disease Therapy.
pubmed_discovery_42135712,42135712,literature_discovery,derived_annotations_only,abstract_metadata_only,core,sirna_offtarget_safety_2024_2026; score=2; Galactosylated LNP-mediated hepatic Sam68 silencing improves glucose homeostasis in diabetes by suppressing gluconeogenesis.
pubmed_discovery_42135452,42135452,literature_discovery,derived_annotations_only,abstract_metadata_only,core,sirna_offtarget_safety_2024_2026; score=2; Combined PD-1 and TIGIT blockade via siRNA enhances anti-leukemic T-cell function and promotes AML cell apoptosis.
pubmed_discovery_42134451,42134451,literature_discovery,derived_annotations_only,abstract_metadata_only,core,sirna_offtarget_safety_2024_2026; score=2; Advances in siRNA and synbiotic therapies for colorectal cancer: a molecular and microbiota perspective.
pubmed_discovery_42131363,42131363,literature_discovery,derived_annotations_only,abstract_metadata_only,secondary,oligo_prediction_benchmark_2023_2026; score=2; eMALDI MS and oligonucleotide analysis.
pubmed_discovery_42126331,42126331,literature_discovery,derived_annotations_only,abstract_metadata_only,core,sirna_offtarget_safety_2024_2026; score=2; Poly-L-Lysine Doped FmocFF Nanogels as Delivery Platforms for siRNA.
pubmed_discovery_42117503,42117503,literature_discovery,derived_annotations_only,abstract_metadata_only,secondary,lnp_oligo_delivery_safety_2023_2026; score=2; Aptamer-Loaded Cubosome Lipid Nanoparticles for the Treatment of Tuberculosis.
pubmed_discovery_42112626,42112626,literature_discovery,derived_annotations_only,abstract_metadata_only,core,sirna_offtarget_safety_2024_2026; score=2; Pulmonary delivery of gene-loaded lipid nanoparticles for targeting TGF-β signaling in idiopathic pulmonary fibrosis.
pubmed_discovery_42111825,42111825,literature_discovery,derived_annotations_only,abstract_metadata_only,secondary,lnp_oligo_delivery_safety_2023_2026; score=2; A biomimetic membrane platform for predictive screening and rational engineering of endosomally escaped lipid nanoparticle-CpG oligodeoxynucleotides delivery systems.
pubmed_discovery_42108770,42108770,literature_discovery,derived_annotations_only,abstract_metadata_only,secondary,oligo_prediction_benchmark_2023_2026; score=2; Quercetin Attenuates Cytokine Storm in Viral Pneumonia via Inhibition of the TLR3-NF-κB-IL-6 Signaling Axis.
pubmed_discovery_42104082,42104082,literature_discovery,derived_annotations_only,abstract_metadata_only,secondary,lnp_oligo_delivery_safety_2023_2026; score=2; Double-coated PLGA nanoparticles with hierarchical surface architecture for CD44-targeted siRNA delivery.
pubmed_discovery_42097228,42097228,literature_discovery,derived_annotations_only,abstract_metadata_only,core,sirna_offtarget_safety_2024_2026; score=2; In vivo genetic circuit drives systemic PARP1 siRNA assembly into small extracellular vesicles for BRCA2-deficient breast cancer therapy.
pubmed_discovery_42083118,42083118,literature_discovery,derived_annotations_only,abstract_metadata_only,secondary,oligo_prediction_benchmark_2023_2026; score=2; Optimizing Oligonucleotide Therapeutics: A Model-Informed Drug Development Perspective.
pubmed_discovery_42072644,42072644,literature_discovery,derived_annotations_only,abstract_metadata_only,secondary,lnp_oligo_delivery_safety_2023_2026; score=2; Graphene Oxide-Antisense miR-21 Nanosystem Modulates Gene Expression and Suppresses Tumorigenesis in HepG2-Derived CAM Xenografts.
pubmed_discovery_42067084,42067084,literature_discovery,derived_annotations_only,abstract_metadata_only,core,sirna_seed_transcriptome_2023_2026; score=2; ROS-responsive phenylboronic acid-modified hyaluronic acid-loaded TA-siRNA nanogels accelerate diabetic wound healing.
pubmed_discovery_42063179,42063179,literature_discovery,derived_annotations_only,abstract_metadata_only,secondary,"oligo_prediction_benchmark_2023_2026; score=2; A novel antisense lncRNA, LPCRL, functions as a molecular scaffold for the USP15/MIB1 complex to promote primary cisplatin resistance and tumor progression in lung squamous cell carcinoma."
pubmed_discovery_42060243,42060243,literature_discovery,derived_annotations_only,abstract_metadata_only,secondary,lnp_oligo_delivery_safety_2023_2026; score=2; Recent Developments in Lipid Nanoparticle-Mediated Delivery of Biotherapeutics and Gene Therapy Across the Blood-Brain Barrier.
pubmed_discovery_42044042,42044042,literature_discovery,derived_annotations_only,abstract_metadata_only,core,sirna_seed_transcriptome_2023_2026; score=2; The role of the uncharacterized gene TuPSEG in host plant adaptation of Tetranychus urticae (Trombidiformes: Tetranychidae) and its potential for RNA interference-based control.
pubmed_discovery_42040413,42040413,literature_discovery,derived_annotations_only,abstract_metadata_only,core,sirna_seed_transcriptome_2023_2026; score=2; Molecular Dynamics Simulation-Assisted siRNA Design for Dual-Ubiquitinated SKP2 Silencing via Ago2 Anchoring in Breast Cancer.
pubmed_discovery_42036903,42036903,literature_discovery,derived_annotations_only,abstract_metadata_only,core,"sirna_seed_transcriptome_2023_2026; score=2; Therapeutic siRNA: Mechanisms, challenges, strategies, and clinical translation."
pubmed_discovery_42028573,42028573,literature_discovery,derived_annotations_only,abstract_metadata_only,secondary,lnp_oligo_delivery_safety_2023_2026; score=2; Influenza B mosaic HA mRNA-LNP vaccines are cross-reactive and protective in mice.
pubmed_discovery_42006041,42006041,literature_discovery,derived_annotations_only,abstract_metadata_only,secondary,lnp_oligo_delivery_safety_2023_2026; score=2; RNA-Micelles as Self-Assembling Structures for Efficient Co-Delivery of Synergistic siRNA and Nucleoside Analogues to Treat CRC Lung Metastasis.
pubmed_discovery_42005705,42005705,literature_discovery,derived_annotations_only,abstract_metadata_only,secondary,lnp_oligo_delivery_safety_2023_2026; score=2; Preparation and Antitumor Activity of METTL3 SiRNA Nanoparticles Carried by Hypoxia Sensitive Polymer (mPEG-Azo-PEI).
pubmed_discovery_42003109,42003109,literature_discovery,derived_annotations_only,abstract_metadata_only,secondary,lnp_oligo_delivery_safety_2023_2026; score=2; Spermine Lipid Assembled Nanoparticles for siRNA Delivery and Androgenetic Alopecia Therapy.
pubmed_discovery_42001054,42001054,literature_discovery,derived_annotations_only,abstract_metadata_only,secondary,lnp_oligo_delivery_safety_2023_2026; score=2; Turmeric-derived exosome-coated ZIF-8 nanoplatform for targeted delivery of TGF-β1 siRNA in the treatment of liver fibrosis.
pubmed_discovery_42000178,42000178,literature_discovery,derived_annotations_only,abstract_metadata_only,secondary,lnp_oligo_delivery_safety_2023_2026; score=2; Advances in lipids design for LNP-mediated DNA and RNA delivery.
pubmed_discovery_41997674,41997674,literature_discovery,derived_annotations_only,abstract_metadata_only,core,phosphorothioate_aso_safety_2024_2026; score=2; Therapeutic oligonucleotide (nusinersen) metabolism in cerebrospinal fluid samples of patients with spinal muscular atrophy based on liquid chromatography coupled with mass spectrometry data.
pubmed_discovery_41995194,41995194,literature_discovery,derived_annotations_only,abstract_metadata_only,secondary,lnp_oligo_delivery_safety_2023_2026; score=2; Synergic cancer chemo-immunotherapy comprising combined doxorubicin and siRNA targeting CD47 co-delivered by a bola-amphiphilic dendrimer.
pubmed_discovery_41994867,41994867,literature_discovery,derived_annotations_only,abstract_metadata_only,secondary,sirna_clinical_safety_2023_2026; score=2; Development of a DUX4-targeting antibody oligonucleotide conjugate as a therapy for FSHD.
pubmed_discovery_41985596,41985596,literature_discovery,derived_annotations_only,abstract_metadata_only,secondary,lnp_oligo_delivery_safety_2023_2026; score=2; Mucus-penetrating lipid nanoparticles overcome lung barriers for pulmonary co-delivery of siGSDMD and pDNA-SAP in idiopathic pulmonary fibrosis.
pubmed_discovery_41970227,41970227,literature_discovery,derived_annotations_only,abstract_metadata_only,secondary,lnp_oligo_delivery_safety_2023_2026; score=2; Enhancing the delivery and stability of lipid nanoparticle-dsRNA formulations in the RNAi-recalcitrant fall armyworm (Spodoptera frugiperda).
pubmed_discovery_41965145,41965145,literature_discovery,derived_annotations_only,abstract_metadata_only,secondary,oligo_prediction_benchmark_2023_2026; score=2; In silico evaluation of DsiRNA-mediated targeting of arginase in Anopheles gambiae as a novel vector control strategy.
pubmed_discovery_41958534,41958534,literature_discovery,derived_annotations_only,abstract_metadata_only,secondary,lnp_oligo_delivery_safety_2023_2026; score=2; Controlling Payload Heterogeneity in Lipid Nanoparticles for RNA-Based Therapeutics.
pubmed_discovery_41955516,41955516,literature_discovery,derived_annotations_only,abstract_metadata_only,secondary,oligo_prediction_benchmark_2023_2026; score=2; Combating VEGFA-siRNA-Induced Metabolic Reprogramming via Glucose Utilization Deprivation.
pubmed_discovery_41950645,41950645,literature_discovery,derived_annotations_only,abstract_metadata_only,secondary,lnp_oligo_delivery_safety_2023_2026; score=2; Human blood-brain barrier tissue model to characterize lipid nanoparticle delivery and transport mechanisms.
pubmed_discovery_41949512,41949512,literature_discovery,derived_annotations_only,abstract_metadata_only,core,aso_toxicity_safety_2024_2026; score=2; Efficacy of Tonlamarsen in Patients With Uncontrolled Hypertension: The KARDINAL Phase 2 Randomized Clinical Trial.
pubmed_discovery_41944781,41944781,literature_discovery,derived_annotations_only,abstract_metadata_only,secondary,oligo_prediction_benchmark_2023_2026; score=2; Emerging experimental and bioinformatic approaches in RNA interference-based pest control research.
pubmed_discovery_41931244,41931244,literature_discovery,derived_annotations_only,abstract_metadata_only,secondary,oligo_prediction_benchmark_2023_2026; score=2; HIF-1α siRNA Enhances the Efficacy of Erlotinib in Non-small Cell Lung Cancer: A Novel Strategy to Reverse Hypoxia-Induced Drug Resistance.
pubmed_discovery_41929569,41929569,literature_discovery,derived_annotations_only,abstract_metadata_only,secondary,lnp_oligo_delivery_safety_2023_2026; score=2; Dual-targeted approaches in cancer therapy: integrating siRNA and chemotherapy for improved outcomes.
pubmed_discovery_41924196,41924196,literature_discovery,derived_annotations_only,abstract_metadata_only,secondary,lnp_oligo_delivery_safety_2023_2026; score=2; Bibliometric trends and emerging frontiers in RNA interference research for mosquito control (2010-2025).
pubmed_discovery_41922680,41922680,literature_discovery,derived_annotations_only,abstract_metadata_only,secondary,oligo_prediction_benchmark_2023_2026; score=2; Co-delivery of cisplatin and Bmi1 siRNA via nanocapsules overcomes chemoresistance in ovarian cancer.
pubmed_discovery_41911333,41911333,literature_discovery,derived_annotations_only,abstract_metadata_only,secondary,lnp_oligo_delivery_safety_2023_2026; score=2; β-Triketone-Based Ionizable Cationic Lipids Synthesized via Click Chemistry for siRNA Delivery.
pubmed_discovery_41905408,41905408,literature_discovery,derived_annotations_only,abstract_metadata_only,secondary,lnp_oligo_delivery_safety_2023_2026; score=2; Baiting-enhanced extravasation of lipid nanoparticles for targeted co-delivery of decitabine and siTNF-α to the bone marrow niche in leukemia therapy.
pubmed_discovery_41899235,41899235,literature_discovery,derived_annotations_only,abstract_metadata_only,secondary,lnp_oligo_delivery_safety_2023_2026; score=2; Overcoming Chemotherapy Resistance in Triple-Negative Breast Cancer with Nanocarrier-Delivered siRNA Therapeutics.
pubmed_discovery_41896658,41896658,literature_discovery,derived_annotations_only,abstract_metadata_only,secondary,lnp_oligo_delivery_safety_2023_2026; score=2; The application of nanoparticle-mediated siRNA delivery systems in ovarian cancer.
pubmed_discovery_41884956,41884956,literature_discovery,derived_annotations_only,abstract_metadata_only,secondary,lnp_oligo_delivery_safety_2023_2026; score=2; Quantitative analysis of oligonucleotide delivery into isolated mitochondria: a proof-of-concept method.
pubmed_discovery_41865608,41865608,literature_discovery,derived_annotations_only,abstract_metadata_only,secondary,"lnp_oligo_delivery_safety_2023_2026; score=2; cRGD-modified, pH-sensitive liposomes for co-delivery of docetaxel and ABCG2 siRNA enhance therapeutic efficacy in triple-negative breast cancer."
pubmed_discovery_41865046,41865046,literature_discovery,derived_annotations_only,abstract_metadata_only,secondary,lnp_oligo_delivery_safety_2023_2026; score=2; Microfluidic process-property correlations of dsRNA lipid nanoparticle formulations.
pubmed_discovery_41864150,41864150,literature_discovery,derived_annotations_only,abstract_metadata_only,secondary,lnp_oligo_delivery_safety_2023_2026; score=2; A Calixsalan-based ionizable lipid for macrophage-targeted Trem2 siRNA delivery attenuates atherosclerosis.
pubmed_discovery_41850405,41850405,literature_discovery,derived_annotations_only,abstract_metadata_only,secondary,lnp_oligo_delivery_safety_2023_2026; score=2; Caspase-1-targeting siRNA nanoparticles suppress pyroptosis to prevent force-induced root resorption.
pubmed_discovery_41841193,41841193,literature_discovery,derived_annotations_only,abstract_metadata_only,secondary,lnp_oligo_delivery_safety_2023_2026; score=2; Cytidinyl/Cationic Lipids-siRNA Delivery Silences MYC to Reprogram Macrophages and Circadian Rhythm for Cancer Treatment.
pubmed_discovery_41832731,41832731,literature_discovery,derived_annotations_only,abstract_metadata_only,secondary,"galnac_sirna_safety_2024_2026; score=2; The Computational Journey of siRNA Silencing Efficiency: Resources, Methods, and Future Directions."
pubmed_discovery_41800240,41800240,literature_discovery,derived_annotations_only,abstract_metadata_only,core,aso_toxicity_safety_2024_2026; score=2; Metabolic Dysfunction-Associated Steatotic Liver Disease and Emerging Oligonucleotide Therapies.
pubmed_discovery_41779311,41779311,literature_discovery,derived_annotations_only,abstract_metadata_only,secondary,sirna_clinical_safety_2023_2026; score=2; Nanoparticle based siRNA therapeutics for ovarian cancer overcoming drug resistance and future directions.
pubmed_discovery_41764711,41764711,literature_discovery,derived_annotations_only,abstract_metadata_only,secondary,sirna_clinical_safety_2023_2026; score=2; Zilebesiran: an RNA interference agent-its need and potential to transform hypertension treatment.
pubmed_discovery_41736386,41736386,literature_discovery,derived_annotations_only,abstract_metadata_only,core,aso_offtarget_transcriptome_2023_2026; score=2; Enabling Large-Volume Injections in Hydrophilic Interaction Chromatography of Oligonucleotides Through In-Line Mixing.
pubmed_discovery_41707138,41707138,literature_discovery,derived_annotations_only,abstract_metadata_only,secondary,sirna_clinical_safety_2023_2026; score=2; An Antibody-Oligonucleotide Conjugate for Myotonic Dystrophy Type 1.
pubmed_discovery_41625776,41625776,literature_discovery,derived_annotations_only,abstract_metadata_only,secondary,sirna_clinical_safety_2023_2026; score=2; Recent advances in lipid nanoparticles for cancer vaccine delivery: Challenges and future perspectives.
pubmed_discovery_41624517,41624517,literature_discovery,derived_annotations_only,abstract_metadata_only,core,aso_immune_complement_safety_2023_2026; score=2; Programmable lipid nanoparticles for RNA therapeutics: Design principles and clinical translation.
pubmed_discovery_41614678,41614678,literature_discovery,derived_annotations_only,abstract_metadata_only,core,chemical_modification_oligo_safety_2023_2026; score=2; Transient Cyclic Structured Oligonucleotide Designs for Therapeutic Applications.
pubmed_discovery_41612090,41612090,literature_discovery,derived_annotations_only,abstract_metadata_only,core,oligo_therapeutics_safety_2023_2026; score=2; Industry Practices in Oligonucleotide Tissue Biodistribution Assessment: An IQ consortium Cross-Industry Survey of Current Approaches and Emerging Trends.
pubmed_discovery_41611213,41611213,literature_discovery,derived_annotations_only,abstract_metadata_only,core,oligo_therapeutics_safety_2023_2026; score=2; Bifunctional Silk Nanospheres for Targeted Delivery of Oligonucleotide Therapeutics to VEGFR-Positive Cells in the Tumor Microenvironment.
