pmid,source_type,reuse_category,license_status,priority,query_label,score,title,journal,publication_year
42225919,literature_discovery,derived_annotations_only,abstract_metadata_only,core,sirna_offtarget_safety_2024_2026,3,Co-overexpression of ELOVL2 and ELOVL5 promotes clear cell renal cell carcinoma progression through LIMK1-mediated cytoskeletal reorganization.,Sci Rep,2026
42225274,literature_discovery,derived_annotations_only,abstract_metadata_only,core,aso_toxicity_safety_2024_2026,3,tRF-1-ArgTCG-1-1 promotes renal fibrosis by regulating β-catenin.,Ren Fail,2026
42226280,literature_discovery,derived_annotations_only,abstract_metadata_only,core,sirna_offtarget_safety_2024_2026,0,Comparative evaluation of chitosan-based and star polycation nanocarriers for enhanced RNAi efficacy targeting CmFibL in Cnaphalocrocis medinalis.,Pest Manag Sci,2026
42226100,literature_discovery,derived_annotations_only,abstract_metadata_only,core,sirna_offtarget_safety_2024_2026,0,Exendin-4 averts all-trans-retinal-driven damage to photoreceptors and the retina via the GLP-1R/PKA/CREB1 signaling axis.,Cell Mol Biol Lett,2026
42226067,literature_discovery,derived_annotations_only,abstract_metadata_only,secondary,oligo_prediction_benchmark_2023_2026,0,Hypoxic preconditioning drives metabolic reprogramming to increase the therapeutic efficacy of adipose mesenchymal stem cells in diabetic wounds.,J Transl Med,2026
42225435,literature_discovery,derived_annotations_only,abstract_metadata_only,core,sirna_rnai_offtarget_broad_2010_2026,0,RNAi-Mediated Functional Characterization of Chorion Peroxidase as a Dual-Impact Target for Sustainable Control of Spodoptera frugiperda.,J Agric Food Chem,2026
42225163,literature_discovery,derived_annotations_only,abstract_metadata_only,core,sirna_rnai_offtarget_broad_2010_2026,0,Rosavin mitigates hepatic fibrosis via KLF14-mediated suppression of P2X7 receptor-dependent inflammatory signaling cascades.,J Ethnopharmacol,2026
42224868,literature_discovery,derived_annotations_only,abstract_metadata_only,core,sirna_rnai_offtarget_broad_2010_2026,0,E3 Ligase KPC1 promotes sepsis-induced liver injury via ubiquitination and processing of NF-κB1 p105 in kupffer cells.,Tissue Cell,2026
42224504,literature_discovery,derived_annotations_only,abstract_metadata_only,core,sirna_offtarget_safety_2024_2026,0,"Aggregation Pheromone (2E,6E)-Farnesyl Acetate Drives Attraction and Reproduction in Megalurothrips usitatus.",J Agric Food Chem,2026
42224458,literature_discovery,derived_annotations_only,abstract_metadata_only,core,aso_offtarget_transcriptome_2023_2026,0,Alternative splicing of Scn9a exon 5: mechanistic insights and therapeutic potential in pain disorders.,Hum Mol Genet,2026
42224376,literature_discovery,derived_annotations_only,abstract_metadata_only,core,oligo_safety_toxicology_broad_2010_2026,0,Performance of Local Large Language Models for Adjudicating Heart Failure Hospitalizations.,Circulation,2026
42224297,literature_discovery,derived_annotations_only,abstract_metadata_only,core,oligo_safety_toxicology_broad_2010_2026,0,Targeting BRD2 and BRD4 inhibit the growth of KSHV-infected immortalized endothelial cells through suppression of LANA translation.,PLoS Pathog,2026
42224092,literature_discovery,derived_annotations_only,abstract_metadata_only,core,sirna_rnai_offtarget_broad_2010_2026,0,WDR72 Drives Esophageal Squamous Cell Carcinoma Progression by Inhibiting Autophagy via the PI3K/Akt/mTOR Pathway.,Kaohsiung J Med Sci,2026
42224049,literature_discovery,derived_annotations_only,abstract_metadata_only,core,sirna_rnai_offtarget_broad_2010_2026,0,Autologous cell-derived exosomes as precision nanocarriers for enhanced targeted drug delivery and therapeutic efficacy in parental tumor cells.,J Microencapsul,2026
42150305,literature_discovery,derived_annotations_only,abstract_metadata_only,core,oligo_innate_immune_tlr_2020_2026,0,"Graphene field-effect transistor microarray with simple preparation method, good stability, and high sensitivity for bioassay.",Biosens Bioelectron,2026
41501187,literature_discovery,derived_annotations_only,abstract_metadata_only,secondary,oligo_prediction_benchmark_2023_2026,0,Technical reliability of genotyping SNPs for forensic DNA phenotyping using SNaPshot- and MPS-based assays.,Int J Legal Med,2026
41500296,literature_discovery,derived_annotations_only,abstract_metadata_only,secondary,oligo_prediction_benchmark_2023_2026,0,ALKBH5 enhances cadmium-induced stemness enrichment and proliferation of colon cancer cells via m6A-dependent regulation of AXIN2 and activation of Wnt/β-catenin signaling.,Chem Biol Interact,2026
37390940,literature_discovery,derived_annotations_only,abstract_metadata_only,core,aso_immune_complement_safety_2023_2026,0,"1,5-Dicaffeoylquinic acid from Pseudognaphalium affine ameliorates dry eye disease via suppression of inflammation and protection of the ocular surface.",Ocul Surf,2023
37380611,literature_discovery,derived_annotations_only,abstract_metadata_only,core,aso_thrombocytopenia_complement_2020_2026,0,"Transient Transcription Machineries Modulate Dynamic Functions of G-Quadruplexes: Temporal Regulation of Biocatalytic Circuits, Gene Replication and Transcription.",Angew Chem Int Ed Engl,2023
37377065,literature_discovery,derived_annotations_only,abstract_metadata_only,core,aso_thrombocytopenia_complement_2020_2026,0,Regulation of thrombin activity by ligand-induced topological alteration in a thrombin-binding aptamer.,Chem Commun (Camb),2023
37373287,literature_discovery,derived_annotations_only,abstract_metadata_only,core,sirna_seed_toxicity_broad_2020_2026,0,Less Severe Lipopolysaccharide-Induced Inflammation in Conditional mgmt-Deleted Mice with LysM-Cre System: The Loss of DNA Repair in Macrophages.,Int J Mol Sci,2023
37370069,literature_discovery,derived_annotations_only,abstract_metadata_only,core,aso_thrombocytopenia_complement_2020_2026,0,Post-prandial analysis of fluctuations in the platelet count and platelet function in patients with the familial chylomicronemia syndrome.,Orphanet J Rare Dis,2023
37366977,literature_discovery,derived_annotations_only,abstract_metadata_only,core,oligo_sequence_dependent_toxicity_2020_2026,0,Recent Aptamer-Based Biosensors for Cd(2+) Detection.,Biosensors (Basel),2023
37365539,literature_discovery,derived_annotations_only,abstract_metadata_only,core,sirna_seed_toxicity_broad_2020_2026,0,Long-wave opsin involved in body color plastic development in Nilaparvata lugens.,BMC Genomics,2023
37364105,literature_discovery,derived_annotations_only,abstract_metadata_only,secondary,sirna_clinical_safety_2023_2026,0,The Rho guanine dissociation inhibitor α inhibits skeletal muscle Rac1 activity and insulin action.,Proc Natl Acad Sci U S A,2023
37359561,literature_discovery,derived_annotations_only,abstract_metadata_only,core,aso_thrombocytopenia_complement_2020_2026,0,Targeted chitosan nanobubbles as a strategy to down-regulate microRNA-17 into B-cell lymphoma models.,Front Immunol,2023
37356504,literature_discovery,derived_annotations_only,abstract_metadata_only,core,sirna_seed_toxicity_broad_2020_2026,0,G9a and DNMT1 inhibition modulates CDKN1A promoter methylation and the cell cycle leading to improvement in kidney fibrosis.,Biochim Biophys Acta Gen Subj,2023
37356281,literature_discovery,derived_annotations_only,abstract_metadata_only,core,aso_immune_complement_safety_2023_2026,0,mRNA-1273 SARS-CoV-2 vaccine in recently transplanted allogeneic hematopoietic cell transplant recipients: Dynamics of cellular and humoral immune responses and booster effect.,Leuk Res,2023
37350189,literature_discovery,derived_annotations_only,abstract_metadata_only,core,aso_thrombocytopenia_complement_2020_2026,0,Nanofluidic Aptamer Nanoarray to Enable Stochastic Capture of Single Proteins at Normal Concentrations.,Small,2023
37349699,literature_discovery,derived_annotations_only,abstract_metadata_only,core,sirna_seed_toxicity_broad_2020_2026,0,PagMYB151 facilitates proline accumulation to enhance salt tolerance of poplar.,BMC Genomics,2023
37348587,literature_discovery,derived_annotations_only,abstract_metadata_only,core,sirna_seed_toxicity_broad_2020_2026,0,Retinoid X receptor 1 is a specific lethal RNAi target disturbing chitin metabolism during hatching of Tetranychus cinnabarinus.,Int J Biol Macromol,2023
37341722,literature_discovery,derived_annotations_only,abstract_metadata_only,core,aso_thrombocytopenia_complement_2020_2026,0,Controlling the G-Quadruplex Topology: Toward the Formation of a Lipid Thrombin Binding Aptamer Prodrug.,Bioconjug Chem,2023
37341540,literature_discovery,derived_annotations_only,abstract_metadata_only,core,oligo_sequence_dependent_toxicity_2020_2026,0,Mesoporous Polydopamine-Encapsulated Fluorescent Nanodiamonds: A Versatile Platform for Biomedical Applications.,ACS Appl Mater Interfaces,2023
37340188,literature_discovery,derived_annotations_only,abstract_metadata_only,core,aso_immune_complement_safety_2023_2026,0,Psychosocial effects of the corona pandemic on people with cancer: a qualitative study.,J Cancer Res Clin Oncol,2023
37330462,literature_discovery,derived_annotations_only,abstract_metadata_only,core,aso_immune_complement_safety_2023_2026,0,Identification of necroptosis-related gene TRAF5 as potential target of diagnosing atherosclerosis and assessing its stability.,BMC Med Genomics,2023
37326832,literature_discovery,derived_annotations_only,abstract_metadata_only,core,oligo_sequence_dependent_toxicity_2020_2026,0,A sensitive electrochemical aptasensor for zearalenone detection based on target-triggered branched hybridization chain reaction and exonuclease I-assisted recycling.,Anal Bioanal Chem,2023
37326345,literature_discovery,derived_annotations_only,abstract_metadata_only,core,aso_thrombocytopenia_complement_2020_2026,0,Nucleic acid aptamer-based biosensors and their application in thrombin analysis.,Bioanalysis,2023
37316455,literature_discovery,derived_annotations_only,abstract_metadata_only,secondary,sirna_clinical_safety_2023_2026,0,Inclisiran and lipoprotein apheresis in statin intolerance heterozygous FH patients: A case series.,Ther Apher Dial,2023
37314225,literature_discovery,derived_annotations_only,abstract_metadata_only,core,oligo_sequence_dependent_toxicity_2020_2026,0,A Versatile Strategy of Designing Gold Nanoparticle-cDNA Nanoprobes in Developing Aptamer-Based Lateral Flow Assay for Small-Molecule Detection.,Langmuir,2023
37312752,literature_discovery,derived_annotations_only,abstract_metadata_only,core,sirna_seed_toxicity_broad_2020_2026,0,Physiological and transcriptomic analysis of OsLHCB3 knockdown lines in rice.,Mol Breed,2023
37310994,literature_discovery,derived_annotations_only,abstract_metadata_only,core,aso_offtarget_transcriptome_2023_2026,0,Implementation of hybrid optimized battery controller and advanced power management control strategy in a renewable energy integrated DC microgrid.,PLoS One,2023
37300508,literature_discovery,derived_annotations_only,abstract_metadata_only,core,aso_thrombocytopenia_complement_2020_2026,0,Magnetically Detected Protein Binding Using Spin-Labeled Slow Off-Rate Modified Aptamers.,ACS Sens,2023
37294893,literature_discovery,derived_annotations_only,abstract_metadata_only,core,aso_immune_complement_safety_2023_2026,0,Chemerin is resident to vascular tunicas and contributes to vascular tone.,Am J Physiol Heart Circ Physiol,2023
37294468,literature_discovery,derived_annotations_only,abstract_metadata_only,core,sirna_seed_toxicity_broad_2020_2026,0,Epigenomics in stress tolerance of plants under the climate change.,Mol Biol Rep,2023
37290980,literature_discovery,derived_annotations_only,abstract_metadata_only,core,aso_immune_complement_safety_2023_2026,0,High levels of lipoprotein(a) in transgenic mice exacerbate atherosclerosis and promote vulnerable plaque features in a sex-specific manner.,Atherosclerosis,2023
37284446,literature_discovery,derived_annotations_only,abstract_metadata_only,secondary,sirna_clinical_safety_2023_2026,0,The STAT1/HMGB1/NF-κB pathway in chronic inflammation and kidney injury after cisplatin exposure.,Theranostics,2023
37282500,literature_discovery,derived_annotations_only,abstract_metadata_only,secondary,sirna_clinical_safety_2023_2026,0,Plain language summary of results from ORION-10 and ORION-11: two studies to learn how well inclisiran works in people with high cholesterol.,Future Cardiol,2023
37274069,literature_discovery,derived_annotations_only,abstract_metadata_only,core,oligo_sequence_dependent_toxicity_2020_2026,0,Calcitriol attenuates liver fibrosis through hepatitis C virus nonstructural protein 3-transactivated protein 1-mediated TGF β1/Smad3 and NF-κB signaling pathways.,World J Gastroenterol,2023
37269649,literature_discovery,derived_annotations_only,abstract_metadata_only,secondary,sirna_clinical_safety_2023_2026,0,Stress regulation of WFS1 and PERK-p-eIF2α-ATF4 signaling pathway in placental tissue cells of intrahepatic cholestasis of pregnancy.,Placenta,2023
37268884,literature_discovery,derived_annotations_only,abstract_metadata_only,secondary,sirna_clinical_safety_2023_2026,0,Effects of the factor Xa inhibitor rivaroxaban on the differentiation of endothelial progenitor cells.,BMC Cardiovasc Disord,2023
37267624,literature_discovery,derived_annotations_only,abstract_metadata_only,core,oligo_chemistry_toxicity_mechanism_2020_2026,0,Customized Scaffolds for Direct Assembly of Functionalized DNA Origami.,ACS Appl Mater Interfaces,2023
37263558,literature_discovery,derived_annotations_only,abstract_metadata_only,core,oligo_chemistry_toxicity_mechanism_2020_2026,0,Effect of chlorpyrifos on VEGF gene expression.,Chem Biol Interact,2023
37258566,literature_discovery,derived_annotations_only,abstract_metadata_only,core,sirna_seed_toxicity_broad_2020_2026,0,Pak1 pathway hyper-activation mediates resistance to endocrine therapy and CDK4/6 inhibitors in ER+ breast cancer.,NPJ Breast Cancer,2023
37253281,literature_discovery,derived_annotations_only,abstract_metadata_only,core,aso_thrombocytopenia_complement_2020_2026,0,Long-term effects of volanesorsen on triglycerides and pancreatitis in patients with familial chylomicronaemia syndrome (FCS) in the UK Early Access to Medicines Scheme (EAMS).,Atherosclerosis,2023
37251692,literature_discovery,derived_annotations_only,abstract_metadata_only,core,aso_offtarget_transcriptome_2023_2026,0,Modified ASO conjugates encapsulated with cytidinyl/cationic lipids exhibit more potent and longer-lasting anti-HCC effects.,Mol Ther Nucleic Acids,2023
37248637,literature_discovery,derived_annotations_only,abstract_metadata_only,core,sirna_seed_toxicity_broad_2020_2026,0,Gm527 deficiency in dentate gyrus improves memory through upregulating dopamine D1 receptor pathway.,CNS Neurosci Ther,2023
37244630,literature_discovery,derived_annotations_only,abstract_metadata_only,secondary,sirna_clinical_safety_2023_2026,0,SUMO1 Modification Stabilizes TET3 Protein and Increases Colorectal Cancer Radiation Therapy Sensitivity.,Int J Radiat Oncol Biol Phys,2023
37244121,literature_discovery,derived_annotations_only,abstract_metadata_only,core,oligo_chemistry_toxicity_mechanism_2020_2026,0,Fast and slow releasing sulphide donors engender distinct transcriptomic alterations in Atlantic salmon hepatocytes.,Aquat Toxicol,2023
37242702,literature_discovery,derived_annotations_only,abstract_metadata_only,core,oligo_sequence_dependent_toxicity_2020_2026,0,Evaluation of Poly(N-Ethyl Pyrrolidine Methacrylamide) (EPA) and Derivatives as Polymeric Vehicles for miRNA Delivery to Neural Cells.,Pharmaceutics,2023
37242692,literature_discovery,derived_annotations_only,abstract_metadata_only,core,sirna_seed_toxicity_broad_2020_2026,0,Advances and Challenges of Stimuli-Responsive Nucleic Acids Delivery System in Gene Therapy.,Pharmaceutics,2023
37238946,literature_discovery,derived_annotations_only,abstract_metadata_only,secondary,oligo_drug_discovery_safety_review_2020_2026,0,RNA Therapeutics: A Healthcare Paradigm Shift.,Biomedicines,2023
37232893,literature_discovery,derived_annotations_only,abstract_metadata_only,core,aso_thrombocytopenia_complement_2020_2026,0,In-Situ Fabrication of Electroactive Cu(2+)-Trithiocyanate Complex and Its Application for Label-Free Electrochemical Aptasensing of Thrombin.,Biosensors (Basel),2023
37231695,literature_discovery,derived_annotations_only,abstract_metadata_only,core,oligo_chemistry_toxicity_mechanism_2020_2026,0,Endovascular therapy outcome in isolated posterior cerebral artery occlusion strokes: A multicenter analysis of the Swiss Stroke Registry.,Eur Stroke J,2023
37230224,literature_discovery,derived_annotations_only,abstract_metadata_only,core,aso_offtarget_transcriptome_2023_2026,0,A wave of deep intronic mutations in X-linked Alport syndrome.,Kidney Int,2023
37225674,literature_discovery,derived_annotations_only,abstract_metadata_only,secondary,sirna_clinical_safety_2023_2026,0,The role of bacterial infections in rheumatoid arthritis development and novel therapeutic interventions: Focus on oral infections.,J Clin Lab Anal,2023
37223095,literature_discovery,derived_annotations_only,abstract_metadata_only,core,aso_immune_complement_safety_2023_2026,0,An essential role of adenosine deaminase acting on RNA 1 in coeliac disease mucosa.,Front Immunol,2023
37219994,literature_discovery,derived_annotations_only,abstract_metadata_only,secondary,sso_splice_oligo_safety_2020_2026,0,"Duchenne Muscular Dystrophy Gene Therapy in 2023: Status, Perspective, and Beyond.",Hum Gene Ther,2023
37216819,literature_discovery,derived_annotations_only,abstract_metadata_only,core,oligo_chemistry_toxicity_mechanism_2020_2026,0,"Novel morphological mono-metallic substituted polyoxometalate immobilized 3-(aminopropyl)-imidazole photocatalysts for visible-light driven degradation: Anti-bacterial activity, membrane bacterial activity applications.",Spectrochim Acta A Mol Biomol Spectrosc,2023
37215148,literature_discovery,derived_annotations_only,abstract_metadata_only,core,aso_offtarget_transcriptome_2023_2026,0,LncRNA ZNF593-AS alleviates diabetic cardiomyopathy via suppressing IRF3 signaling pathway.,Mol Ther Nucleic Acids,2023
37215013,literature_discovery,derived_annotations_only,abstract_metadata_only,secondary,sso_splice_oligo_safety_2020_2026,0,Elevated nuclear TDP-43 induces constitutive exon skipping.,bioRxiv,2023
37214870,literature_discovery,derived_annotations_only,abstract_metadata_only,core,oligo_chemistry_toxicity_mechanism_2020_2026,0,Deletion of miR-146a enhances therapeutic protein restoration in model of dystrophin exon skipping.,bioRxiv,2023
37209558,literature_discovery,derived_annotations_only,abstract_metadata_only,core,oligo_sequence_dependent_toxicity_2020_2026,0,Two-dimensional material-enhanced surface plasmon resonance for antibiotic sensing.,J Hazard Mater,2023
37208130,literature_discovery,derived_annotations_only,abstract_metadata_only,core,aso_immune_complement_safety_2023_2026,0,Dual TLR9 and PD-L1 targeting unleashes dendritic cells to induce durable antitumor immunity.,J Immunother Cancer,2023
37207608,literature_discovery,derived_annotations_only,abstract_metadata_only,core,oligo_sequence_dependent_toxicity_2020_2026,0,Mismatched duplexed aptamer-isothermal amplification-based nucleic acid-nanoflower for fluorescent detection of okadaic acid.,Food Chem,2023
37207518,literature_discovery,derived_annotations_only,abstract_metadata_only,core,sirna_seed_toxicity_broad_2020_2026,0,Single-cell RNA seq identifies Plg-R(KT)-PLG as signals inducing phenotypic transformation of scar-associated macrophage in liver fibrosis.,Biochim Biophys Acta Mol Basis Dis,2023
37204482,literature_discovery,derived_annotations_only,abstract_metadata_only,core,oligo_sequence_dependent_toxicity_2020_2026,0,Bioorthogonally Activatable Autophagy-Tethering Compounds for Aptamer-Guided Mitochondrial Degradation.,Nano Lett,2023
37204115,literature_discovery,derived_annotations_only,abstract_metadata_only,core,aso_thrombocytopenia_complement_2020_2026,0,Repurposing CRISPR/Cas to Discover SARS-CoV-2 Detecting and Neutralizing Aptamers.,Adv Sci (Weinh),2023
37203277,literature_discovery,derived_annotations_only,abstract_metadata_only,core,sirna_seed_toxicity_broad_2020_2026,0,Remodeling Serine Synthesis and Metabolism via Nanoparticles (NPs)-Mediated CFL1 Silencing to Enhance the Sensitivity of Hepatocellular Carcinoma to Sorafenib.,Adv Sci (Weinh),2023
37201874,literature_discovery,derived_annotations_only,abstract_metadata_only,core,sirna_seed_toxicity_broad_2020_2026,0,"Targeted and functional genomics approaches to the mechanism of action of lagunamide D, a mitochondrial cytotoxin from marine cyanobacteria.",Biochem Pharmacol,2023
37195939,literature_discovery,derived_annotations_only,abstract_metadata_only,core,aso_thrombocytopenia_complement_2020_2026,0,Parameterization of the miniPEG-Modified γPNA Backbone: Toward Induced γPNA Duplex Dissociation.,J Chem Theory Comput,2023
37194523,literature_discovery,derived_annotations_only,abstract_metadata_only,secondary,sso_splice_oligo_safety_2020_2026,0,[Drugs for Genetic Myopathy].,Brain Nerve,2023
37194505,literature_discovery,derived_annotations_only,abstract_metadata_only,core,aso_thrombocytopenia_complement_2020_2026,0,[Recent Advances in Novel Therapies for Neurological Diseases: An Overview and Future Scope].,Brain Nerve,2023
37178600,literature_discovery,derived_annotations_only,abstract_metadata_only,core,oligo_sequence_dependent_toxicity_2020_2026,0,A dual-mode ratiometric aptasensor for accurate detection of pathogenic bacteria based on recycling of DNAzyme activation.,Food Chem,2023
37176113,literature_discovery,derived_annotations_only,abstract_metadata_only,core,aso_thrombocytopenia_complement_2020_2026,0,Alpha-Deoxyguanosine to Reshape the Alpha-Thrombin Binding Aptamer.,Int J Mol Sci,2023
37175900,literature_discovery,derived_annotations_only,abstract_metadata_only,core,aso_immune_complement_safety_2023_2026,0,PD-L1 Exon 3 Is a Hidden Switch of Its Expression and Function in Oral Cancer Cells.,Int J Mol Sci,2023
37175747,literature_discovery,derived_annotations_only,abstract_metadata_only,core,sirna_seed_toxicity_broad_2020_2026,0,"OsMADS1 Regulates Grain Quality, Gene Expressions, and Regulatory Networks of Starch and Storage Protein Metabolisms in Rice.",Int J Mol Sci,2023
37174727,literature_discovery,derived_annotations_only,abstract_metadata_only,core,oligo_chemistry_toxicity_mechanism_2020_2026,0,Embryonic Ethanol but Not Cannabinoid Exposure Affects Zebrafish Cardiac Development via Agrin and Sonic Hedgehog Interaction.,Cells,2023
37168537,literature_discovery,derived_annotations_only,abstract_metadata_only,secondary,sso_splice_oligo_safety_2020_2026,0,Genome-wide transcriptomic analysis identifies candidate genes involved in jasmonic acid-mediated salt tolerance of alfalfa.,PeerJ,2023
37163255,literature_discovery,derived_annotations_only,abstract_metadata_only,core,aso_immune_complement_safety_2023_2026,0,Developments in pharmacotherapeutic agents for hepatitis B - how close are we to a functional cure?,Expert Opin Pharmacother,2023
37161507,literature_discovery,derived_annotations_only,abstract_metadata_only,core,sirna_seed_toxicity_broad_2020_2026,0,Silencing SlPP2C expression delayed plant senescence and fruit ripening in tomato.,Physiol Plant,2023
37160224,literature_discovery,derived_annotations_only,abstract_metadata_only,core,sirna_seed_toxicity_broad_2020_2026,0,Proteomics of wheat and barley cereals in response to environmental stresses: Current state and future challenges.,J Proteomics,2023
37159224,literature_discovery,derived_annotations_only,abstract_metadata_only,core,aso_thrombocytopenia_complement_2020_2026,0,Triple-Stranded DNA As a Structural Element in DNA Origami.,ACS Nano,2023
37158381,literature_discovery,derived_annotations_only,abstract_metadata_only,core,oligo_sequence_dependent_toxicity_2020_2026,0,Self-constrained DNAzyme for aptamer-based and sensitive label-free fluorescent assay of sarafloxacin via signal amplification cascades.,Analyst,2023
37149147,literature_discovery,derived_annotations_only,abstract_metadata_only,core,oligo_chemistry_toxicity_mechanism_2020_2026,0,Kinetic analysis of RNA cleavage by coronavirus Nsp15 endonuclease: Evidence for acid-base catalysis and substrate-dependent metal ion activation.,J Biol Chem,2023
37147890,literature_discovery,derived_annotations_only,abstract_metadata_only,core,chemical_modification_oligo_safety_2023_2026,0,A single ascending dose study of single-stranded oligodeoxyribonucleotide RO7062931 in Chinese healthy volunteers.,Clin Transl Sci,2023
37146819,literature_discovery,derived_annotations_only,abstract_metadata_only,core,sirna_seed_toxicity_broad_2020_2026,0,A sublethal dose of neonicotinoid imidacloprid precisely sensed and detoxified by a C-minus odorant-binding protein 17 highly expressed in the legs of Apis cerana.,Sci Total Environ,2023
37145207,literature_discovery,derived_annotations_only,abstract_metadata_only,core,aso_immune_complement_safety_2023_2026,0,ASO Author Reflections: Characteristics of the Relationship Between IL-6 Levels and Tumor Microenvironment in Patients with Colorectal Cancer.,Ann Surg Oncol,2023
37138615,literature_discovery,derived_annotations_only,abstract_metadata_only,core,sirna_seed_toxicity_broad_2020_2026,0,Transcriptomic alterations in the sweet orange vasculature correlate with growth repression induced by a variant of citrus tristeza virus.,Front Microbiol,2023
37130452,literature_discovery,derived_annotations_only,abstract_metadata_only,core,oligo_sequence_dependent_toxicity_2020_2026,0,Ultrasensitive fluorescence sensor for Hg(2+) in food based on three-dimensional upconversion nanoclusters and aptamer-modulated thymine-Hg(2+)-thymine strategy.,Food Chem,2023
37122688,literature_discovery,derived_annotations_only,abstract_metadata_only,core,oligo_chemistry_safety_broad_2010_2026,0,Hepatocyte mARC1 promotes fatty liver disease.,JHEP Rep,2023
37121518,literature_discovery,derived_annotations_only,abstract_metadata_only,core,oligo_sequence_dependent_toxicity_2020_2026,0,"A bionic ""Trojan horse""-like gene delivery system hybridized with tumor and macrophage cell membrane for cancer therapy.",J Control Release,2023
37121412,literature_discovery,derived_annotations_only,abstract_metadata_only,core,sirna_seed_toxicity_broad_2020_2026,0,Outer fold is sole effective tissue among three mantle folds with regard to oyster shell colour.,Int J Biol Macromol,2023
37117194,literature_discovery,derived_annotations_only,abstract_metadata_only,core,chemical_modification_oligo_safety_2023_2026,0,An aptamer-based depot system for sustained release of small molecule therapeutics.,Nat Commun,2023
37116752,literature_discovery,derived_annotations_only,abstract_metadata_only,core,aso_thrombocytopenia_complement_2020_2026,0,News at XI: moving beyond factor Xa inhibitors.,J Thromb Haemost,2023
37114828,literature_discovery,derived_annotations_only,abstract_metadata_only,core,aso_immune_complement_safety_2023_2026,0,Recent advances in treating hypertriglyceridemia in patients at high risk of cardiovascular disease with apolipoprotein C-III inhibitors.,Expert Opin Pharmacother,2023
37110155,literature_discovery,derived_annotations_only,abstract_metadata_only,core,oligo_chemistry_toxicity_mechanism_2020_2026,0,Targeted Metabolomics of Organophosphate Pesticides and Chemical Warfare Nerve Agent Simulants Using High- and Low-Dose Exposure in Human Liver Microsomes.,Metabolites,2023
37106439,literature_discovery,derived_annotations_only,abstract_metadata_only,core,oligo_chemistry_toxicity_mechanism_2020_2026,0,"Zebrafish ambra1b knockout reveals a novel role for Ambra1 in primordial germ cells survival, sex differentiation and reproduction.",Biol Res,2023
37104842,literature_discovery,derived_annotations_only,abstract_metadata_only,core,sirna_seed_toxicity_broad_2020_2026,0,Transcriptomics Reveals the Killing Mechanism by Which Entomopathogenic Fungi Manipulate the RNA Expression Profiles of Termites and Provides Inspiration for Green Pest Management.,J Agric Food Chem,2023
37100169,literature_discovery,derived_annotations_only,abstract_metadata_only,secondary,oligo_drug_discovery_safety_review_2020_2026,0,Applications of Anti-CRISPR Proteins in Genome Editing and Biotechnology.,J Mol Biol,2023
37099179,literature_discovery,derived_annotations_only,abstract_metadata_only,secondary,sso_splice_oligo_safety_2020_2026,0,Production of MSTN knockout porcine cells using adenine base-editing-mediated exon skipping.,In Vitro Cell Dev Biol Anim,2023
37098245,literature_discovery,derived_annotations_only,abstract_metadata_only,core,oligo_sequence_dependent_toxicity_2020_2026,0,Enzyme-Linked Immunosorbent Assay-Based Microarray on a Chip for Bioaerosol Sensing: Toward Sensitive and Multiplexed Profiling of Foodborne Allergens.,Anal Chem,2023
37097282,literature_discovery,derived_annotations_only,abstract_metadata_only,core,oligo_sequence_dependent_toxicity_2020_2026,0,Detection of saxitoxin by a SERS aptamer sensor based on enzyme cycle amplification technology.,Analyst,2023
37096555,literature_discovery,derived_annotations_only,abstract_metadata_only,core,chemical_modification_oligo_safety_2023_2026,0,Emerging drugs for hepatitis D.,Expert Opin Emerg Drugs,2023
37094656,literature_discovery,derived_annotations_only,abstract_metadata_only,core,aso_offtarget_transcriptome_2023_2026,0,Frequency of HER2 protein overexpression and HER2 gene amplification in endometrial clear cell carcinoma.,Hum Pathol,2023
37093131,literature_discovery,derived_annotations_only,abstract_metadata_only,core,aso_thrombocytopenia_complement_2020_2026,0,Positive Allosteric Modulation of Antithrombin's Inhibitory Activity by RNA Aptamers.,Nucleic Acid Ther,2023
37092689,literature_discovery,derived_annotations_only,abstract_metadata_only,core,oligo_chemistry_toxicity_mechanism_2020_2026,0,Discovery of Three Organothiophosphate Esters in River Water Using High-Resolution Mass Spectrometry.,Environ Sci Technol,2023
37080904,literature_discovery,derived_annotations_only,abstract_metadata_only,core,oligo_sequence_dependent_toxicity_2020_2026,0,Simultaneous Dual-Sensing Platform Based on Aptamer-Functionalized DNA Hydrogels for Visual and Fluorescence Detection of Chloramphenicol and Aflatoxin M1.,Bioconjug Chem,2023
37078211,literature_discovery,derived_annotations_only,abstract_metadata_only,secondary,sso_splice_oligo_safety_2020_2026,0,[Chinese multidisciplinary expert consensus on the management of adverse drug reactions associated with savolitinib].,Zhonghua Zhong Liu Za Zhi,2023
37078141,literature_discovery,derived_annotations_only,abstract_metadata_only,core,sirna_seed_toxicity_broad_2020_2026,0,Circular RNA circTNIK promotes tumor progression and metastasis in gastric cancer by regulating ZEB2.,J Gastroenterol Hepatol,2023
37078062,literature_discovery,derived_annotations_only,abstract_metadata_only,core,aso_offtarget_transcriptome_2023_2026,0,Self-transfecting GMO-PMO chimera targeting Nanog enable gene silencing in vitro and suppresses tumor growth in 4T1 allografts in mouse.,Mol Ther Nucleic Acids,2023
37075800,literature_discovery,derived_annotations_only,abstract_metadata_only,core,sirna_seed_toxicity_broad_2020_2026,0,Epithelial CST1 Promotes Airway Eosinophilic Inflammation in Asthma via the AKT Signaling Pathway.,Allergy Asthma Immunol Res,2023
37075612,literature_discovery,derived_annotations_only,abstract_metadata_only,core,aso_thrombocytopenia_complement_2020_2026,0,PEC thrombin aptasensor based on Ag-Ag(2)S decorated hematite photoanode with signal-down effect of precipitation catalyzed by G-quadruplexes/hemin.,Biosens Bioelectron,2023
37066790,literature_discovery,derived_annotations_only,abstract_metadata_only,core,sirna_seed_toxicity_broad_2020_2026,0,SOX17 Enhancer Variants Disrupt Transcription Factor Binding And Enhancer Inactivity Drives Pulmonary Hypertension.,Circulation,2023
37066195,literature_discovery,derived_annotations_only,abstract_metadata_only,core,aso_offtarget_transcriptome_2023_2026,0,The Functional RNA Identification (FRID) Pipeline: Identification of Potential Pseudoknot-Containing RNA Elements as Therapeutic Targets for SARS-CoV-2.,bioRxiv,2023
37064777,literature_discovery,derived_annotations_only,abstract_metadata_only,core,aso_thrombocytopenia_complement_2020_2026,0,In vivo genome editing for hemophilia B therapy by the combination of rebalancing and therapeutic gene knockin using a viral and non-viral vector.,Mol Ther Nucleic Acids,2023
37059808,literature_discovery,derived_annotations_only,abstract_metadata_only,core,aso_offtarget_transcriptome_2023_2026,0,Enhancement of zebrafish sperm production via a large body-sized surrogate with germ cell transplantation.,Commun Biol,2023
37059380,literature_discovery,derived_annotations_only,abstract_metadata_only,core,sirna_seed_toxicity_broad_2020_2026,0,DBP induced autophagy and necrotic apoptosis in HepG2 cells via the mitochondrial damage pathway.,Food Chem Toxicol,2023
37058844,literature_discovery,derived_annotations_only,abstract_metadata_only,core,oligo_chemistry_toxicity_mechanism_2020_2026,0,Alpha-thiol deoxynucleotide triphosphates (S-dNTPs) as radioprotective agents: A novel approach.,Biochem Biophys Res Commun,2023
37050317,literature_discovery,derived_annotations_only,abstract_metadata_only,core,oligo_chemistry_toxicity_mechanism_2020_2026,0,"Synthesis of Novel 2,9-Disubstituted-6-morpholino Purine Derivatives Assisted by Virtual Screening and Modelling of Class I PI3K Isoforms.",Polymers (Basel),2023
37042966,literature_discovery,derived_annotations_only,abstract_metadata_only,core,aso_thrombocytopenia_complement_2020_2026,0,Histidine-rich glycoprotein attenuates catheter thrombosis.,Blood Adv,2023
37041291,literature_discovery,derived_annotations_only,abstract_metadata_only,core,aso_offtarget_transcriptome_2023_2026,0,Long non-coding RNA HIF1A-As2 and MYC form a double-positive feedback loop to promote cell proliferation and metastasis in KRAS-driven non-small cell lung cancer.,Cell Death Differ,2023
37040811,literature_discovery,derived_annotations_only,abstract_metadata_only,core,aso_thrombocytopenia_complement_2020_2026,0,Oligochitosan-based nanovesicles for nonalcoholic fatty liver disease treatment via the FXR/miR-34a/SIRT1 regulatory loop.,Acta Biomater,2023
37036589,literature_discovery,derived_annotations_only,abstract_metadata_only,core,aso_kidney_toxicity_2020_2026,0,ASO Author Reflections: Comparison of Perioperative Outcomes and Complications of Laparoscopic and Robotic Nephroureterectomy Approaches in Patients with Upper-Tract Urothelial Carcinoma.,Ann Surg Oncol,2023
37031257,literature_discovery,derived_annotations_only,abstract_metadata_only,core,sirna_seed_toxicity_broad_2020_2026,0,RNAi-mediated rheostat for dynamic control of AAV-delivered transgenes.,Nat Commun,2023
37030566,literature_discovery,derived_annotations_only,abstract_metadata_only,core,oligo_sequence_dependent_toxicity_2020_2026,0,Discovery of novel PROTACs based on multi-targeted angiogenesis inhibitors.,Bioorg Med Chem Lett,2023
37028619,literature_discovery,derived_annotations_only,abstract_metadata_only,core,aso_thrombocytopenia_complement_2020_2026,0,Photoreversible DNA nanoswitch-based eluent-free strategy for the direct and effective isolation of highly-active thrombin from whole blood.,Int J Biol Macromol,2023
37028002,literature_discovery,derived_annotations_only,abstract_metadata_only,core,oligo_sequence_dependent_toxicity_2020_2026,0,Functional DNA sensors integrated with nucleic acid signal amplification strategies for non-nucleic acid targets detection.,Biosens Bioelectron,2023
37021909,literature_discovery,derived_annotations_only,abstract_metadata_only,secondary,galnac_conjugate_clinical_safety_2020_2026,0,The N-Acetylgalactosamine-conjugated small interfering RNA inclisiran can be coadministered safely with atorvastatin in cynomolgus monkeys resulting in additive low-density lipoprotein cholesterol reductions.,Pharmacol Res Perspect,2023
37020682,literature_discovery,derived_annotations_only,abstract_metadata_only,core,aso_thrombocytopenia_complement_2020_2026,0,STAT3 silencing by an aptamer-based strategy hampers the crosstalk between NSCLC cells and cancer-associated fibroblasts.,Mol Ther Nucleic Acids,2023
37014628,literature_discovery,derived_annotations_only,abstract_metadata_only,core,sirna_seed_toxicity_broad_2020_2026,0,Nicotinamide-N-methyltransferase regulates lipid metabolism via SAM and 1-methylnicotinamide in the AML12 hepatocyte cell line.,J Biochem,2023
37013991,literature_discovery,derived_annotations_only,abstract_metadata_only,core,aso_kidney_toxicity_2020_2026,0,Crystal structures and identification of novel Cd2+-specific DNA aptamer.,Nucleic Acids Res,2023
37009655,literature_discovery,derived_annotations_only,abstract_metadata_only,core,aso_immune_complement_safety_2023_2026,0,CircPVT1 promotes ER-positive breast tumorigenesis and drug resistance by targeting ESR1 and MAVS.,EMBO J,2023
37006693,literature_discovery,derived_annotations_only,abstract_metadata_only,core,aso_thrombocytopenia_complement_2020_2026,0,Electrochemical response of surface-attached redox DNA governed by low activation energy electron transfer kinetics.,Chem Sci,2023
37003182,literature_discovery,derived_annotations_only,abstract_metadata_only,core,aso_thrombocytopenia_complement_2020_2026,0,Perylene derivative and persulfate as highly efficient electrochemical system for constructing sensitive amperometric aptasensor.,Talanta,2023
37002654,literature_discovery,derived_annotations_only,abstract_metadata_only,core,chemical_modification_oligo_safety_2023_2026,0,"A multi-purpose Japanese phase I study in the global development of vupanorsen: Randomized, placebo-controlled, single-ascending dose study in adults.",Clin Transl Sci,2023
37000227,literature_discovery,derived_annotations_only,abstract_metadata_only,core,oligo_sequence_dependent_toxicity_2020_2026,0,Isolation and physiological properties of methanogenic archaea that degrade tetramethylammonium hydroxide.,Appl Microbiol Biotechnol,2023
36999526,literature_discovery,derived_annotations_only,abstract_metadata_only,secondary,sso_splice_oligo_safety_2020_2026,0,Plain language summary of the development of tepotinib: a treatment for a subtype of non-small cell lung cancer called MET exon 14 skipping.,Future Oncol,2023
36993640,literature_discovery,derived_annotations_only,abstract_metadata_only,core,sirna_seed_toxicity_broad_2020_2026,0,Beyond the reference: gene expression variation and transcriptional response to RNAi in C. elegans.,bioRxiv,2023
36993169,literature_discovery,derived_annotations_only,abstract_metadata_only,core,oligo_therapeutics_safety_2023_2026,0,Self-delivering CRISPR RNAs for AAV Co-delivery and Genome Editing in vivo.,bioRxiv,2023
36992553,literature_discovery,derived_annotations_only,abstract_metadata_only,core,aso_immune_complement_safety_2023_2026,0,Genome-wide detection of changes in allelic frequency in Landrace pigs selected for resistance to mycoplasma pneumonia of swine.,Anim Sci J,2023
36979562,literature_discovery,derived_annotations_only,abstract_metadata_only,core,aso_kidney_toxicity_2020_2026,0,Detection of Alpha Fetoprotein Based on AIEgen Nanosphere Labeled Aptamer Combined with Sandwich Structure of Magnetic Gold Nanocomposites.,Biosensors (Basel),2023
36964708,literature_discovery,derived_annotations_only,abstract_metadata_only,core,sirna_seed_toxicity_broad_2020_2026,0,Expressions and functions of RR-1 cuticular protein genes in the integument of Mythimna separata.,J Econ Entomol,2023
36963943,literature_discovery,derived_annotations_only,abstract_metadata_only,core,sirna_seed_toxicity_broad_2020_2026,0,Functional characterization of cytochrome P450s associated with pyrethroid resistance in the olive fruit fly Bactrocera oleae.,Pestic Biochem Physiol,2023
36963929,literature_discovery,derived_annotations_only,abstract_metadata_only,core,sirna_seed_toxicity_broad_2020_2026,0,"SfDicer1 participates in the regulation of molting development and reproduction in the white-backed planthopper, Sogatella furcifera.",Pestic Biochem Physiol,2023
36963652,literature_discovery,derived_annotations_only,abstract_metadata_only,secondary,sso_splice_oligo_safety_2020_2026,0,Duchenne muscular dystrophy: Current treatment and emerging exon skipping and gene therapy approach.,Eur J Pharmacol,2023
36963459,literature_discovery,derived_annotations_only,abstract_metadata_only,core,sirna_seed_toxicity_broad_2020_2026,0,Milk/colostrum exosomes: A nanoplatform advancing delivery of cancer therapeutics.,Cancer Lett,2023
36959354,literature_discovery,derived_annotations_only,abstract_metadata_only,core,oligo_sequence_dependent_toxicity_2020_2026,0,An electrochemical aptasensor for detection of streptomycin based on signal amplification assisted by functionalized gold nanoparticles and hybridization chain reaction.,Mikrochim Acta,2023
36948709,literature_discovery,derived_annotations_only,abstract_metadata_only,core,aso_thrombocytopenia_complement_2020_2026,0,Protein labeling and crosslinking by covalent aptamers.,Methods Enzymol,2023
36948344,literature_discovery,derived_annotations_only,abstract_metadata_only,core,aso_thrombocytopenia_complement_2020_2026,0,Biomedical applications of aptamer-modified chitosan nanomaterials: An updated review.,Int J Biol Macromol,2023
36945453,literature_discovery,derived_annotations_only,abstract_metadata_only,core,sirna_seed_toxicity_broad_2020_2026,0,From GWAS to signal validation: An approach for estimating genetic effects while preserving genomic context.,bioRxiv,2023
36941391,literature_discovery,derived_annotations_only,abstract_metadata_only,secondary,oligo_drug_discovery_safety_review_2020_2026,0,Hydrogels for RNA delivery.,Nat Mater,2023
36938058,literature_discovery,derived_annotations_only,abstract_metadata_only,core,sirna_seed_toxicity_broad_2020_2026,0,Integrative transcriptomic and proteomic analyses reveal a positive role of BES1 in salt tolerance in Arabidopsis.,Front Plant Sci,2023
36933490,literature_discovery,derived_annotations_only,abstract_metadata_only,core,sirna_seed_toxicity_broad_2020_2026,0,Honokiol reduces fungal burden and ameliorate inflammation lesions of Aspergillus fumigatus keratitis via Dectin-2 down-regulation.,Int Immunopharmacol,2023
36933442,literature_discovery,derived_annotations_only,abstract_metadata_only,core,aso_thrombocytopenia_complement_2020_2026,0,A fluorescence biosensor based on DNA aptamers-COF for highly selective detection of ATP and thrombin.,Spectrochim Acta A Mol Biomol Spectrosc,2023
36923470,literature_discovery,derived_annotations_only,abstract_metadata_only,core,aso_thrombocytopenia_complement_2020_2026,0,Molecular effects of site-specific phosphate-methylated primer on the structure and motions of Taq DNA polymerase.,Comput Struct Biotechnol J,2023
36913879,literature_discovery,derived_annotations_only,abstract_metadata_only,core,oligo_chemistry_toxicity_mechanism_2020_2026,0,"Oxazolo[5,4-f]quinoxaline-type selective inhibitors of glycogen synthase kinase-3α (GSK-3α): Development and impact on temozolomide treatment of glioblastoma cells.",Bioorg Chem,2023
36913671,literature_discovery,derived_annotations_only,abstract_metadata_only,core,aso_kidney_toxicity_2020_2026,0,Engineered Toll-like Receptor Nanoagonist Binding to Extracellular Matrix Elicits Safe and Robust Antitumor Immunity.,ACS Nano,2023
36913497,literature_discovery,derived_annotations_only,abstract_metadata_only,core,aso_thrombocytopenia_complement_2020_2026,0,Pharmacology and Clinical Development of Factor XI Inhibitors.,Circulation,2023
36913398,literature_discovery,derived_annotations_only,abstract_metadata_only,core,aso_thrombocytopenia_complement_2020_2026,0,Antibody conjugates for targeted delivery of Toll-like receptor 9 agonist to the tumor tissue.,PLoS One,2023
36912710,literature_discovery,derived_annotations_only,abstract_metadata_only,core,sirna_seed_toxicity_broad_2020_2026,0,"Structural and functional insights into the ATP-binding cassette transporter family in the corn planthopper, Peregrinus maidis.",Insect Mol Biol,2023
36910716,literature_discovery,derived_annotations_only,abstract_metadata_only,core,aso_thrombocytopenia_complement_2020_2026,0,Inhalation of an RNA aptamer that selectively binds extracellular histones protects from acute lung injury.,Mol Ther Nucleic Acids,2023
36893927,literature_discovery,derived_annotations_only,abstract_metadata_only,core,oligo_chemistry_toxicity_mechanism_2020_2026,0,Diflovidazin damages the hematopoietic stem cells to zebrafish embryos via the TLR4/ NF-κB/ p53 pathway.,Fish Shellfish Immunol,2023
36892756,literature_discovery,derived_annotations_only,abstract_metadata_only,core,oligo_chemistry_toxicity_mechanism_2020_2026,0,The Origin of Left-Handed Poly[d(G-C)].,Methods Mol Biol,2023
36880658,literature_discovery,derived_annotations_only,abstract_metadata_only,core,aso_immune_complement_safety_2023_2026,0,A proinflammatory long noncoding RNA Lncenc1 regulates inflammasome activation in macrophage.,Am J Physiol Lung Cell Mol Physiol,2023
36878503,literature_discovery,derived_annotations_only,abstract_metadata_only,core,sirna_seed_toxicity_broad_2020_2026,0,[Biological function and clinical significance of long non-coding RNA LINC00342 in head and neck squamous carcinoma].,Zhonghua Er Bi Yan Hou Tou Jing Wai Ke Za Zhi,2023
36874110,literature_discovery,derived_annotations_only,abstract_metadata_only,core,sirna_seed_toxicity_broad_2020_2026,0,Molecular features and predictive models identify the most lethal subtype and a therapeutic target for osteosarcoma.,Front Oncol,2023
36865698,literature_discovery,derived_annotations_only,abstract_metadata_only,core,aso_immune_complement_safety_2023_2026,0,Impact of the COVID-19 pandemic on the digitization of routine pediatric practice in Spain: A nationwide survey study.,Front Pediatr,2023
36864908,literature_discovery,derived_annotations_only,abstract_metadata_only,secondary,sso_splice_oligo_safety_2020_2026,0,Delivery challenges for CRISPR-Cas9 genome editing for Duchenne muscular dystrophy.,Biophys Rev (Melville),2023
36858391,literature_discovery,derived_annotations_only,abstract_metadata_only,core,oligo_chemistry_toxicity_mechanism_2020_2026,0,[Jianpi Peiyuan acupoint thread embedding therapy for perimenopausal obesity: a randomized controlled trial].,Zhongguo Zhen Jiu,2023
36855062,literature_discovery,derived_annotations_only,abstract_metadata_only,core,sirna_seed_toxicity_broad_2020_2026,0,Lactoferrin suppresses the progression of colon cancer under hyperglycemia by targeting WTAP/m(6)A/NT5DC3/HKDC1 axis.,J Transl Med,2023
36849508,literature_discovery,derived_annotations_only,abstract_metadata_only,core,aso_immune_complement_safety_2023_2026,0,Itaconate ameliorates autoimmunity by modulating T cell imbalance via metabolic and epigenetic reprogramming.,Nat Commun,2023
36847083,literature_discovery,derived_annotations_only,abstract_metadata_only,core,sirna_seed_toxicity_broad_2020_2026,0,[Strategies for exogenous RNA delivery in RNAi-mediated pest management].,Sheng Wu Gong Cheng Xue Bao,2023
36839926,literature_discovery,derived_annotations_only,abstract_metadata_only,core,aso_thrombocytopenia_complement_2020_2026,0,The Regioselective Conjugation of the 15-nt Thrombin Aptamer with an Optimized Tripeptide Sequence Greatly Increases the Anticoagulant Activity of the Aptamer.,Pharmaceutics,2023
36836615,literature_discovery,derived_annotations_only,abstract_metadata_only,core,oligo_chemistry_toxicity_mechanism_2020_2026,0,IGFBP-6 Alters Mesenchymal Stromal Cell Phenotype Driving Dasatinib Resistance in Chronic Myeloid Leukemia.,Life (Basel),2023
36834935,literature_discovery,derived_annotations_only,abstract_metadata_only,core,oligo_therapeutics_safety_2023_2026,0,bioTCIs: Middle-to-Macro Biomolecular Targeted Covalent Inhibitors Possessing Both Semi-Permanent Drug Action and Stringent Target Specificity as Potential Antibody Replacements.,Int J Mol Sci,2023
36831000,literature_discovery,derived_annotations_only,abstract_metadata_only,core,aso_offtarget_transcriptome_2023_2026,0,Micro Ribonucleic Acid-29a (miR-29a) Antagonist Normalizes Bone Metabolism in Osteogenesis Imperfecta (OI) Mice Model.,Biomedicines,2023
36827388,literature_discovery,derived_annotations_only,abstract_metadata_only,core,aso_thrombocytopenia_complement_2020_2026,0,The DNA binding domain and the C-terminal region of DNA Ligase IV specify its role in V(D)J recombination.,PLoS One,2023
36825747,literature_discovery,derived_annotations_only,abstract_metadata_only,core,aso_thrombocytopenia_complement_2020_2026,0,Target-Synergized Biologically Mediated RAFT Polymerization for Electrochemical Aptasensing of Femtomolar Thrombin.,Anal Chem,2023
36822634,literature_discovery,derived_annotations_only,abstract_metadata_only,core,oligo_chemistry_toxicity_mechanism_2020_2026,0,"Inhaled anti-TSLP antibody fragment, ecleralimab, blocks responses to allergen in mild asthma.",Eur Respir J,2023
36817441,literature_discovery,derived_annotations_only,abstract_metadata_only,core,aso_immune_complement_safety_2023_2026,0,Persistence of spike-specific immune responses in BNT162b2-vaccinated donors and generation of rapid ex-vivo T cells expansion protocol for adoptive immunotherapy: A pilot study.,Front Immunol,2023
36813455,literature_discovery,derived_annotations_only,abstract_metadata_only,core,oligo_sequence_dependent_toxicity_2020_2026,0,Confinement of defect-rich bimetallic In(2)O(3)/CeO(2) nanocrystals in mesoporous nitrogen-doped carbon as a sensitive platform for photoelectrochemical aptasensing of Escherichia coli.,Anal Chim Acta,2023
36813076,literature_discovery,derived_annotations_only,abstract_metadata_only,core,sirna_seed_toxicity_broad_2020_2026,0,Effect of sevoflurane anesthesia to neonatal rat hippocampus by RNA-seq.,Neurosci Lett,2023
36813011,literature_discovery,derived_annotations_only,abstract_metadata_only,secondary,oligo_drug_discovery_safety_review_2020_2026,0,Technological aspects of manufacturing and analytical control of biological nanoparticles.,Biotechnol Adv,2023
36807817,literature_discovery,derived_annotations_only,abstract_metadata_only,core,aso_thrombocytopenia_complement_2020_2026,0,A Review of FXIa Inhibition as a Novel Target for Anticoagulation.,Hamostaseologie,2023
36807240,literature_discovery,derived_annotations_only,abstract_metadata_only,core,aso_thrombocytopenia_complement_2020_2026,0,Isothermal exponential amplification reactions triggered by circular templates (cEXPAR) targeting miRNA.,Mol Biol Rep,2023
36801730,literature_discovery,derived_annotations_only,abstract_metadata_only,core,oligo_sequence_dependent_toxicity_2020_2026,0,Aptamer recognition-promoted hybridization chain reaction for amplified label-free and enzyme-free fluorescence analysis of pesticide.,Spectrochim Acta A Mol Biomol Spectrosc,2023
36799449,literature_discovery,derived_annotations_only,abstract_metadata_only,core,oligo_chemistry_toxicity_mechanism_2020_2026,0,p16 INK4A drives nonalcoholic fatty liver disease phenotypes in high fat diet fed mice through biliary E2F1/FOXO1/IGF-1 signaling.,Hepatology,2023
36796305,literature_discovery,derived_annotations_only,abstract_metadata_only,core,aso_thrombocytopenia_complement_2020_2026,0,Stimuli-responsive SERS biosensor for ultrasensitive tetracycline sensing using EDTA-driven PEI@CaCO(3) microcapsule and CS@FeMMs.,Biosens Bioelectron,2023
36795354,literature_discovery,derived_annotations_only,abstract_metadata_only,core,aso_offtarget_transcriptome_2023_2026,0,RNA Targeting and Gene Editing Strategies for Transthyretin Amyloidosis.,BioDrugs,2023
36794904,literature_discovery,derived_annotations_only,abstract_metadata_only,core,aso_thrombocytopenia_complement_2020_2026,0,Enzymatic Synthesis of High-Density RNA Microarrays.,Curr Protoc,2023
36794585,literature_discovery,derived_annotations_only,abstract_metadata_only,core,oligo_chemistry_safety_broad_2010_2026,0,EVA1A (Eva-1 Homolog A) Promotes Endothelial Apoptosis and Inflammatory Activation Under Disturbed Flow Via Regulation of Autophagy.,Arterioscler Thromb Vasc Biol,2023
36792757,literature_discovery,derived_annotations_only,abstract_metadata_only,core,aso_offtarget_transcriptome_2023_2026,0,N4-acetylcytidine modification of lncRNA CTC-490G23.2 promotes cancer metastasis through interacting with PTBP1 to increase CD44 alternative splicing.,Oncogene,2023
36788535,literature_discovery,derived_annotations_only,abstract_metadata_only,core,aso_immune_complement_safety_2023_2026,0,Whole-genome sequence of Macaca fascicularis: liver tissue.,BMC Genom Data,2023
36787993,literature_discovery,derived_annotations_only,abstract_metadata_only,core,aso_immune_complement_safety_2023_2026,0,"Characteristics associated with poor COVID-19 outcomes in people with psoriasis, psoriatic arthritis and axial spondyloarthritis: data from the COVID-19 PsoProtect and Global Rheumatology Alliance physician-reported registries.",Ann Rheum Dis,2023
36775865,literature_discovery,derived_annotations_only,abstract_metadata_only,core,oligo_sequence_dependent_toxicity_2020_2026,0,Metabolic Modulation of Intracellular Ammonia via Intravesical Instillation of Nanoporter-Encased Hydrogel Eradicates Bladder Carcinoma.,Adv Sci (Weinh),2023
36769156,literature_discovery,derived_annotations_only,abstract_metadata_only,core,aso_thrombocytopenia_complement_2020_2026,0,Using CIVT-SELEX to Select Aptamers as Genetic Parts to Regulate Gene Circuits in a Cell-Free System.,Int J Mol Sci,2023
36768216,literature_discovery,derived_annotations_only,abstract_metadata_only,core,aso_immune_complement_safety_2023_2026,0,Organogermanium THGP Induces Differentiation into M1 Macrophages and Suppresses the Proliferation of Melanoma Cells via Phagocytosis.,Int J Mol Sci,2023
36765835,literature_discovery,derived_annotations_only,abstract_metadata_only,core,aso_immune_complement_safety_2023_2026,0,ITA-IMMUNO-PET: The Role of [18F]FDG PET/CT for Assessing Response to Immunotherapy in Patients with Some Solid Tumors.,Cancers (Basel),2023
36762859,literature_discovery,derived_annotations_only,abstract_metadata_only,core,aso_thrombocytopenia_complement_2020_2026,0,Right-handed Z-DNA at ultrahigh resolution: a tale of two hands and the power of the crystallographic method.,Acta Crystallogr D Struct Biol,2023
36762732,literature_discovery,derived_annotations_only,abstract_metadata_only,core,sirna_seed_toxicity_broad_2020_2026,0,RNAi-Based Biopesticides Against 28-Spotted Ladybeetle Henosepilachna vigintioctopunctata Does Not Harm the Insect Predator Propylea japonica.,J Agric Food Chem,2023
36754256,literature_discovery,derived_annotations_only,abstract_metadata_only,core,aso_immune_complement_safety_2023_2026,0,Effectiveness of vaccination on influenza-related critical illnesses in the elderly population.,J Infect Chemother,2023
36751878,literature_discovery,derived_annotations_only,abstract_metadata_only,core,aso_thrombocytopenia_complement_2020_2026,0,An electrochemical impedance aptasensor based on selenomolybdate nanodot/antimonene hybrid for platelet-derived growth factor-BB.,J Mater Chem B,2023
36738339,literature_discovery,derived_annotations_only,abstract_metadata_only,core,oligo_chemistry_toxicity_mechanism_2020_2026,0,Biosynthesized Ag nanoparticles on urea-based periodic mesoporous organosilica enhance galegine content in Galega.,Appl Microbiol Biotechnol,2023
36736764,literature_discovery,derived_annotations_only,abstract_metadata_only,core,oligo_chemistry_toxicity_mechanism_2020_2026,0,Assessment of superiority of HSP70-targeting aptamer-functionalized drug-nanocarrier over non-targeted commercially available counterpart in HCC therapy: in vitro and in vivo investigations and molecular modeling.,Life Sci,2023
36733910,literature_discovery,derived_annotations_only,abstract_metadata_only,core,sirna_seed_toxicity_broad_2020_2026,0,Comparative transcriptomics of the irradiated melon fly (Zeugodacus cucurbitae) reveal key developmental genes.,Front Physiol,2023
36731121,literature_discovery,derived_annotations_only,abstract_metadata_only,core,aso_thrombocytopenia_complement_2020_2026,0,The Formation and Displacement of Ordered DNA Triplexes in Self-Assembled Three-Dimensional DNA Crystals.,J Am Chem Soc,2023
36729125,literature_discovery,derived_annotations_only,abstract_metadata_only,core,oligo_chemistry_toxicity_mechanism_2020_2026,0,Targeting the vascular endothelial growth factor A/neuropilin 1 axis for relief of neuropathic pain.,Pain,2023
36725193,literature_discovery,derived_annotations_only,abstract_metadata_only,core,sirna_seed_toxicity_broad_2020_2026,0,An miR156-regulated nucleobase-ascorbate transporter 2 confers cadmium tolerance via enhanced anti-oxidative capacity in barley.,J Adv Res,2023
36719755,literature_discovery,derived_annotations_only,abstract_metadata_only,core,oligo_chemistry_toxicity_mechanism_2020_2026,0,DG9-conjugated morpholino rescues phenotype in SMA mice by reaching the CNS via a subcutaneous administration.,JCI Insight,2023
36715900,literature_discovery,derived_annotations_only,abstract_metadata_only,core,sirna_seed_toxicity_broad_2020_2026,0,Utilizing the FLP-Out System for Clonal RNAi Analysis in the Adult Drosophila Ovary.,Methods Mol Biol,2023
36709649,literature_discovery,derived_annotations_only,abstract_metadata_only,core,oligo_chemistry_toxicity_mechanism_2020_2026,0,Design and synthesis of benzochromene derivatives as AcrB inhibitors for the reversal of bacterial multidrug resistance.,Eur J Med Chem,2023
36704052,literature_discovery,derived_annotations_only,abstract_metadata_only,core,oligo_chemistry_toxicity_mechanism_2020_2026,0,Identification of selective hepatitis delta virus ribozyme inhibitors by high-throughput screening of small molecule libraries.,JHEP Rep,2023
36700539,literature_discovery,derived_annotations_only,abstract_metadata_only,core,sirna_seed_toxicity_broad_2020_2026,0,Circulating Extracellular Vesicle-Propagated microRNA Signature as a Vascular Calcification Factor in Chronic Kidney Disease.,Circ Res,2023
36697262,literature_discovery,derived_annotations_only,abstract_metadata_only,core,aso_thrombocytopenia_complement_2020_2026,0,Applications and future of aptamers that achieve rapid-onset anticoagulation.,RNA,2023
36692196,literature_discovery,derived_annotations_only,abstract_metadata_only,core,aso_kidney_toxicity_2020_2026,0,"Acute kidney injury after arterial switch operation: incidence, risk factors, clinical impact - a retrospective single-center study.",Ren Fail,2023
36684099,literature_discovery,derived_annotations_only,abstract_metadata_only,secondary,lnp_rna_safety_toxicity_2020_2026,0,RNA therapeutics in the clinic.,Bioeng Transl Med,2023
36683236,literature_discovery,derived_annotations_only,abstract_metadata_only,core,aso_offtarget_transcriptome_2023_2026,0,Efficient Targeted Delivery of Bifunctional Circular Aptamer-ASO Chimera to Suppress the SARS-CoV-2 Proliferation and Inflammation.,Small,2023
36679445,literature_discovery,derived_annotations_only,abstract_metadata_only,core,oligo_sequence_dependent_toxicity_2020_2026,0,A Novel Fluorescent Sensor Based on Aptamer and qPCR for Determination of Glyphosate in Tap Water.,Sensors (Basel),2023
36678889,literature_discovery,derived_annotations_only,abstract_metadata_only,secondary,sso_splice_oligo_safety_2020_2026,0,What Can RNA-Based Therapy Do for Monogenic Diseases?,Pharmaceutics,2023
36670403,literature_discovery,derived_annotations_only,abstract_metadata_only,core,aso_kidney_toxicity_2020_2026,0,Comparison of bleeding complications after pediatric kidney biopsy between intravenous sedation and general anesthesia: a nationwide cohort study.,BMC Pediatr,2023
36669698,literature_discovery,derived_annotations_only,abstract_metadata_only,core,aso_offtarget_transcriptome_2023_2026,0,Nuclear factor 1 X-type-associated regulation of myogenesis in developing mouse tongue.,J Oral Biosci,2023
36658480,literature_discovery,derived_annotations_only,abstract_metadata_only,core,sirna_seed_toxicity_broad_2020_2026,0,Contribution of RdDM to the ecotype-specific differential methylation on conserved as well as highly variable regions between Arabidopsis ecotypes.,BMC Genomics,2023
36655939,literature_discovery,derived_annotations_only,abstract_metadata_only,secondary,sso_splice_oligo_safety_2020_2026,0,Next steps for the optimization of exon therapy for Duchenne muscular dystrophy.,Expert Opin Biol Ther,2023
36653941,literature_discovery,derived_annotations_only,abstract_metadata_only,core,oligo_sequence_dependent_toxicity_2020_2026,0,Self-Assembly of Multivalent Aptamer-Tethered DNA Monolayers Dedicated to a Fluorescence Polarization-Responsive Circular Isothermal Strand Displacement Amplification for Salmonella Assay.,Anal Chem,2023
36653113,literature_discovery,derived_annotations_only,abstract_metadata_only,core,oligo_chemistry_toxicity_mechanism_2020_2026,0,Unlocking the potential of chemically modified peptide nucleic acids for RNA-based therapeutics.,RNA,2023
36651835,literature_discovery,derived_annotations_only,abstract_metadata_only,core,oligo_sequence_dependent_toxicity_2020_2026,0,Sensitive Small Molecule Aptasensing based on Hybridization Chain Reaction and CRISPR/Cas12a Using a Portable 3D-Printed Visualizer.,ACS Sens,2023
36651344,literature_discovery,derived_annotations_only,abstract_metadata_only,core,aso_thrombocytopenia_complement_2020_2026,0,"Unlike RNA-TBA (rTBA), iso-rTBA, the 2'-5'-linked RNA-thrombin-binding aptamer, is a functional equivalent of TBA.",Chem Commun (Camb),2023
36650703,literature_discovery,derived_annotations_only,abstract_metadata_only,core,sirna_seed_toxicity_broad_2020_2026,0,Tumorigenic activation around HPV integrated sites in head and neck squamous cell carcinoma.,Int J Cancer,2023
36648428,literature_discovery,derived_annotations_only,abstract_metadata_only,core,aso_thrombocytopenia_complement_2020_2026,0,A simple and programmable dual-mode aptasensor for the ultrasensitive detection of multidrug-resistant bacteria.,Biomater Sci,2023
36647749,literature_discovery,derived_annotations_only,abstract_metadata_only,core,oligo_sequence_dependent_toxicity_2020_2026,0,"Collection, nucleic acid release, amplification, and visualization platform for rapid field detection of rice false smut.",Lab Chip,2023
36633099,literature_discovery,derived_annotations_only,abstract_metadata_only,core,sirna_seed_toxicity_broad_2020_2026,0,Functional and regulatory impact of chimeric RNAs in human normal and cancer cells.,Wiley Interdiscip Rev RNA,2023
36623460,literature_discovery,derived_annotations_only,abstract_metadata_only,core,oligo_sequence_dependent_toxicity_2020_2026,0,A label-free fluorescent aptasensor based on a novel exponential rolling circle amplification for highly sensitive ochratoxin A detection.,Food Chem,2023
36622303,literature_discovery,derived_annotations_only,abstract_metadata_only,core,oligo_sequence_dependent_toxicity_2020_2026,0,A Telomerase-Activated Magnetic Resonance Imaging Probe for Consecutively Monitoring Tumor Growth Kinetics and In Situ Screening Inhibitors.,J Am Chem Soc,2023
36618268,literature_discovery,derived_annotations_only,abstract_metadata_only,core,sirna_seed_toxicity_broad_2020_2026,0,Chemically modified small interfering RNA targeting Hedgehog signaling pathway for rheumatoid arthritis therapy.,Mol Ther Nucleic Acids,2023
36614194,literature_discovery,derived_annotations_only,abstract_metadata_only,core,sirna_seed_toxicity_broad_2020_2026,0,Target-Specific Nanoparticle Polyplex Down-Regulates Mutant Kras to Prevent Pancreatic Carcinogenesis and Halt Tumor Progression.,Int J Mol Sci,2023
36610257,literature_discovery,derived_annotations_only,abstract_metadata_only,core,oligo_sequence_dependent_toxicity_2020_2026,0,A fluorescence aptasensor based on hybridization chain reaction for simultaneous detection of T-2 toxins and zearalenone(1).,Talanta,2023
36608275,literature_discovery,derived_annotations_only,abstract_metadata_only,core,oligo_sequence_dependent_toxicity_2020_2026,0,Inducible Degradation of Oncogenic Nucleolin Using an Aptamer-Based PROTAC.,J Med Chem,2023
36604576,literature_discovery,derived_annotations_only,abstract_metadata_only,core,aso_immune_complement_safety_2023_2026,0,Long-term presence of autoantibodies in plasma of cured leprosy patients.,Sci Rep,2023
36602087,literature_discovery,derived_annotations_only,abstract_metadata_only,core,aso_offtarget_transcriptome_2023_2026,0,Deletion induced splicing in RIC3 drives nicotinic acetylcholine receptor regulation with implications for endoplasmic reticulum stress in human astrocytes.,Glia,2023
36599397,literature_discovery,derived_annotations_only,abstract_metadata_only,core,oligo_chemistry_toxicity_mechanism_2020_2026,0,Targeting BRD4 and PI3K signaling pathways for the treatment of medulloblastoma.,J Control Release,2023
36597903,literature_discovery,derived_annotations_only,abstract_metadata_only,core,aso_thrombocytopenia_complement_2020_2026,0,Virtual screening of truncated single stranded DNA aptamers for Staphylococcal enterotoxin type A.,J Biomol Struct Dyn,2023
36585172,literature_discovery,derived_annotations_only,abstract_metadata_only,core,aso_thrombocytopenia_complement_2020_2026,0,Drugs Showing Real-world Efficacy for Nocturia in Patients With Bladder Storage Symptoms.,Anticancer Res,2023
36584966,literature_discovery,derived_annotations_only,abstract_metadata_only,core,aso_immune_complement_safety_2023_2026,0,Results of Excimer Laser Ablation Combined with Drug-Coated Balloon for Atherosclerotic Obliterans of Lower Extremity and Risk Factors for Loss of Primary Patency.,Ann Vasc Surg,2023
36583853,literature_discovery,derived_annotations_only,abstract_metadata_only,core,sirna_seed_toxicity_broad_2020_2026,0,Small molecule-mediated disruption of ribosome biogenesis synergizes with FGFR inhibitors to suppress glioma cell growth.,Neuro Oncol,2023
36576645,literature_discovery,derived_annotations_only,abstract_metadata_only,core,aso_immune_complement_safety_2023_2026,0,A case of severe increase of liver enzymes in a ATTRv patient after one year of inotersen treatment.,Neurol Sci,2023
36544030,literature_discovery,derived_annotations_only,abstract_metadata_only,core,aso_thrombocytopenia_complement_2020_2026,0,Fabrication of a novel electrochemical biosensor based on a molecular imprinted polymer-aptamer hybrid receptor for lysozyme determination.,Anal Bioanal Chem,2023
36529281,literature_discovery,derived_annotations_only,abstract_metadata_only,core,aso_immune_complement_safety_2023_2026,0,A lncRNA MALAT1 is a positive regulator of RhoA protein expression in bronchial smooth muscle cells.,Life Sci,2023
36528432,literature_discovery,derived_annotations_only,abstract_metadata_only,core,aso_kidney_toxicity_2020_2026,0,Emergency arterial switch: Rescue therapy for life-threatening hypoxemia in infants with transposition of great arteries with intact intraventricular septum.,J Thorac Cardiovasc Surg,2023
36527705,literature_discovery,derived_annotations_only,abstract_metadata_only,core,sirna_seed_toxicity_broad_2020_2026,0,"Bacteria-mediated RNAi for managing fall webworm, Hyphantria cunea: screening target genes and analyzing lethal effect.",Pest Manag Sci,2023
36525882,literature_discovery,derived_annotations_only,abstract_metadata_only,core,aso_immune_complement_safety_2023_2026,0,Inflammatory markers in cerebrospinal fluid of paediatric spinal muscular atrophy patients receiving nusinersen treatment.,Eur J Paediatr Neurol,2023
36525140,literature_discovery,derived_annotations_only,abstract_metadata_only,core,aso_kidney_toxicity_2020_2026,0,"Characteristics of Patients with Hereditary Transthyretin Amyloidosis-Polyneuropathy (ATTRv-PN) in NEURO-TTRansform, an Open-label Phase 3 Study of Eplontersen.",Neurol Ther,2023
36524395,literature_discovery,derived_annotations_only,abstract_metadata_only,core,aso_offtarget_transcriptome_2023_2026,0,Nucleic acid-based artificial nanocarriers for gene therapy.,J Mater Chem B,2023
36521660,literature_discovery,derived_annotations_only,abstract_metadata_only,core,sirna_seed_toxicity_broad_2020_2026,0,Fibroblast Activation Protein Activates Macrophages and Promotes Parenchymal Liver Inflammation and Fibrosis.,Cell Mol Gastroenterol Hepatol,2023
36513274,literature_discovery,derived_annotations_only,abstract_metadata_only,core,sirna_seed_toxicity_broad_2020_2026,0,"Molting-related proteases in the brown planthopper, Nilaparvata lugens.",Insect Biochem Mol Biol,2023
36508087,literature_discovery,derived_annotations_only,abstract_metadata_only,core,oligo_chemistry_toxicity_mechanism_2020_2026,0,Ckb and Ybx2 interact with Ribc2 and are necessary for the ciliary beating of multi-cilia.,Genes Genomics,2023
36503531,literature_discovery,derived_annotations_only,abstract_metadata_only,core,sirna_seed_toxicity_broad_2020_2026,0,"Mechanistic effects of microwave radiation on pupal emergence in the leafminer fly, Liriomyza trifolii.",Bull Entomol Res,2023
36479957,literature_discovery,derived_annotations_only,abstract_metadata_only,core,sirna_seed_toxicity_broad_2020_2026,0,Metabolic reprogramming of Helicoverpa armigera larvae by HearNPV facilitates viral replication and host immune suppression.,Mol Ecol,2023
36453228,literature_discovery,derived_annotations_only,abstract_metadata_only,secondary,sso_splice_oligo_safety_2020_2026,0,T Cell Responses to Dystrophin in a Natural History Study of Duchenne Muscular Dystrophy.,Hum Gene Ther,2023
36449102,literature_discovery,derived_annotations_only,abstract_metadata_only,secondary,sso_splice_oligo_safety_2020_2026,0,Is influenza vaccination associated with nephrotic syndrome relapse in children? A multicenter prospective study.,Pediatr Nephrol,2023
36446522,literature_discovery,derived_annotations_only,abstract_metadata_only,core,sirna_seed_toxicity_broad_2020_2026,0,Drosophila pVALIUM10 TRiP RNAi lines cause undesired silencing of Gateway-based transgenes.,Life Sci Alliance,2023
36436743,literature_discovery,derived_annotations_only,abstract_metadata_only,core,aso_thrombocytopenia_complement_2020_2026,0,Sustained delivery of CpG oligodeoxynucleotide by acetalated dextran microparticles augments effector response to Computationally Optimized Broadly Reactive Antigen (COBRA) influenza hemagglutinin.,Int J Pharm,2023
36436570,literature_discovery,derived_annotations_only,abstract_metadata_only,core,oligo_chemistry_toxicity_mechanism_2020_2026,0,Use of vivo-morpholinos for gene knockdown in the postnatal shark retina.,Exp Eye Res,2023
36426572,literature_discovery,derived_annotations_only,abstract_metadata_only,core,aso_thrombocytopenia_complement_2020_2026,0,Loss of heterozygosity leading to incorrect HLA typing for platelet-transfusion refractory patient.,Transfusion,2023
36423872,literature_discovery,derived_annotations_only,abstract_metadata_only,secondary,lnp_rna_safety_toxicity_2020_2026,0,Substituting racemic ionizable lipids with stereopure ionizable lipids can increase mRNA delivery.,J Control Release,2023
36409820,literature_discovery,derived_annotations_only,abstract_metadata_only,secondary,sso_splice_oligo_safety_2020_2026,0,Biological and genetic therapies for the treatment of Duchenne muscular dystrophy.,Expert Opin Biol Ther,2023
36404682,literature_discovery,derived_annotations_only,abstract_metadata_only,core,sirna_seed_toxicity_broad_2020_2026,0,High expression of IGHG1 promotes breast cancer malignant development by activating the AKT pathway.,Cell Cycle,2023
36402191,literature_discovery,derived_annotations_only,abstract_metadata_only,core,aso_offtarget_transcriptome_2023_2026,0,Hepatocyte Kctd17 Inhibition Ameliorates Glucose Intolerance and Hepatic Steatosis Caused by Obesity-induced Chrebp Stabilization.,Gastroenterology,2023
36401033,literature_discovery,derived_annotations_only,abstract_metadata_only,core,oligo_chemistry_toxicity_mechanism_2020_2026,0,Peptide-Conjugated PMOs for the Treatment of Myotonic Dystrophy.,Methods Mol Biol,2023
36401026,literature_discovery,derived_annotations_only,abstract_metadata_only,secondary,sso_splice_oligo_safety_2020_2026,0,Restoring Dystrophin Expression by Skipping Exons 6 and 8 in Neonatal Dystrophic Dogs.,Methods Mol Biol,2023
36380168,literature_discovery,derived_annotations_only,abstract_metadata_only,core,sirna_seed_toxicity_broad_2020_2026,0,CNS Delivery of Nucleic Acid Therapeutics: Beyond the Blood-Brain Barrier and Towards Specific Cellular Targeting.,Pharm Res,2023
36379195,literature_discovery,derived_annotations_only,abstract_metadata_only,core,oligo_sequence_dependent_toxicity_2020_2026,0,An electrochemical apta-assay based on hybridization chain reaction and aflatoxin B1-driven Ag-DNAzyme as amplification strategy.,Bioelectrochemistry,2023
36379140,literature_discovery,derived_annotations_only,abstract_metadata_only,core,aso_thrombocytopenia_complement_2020_2026,0,Surface modification of poly(styrene) 96-well plates using aptamers via a dendrimer-templated strategy to enhance ELISA performances.,Colloids Surf B Biointerfaces,2023
36376716,literature_discovery,derived_annotations_only,abstract_metadata_only,core,oligo_sequence_dependent_toxicity_2020_2026,0,Dual-signal output fluorescent aptasensor based on DNA programmability and gold nanoflowers for multiple mycotoxins detection.,Anal Bioanal Chem,2023
36367676,literature_discovery,derived_annotations_only,abstract_metadata_only,core,sirna_seed_toxicity_broad_2020_2026,0,GBP5 exacerbates rosacea-like skin inflammation by skewing macrophage polarization towards M1 phenotype through the NF-κB signalling pathway.,J Eur Acad Dermatol Venereol,2023
36358091,literature_discovery,derived_annotations_only,abstract_metadata_only,core,oligo_sequence_dependent_toxicity_2020_2026,0,A stimuli-responsive colorimetric aptasensor based on the DNA hydrogel-coated MOF for fumonisin B(1) determination in food samples.,Food Chem,2023
36353988,literature_discovery,derived_annotations_only,abstract_metadata_only,core,aso_thrombocytopenia_complement_2020_2026,0,Ex Vivo Modeling of the PC (Protein C) Pathway Using Endothelial Cells and Plasma: A Personalized Approach.,Arterioscler Thromb Vasc Biol,2023
36343628,literature_discovery,derived_annotations_only,abstract_metadata_only,core,oligo_sequence_dependent_toxicity_2020_2026,0,Tegument protein UL21 of alpha-herpesvirus inhibits the innate immunity by triggering CGAS degradation through TOLLIP-mediated selective autophagy.,Autophagy,2023
36336043,literature_discovery,derived_annotations_only,abstract_metadata_only,core,oligo_chemistry_toxicity_mechanism_2020_2026,0,PMo(12) as a redox mediator for bio-reduction of Cr(VI): Promotor or inhibitor?,Sci Total Environ,2023
36334231,literature_discovery,derived_annotations_only,abstract_metadata_only,core,aso_immune_complement_safety_2023_2026,0,Downregulation of miR-671-5p promotes IL-10 mRNA increase in porcine moDCs stimulated with the probiotic BB12.,Mol Biol Rep,2023
36316446,literature_discovery,derived_annotations_only,abstract_metadata_only,secondary,lnp_rna_safety_toxicity_2020_2026,0,Taylor Dispersion Analysis to support lipid-nanoparticle formulations for mRNA vaccines.,Gene Ther,2023
36308842,literature_discovery,derived_annotations_only,abstract_metadata_only,core,aso_thrombocytopenia_complement_2020_2026,0,Effects of DNA degradation and genotype imputation on high-density SNP microarray in pairwise kinship analysis.,Leg Med (Tokyo),2023
36306888,literature_discovery,derived_annotations_only,abstract_metadata_only,core,oligo_chemistry_toxicity_mechanism_2020_2026,0,Non-additive mixture effects of benzo[a]pyrene and pesticides in vitro and in vivo: Role of AhR signaling.,Environ Pollut,2023
36303385,literature_discovery,derived_annotations_only,abstract_metadata_only,core,oligo_sequence_dependent_toxicity_2020_2026,0,Combining nanoflares biosensor and mathematical resolution technique for multi-class mycotoxin analysis in complex food matrices.,Food Chem,2023
36282232,literature_discovery,derived_annotations_only,abstract_metadata_only,core,oligo_chemistry_toxicity_mechanism_2020_2026,0,Investigation of a failed DNA assay leads to identification of an unexpected contaminant in a commonly used chromatography buffer.,Biotechnol Prog,2023
36263776,literature_discovery,derived_annotations_only,abstract_metadata_only,core,aso_thrombocytopenia_complement_2020_2026,0,Factor XI inhibitors: cardiovascular perspectives.,Eur Heart J,2023
36260242,literature_discovery,derived_annotations_only,abstract_metadata_only,core,aso_immune_complement_safety_2023_2026,0,Alternative antiviral approaches to combat influenza A virus.,Virus Genes,2023
36250252,literature_discovery,derived_annotations_only,abstract_metadata_only,core,chemical_modification_oligo_safety_2023_2026,0,"Small interfering RNA: Discovery, pharmacology and clinical development-An introductory review.",Br J Pharmacol,2023
36240297,literature_discovery,derived_annotations_only,abstract_metadata_only,core,aso_thrombocytopenia_complement_2020_2026,0,Targeting the contact system in a rabbit model of extracorporeal membrane oxygenation.,Blood Adv,2023
36229611,literature_discovery,derived_annotations_only,abstract_metadata_only,core,sirna_seed_toxicity_broad_2020_2026,0,The role of transposon inverted repeats in balancing drought tolerance and yield-related traits in maize.,Nat Biotechnol,2023
36190930,literature_discovery,derived_annotations_only,abstract_metadata_only,core,sirna_seed_toxicity_broad_2020_2026,0,Targeting Tumor Hypoxia Inhibits Aggressive Phenotype of Dedifferentiated Thyroid Cancer.,J Clin Endocrinol Metab,2023
36179718,literature_discovery,derived_annotations_only,abstract_metadata_only,core,aso_thrombocytopenia_complement_2020_2026,0,Circumferential suture delivery method of polyglycolic acid sheets for gastric postendoscopic submucosal dissection ulcers.,Endoscopy,2023
36162265,literature_discovery,derived_annotations_only,abstract_metadata_only,core,aso_thrombocytopenia_complement_2020_2026,0,A novel method for detection of ochratoxin A in foods-Co-MOFs based dual signal ratiometric electrochemical aptamer sensor coupled with DNA walker.,Food Chem,2023
36156784,literature_discovery,derived_annotations_only,abstract_metadata_only,core,aso_thrombocytopenia_complement_2020_2026,0,Aptasensor for Impedimetric Detection of Lysozyme.,Methods Mol Biol,2023
36155286,literature_discovery,derived_annotations_only,abstract_metadata_only,core,oligo_chemistry_toxicity_mechanism_2020_2026,0,Dual-color aggregation-induced emission nanoparticles for simultaneous lateral flow immunoassay of nitrofuran metabolites in aquatic products.,Food Chem,2023
36152285,literature_discovery,derived_annotations_only,abstract_metadata_only,core,aso_thrombocytopenia_complement_2020_2026,0,"Peptide Microarray-Based Protein Interaction Studies Across Affinity Ranges: Enzyme Stalling, Cross-Linking, Depletion, and Neutralization.",Methods Mol Biol,2023
36150591,literature_discovery,derived_annotations_only,abstract_metadata_only,core,aso_thrombocytopenia_complement_2020_2026,0,Assessment and optimization of As(V) adsorption on hydrogel composite integrating chitosan-polyvinyl alcohol and Fe(3)O(4) nanoparticles and evaluation of their regeneration and reusable capabilities in aqueous media.,Sci Total Environ,2023
36113988,literature_discovery,derived_annotations_only,abstract_metadata_only,secondary,sso_splice_oligo_safety_2020_2026,0,Comprehensive RNA and protein functional assessments contribute to the clinical interpretation of MSH2 variants causing in-frame splicing alterations.,J Med Genet,2023
36098515,literature_discovery,derived_annotations_only,abstract_metadata_only,core,aso_offtarget_transcriptome_2023_2026,0,Inhibitor of NF-κB Kinase Subunit ε Contributes to Neuropsychiatric Manifestations in Lupus-Prone Mice Through Microglial Activation.,Arthritis Rheumatol,2023
36096008,literature_discovery,derived_annotations_only,abstract_metadata_only,core,oligo_sequence_dependent_toxicity_2020_2026,0,Aptasensing a class of small molecules based on split aptamers and hybridization chain reaction-assisted AuNPs nanozyme.,Food Chem,2023
36055149,literature_discovery,derived_annotations_only,abstract_metadata_only,core,oligo_sequence_dependent_toxicity_2020_2026,0,Taking glucose as intermediate bridge-signal-molecule for on-site and convenient detection of ochratoxin A in rice with portable glucose meter.,Food Chem,2023
36008132,literature_discovery,derived_annotations_only,abstract_metadata_only,core,aso_immune_complement_safety_2023_2026,0,Coexisting autoantibodies against transcription factor Sp4 are associated with decreased cancer risk in patients with dermatomyositis with anti-TIF1γ autoantibodies.,Ann Rheum Dis,2023
35999139,literature_discovery,derived_annotations_only,abstract_metadata_only,core,aso_immune_complement_safety_2023_2026,0,Angiopoietin-like 3: An important protein in regulating lipoprotein levels.,Best Pract Res Clin Endocrinol Metab,2023
35986996,literature_discovery,derived_annotations_only,abstract_metadata_only,core,oligo_sequence_dependent_toxicity_2020_2026,0,"Artificial clickase-triggered fluorescence ""turn on"" based on a click bio-conjugation strategy for the immunoassay of food allergenic protein.",Food Chem,2023
35978235,literature_discovery,derived_annotations_only,abstract_metadata_only,core,oligo_chemistry_toxicity_mechanism_2020_2026,0,Exposure assessment for pesticide residues in agricultural products consumed in the Republic of Korea during 2016-2020.,Environ Sci Pollut Res Int,2023
35933847,literature_discovery,derived_annotations_only,abstract_metadata_only,core,aso_thrombocytopenia_complement_2020_2026,0,A convenient and economical strategy for multiple-target electrochemiluminescence detection using peroxydisulfate solution.,Talanta,2023
35871406,literature_discovery,derived_annotations_only,abstract_metadata_only,core,aso_offtarget_transcriptome_2023_2026,0,Microsatellite instability in the high-grade dysplasia component of duodenal adenoma is associated with progression to adenocarcinoma.,Surg Today,2023
35733354,literature_discovery,derived_annotations_only,abstract_metadata_only,core,oligo_chemistry_toxicity_mechanism_2020_2026,0,N(6) -methyladenosine-modified circRNA RERE modulates osteoarthritis by regulating β-catenin ubiquitination and degradation.,Cell Prolif,2023
35728579,literature_discovery,derived_annotations_only,abstract_metadata_only,core,chemical_modification_oligo_safety_2023_2026,0,MicroRNA-155-5p Aggravates Adriamycin-Induced Focal Segmental Glomerulosclerosis through Targeting Nrf2.,Nephron,2023
35680378,literature_discovery,derived_annotations_only,abstract_metadata_only,core,oligo_sequence_dependent_toxicity_2020_2026,0,RNAi-Based Therapeutics and Novel RNA Bioengineering Technologies.,J Pharmacol Exp Ther,2023
35426180,literature_discovery,derived_annotations_only,abstract_metadata_only,core,aso_thrombocytopenia_complement_2020_2026,0,Development of aptamer-based ELISA method for d-dimer detection.,Biotechnol Appl Biochem,2023
34895068,literature_discovery,derived_annotations_only,abstract_metadata_only,core,aso_thrombocytopenia_complement_2020_2026,0,Design of a protein-targeted DNA aptamer using atomistic simulation.,J Biomol Struct Dyn,2023
34716527,literature_discovery,derived_annotations_only,abstract_metadata_only,core,aso_offtarget_transcriptome_2023_2026,0,The H3K27 demethylase controls the lateral line embryogenesis of zebrafish.,Cell Biol Toxicol,2023
39439817,literature_discovery,derived_annotations_only,abstract_metadata_only,secondary,locked_nucleic_acid_safety_2020_2026,0,The roadmap towards cure of chronic hepatitis B virus infection.,J R Soc N Z,2022
39086976,literature_discovery,derived_annotations_only,abstract_metadata_only,core,oligo_chemistry_toxicity_mechanism_2020_2026,0,Novel modular chimeric antigen receptor spacer for T cells derived from signal regulatory protein alpha Ig-like domains.,Front Mol Med,2022
38069738,literature_discovery,derived_annotations_only,abstract_metadata_only,core,oligo_sequence_dependent_toxicity_2020_2026,0,Tailoring Design of Nanomaterials and Systems to Individualize Patient Treatments.,Chimia (Aarau),2022
37274902,literature_discovery,derived_annotations_only,abstract_metadata_only,core,aso_thrombocytopenia_complement_2020_2026,0,Nasal Administration of M2e/CpG-ODN Encapsulated in N-Trimethyl Chitosan (TMC) Significantly Increases Specific Immune Responses in a Mouse Model.,Arch Razi Inst,2022
36883148,literature_discovery,derived_annotations_only,abstract_metadata_only,core,aso_thrombocytopenia_complement_2020_2026,0,Relation between Serological Findings and Expression of IL-1β and IL-6 genes in Patients Infected with Mycobacterium Tuberculosis in Iraq.,Arch Razi Inst,2022
36612158,literature_discovery,derived_annotations_only,abstract_metadata_only,core,sirna_seed_toxicity_broad_2020_2026,0,Nanoparticles and Nanomaterials-Based Recent Approaches in Upgraded Targeting and Management of Cancer: A Review.,Cancers (Basel),2022
36601302,literature_discovery,derived_annotations_only,abstract_metadata_only,core,oligo_chemistry_toxicity_mechanism_2020_2026,0,AUF-1 knockdown in mice undermines gut microbial butyrate-driven hypocholesterolemia through AUF-1-Dicer-1-mir-122 hierarchy.,Front Cell Infect Microbiol,2022
36575422,literature_discovery,derived_annotations_only,abstract_metadata_only,core,sirna_seed_toxicity_broad_2020_2026,0,Bioinformatic analysis and preliminary validation of potential therapeutic targets for COVID-19 infection in asthma patients.,Cell Commun Signal,2022
36555721,literature_discovery,derived_annotations_only,abstract_metadata_only,secondary,sso_splice_oligo_safety_2020_2026,0,Histological Methods to Assess Skeletal Muscle Degeneration and Regeneration in Duchenne Muscular Dystrophy.,Int J Mol Sci,2022
36552634,literature_discovery,derived_annotations_only,abstract_metadata_only,core,sirna_seed_toxicity_broad_2020_2026,0,NRF2/Itaconate Axis Regulates Metabolism and Inflammatory Properties of T Cells in Children with JIA.,Antioxidants (Basel),2022
36551964,literature_discovery,derived_annotations_only,abstract_metadata_only,core,oligo_chemistry_toxicity_mechanism_2020_2026,0,GTP-Binding Protein 1-Like (GTPBP1l) Regulates Vascular Patterning during Zebrafish Development.,Biomedicines,2022
36551045,literature_discovery,derived_annotations_only,abstract_metadata_only,core,oligo_sequence_dependent_toxicity_2020_2026,0,"Detection of Emerging Pollutants Using Aptamer-Based Biosensors: Recent Advances, Challenges, and Outlook.",Biosensors (Basel),2022
36539813,literature_discovery,derived_annotations_only,abstract_metadata_only,core,sirna_seed_toxicity_broad_2020_2026,0,Fusobacterium nucleatum triggers proinflammatory cell death via Z-DNA binding protein 1 in apical periodontitis.,Cell Commun Signal,2022
36537981,literature_discovery,derived_annotations_only,abstract_metadata_only,secondary,sso_splice_oligo_safety_2020_2026,0,Genetic-Based Treatment Strategies for Muscular Dystrophy and Congenital Myopathies.,Continuum (Minneap Minn),2022
36527051,literature_discovery,derived_annotations_only,abstract_metadata_only,core,aso_thrombocytopenia_complement_2020_2026,0,A real-world economic analysis of biologic therapies for psoriatic arthritis in Italy: results of the CHRONOS observational longitudinal study.,BMC Health Serv Res,2022
36524831,literature_discovery,derived_annotations_only,abstract_metadata_only,core,oligo_chemistry_toxicity_mechanism_2020_2026,0,Ensemble Modified Aptamer Based Pattern Recognition for Adaptive Target Identification.,Nano Lett,2022
36511348,literature_discovery,derived_annotations_only,abstract_metadata_only,core,oligo_chemistry_toxicity_mechanism_2020_2026,0,Keggin Cluster Modulated Photocatalytic Activity of Aryl Sulfonium Polyoxometalate Hybrids toward Dichromate Reduction.,Langmuir,2022
36509716,literature_discovery,derived_annotations_only,abstract_metadata_only,core,aso_thrombocytopenia_complement_2020_2026,0,Thermodynamics and Kinetics of Unfolding of Antiparallel G-Quadruplexes in Anti-Thrombin Aptamers.,Biochemistry (Mosc),2022
36508287,literature_discovery,derived_annotations_only,abstract_metadata_only,core,oligo_sequence_dependent_toxicity_2020_2026,0,Isolation of Bacteria Aptamers with Non-SELEX for the Development of a Highly Sensitive Colorimetric Assay Based on Dual Signal Amplification.,J Agric Food Chem,2022
36500686,literature_discovery,derived_annotations_only,abstract_metadata_only,core,aso_thrombocytopenia_complement_2020_2026,0,Aptamers Regulating the Hemostasis System.,Molecules,2022
36500416,literature_discovery,derived_annotations_only,abstract_metadata_only,core,oligo_chemistry_toxicity_mechanism_2020_2026,0,Quantum Dot Nanobeads as Multicolor Labels for Simultaneous Multiplex Immunochromatographic Detection of Four Nitrofuran Metabolites in Aquatic Products.,Molecules,2022
36499249,literature_discovery,derived_annotations_only,abstract_metadata_only,core,aso_thrombocytopenia_complement_2020_2026,0,Properties and Potential Antiproliferative Activity of Thrombin-Binding Aptamer (TBA) Derivatives with One or Two Additional G-Tetrads.,Int J Mol Sci,2022
36497066,literature_discovery,derived_annotations_only,abstract_metadata_only,core,sirna_seed_toxicity_broad_2020_2026,0,"The Revelation of Continuously Organized, Co-Overexpressed Protein-Coding Genes with Roles in Cellular Communications in Breast Cancer.",Cells,2022
36484245,literature_discovery,derived_annotations_only,abstract_metadata_only,core,oligo_sequence_dependent_toxicity_2020_2026,0,An electrochemical biosensor for the detection of aflatoxin B1 based on the specific aptamer and HCR biological magnification.,Anal Methods,2022
36483949,literature_discovery,derived_annotations_only,abstract_metadata_only,core,sirna_seed_toxicity_broad_2020_2026,0,Leaf rolling in bread wheat (Triticum aestivum L.) is controlled by the upregulation of a pair of closely linked/duplicate zinc finger homeodomain class transcription factors during moisture stress conditions.,Front Plant Sci,2022
36458209,literature_discovery,derived_annotations_only,abstract_metadata_only,core,oligo_sequence_dependent_toxicity_2020_2026,0,Mutant huntingtin messenger RNA forms neuronal nuclear clusters in rodent and human brains.,Brain Commun,2022
36457701,literature_discovery,derived_annotations_only,abstract_metadata_only,core,aso_thrombocytopenia_complement_2020_2026,0,A terminal functionalization strategy reveals unusual binding abilities of anti-thrombin anticoagulant aptamers.,Mol Ther Nucleic Acids,2022
36439857,literature_discovery,derived_annotations_only,abstract_metadata_only,core,sirna_seed_toxicity_broad_2020_2026,0,Transcriptomic and phenotype analysis revealed the role of rpoS in stress resistance and virulence of pathogenic Enterobacter cloacae from Macrobrachium rosenbergii.,Front Microbiol,2022
36434595,literature_discovery,derived_annotations_only,abstract_metadata_only,core,aso_thrombocytopenia_complement_2020_2026,0,Genes related to allergen exposure in allergic rhinitis: a gene-chip-based study in a mouse model.,BMC Med Genomics,2022
36433951,literature_discovery,derived_annotations_only,abstract_metadata_only,core,oligo_chemistry_safety_broad_2010_2026,0,Restoring cellular magnesium balance through Cyclin M4 protects against acetaminophen-induced liver damage.,Nat Commun,2022
36432408,literature_discovery,derived_annotations_only,abstract_metadata_only,core,aso_kidney_toxicity_2020_2026,0,Rehabilitation Nutrition in Patients with Chronic Kidney Disease and Cachexia.,Nutrients,2022
36421975,literature_discovery,derived_annotations_only,abstract_metadata_only,core,sirna_seed_toxicity_broad_2020_2026,0,Silencing of dre4 Contributes to Mortality of Phyllotreta striolata.,Insects,2022
36416138,literature_discovery,derived_annotations_only,abstract_metadata_only,core,oligo_sequence_dependent_toxicity_2020_2026,0,A sensitive MnO(2) nanosheet sensing platform based on a fluorescence aptamer sensor for the detection of zearalenone.,Anal Methods,2022
36411621,literature_discovery,derived_annotations_only,abstract_metadata_only,core,oligo_sequence_dependent_toxicity_2020_2026,0,Engineered nanoparticles as emerging gene/drug delivery systems targeting the nuclear factor-κB protein and related signaling pathways in cancer.,Biomed Pharmacother,2022
36410784,literature_discovery,derived_annotations_only,abstract_metadata_only,core,aso_thrombocytopenia_complement_2020_2026,0,Incorporation of a Multi-Valent Aptamer into Electrochemical Biosensors to Achieve an Improved Performance for Thrombin Analysis in Blood Serum.,Chempluschem,2022
36407613,literature_discovery,derived_annotations_only,abstract_metadata_only,core,sirna_seed_toxicity_broad_2020_2026,0,Genome-wide identification and functional analysis of Cellulose synthase gene superfamily in Fragaria vesca.,Front Plant Sci,2022
36402996,literature_discovery,derived_annotations_only,abstract_metadata_only,core,sirna_seed_toxicity_broad_2020_2026,0,Uterine macrophages as treatment targets for therapy of premature rupture of membranes by modified ADSC-EVs through a circRNA/miRNA/NF-κB pathway.,J Nanobiotechnology,2022
36389773,literature_discovery,derived_annotations_only,abstract_metadata_only,core,oligo_chemistry_safety_broad_2010_2026,0,Functional identification of the zebrafish Interleukin-1 receptor in an embryonic model of Il-1β-induced systemic inflammation.,Front Immunol,2022
36387451,literature_discovery,derived_annotations_only,abstract_metadata_only,core,aso_kidney_toxicity_2020_2026,0,First-in-human autologous implantation of genetically modified adipocytes expressing LCAT for the treatment of familial LCAT deficiency.,Heliyon,2022
36383615,literature_discovery,derived_annotations_only,abstract_metadata_only,core,oligo_chemistry_toxicity_mechanism_2020_2026,0,Elf3 deficiency during zebrafish development alters extracellular matrix organization and disrupts tissue morphogenesis.,PLoS One,2022
36370492,literature_discovery,derived_annotations_only,abstract_metadata_only,core,sirna_seed_toxicity_broad_2020_2026,0,PVT1/miR-145-5p/HK2 modulates vascular smooth muscle cells phenotype switch via glycolysis: The new perspective on the spiral artery remodeling.,Placenta,2022
36362256,literature_discovery,derived_annotations_only,abstract_metadata_only,core,oligo_chemistry_safety_broad_2010_2026,0,Improving Stability and Specificity of CRISPR/Cas9 System by Selective Modification of Guide RNAs with 2'-fluoro and Locked Nucleic Acid Nucleotides.,Int J Mol Sci,2022
36354810,literature_discovery,derived_annotations_only,abstract_metadata_only,core,sirna_seed_toxicity_broad_2020_2026,0,RNAi-Mediated Manipulation of Cuticle Coloration Genes in Lygus hesperus Knight (Hemiptera: Miridae).,Insects,2022
36354488,literature_discovery,derived_annotations_only,abstract_metadata_only,core,aso_thrombocytopenia_complement_2020_2026,0,Comparison of Optical and Electrical Sensor Characteristics for Efficient Analysis of Attachment and Detachment of Aptamer.,Biosensors (Basel),2022
36354459,literature_discovery,derived_annotations_only,abstract_metadata_only,core,oligo_sequence_dependent_toxicity_2020_2026,0,Aptamer-Gated Mesoporous Silica Nanoparticles for N Protein Triggered Release of Remdesivir and Treatment of Novel Coronavirus (2019-nCoV).,Biosensors (Basel),2022
36345866,literature_discovery,derived_annotations_only,abstract_metadata_only,secondary,oligo_drug_discovery_safety_review_2020_2026,0,Recent lipoprotein(a) trials.,Curr Opin Lipidol,2022
36341451,literature_discovery,derived_annotations_only,abstract_metadata_only,core,sirna_seed_toxicity_broad_2020_2026,0,Evaluation of porcine GM-CSF during PRRSV infection in vitro and in vivo indicating a protective role of GM-CSF related with M1 biased activation in alveolar macrophage during PRRSV infection.,Front Immunol,2022
36336357,literature_discovery,derived_annotations_only,abstract_metadata_only,secondary,oligo_drug_discovery_safety_review_2020_2026,0,Harnessing nucleic acid technologies for human health on earth and in space.,Life Sci Space Res (Amst),2022
36334044,literature_discovery,derived_annotations_only,abstract_metadata_only,core,aso_thrombocytopenia_complement_2020_2026,0,Universal and Translational Nanoparticulate CpG Adjuvant.,ACS Appl Mater Interfaces,2022
36333801,literature_discovery,derived_annotations_only,abstract_metadata_only,core,sirna_seed_toxicity_broad_2020_2026,0,Combinatorial targeting of menin and the histone methyltransferase DOT1L as a novel therapeutic strategy for treatment of chemotherapy-resistant ovarian cancer.,Cancer Cell Int,2022
36325179,literature_discovery,derived_annotations_only,abstract_metadata_only,core,oligo_chemistry_toxicity_mechanism_2020_2026,0,Prevention of polycystic ovary syndrome and postmenopausal osteoporosis by inhibiting apoptosis with Shenling Baizhu powder compound.,PeerJ,2022
36315022,literature_discovery,derived_annotations_only,abstract_metadata_only,core,aso_thrombocytopenia_complement_2020_2026,0,Aptamer-Protein Structures Guide In Silico and Experimental Discovery of Aptamer-Short Peptide Recognition Complexes or Aptamer-Amino Acid Cluster Complexes.,J Phys Chem B,2022
36308187,literature_discovery,derived_annotations_only,abstract_metadata_only,core,aso_thrombocytopenia_complement_2020_2026,0,Role of light and immunofluorescence microscopy to differentiate primary and secondary membranous nephropathy.,Indian J Pathol Microbiol,2022
36296424,literature_discovery,derived_annotations_only,abstract_metadata_only,core,oligo_sequence_dependent_toxicity_2020_2026,0,Assembly of Biologically Functional Structures by Nucleic Acid Templating: Implementation of a Strategy to Overcome Inhibition by Template Excess.,Molecules,2022
36296249,literature_discovery,derived_annotations_only,abstract_metadata_only,core,oligo_chemistry_toxicity_mechanism_2020_2026,0,"Computer-Based Identification of Potential Druggable Targets in Multidrug-Resistant Acinetobacter baumannii: A Combined In Silico, In Vitro and In Vivo Study.",Microorganisms,2022
36290396,literature_discovery,derived_annotations_only,abstract_metadata_only,core,sirna_seed_toxicity_broad_2020_2026,0,"Genome-Wide Identification, Expression Profiling, and Characterization of Cyclin-like Genes Reveal Their Role in the Fertility of the Diamondback Moth.",Biology (Basel),2022
36287529,literature_discovery,derived_annotations_only,abstract_metadata_only,secondary,locked_nucleic_acid_safety_2020_2026,0,Insecticidal effect of metabolites identified in edible mushrooms against Rhyssomatus nigerrimus Fahraeus.,Braz J Biol,2022
36283789,literature_discovery,derived_annotations_only,abstract_metadata_only,core,aso_thrombocytopenia_complement_2020_2026,0,Apamer-based sensitive and label-free electrochemical detection of neutrophil gelatinase-associated lipocalin via recycling amplification cascades.,Anal Chim Acta,2022
36283643,literature_discovery,derived_annotations_only,abstract_metadata_only,core,aso_thrombocytopenia_complement_2020_2026,0,Optimized aptamer functionalization for enhanced anticancer efficiency in vivo.,Int J Pharm,2022
36269621,literature_discovery,derived_annotations_only,abstract_metadata_only,core,aso_thrombocytopenia_complement_2020_2026,0,Is Fibrinogen a Reliable Biomarker in the Diagnosis of Peri-Prosthetic Joint Infection? A Systematic Review and Meta-Analysis.,Surg Infect (Larchmt),2022
36269546,literature_discovery,derived_annotations_only,abstract_metadata_only,core,sirna_seed_toxicity_broad_2020_2026,0,Novel preclinical gastroenteropancreatic neuroendocrine neoplasia models demonstrate the feasibility of mutation-based targeted therapy.,Cell Oncol (Dordr),2022
36257830,literature_discovery,derived_annotations_only,abstract_metadata_only,core,sirna_seed_toxicity_broad_2020_2026,0,Chronic lithium treatment ameliorates ketamine-induced mania-like behavior via the PI3K-AKT signaling pathway.,Zool Res,2022
36257732,literature_discovery,derived_annotations_only,abstract_metadata_only,core,oligo_sequence_dependent_toxicity_2020_2026,0,Cascade primer exchange reaction-based amplification strategy for sensitive and portable detection of amyloid β oligomer using personal glucose meters.,Anal Chim Acta,2022
36253152,literature_discovery,derived_annotations_only,abstract_metadata_only,core,oligo_sequence_dependent_toxicity_2020_2026,0,Outward Movement of Targeting Ligands from a Built-In Reserve Pool in Nuclease-Resistant 3D Hierarchical DNA Nanocluster for in Vivo High-Precision Cancer Therapy.,Adv Sci (Weinh),2022
36242904,literature_discovery,derived_annotations_only,abstract_metadata_only,core,oligo_sequence_dependent_toxicity_2020_2026,0,Bilayer magnetic-plasmonic satellite nanoassemblies for SERS detection of tobramycin with exonuclease amplification.,Biosens Bioelectron,2022
36220343,literature_discovery,derived_annotations_only,abstract_metadata_only,core,aso_thrombocytopenia_complement_2020_2026,0,"RNA Chemical Labeling with Site-Specific, Relative Quantification by Mass Spectrometry for the Structural Study of a Neomycin-Sensing Riboswitch Aptamer Domain.",Chempluschem,2022
36214342,literature_discovery,derived_annotations_only,abstract_metadata_only,core,sirna_seed_toxicity_broad_2020_2026,0,"Mechanism of 2,4-Dichlorophenoxyacetic acid-induced damage to rat testis via Fas/FasL pathway and the protective effect of Lycium barbarum polysaccharides.",Environ Toxicol,2022
36205828,literature_discovery,derived_annotations_only,abstract_metadata_only,core,aso_thrombocytopenia_complement_2020_2026,0,Aptamer-AuNP-conjugated carboxymethyl chitosan-functionalized graphene oxide for colorimetric identification of Salmonella typhimurium.,Mikrochim Acta,2022
36205565,literature_discovery,derived_annotations_only,abstract_metadata_only,core,sirna_seed_toxicity_broad_2020_2026,0,APEX1 promotes the oncogenicity of hepatocellular carcinoma via regulation of MAP2K6.,Aging (Albany NY),2022
36203198,literature_discovery,derived_annotations_only,abstract_metadata_only,core,sirna_seed_toxicity_broad_2020_2026,0,"Periviscerokinin (Cap(2b); CAPA) receptor silencing in females of Rhipicephalus microplus reduces survival, weight and reproductive output.",Parasit Vectors,2022
36199069,literature_discovery,derived_annotations_only,abstract_metadata_only,core,sirna_seed_toxicity_broad_2020_2026,0,LPAR5 confers radioresistance to cancer cells associated with EMT activation via the ERK/Snail pathway.,J Transl Med,2022
36194468,literature_discovery,derived_annotations_only,abstract_metadata_only,core,sirna_seed_toxicity_broad_2020_2026,0,Functional Inquiry into ATP-Binding Cassette Transporter Genes Contributing to Spirotetramat Resistance in Aphis gossypii Glover.,J Agric Food Chem,2022
36181865,literature_discovery,derived_annotations_only,abstract_metadata_only,core,sirna_seed_toxicity_broad_2020_2026,0,Role of circular RNA cdr1as in modulation of macrophage phenotype.,Life Sci,2022
36181420,literature_discovery,derived_annotations_only,abstract_metadata_only,core,sirna_seed_toxicity_broad_2020_2026,0,Assessment of a zinc finger protein gene (MPZC3H10) as potential RNAi target for green peach aphid Myzus persicae control.,Pest Manag Sci,2022
36179502,literature_discovery,derived_annotations_only,abstract_metadata_only,core,aso_thrombocytopenia_complement_2020_2026,0,A highly selective and sensitive competitive aptasensor capable of quantifying thrombin elevated with side effects in severe COVID-19.,J Pharm Biomed Anal,2022
36172291,literature_discovery,derived_annotations_only,abstract_metadata_only,core,aso_thrombocytopenia_complement_2020_2026,0,Treatment of hereditary angioedema-single or multiple pathways to the rescue.,Front Allergy,2022
36158256,literature_discovery,derived_annotations_only,abstract_metadata_only,core,sirna_seed_toxicity_broad_2020_2026,0,RING finger and WD repeat domain 3 regulates proliferation and metastasis through the Wnt/β-catenin signalling pathways in hepatocellular carcinoma.,World J Gastroenterol,2022
36155024,literature_discovery,derived_annotations_only,abstract_metadata_only,core,sirna_seed_toxicity_broad_2020_2026,0,Effects of copper exposure on lipid metabolism and SREBP pathway in the Chinese mitten crab Eriocheir sinensis.,Chemosphere,2022
36149406,literature_discovery,derived_annotations_only,abstract_metadata_only,core,oligo_chemistry_toxicity_mechanism_2020_2026,0,Regulation of Nodal signaling propagation by receptor interactions and positive feedback.,Elife,2022
36140153,literature_discovery,derived_annotations_only,abstract_metadata_only,core,aso_thrombocytopenia_complement_2020_2026,0,Recent Progresses in Development of Biosensors for Thrombin Detection.,Biosensors (Basel),2022
36138490,literature_discovery,derived_annotations_only,abstract_metadata_only,core,aso_thrombocytopenia_complement_2020_2026,0,RNA-targeted therapeutics in cardiovascular disease: the time is now.,Eur Heart J Cardiovasc Pharmacother,2022
36119140,literature_discovery,derived_annotations_only,abstract_metadata_only,secondary,sso_splice_oligo_safety_2020_2026,0,Ocular Manifestations and Potential Treatments of Alport Syndrome: A Systematic Review.,J Ophthalmol,2022
36106920,literature_discovery,derived_annotations_only,abstract_metadata_only,core,oligo_sequence_dependent_toxicity_2020_2026,0,A DNA tetrahedral nanomaterial-based dual-signal ratiometric electrochemical aptasensor for the detection of ochratoxin A in corn kernel samples.,Analyst,2022
36106385,literature_discovery,derived_annotations_only,abstract_metadata_only,core,sirna_seed_toxicity_broad_2020_2026,0,Nanoparticle-induced chemoresistance: the emerging modulatory effects of engineered nanomaterials on human intestinal cancer cell redox metabolic adaptation.,Nanoscale,2022
36095003,literature_discovery,derived_annotations_only,abstract_metadata_only,core,sirna_seed_toxicity_broad_2020_2026,0,Genome-wide analysis identifies Homothorax and Extradenticle as regulators of insulin in Drosophila Insulin-Producing cells.,PLoS Genet,2022
36092612,literature_discovery,derived_annotations_only,abstract_metadata_only,core,oligo_chemistry_toxicity_mechanism_2020_2026,0,A Rearrangement Reaction to Yield a NH(4) (+) Ion Driven by Polyoxometalate Formation.,ACS Omega,2022
36090760,literature_discovery,derived_annotations_only,abstract_metadata_only,core,aso_thrombocytopenia_complement_2020_2026,0,Chemically modified in-vitro-transcribed mRNA encoding thrombopoietin stimulates thrombopoiesis in mice.,Mol Ther Nucleic Acids,2022
36090749,literature_discovery,derived_annotations_only,abstract_metadata_only,core,aso_thrombocytopenia_complement_2020_2026,0,Local intraluminal delivery of a smooth muscle-targeted RNA ligand inhibits neointima growth in a porcine model of peripheral vascular disease.,Mol Ther Nucleic Acids,2022
36087615,literature_discovery,derived_annotations_only,abstract_metadata_only,core,oligo_sequence_dependent_toxicity_2020_2026,0,Impacts of arsenic on Rad18 and translesion synthesis.,Toxicol Appl Pharmacol,2022
36085230,literature_discovery,derived_annotations_only,abstract_metadata_only,core,sirna_seed_toxicity_broad_2020_2026,0,Mechanistic insights into HuR inhibitor MS-444 arresting embryonic development revealed by low-input RNA-seq and STORM.,Cell Biol Toxicol,2022
36084699,literature_discovery,derived_annotations_only,abstract_metadata_only,core,aso_thrombocytopenia_complement_2020_2026,0,22AG G-quadruplex RNA/QnMorpholine-mediated fluorimetric detection of miR-21.,Anal Biochem,2022
36082964,literature_discovery,derived_annotations_only,abstract_metadata_only,core,aso_thrombocytopenia_complement_2020_2026,0,Programmable Assembly of Multivalent DNA-Protein Superstructures for Tumor Imaging and Targeted Therapy.,Angew Chem Int Ed Engl,2022
36077472,literature_discovery,derived_annotations_only,abstract_metadata_only,core,oligo_chemistry_toxicity_mechanism_2020_2026,0,eif4ebp3l-A New Affector of Zebrafish Angiogenesis and Heart Regeneration?,Int J Mol Sci,2022
36076967,literature_discovery,derived_annotations_only,abstract_metadata_only,core,aso_kidney_toxicity_2020_2026,0,Curcumin Sensitises Cancerous Kidney Cells to TRAIL Induced Apoptosis via Let-7C Mediated Deregulation of Cell Cycle Proteins and Cellular Metabolism.,Int J Mol Sci,2022
36074947,literature_discovery,derived_annotations_only,abstract_metadata_only,core,aso_thrombocytopenia_complement_2020_2026,0,Progress in Respiratory Gene Therapy.,Hum Gene Ther,2022
36071982,literature_discovery,derived_annotations_only,abstract_metadata_only,secondary,oligo_drug_discovery_safety_review_2020_2026,0,Applications and challenges of biomaterial mediated mRNA delivery.,Explor Target Antitumor Ther,2022
36069149,literature_discovery,derived_annotations_only,abstract_metadata_only,core,oligo_sequence_dependent_toxicity_2020_2026,0,Molecular Recognition-Triggered Aptazyme Sensor Using a Co-MOF@MCA Hybrid Nanostructure as Signal Labels for Adenosine Triphosphate Detection in Food Samples.,Anal Chem,2022
36064267,literature_discovery,derived_annotations_only,abstract_metadata_only,secondary,lnp_rna_safety_toxicity_2020_2026,0,Messenger RNA as a personalized therapy: The moment of truth for rare metabolic diseases.,Int Rev Cell Mol Biol,2022
36058939,literature_discovery,derived_annotations_only,abstract_metadata_only,core,oligo_sequence_dependent_toxicity_2020_2026,0,Multiple amplification-based fluorometric aptasensor for highly sensitive detection of Staphylococcus aureus.,Appl Microbiol Biotechnol,2022
36056830,literature_discovery,derived_annotations_only,abstract_metadata_only,core,aso_thrombocytopenia_complement_2020_2026,0,RNA Aptamer-functionalized Polymeric Nanoparticles in Targeted Delivery and Cancer Therapy: An up-to-date Review.,Curr Pharm Des,2022
36040593,literature_discovery,derived_annotations_only,abstract_metadata_only,secondary,locked_nucleic_acid_safety_2020_2026,0,Locked Nucleic Acid AntimiR Therapy for the Heart.,Methods Mol Biol,2022
36038237,literature_discovery,derived_annotations_only,abstract_metadata_only,core,aso_thrombocytopenia_complement_2020_2026,0,Biomimetic synthesis of protein-DNA-CaHPO(4) hybrid nanosheets for biosensing: Detection of thrombin as an example.,Anal Chim Acta,2022
36037975,literature_discovery,derived_annotations_only,abstract_metadata_only,core,oligo_chemistry_safety_broad_2010_2026,0,Simultaneous crosslinking of CD20 and CD38 receptors by drug-free macromolecular therapeutics enhances B cell apoptosis in vitro and in vivo.,J Control Release,2022
36037911,literature_discovery,derived_annotations_only,abstract_metadata_only,core,oligo_sequence_dependent_toxicity_2020_2026,0,Sensitive fluorescent aptasensing of tobramycin on graphene oxide coupling strand displacement amplification and hybridization chain reaction.,Int J Biol Macromol,2022
36037202,literature_discovery,derived_annotations_only,abstract_metadata_only,core,oligo_chemistry_toxicity_mechanism_2020_2026,0,Intestinal phages interact with bacteria and are involved in human diseases.,Gut Microbes,2022
36034959,literature_discovery,derived_annotations_only,abstract_metadata_only,core,aso_thrombocytopenia_complement_2020_2026,0,Ruan Jian Qing Mai Recipe Inhibits the Inflammatory Response in Acute Lower Limb Ischemic Mice through the JAK2/STAT3 Pathway.,Evid Based Complement Alternat Med,2022
36032115,literature_discovery,derived_annotations_only,abstract_metadata_only,core,oligo_chemistry_toxicity_mechanism_2020_2026,0,Changes in the composition of gut and vaginal microbiota in patients with postmenopausal osteoporosis.,Front Immunol,2022
36007832,literature_discovery,derived_annotations_only,abstract_metadata_only,core,oligo_chemistry_toxicity_mechanism_2020_2026,0,Shrimp pmo-miR-750 regulates the expression of sarcoplasmic calcium-binding protein facilitating virus infection in Penaeus monodon.,Fish Shellfish Immunol,2022
36004972,literature_discovery,derived_annotations_only,abstract_metadata_only,core,oligo_sequence_dependent_toxicity_2020_2026,0,Molecularly Imprinting-Aptamer Techniques and Their Applications in Molecular Recognition.,Biosensors (Basel),2022
36004048,literature_discovery,derived_annotations_only,abstract_metadata_only,core,aso_thrombocytopenia_complement_2020_2026,0,Differential RNA aptamer affinity profiling on plasma as a potential diagnostic tool for bladder cancer.,NAR Cancer,2022
35996230,literature_discovery,derived_annotations_only,abstract_metadata_only,core,oligo_chemistry_safety_broad_2010_2026,0,Dephosphorylation of Y228 and Y217 and phosphorylation of Y335 in p120 catenin activate convergent extension during zebrafish gastrulation.,Dev Dyn,2022
35994712,literature_discovery,derived_annotations_only,abstract_metadata_only,core,aso_thrombocytopenia_complement_2020_2026,0,An overview of advancement in aptasensors for influenza detection.,Expert Rev Mol Diagn,2022
35989924,literature_discovery,derived_annotations_only,abstract_metadata_only,core,oligo_chemistry_toxicity_mechanism_2020_2026,0,Bridging intravenous thrombolysis in patients with atrial fibrillation.,Front Neurol,2022
35986944,literature_discovery,derived_annotations_only,abstract_metadata_only,core,oligo_sequence_dependent_toxicity_2020_2026,0,Novel colorimetric aptasensor based on MOF-derived materials and its applications for organophosphorus pesticides determination.,J Hazard Mater,2022
35981607,literature_discovery,derived_annotations_only,abstract_metadata_only,core,oligo_chemistry_toxicity_mechanism_2020_2026,0,Potential therapeutic applications of microRNAs in cancer diagnosis and treatment: Sharpening a double-edged sword?,Eur J Pharmacol,2022
35973273,literature_discovery,derived_annotations_only,abstract_metadata_only,core,aso_thrombocytopenia_complement_2020_2026,0,Mn(2+) modified black phosphorus nanosheets with enhanced DNA adsorption and affinity for robust sensing.,Biosens Bioelectron,2022
35969502,literature_discovery,derived_annotations_only,abstract_metadata_only,core,oligo_sequence_dependent_toxicity_2020_2026,0,Self-Assembled DNA-Protein Hybrid Nanospheres: Biocompatible Nano-Drug-Carriers for Targeted Cancer Therapy.,ACS Appl Mater Interfaces,2022
35966026,literature_discovery,derived_annotations_only,abstract_metadata_only,core,oligo_chemistry_toxicity_mechanism_2020_2026,0,Assessment of Strategies for Safe Drug Discontinuation and Transition of Denosumab Treatment in PMO-Insights From a Mechanistic PK/PD Model of Bone Turnover.,Front Bioeng Biotechnol,2022
35963818,literature_discovery,derived_annotations_only,abstract_metadata_only,secondary,oligo_drug_discovery_safety_review_2020_2026,0,Angiotensinogen: More Than its Downstream Products: Evidence From Population Studies and Novel Therapeutics.,JACC Heart Fail,2022
35957269,literature_discovery,derived_annotations_only,abstract_metadata_only,core,oligo_sequence_dependent_toxicity_2020_2026,0,Fluorescence Assay for Detecting Four Organophosphorus Pesticides Using Fluorescently Labeled Aptamer.,Sensors (Basel),2022
35956902,literature_discovery,derived_annotations_only,abstract_metadata_only,core,oligo_sequence_dependent_toxicity_2020_2026,0,Development of a Lateral Flow Strip with a Positive Readout for the On-Site Detection of Aflatoxin B(1).,Molecules,2022
35955412,literature_discovery,derived_annotations_only,abstract_metadata_only,secondary,locked_nucleic_acid_safety_2020_2026,0,BPA Decreases PDCD4 in Bovine Granulosa Cells Independently of miR-21 Inhibition.,Int J Mol Sci,2022
35949298,literature_discovery,derived_annotations_only,abstract_metadata_only,secondary,sso_splice_oligo_safety_2020_2026,0,Systemic delivery of an AAV9 exon-skipping vector significantly improves or prevents features of Duchenne muscular dystrophy in the Dup2 mouse.,Mol Ther Methods Clin Dev,2022
35939804,literature_discovery,derived_annotations_only,abstract_metadata_only,core,oligo_sequence_dependent_toxicity_2020_2026,0,Fluorescence Resonance Energy Transfer Aptasensor of Ochratoxin A Constructed Based on Gold Nanorods and DNA Tetrahedrons.,J Agric Food Chem,2022
35934423,literature_discovery,derived_annotations_only,abstract_metadata_only,core,oligo_sequence_dependent_toxicity_2020_2026,0,Combination of DNA walker and Pb(2+)-specific DNAzyme-based signal amplification with a signal-off electrochemical DNA sensor for Staphylococcus aureus detection.,Anal Chim Acta,2022
35928794,literature_discovery,derived_annotations_only,abstract_metadata_only,core,aso_thrombocytopenia_complement_2020_2026,0,Plasma levels of thrombin and activated protein C in patients with acute myocardial Infarction: An observational study.,Int J Cardiol Heart Vasc,2022
35922434,literature_discovery,derived_annotations_only,abstract_metadata_only,core,aso_thrombocytopenia_complement_2020_2026,0,An intranasal ASO therapeutic targeting SARS-CoV-2.,Nat Commun,2022
35908248,literature_discovery,derived_annotations_only,abstract_metadata_only,core,aso_thrombocytopenia_complement_2020_2026,0,The Importance of Continuous Glucose Monitoring-derived Metrics Beyond HbA1c for Optimal Individualized Glycemic Control.,J Clin Endocrinol Metab,2022
35887130,literature_discovery,derived_annotations_only,abstract_metadata_only,core,aso_thrombocytopenia_complement_2020_2026,0,Relative Nuclease Resistance of a DNA Aptamer Covalently Conjugated to a Target Protein.,Int J Mol Sci,2022
35877035,literature_discovery,derived_annotations_only,abstract_metadata_only,secondary,galnac_conjugate_clinical_safety_2020_2026,0,Inclisiran: How Widely and When Should We Use It?,Curr Atheroscler Rep,2022
35874740,literature_discovery,derived_annotations_only,abstract_metadata_only,core,aso_thrombocytopenia_complement_2020_2026,0,The Contribution of Neutrophils and NETs to the Development of Type 1 Diabetes.,Front Immunol,2022
35870335,literature_discovery,derived_annotations_only,abstract_metadata_only,core,aso_thrombocytopenia_complement_2020_2026,0,Split aptamer regulated CRISPR/Cas12a biosensor for 17β-estradiol through a gap-enhanced Raman tags based lateral ﬂow strategy.,Biosens Bioelectron,2022
35870283,literature_discovery,derived_annotations_only,abstract_metadata_only,core,aso_thrombocytopenia_complement_2020_2026,0,An ultrasensitive and dual-recognition SERS biosensor based on Fe(3)O(4)@Au-Teicoplanin and aptamer functionalized Au@Ag nanoparticles for detection of Staphylococcus aureus.,Talanta,2022
35861646,literature_discovery,derived_annotations_only,abstract_metadata_only,core,oligo_chemistry_toxicity_mechanism_2020_2026,0,De novo non-synonymous DPYSL2 (CRMP2) variants in two patients with intellectual disabilities and documentation of functional relevance through zebrafish rescue and cellular transfection experiments.,Hum Mol Genet,2022
35861025,literature_discovery,derived_annotations_only,abstract_metadata_only,core,oligo_chemistry_toxicity_mechanism_2020_2026,0,Potential of novel self-assembled functionalized carbon nanotubes for selective tumor targeting.,Pharm Pat Anal,2022
35850122,literature_discovery,derived_annotations_only,abstract_metadata_only,secondary,sso_splice_oligo_safety_2020_2026,0,Emerging therapies for Duchenne muscular dystrophy.,Lancet Neurol,2022
35848907,literature_discovery,derived_annotations_only,abstract_metadata_only,core,oligo_chemistry_toxicity_mechanism_2020_2026,0,Insights into innate immune activation via PS-ASO-protein-TLR9 interactions.,Nucleic Acids Res,2022
35840234,literature_discovery,derived_annotations_only,abstract_metadata_only,core,oligo_sequence_dependent_toxicity_2020_2026,0,Hybridization chain reaction and DNAzyme-based dual signal amplification strategy for sensitive fluorescent sensing of aflatoxin B1 by using the pivot of triplex DNA.,Food Res Int,2022
35834343,literature_discovery,derived_annotations_only,abstract_metadata_only,secondary,galnac_conjugate_clinical_safety_2020_2026,0,[Inclisiran - a new era in lipid-lowering therapy].,Kardiologiia,2022
35819021,literature_discovery,derived_annotations_only,abstract_metadata_only,core,oligo_sequence_dependent_toxicity_2020_2026,0,Hollow spherical nucleic acid structures based on polymer-coated phospholipid vesicles.,Soft Matter,2022
35810756,literature_discovery,derived_annotations_only,abstract_metadata_only,core,oligo_chemistry_toxicity_mechanism_2020_2026,0,"Thrombectomy alone versus intravenous alteplase plus thrombectomy in patients with stroke: an open-label, blinded-outcome, randomised non-inferiority trial.",Lancet,2022
35809452,literature_discovery,derived_annotations_only,abstract_metadata_only,core,oligo_sequence_dependent_toxicity_2020_2026,0,High-efficiency enzyme-free catalyzed hairpin assembly-mediated homogeneous SERS and naked-eyes dual-mode assay for ultrasensitive and portable detection of mycotoxin.,Biosens Bioelectron,2022
35807501,literature_discovery,derived_annotations_only,abstract_metadata_only,core,oligo_sequence_dependent_toxicity_2020_2026,0,A Simple Structure-Switch Aptasensor Using Label-Free Aptamer for Fluorescence Detection of Aflatoxin B1.,Molecules,2022
35806476,literature_discovery,derived_annotations_only,abstract_metadata_only,secondary,oligo_drug_discovery_safety_review_2020_2026,0,Next RNA Therapeutics: The Mine of Non-Coding.,Int J Mol Sci,2022
35805891,literature_discovery,derived_annotations_only,abstract_metadata_only,secondary,locked_nucleic_acid_safety_2020_2026,0,The Regulatory Role of H19/miR-181a/ATG5 Signaling in Perinatal Nicotine Exposure-Induced Development of Neonatal Brain Hypoxic-Ischemic Sensitive Phenotype.,Int J Mol Sci,2022
35804932,literature_discovery,derived_annotations_only,abstract_metadata_only,core,oligo_chemistry_safety_broad_2010_2026,0,Knockdown of 15-bp Deletion-Type v-raf Murine Sarcoma Viral Oncogene Homolog B1 mRNA in Pancreatic Ductal Adenocarcinoma Cells Repressed Cell Growth In Vitro and Tumor Volume In Vivo.,Cancers (Basel),2022
35796101,literature_discovery,derived_annotations_only,abstract_metadata_only,core,oligo_chemistry_toxicity_mechanism_2020_2026,0,Impact of physical and chemical parameters on square wave anodic stripping voltammetry for trace Pb(2+) detection in water.,Analyst,2022
35786891,literature_discovery,derived_annotations_only,abstract_metadata_only,core,aso_thrombocytopenia_complement_2020_2026,0,Locking and Unlocking Thrombin Function Using Immunoquiescent Nucleic Acid Nanoparticles with Regulated Retention In Vivo.,Nano Lett,2022
35785728,literature_discovery,derived_annotations_only,abstract_metadata_only,core,oligo_chemistry_toxicity_mechanism_2020_2026,0,Crosstalk between the gut microbiota and postmenopausal osteoporosis: Mechanisms and applications.,Int Immunopharmacol,2022
35785288,literature_discovery,derived_annotations_only,abstract_metadata_only,core,oligo_chemistry_toxicity_mechanism_2020_2026,0,Synergistic Effect of Multifunctional Layered Double Hydroxide-Based Hybrids and Modified Phosphagen with an Active Amino Group for Enhancing the Smoke Suppression and Flame Retardancy of Epoxy.,ACS Omega,2022
35776134,literature_discovery,derived_annotations_only,abstract_metadata_only,core,oligo_sequence_dependent_toxicity_2020_2026,0,Molecular insights into the interaction of CAG trinucleotide RNA repeats with nucleolin and its implication in polyglutamine diseases.,Nucleic Acids Res,2022
35762256,literature_discovery,derived_annotations_only,abstract_metadata_only,core,aso_thrombocytopenia_complement_2020_2026,0,New missense mutation p.Trp387Ser affecting the functionally important TrpXXTrp motif in the TSR1 repeat of ADAMTS13 metalloproteinase: Case report.,Clin Exp Pharmacol Physiol,2022
35743650,literature_discovery,derived_annotations_only,abstract_metadata_only,secondary,oligo_drug_discovery_safety_review_2020_2026,0,FSHD Therapeutic Strategies: What Will It Take to Get to Clinic?,J Pers Med,2022
35735535,literature_discovery,derived_annotations_only,abstract_metadata_only,core,oligo_sequence_dependent_toxicity_2020_2026,0,Magnetic Halloysite Nanotube-Based SERS Biosensor Enhanced with Au@Ag Core-Shell Nanotags for Bisphenol A Determination.,Biosensors (Basel),2022
35734365,literature_discovery,derived_annotations_only,abstract_metadata_only,core,oligo_chemistry_safety_broad_2010_2026,0,"Spotlight on Givosiran as a Treatment Option for Adults with Acute Hepatic Porphyria: Design, Development, and Place in Therapy.",Drug Des Devel Ther,2022
35733352,literature_discovery,derived_annotations_only,abstract_metadata_only,core,aso_thrombocytopenia_complement_2020_2026,0,Use of cangrelor in patients with acute coronary syndromes undergoing percutaneous coronary intervention: Study design and interim analysis of the ARCANGELO study.,Clin Cardiol,2022
35725215,literature_discovery,derived_annotations_only,abstract_metadata_only,core,aso_thrombocytopenia_complement_2020_2026,0,"A novel dual-targeting delivery system for specific delivery of CRISPR/Cas9 using hyaluronic acid, chitosan and AS1411.",Carbohydr Polym,2022
35716694,literature_discovery,derived_annotations_only,abstract_metadata_only,secondary,sso_splice_oligo_safety_2020_2026,0,Potential disease-modifying therapies for Huntington's disease: lessons learned and future opportunities.,Lancet Neurol,2022
35716101,literature_discovery,derived_annotations_only,abstract_metadata_only,core,aso_thrombocytopenia_complement_2020_2026,0,Recent Developments in Mutation Enrichment and Detection Technologies.,Clin Chem,2022
35708500,literature_discovery,derived_annotations_only,abstract_metadata_only,core,oligo_sequence_dependent_toxicity_2020_2026,0,"Carnosol, a diterpene present in rosemary, increases ELP1 levels in familial dysautonomia patient-derived cells and healthy adults: a possible therapy for FD.",Hum Mol Genet,2022
35706088,literature_discovery,derived_annotations_only,abstract_metadata_only,core,oligo_chemistry_safety_broad_2010_2026,0,"Phosphorylation of serine residues S252, S268/S269, and S879 in p120 catenin activates migration of presomitic mesoderm in gastrulating zebrafish embryos.",Dev Dyn,2022
35690424,literature_discovery,derived_annotations_only,abstract_metadata_only,core,aso_thrombocytopenia_complement_2020_2026,0,Target-triggered tertiary amplifications for sensitive and label-free protein detection based on lighting-up RNA aptamer transcriptions.,Anal Chim Acta,2022
35674832,literature_discovery,derived_annotations_only,abstract_metadata_only,core,oligo_chemistry_safety_broad_2010_2026,0,S100A8 inhibition in leukemic lymphoblasts induces sensitivity to chemotherapy and inhibition of disease relapse.,Med Oncol,2022
35674802,literature_discovery,derived_annotations_only,abstract_metadata_only,core,oligo_sequence_dependent_toxicity_2020_2026,0,Non-thiolated nucleic acid functionalized gold nanoparticle-based aptamer lateral flow assay for rapid detection of kanamycin.,Mikrochim Acta,2022
35671065,literature_discovery,derived_annotations_only,abstract_metadata_only,core,oligo_chemistry_toxicity_mechanism_2020_2026,0,Wnt Signaling Interactor WTIP (Wilms Tumor Interacting Protein) Underlies Novel Mechanism for Cardiac Hypertrophy.,Circ Genom Precis Med,2022
35668324,literature_discovery,derived_annotations_only,abstract_metadata_only,core,aso_thrombocytopenia_complement_2020_2026,0,Directed evolution and selection of biostable L-DNA aptamers with a mirror-image DNA polymerase.,Nat Biotechnol,2022
35662162,literature_discovery,derived_annotations_only,abstract_metadata_only,core,aso_thrombocytopenia_complement_2020_2026,0,[Development of a novel aptamer blocking the interaction between the VWF A1 domain and platelet GP Ib for the treatment of arterial thrombosis].,Rinsho Ketsueki,2022
35644254,literature_discovery,derived_annotations_only,abstract_metadata_only,core,aso_thrombocytopenia_complement_2020_2026,0,Chemiluminescent detection of platelet derived growth factor-BB based on sandwich label-free aptasensor and biotin-streptavidin strategy.,J Immunol Methods,2022
35644101,literature_discovery,derived_annotations_only,abstract_metadata_only,core,aso_kidney_toxicity_2020_2026,0,"COVID-19 in patients with cancer: first report of the ESMO international, registry-based, cohort study (ESMO-CoCARE).",ESMO Open,2022
35635978,literature_discovery,derived_annotations_only,abstract_metadata_only,core,oligo_sequence_dependent_toxicity_2020_2026,0,Colorimetric aptasensor targeting zearalenone developed based on the hyaluronic Acid-DNA hydrogel and bimetallic MOFzyme.,Biosens Bioelectron,2022
35630724,literature_discovery,derived_annotations_only,abstract_metadata_only,core,oligo_sequence_dependent_toxicity_2020_2026,0,Microarray Analysis of the Genomic Effect of Eugenol on Methicillin-Resistant Staphylococcus aureus.,Molecules,2022
35629326,literature_discovery,derived_annotations_only,abstract_metadata_only,core,aso_thrombocytopenia_complement_2020_2026,0,The Platelet-Derived Growth Factor Pathway in Pulmonary Arterial Hypertension: Still an Interesting Target?,Life (Basel),2022
35623250,literature_discovery,derived_annotations_only,abstract_metadata_only,core,oligo_sequence_dependent_toxicity_2020_2026,0,Self-assembled DNA origami-based duplexed aptasensors combined with centrifugal filters for efficient and rechargeable ATP detection.,Biosens Bioelectron,2022
35597144,literature_discovery,derived_annotations_only,abstract_metadata_only,core,oligo_sequence_dependent_toxicity_2020_2026,0,Aptamer-based Cas14a1 biosensor for amplification-free live pathogenic detection.,Biosens Bioelectron,2022
35592498,literature_discovery,derived_annotations_only,abstract_metadata_only,core,aso_kidney_toxicity_2020_2026,0,"Subcutaneous delivery of FGF21 mRNA therapy reverses obesity, insulin resistance, and hepatic steatosis in diet-induced obese mice.",Mol Ther Nucleic Acids,2022
35590191,literature_discovery,derived_annotations_only,abstract_metadata_only,secondary,oligo_drug_discovery_safety_review_2020_2026,0,Nanoscale delivery platforms for RNA therapeutics: Challenges and the current state of the art.,Med,2022
35583913,literature_discovery,derived_annotations_only,abstract_metadata_only,core,aso_thrombocytopenia_complement_2020_2026,0,MicroRNA-136-5p from Endothelial Progenitor Cells-released Extracellular Vesicles Mediates TXNIP to Promote the Dissolution of Deep Venous Thrombosis.,Shock,2022
35583609,literature_discovery,derived_annotations_only,abstract_metadata_only,secondary,oligo_drug_discovery_safety_review_2020_2026,0,RNA in Cancer Immunotherapy: Unlocking the Potential of the Immune System.,Clin Cancer Res,2022
35569188,literature_discovery,derived_annotations_only,abstract_metadata_only,core,aso_kidney_toxicity_2020_2026,0,"Amino-modified-silica-coated gadolinium-copper nanoclusters, conjugated to AS1411 aptamer and radiolabeled with technetium-99 m as a novel multimodal imaging agent.",Bioorg Chem,2022
35551240,literature_discovery,derived_annotations_only,abstract_metadata_only,secondary,lnp_rna_safety_toxicity_2020_2026,0,Enhancing CRISPR/Cas gene editing through modulating cellular mechanical properties for cancer therapy.,Nat Nanotechnol,2022
35551038,literature_discovery,derived_annotations_only,abstract_metadata_only,core,oligo_chemistry_toxicity_mechanism_2020_2026,0,Design and synthesis of new quinoline derivatives as selective C-RAF kinase inhibitors with potent anticancer activity.,Eur J Med Chem,2022
35547767,literature_discovery,derived_annotations_only,abstract_metadata_only,core,oligo_sequence_dependent_toxicity_2020_2026,0,Acidic microenvironment triggered in situ assembly of activatable three-arm aptamer nanoclaw for contrast-enhanced imaging and tumor growth inhibition in vivo.,Theranostics,2022
35545360,literature_discovery,derived_annotations_only,abstract_metadata_only,core,aso_kidney_toxicity_2020_2026,0,Astragalus polysaccharides affects multidrug resistance gene 1 and P-glycoprotein 170 in adriamycin nephropathy rats via regulating microRNA-16/NF-κB axis.,Zhong Nan Da Xue Xue Bao Yi Xue Ban,2022
35526663,literature_discovery,derived_annotations_only,abstract_metadata_only,secondary,oligo_drug_discovery_safety_review_2020_2026,0,"The dynamic, motile and deformative properties of RNA nanoparticles facilitate the third milestone of drug development.",Adv Drug Deliv Rev,2022
35521760,literature_discovery,derived_annotations_only,abstract_metadata_only,core,aso_thrombocytopenia_complement_2020_2026,0,DNA Functionalized Spider Silk Nanohydrogels for Specific Cell Attachment and Patterning.,ACS Nano,2022
35502921,literature_discovery,derived_annotations_only,abstract_metadata_only,core,oligo_sequence_dependent_toxicity_2020_2026,0,Study on lipid nanomicelles targeting placenta for the treatment of preeclampsia.,J Drug Target,2022
35490167,literature_discovery,derived_annotations_only,abstract_metadata_only,core,aso_thrombocytopenia_complement_2020_2026,0,Aptamer loaded superparamagnetic beads for selective capturing and gentle release of activated protein C.,Sci Rep,2022
35466424,literature_discovery,derived_annotations_only,abstract_metadata_only,core,aso_thrombocytopenia_complement_2020_2026,0,Stability of serial platelet and urine protein measurements in patients receiving nusinersen for spinal muscular atrophy.,Muscle Nerve,2022
35463672,literature_discovery,derived_annotations_only,abstract_metadata_only,core,oligo_sequence_dependent_toxicity_2020_2026,0,The Current Status of SSRP1 in Cancer: Tribulation and Road Ahead.,J Healthc Eng,2022
35459248,literature_discovery,derived_annotations_only,abstract_metadata_only,core,aso_thrombocytopenia_complement_2020_2026,0,RNA-based therapy in the management of lipid disorders: a review.,Lipids Health Dis,2022
35454784,literature_discovery,derived_annotations_only,abstract_metadata_only,core,aso_thrombocytopenia_complement_2020_2026,0,Differences in the Expression Patterns of TGFβ Isoforms and Associated Genes in Astrocytic Brain Tumors.,Cancers (Basel),2022
35448312,literature_discovery,derived_annotations_only,abstract_metadata_only,core,aso_thrombocytopenia_complement_2020_2026,0,Nanomaterial-Based Label-Free Electrochemical Aptasensors for the Detection of Thrombin.,Biosensors (Basel),2022
35447597,literature_discovery,derived_annotations_only,abstract_metadata_only,core,oligo_sequence_dependent_toxicity_2020_2026,0,Catalytic hairpin activated gold-magnetic/gold-core-silver-shell rapid self-assembly for ultrasensitive Staphylococcus aureus sensing via PDMS-based SERS platform.,Biosens Bioelectron,2022
35446532,literature_discovery,derived_annotations_only,abstract_metadata_only,core,aso_thrombocytopenia_complement_2020_2026,0,A Folding-Based Electrochemical Aptasensor for the Single-Step Detection of the SARS-CoV-2 Spike Protein.,ACS Appl Mater Interfaces,2022
35437569,literature_discovery,derived_annotations_only,abstract_metadata_only,core,oligo_sequence_dependent_toxicity_2020_2026,0,Organ-on-a-chip: current gaps and future directions.,Biochem Soc Trans,2022
35436511,literature_discovery,derived_annotations_only,abstract_metadata_only,core,aso_thrombocytopenia_complement_2020_2026,0,Recent development of aptamer conjugated chitosan nanoparticles as cancer therapeutics.,Int J Pharm,2022
35436103,literature_discovery,derived_annotations_only,abstract_metadata_only,core,aso_kidney_toxicity_2020_2026,0,Novel DNA Aptamer for CYP24A1 Inhibition with Enhanced Antiproliferative Activity in Cancer Cells.,ACS Appl Mater Interfaces,2022
35430408,literature_discovery,derived_annotations_only,abstract_metadata_only,core,oligo_chemistry_toxicity_mechanism_2020_2026,0,Ligation-free isothermal nucleic acid amplification.,Biosens Bioelectron,2022
35427747,literature_discovery,derived_annotations_only,abstract_metadata_only,core,oligo_chemistry_toxicity_mechanism_2020_2026,0,Anticancer therapeutic potential of 5-fluorouracil and nisin co-loaded chitosan coated silver nanoparticles against murine skin cancer.,Int J Pharm,2022
35421804,literature_discovery,derived_annotations_only,abstract_metadata_only,core,oligo_sequence_dependent_toxicity_2020_2026,0,Phillygenin activates PKR/eIF2α pathway and induces stress granule to exert anti-avian infectious bronchitis virus.,Int Immunopharmacol,2022
35420479,literature_discovery,derived_annotations_only,abstract_metadata_only,core,oligo_chemistry_toxicity_mechanism_2020_2026,0,Involvement of the DNA Phosphorothioation System in TorR Binding and Anaerobic TMAO Respiration in Salmonella enterica.,mBio,2022
35419654,literature_discovery,derived_annotations_only,abstract_metadata_only,core,gapmer_aso_hepatotoxicity_2020_2026,0,[Gene therapy options for hereditary transthyretin-related amyloidosis].,Nervenarzt,2022
35413630,literature_discovery,derived_annotations_only,abstract_metadata_only,core,aso_thrombocytopenia_complement_2020_2026,0,Ultrasensitive disposable apatasensor for reagentless electrocatalytic detection of thrombin: An O(2)-Dependent hemin-G4-aptamer assay on gold screen-printed electrodes.,Talanta,2022
35408313,literature_discovery,derived_annotations_only,abstract_metadata_only,core,aso_thrombocytopenia_complement_2020_2026,0,Impedance Technique-Based Label-Free Electrochemical Aptasensor for Thrombin Using Single-Walled Carbon Nanotubes-Casted Screen-Printed Carbon Electrode.,Sensors (Basel),2022
35405446,literature_discovery,derived_annotations_only,abstract_metadata_only,core,oligo_sequence_dependent_toxicity_2020_2026,0,Surface-enhanced Raman spectroscopy relying on bimetallic Au-Ag nanourchins for the detection of the food allergen β-lactoglobulin.,Talanta,2022
35402060,literature_discovery,derived_annotations_only,abstract_metadata_only,core,oligo_chemistry_toxicity_mechanism_2020_2026,0,"Determination of Glyphosate, Glufosinate, and Their Major Metabolites in Tea Infusions by Dual-Channel Capillary Electrophoresis following Solid-Phase Extraction.",J Anal Methods Chem,2022
35397905,literature_discovery,derived_annotations_only,abstract_metadata_only,core,oligo_sequence_dependent_toxicity_2020_2026,0,Cascaded and nonlinear DNA assembly amplification for sensitive and aptamer-based detection of kanamycin.,Anal Chim Acta,2022
35395997,literature_discovery,derived_annotations_only,abstract_metadata_only,core,aso_thrombocytopenia_complement_2020_2026,0,"[Effects of the ITGA2B Nonsense Mutation (c.2659C > T, p.Q887X) on Platelet Function in a Mouse Model of Glanzmann's Thrombasthenia Generated with CRISPR/Cas9 Technology].",Zhongguo Shi Yan Xue Ye Xue Za Zhi,2022
35394881,literature_discovery,derived_annotations_only,abstract_metadata_only,core,oligo_chemistry_toxicity_mechanism_2020_2026,0,The CHARGE syndrome ortholog CHD-7 regulates TGF-β pathways in Caenorhabditis elegans.,Proc Natl Acad Sci U S A,2022
35393769,literature_discovery,derived_annotations_only,abstract_metadata_only,secondary,sso_splice_oligo_safety_2020_2026,0,Cardio-respiratory and phenotypic rescue of dystrophin/utrophin-deficient mice by combination therapy.,EMBO Rep,2022
35387533,literature_discovery,derived_annotations_only,abstract_metadata_only,core,oligo_chemistry_toxicity_mechanism_2020_2026,0,"Current progress of miRNA-derivative nucleotide drugs: modifications, delivery systems, applications.",Expert Opin Drug Deliv,2022
35386206,literature_discovery,derived_annotations_only,abstract_metadata_only,core,aso_thrombocytopenia_complement_2020_2026,0,Coagulation Factor IIIa (f3a) Knockdown in Zebrafish Leads to Defective Angiogenesis and Mild Bleeding Phenotype.,Front Cell Dev Biol,2022
35369705,literature_discovery,derived_annotations_only,abstract_metadata_only,core,aso_thrombocytopenia_complement_2020_2026,0,Effect of Vupanorsen on Non-High-Density Lipoprotein Cholesterol Levels in Statin-Treated Patients With Elevated Cholesterol: TRANSLATE-TIMI 70.,Circulation,2022
35367701,literature_discovery,derived_annotations_only,abstract_metadata_only,core,aso_thrombocytopenia_complement_2020_2026,0,Picomolar thrombin detection by orchestration of triple signal amplification strategy with hierarchically porous Ti(3)C(2)T(x) MXene electrode material-catalytic hairpin assembly reaction-metallic nanoprobes.,Biosens Bioelectron,2022
35362883,literature_discovery,derived_annotations_only,abstract_metadata_only,core,oligo_chemistry_toxicity_mechanism_2020_2026,0,Targeting natural products against SARS-CoV-2.,Environ Sci Pollut Res Int,2022
35351470,literature_discovery,derived_annotations_only,abstract_metadata_only,secondary,lnp_rna_safety_toxicity_2020_2026,0,Regulatory guidelines and preclinical tools to study the biodistribution of RNA therapeutics.,Adv Drug Deliv Rev,2022
35310381,literature_discovery,derived_annotations_only,abstract_metadata_only,secondary,oligo_drug_discovery_safety_review_2020_2026,0,Clinical progress of nanomedicine-based RNA therapies.,Bioact Mater,2022
35306905,literature_discovery,derived_annotations_only,abstract_metadata_only,core,oligo_sequence_dependent_toxicity_2020_2026,0,Regulatory mechanisms of Beta-carotene and BCMO1 in adipose tissues: A gene enrichment-based bioinformatics analysis.,Hum Exp Toxicol,2022
35289745,literature_discovery,derived_annotations_only,abstract_metadata_only,core,oligo_chemistry_toxicity_mechanism_2020_2026,0,Functional characterization of a 'plant-like' HYL1 homolog in the cnidarian Nematostella vectensis indicates a conserved involvement in microRNA biogenesis.,Elife,2022
35289020,literature_discovery,derived_annotations_only,abstract_metadata_only,core,aso_thrombocytopenia_complement_2020_2026,0,Real-life experience with inotersen in hereditary transthyretin amyloidosis with late-onset phenotype: Data from an early-access program in Italy.,Eur J Neurol,2022
35279637,literature_discovery,derived_annotations_only,abstract_metadata_only,core,oligo_sequence_dependent_toxicity_2020_2026,0,Design and optimizing gold nanoparticle-cDNA nanoprobes for aptamer-based lateral flow assay: Application to rapid detection of acetamiprid.,Biosens Bioelectron,2022
35278867,literature_discovery,derived_annotations_only,abstract_metadata_only,core,oligo_chemistry_toxicity_mechanism_2020_2026,0,Surface topological synthesis of polymetallic oxides coatings on lithium layered oxide for improved capacity and high-rate performance.,J Colloid Interface Sci,2022
35272618,literature_discovery,derived_annotations_only,abstract_metadata_only,core,aso_thrombocytopenia_complement_2020_2026,0,Unsupervised explainable AI for molecular evolutionary study of forty thousand SARS-CoV-2 genomes.,BMC Microbiol,2022
35269876,literature_discovery,derived_annotations_only,abstract_metadata_only,secondary,oligo_drug_discovery_safety_review_2020_2026,0,Current Advances in RNA Therapeutics for Human Diseases.,Int J Mol Sci,2022
35268583,literature_discovery,derived_annotations_only,abstract_metadata_only,core,aso_kidney_toxicity_2020_2026,0,Novel Complex of PD-L1 Aptamer and Albumin Enhances Antitumor Efficacy In Vivo.,Molecules,2022
35261724,literature_discovery,derived_annotations_only,abstract_metadata_only,secondary,oligo_drug_discovery_safety_review_2020_2026,0,Advances in Nanoparticles for Effective Delivery of RNA Therapeutics.,Biochip J,2022
35258047,literature_discovery,derived_annotations_only,abstract_metadata_only,core,oligo_sequence_dependent_toxicity_2020_2026,0,Selection of CD133-targeted DNA aptamers for the efficient and specific therapy of colorectal cancer.,J Mater Chem B,2022
35226451,literature_discovery,derived_annotations_only,abstract_metadata_only,core,aso_thrombocytopenia_complement_2020_2026,0,Single-Molecule Sandwich Aptasensing on Nanoarrays by Tethered Particle Motion Analysis.,Anal Chem,2022
35222234,literature_discovery,derived_annotations_only,abstract_metadata_only,core,aso_thrombocytopenia_complement_2020_2026,0,Modified Sensory Testing in Non-verbal Patients Receiving Novel Intrathecal Therapies for Neurological Disorders.,Front Neurol,2022
35220880,literature_discovery,derived_annotations_only,abstract_metadata_only,core,oligo_chemistry_toxicity_mechanism_2020_2026,0,A defective lysophosphatidic acid-autophagy axis increases miscarriage risk by restricting decidual macrophage residence.,Autophagy,2022
35217273,literature_discovery,derived_annotations_only,abstract_metadata_only,core,oligo_sequence_dependent_toxicity_2020_2026,0,Structure-switching aptamer triggering signal amplification strategy for tobramycin detection based on hybridization chain reaction and fluorescence synergism.,Talanta,2022
35213014,literature_discovery,derived_annotations_only,abstract_metadata_only,core,oligo_chemistry_safety_broad_2010_2026,0,Generation of Protein-Phosphorodiamidate Morpholino Oligomer Conjugates for Efficient Cellular Delivery via Anthrax Protective Antigen.,Methods Mol Biol,2022
35209079,literature_discovery,derived_annotations_only,abstract_metadata_only,core,oligo_chemistry_toxicity_mechanism_2020_2026,0,Induction of Liver Size Reduction in Zebrafish Larvae by the Emerging Synthetic Cannabinoid 4F-MDMB-BINACA and Its Impact on Drug Metabolism.,Molecules,2022
35207255,literature_discovery,derived_annotations_only,abstract_metadata_only,core,aso_thrombocytopenia_complement_2020_2026,0,Volanesorsen: A New Era in the Treatment of Severe Hypertriglyceridemia.,J Clin Med,2022
35204815,literature_discovery,derived_annotations_only,abstract_metadata_only,core,oligo_sequence_dependent_toxicity_2020_2026,0,Insulin-Degrading Enzyme Is a Non Proteasomal Target of Carfilzomib and Affects the 20S Proteasome Inhibition by the Drug.,Biomolecules,2022
35190679,literature_discovery,derived_annotations_only,abstract_metadata_only,secondary,lnp_rna_safety_toxicity_2020_2026,0,Augmented lipid-nanoparticle-mediated in vivo genome editing in the lungs and spleen by disrupting Cas9 activity in the liver.,Nat Biomed Eng,2022
35189559,literature_discovery,derived_annotations_only,abstract_metadata_only,core,aso_thrombocytopenia_complement_2020_2026,0,An antifouling electrochemical aptasensor based on hyaluronic acid functionalized polydopamine for thrombin detection in human serum.,Bioelectrochemistry,2022
35189260,literature_discovery,derived_annotations_only,abstract_metadata_only,core,oligo_sequence_dependent_toxicity_2020_2026,0,Dual-RNA controlled delivery system inhibited tumor growth by apoptosis induction and TME activation.,J Control Release,2022
35187136,literature_discovery,derived_annotations_only,abstract_metadata_only,core,aso_thrombocytopenia_complement_2020_2026,0,Targeting ApoC3 Paradoxically Aggravates Atherosclerosis in Hamsters With Severe Refractory Hypercholesterolemia.,Front Cardiovasc Med,2022
35182839,literature_discovery,derived_annotations_only,abstract_metadata_only,core,aso_thrombocytopenia_complement_2020_2026,0,Extension of duplex specific nuclease sensing application with RNA aptamer.,Talanta,2022
35174641,literature_discovery,derived_annotations_only,abstract_metadata_only,core,aso_thrombocytopenia_complement_2020_2026,0,Optimising protein detection with fixable custom oligo-labelled antibodies for single-cell multi-omics approaches.,Biotechnol J,2022
35168151,literature_discovery,derived_annotations_only,abstract_metadata_only,core,oligo_chemistry_toxicity_mechanism_2020_2026,0,Thiosugar naphthalene diimide conjugates: G-quadruplex ligands with antiparasitic and anticancer activity.,Eur J Med Chem,2022
35163754,literature_discovery,derived_annotations_only,abstract_metadata_only,secondary,sso_splice_oligo_safety_2020_2026,0,CRISPR Therapeutics for Duchenne Muscular Dystrophy.,Int J Mol Sci,2022
35157249,literature_discovery,derived_annotations_only,abstract_metadata_only,core,aso_thrombocytopenia_complement_2020_2026,0,A case of pathologically confirmed streptococcal infection-related IgA vasculitis with associated glomerulonephritis and leukocytoclastic cutaneous vasculitis.,CEN Case Rep,2022
35152565,literature_discovery,derived_annotations_only,abstract_metadata_only,core,oligo_chemistry_toxicity_mechanism_2020_2026,0,Polyoxometalate Ionic Sponge Enabled Dendrite-Free and Highly Stable Lithium Metal Anode.,Small Methods,2022
35145221,literature_discovery,derived_annotations_only,abstract_metadata_only,core,oligo_sequence_dependent_toxicity_2020_2026,0,dCas9-based gene editing for cleavage-free genomic knock-in of long sequences.,Nat Cell Biol,2022
35143170,literature_discovery,derived_annotations_only,abstract_metadata_only,core,aso_thrombocytopenia_complement_2020_2026,0,Development of an Innovative Quantification Assay Based on Aptamer Sandwich and Isothermal Dumbbell Exponential Amplification.,Anal Chem,2022
35141764,literature_discovery,derived_annotations_only,abstract_metadata_only,core,aso_thrombocytopenia_complement_2020_2026,0,Ultrasensitive detection of plant hormone abscisic acid-based surface-enhanced Raman spectroscopy aptamer sensor.,Anal Bioanal Chem,2022
35135915,literature_discovery,derived_annotations_only,abstract_metadata_only,core,aso_thrombocytopenia_complement_2020_2026,0,Acute Exacerbation of Anemia with Parvovirus B19 Infection One Year after Sleeve Gastrectomy for Severe Obesity.,Intern Med,2022
35133835,literature_discovery,derived_annotations_only,abstract_metadata_only,core,aso_kidney_toxicity_2020_2026,0,γ Peptide Nucleic Acid-Based miR-122 Inhibition Rescues Vascular Endothelial Dysfunction in Mice Fed a High-Fat Diet.,J Med Chem,2022
35119441,literature_discovery,derived_annotations_only,abstract_metadata_only,core,aso_thrombocytopenia_complement_2020_2026,0,"Photostability of 2,6-diaminopurine and its 2'-deoxyriboside investigated by femtosecond transient absorption spectroscopy.",Phys Chem Chem Phys,2022
35114109,literature_discovery,derived_annotations_only,abstract_metadata_only,core,aso_thrombocytopenia_complement_2020_2026,0,Generation of an anticoagulant aptamer that targets factor V/Va and disrupts the FVa-membrane interaction in normal and COVID-19 patient samples.,Cell Chem Biol,2022
35112525,literature_discovery,derived_annotations_only,abstract_metadata_only,core,aso_kidney_toxicity_2020_2026,0,Perinatal asphyxia partly affects presepsin urine levels in non-infected term infants.,Clin Chem Lab Med,2022
35104779,literature_discovery,derived_annotations_only,abstract_metadata_only,core,oligo_sequence_dependent_toxicity_2020_2026,0,"Aptamers functionalized hybrid nanomaterials for algal toxins detection and decontamination in aquatic system: Current progress, opportunities, and challenges.",Ecotoxicol Environ Saf,2022
35102341,literature_discovery,derived_annotations_only,abstract_metadata_only,core,aso_kidney_toxicity_2020_2026,0,PSD3 downregulation confers protection against fatty liver disease.,Nat Metab,2022
35094366,literature_discovery,derived_annotations_only,abstract_metadata_only,secondary,lnp_rna_safety_toxicity_2020_2026,0,Delivery Strategies for mRNA Vaccines.,Pharmaceut Med,2022
35086834,literature_discovery,derived_annotations_only,abstract_metadata_only,core,oligo_chemistry_toxicity_mechanism_2020_2026,0,Allergen provocation tests in respiratory research: building on 50 years of experience.,Eur Respir J,2022
35084069,literature_discovery,derived_annotations_only,abstract_metadata_only,core,oligo_sequence_dependent_toxicity_2020_2026,0,Homotypic targeting of immunomodulatory nanoparticles for enhanced peripheral and central immunity.,Cell Prolif,2022
35067193,literature_discovery,derived_annotations_only,abstract_metadata_only,secondary,sso_splice_oligo_safety_2020_2026,0,RNA-based therapeutics for neurological diseases.,RNA Biol,2022
35063631,literature_discovery,derived_annotations_only,abstract_metadata_only,core,oligo_chemistry_toxicity_mechanism_2020_2026,0,Diaryl triazenes inhibit cytochrome P450 1A1 and 1B1 more strongly than aryl morpholino triazenes.,Bioorg Med Chem Lett,2022
35061527,literature_discovery,derived_annotations_only,abstract_metadata_only,secondary,sso_splice_oligo_safety_2020_2026,0,SF3B1 homeostasis is critical for survival and therapeutic response in T cell leukemia.,Sci Adv,2022
35051271,literature_discovery,derived_annotations_only,abstract_metadata_only,secondary,oligo_drug_discovery_safety_review_2020_2026,0,The dawn of a new era of targeted lipid-lowering therapies.,Eur Heart J,2022
35049033,literature_discovery,derived_annotations_only,abstract_metadata_only,core,oligo_chemistry_toxicity_mechanism_2020_2026,0,Organophosphates modulate tissue transglutaminase activity in differentiated C6 neural cells.,Eur Rev Med Pharmacol Sci,2022
35048934,literature_discovery,derived_annotations_only,abstract_metadata_only,core,oligo_sequence_dependent_toxicity_2020_2026,0,On-chip miRNA extraction platforms: recent technological advances and implications for next generation point-of-care nucleic acid tests.,Lab Chip,2022
35044699,literature_discovery,derived_annotations_only,abstract_metadata_only,secondary,lnp_rna_safety_toxicity_2020_2026,0,Dual-Targeted Lipid Nanotherapeutic Boost for Chemo-Immunotherapy of Cancer.,Adv Mater,2022
35044153,literature_discovery,derived_annotations_only,abstract_metadata_only,core,aso_thrombocytopenia_complement_2020_2026,0,Enzyme-Free Autocatalysis-Driven Feedback DNA Circuits for Amplified Aptasensing of Living Cells.,ACS Appl Mater Interfaces,2022
35036063,literature_discovery,derived_annotations_only,abstract_metadata_only,core,aso_thrombocytopenia_complement_2020_2026,0,Aptamer-based factor IXa inhibition preserves hemostasis and prevents thrombosis in a piglet model of ECMO.,Mol Ther Nucleic Acids,2022
35030464,literature_discovery,derived_annotations_only,abstract_metadata_only,core,oligo_chemistry_toxicity_mechanism_2020_2026,0,Electrochemical sensing of nitrofurazone on Ru(bpy)(3)(2+) functionalized polyoxometalate combined with graphene modified electrode.,Food Chem,2022
35025993,literature_discovery,derived_annotations_only,abstract_metadata_only,core,aso_thrombocytopenia_complement_2020_2026,0,Apolipoprotein C-III reduction in subjects with moderate hypertriglyceridaemia and at high cardiovascular risk.,Eur Heart J,2022
35021888,literature_discovery,derived_annotations_only,abstract_metadata_only,core,aso_thrombocytopenia_complement_2020_2026,0,Combining Heparin and a FX/Xa Aptamer to Reduce Thrombin Generation in Cardiopulmonary Bypass and COVID-19.,Nucleic Acid Ther,2022
35016113,literature_discovery,derived_annotations_only,abstract_metadata_only,core,oligo_chemistry_toxicity_mechanism_2020_2026,0,"Dual Sigma-1 receptor antagonists and hydrogen sulfide-releasing compounds for pain treatment: Design, synthesis, and pharmacological evaluation.",Eur J Med Chem,2022
35015683,literature_discovery,derived_annotations_only,abstract_metadata_only,core,oligo_chemistry_toxicity_mechanism_2020_2026,0,Modulation of CD22 Protein Expression in Childhood Leukemia by Pervasive Splicing Aberrations: Implications for CD22-Directed Immunotherapies.,Blood Cancer Discov,2022
35012307,literature_discovery,derived_annotations_only,abstract_metadata_only,core,oligo_sequence_dependent_toxicity_2020_2026,0,Aptamer-Target Recognition-Promoted Ratiometric Electrochemical Strategy for Evaluating the Microcystin-LR Residue in Fish without Interferences.,J Agric Food Chem,2022
35008019,literature_discovery,derived_annotations_only,abstract_metadata_only,core,oligo_sequence_dependent_toxicity_2020_2026,0,Plasma colorimetric aptasensor for the detection of chloramphenicol in honey based on cage Au@AuNPs and cascade hybridization chain reaction.,Food Chem,2022
34996842,literature_discovery,derived_annotations_only,abstract_metadata_only,core,aso_thrombocytopenia_complement_2020_2026,0,Sensitive visualization of SARS-CoV-2 RNA with CoronaFISH.,Life Sci Alliance,2022
34990404,literature_discovery,derived_annotations_only,abstract_metadata_only,core,aso_thrombocytopenia_complement_2020_2026,0,Rapid idiosyncratic mechanisms of clinical resistance to KRAS G12C inhibition.,J Clin Invest,2022
34985829,literature_discovery,derived_annotations_only,abstract_metadata_only,core,aso_thrombocytopenia_complement_2020_2026,0,Improving Structural Stability and Anticoagulant Activity of a Thrombin Binding Aptamer by Aromatic Modifications.,Chembiochem,2022
34954246,literature_discovery,derived_annotations_only,abstract_metadata_only,core,oligo_chemistry_toxicity_mechanism_2020_2026,0,Methylmercury-induced hair cell loss requires hydrogen peroxide production and leukocytes in zebrafish embryos.,Toxicol Lett,2022
34937345,literature_discovery,derived_annotations_only,abstract_metadata_only,core,aso_thrombocytopenia_complement_2020_2026,0,Impedance-Based Nanoporous Anodized Alumina/ITO Platforms for Label-Free Biosensors.,ACS Appl Mater Interfaces,2022
34923309,literature_discovery,derived_annotations_only,abstract_metadata_only,core,oligo_sequence_dependent_toxicity_2020_2026,0,Development of a novel liquid crystal Apta-sensing platform using P-shape molecular switch.,Biosens Bioelectron,2022
34921016,literature_discovery,derived_annotations_only,abstract_metadata_only,secondary,locked_nucleic_acid_safety_2020_2026,0,ASO-Based PKM Splice-Switching Therapy Inhibits Hepatocellular Carcinoma Growth.,Cancer Res,2022
34915704,literature_discovery,derived_annotations_only,abstract_metadata_only,core,oligo_chemistry_toxicity_mechanism_2020_2026,0,Structural Modifications to the Internal Oligoguanidinium Transporter Uncover Two Potent Analogues that Effectively Deliver the Proapoptotic Peptide in Multiple Cancer Cell Lines.,Bioconjug Chem,2022
34913119,literature_discovery,derived_annotations_only,abstract_metadata_only,core,oligo_chemistry_safety_broad_2010_2026,0,Generating Zebrafish RNA-Less Mutant Alleles by Deleting Gene Promoters with CRISPR/Cas9.,Methods Mol Biol,2022
34906054,literature_discovery,derived_annotations_only,abstract_metadata_only,core,aso_kidney_toxicity_2020_2026,0,A Novel Approach for Designing Electrochemical Aptamer-Based Biosensor for Ultrasensitive Detection of Zearalenone as a Prevalent Estrogenic Mycotoxin.,Curr Med Chem,2022
34897841,literature_discovery,derived_annotations_only,abstract_metadata_only,core,oligo_chemistry_toxicity_mechanism_2020_2026,0,Activity and substrate specificity of lytic polysaccharide monooxygenases: An ATR FTIR-based sensitive assay tested on a novel species from Pseudomonas putida.,Protein Sci,2022
34857350,literature_discovery,derived_annotations_only,abstract_metadata_only,core,aso_thrombocytopenia_complement_2020_2026,0,A label-free colorimetric aptasensor based on split aptamers-chitosan oligosaccharide-AuNPs nanocomposites for sensitive and selective detection of kanamycin.,Talanta,2022
34853819,literature_discovery,derived_annotations_only,abstract_metadata_only,secondary,lnp_rna_safety_toxicity_2020_2026,0,Ionizable lipid-assisted efficient hepatic delivery of gene editing elements for oncotherapy.,Bioact Mater,2022
34848243,literature_discovery,derived_annotations_only,abstract_metadata_only,core,aso_kidney_toxicity_2020_2026,0,Aptamer-mediated doxorubicin delivery reduces HCC burden in 3D organoids model.,J Control Release,2022
34838451,literature_discovery,derived_annotations_only,abstract_metadata_only,core,oligo_sequence_dependent_toxicity_2020_2026,0,Signaling probe design for amplification-free detection of bacterial genes using DNA microarray.,J Biosci Bioeng,2022
34837191,literature_discovery,derived_annotations_only,abstract_metadata_only,core,oligo_sequence_dependent_toxicity_2020_2026,0,"Optical and Electrochemical Aptasensors for Sensitive Detection of Aflatoxin B(1) and Aflatoxin M(1) in Blood Serum, Grape Juice, and Milk Samples.",Methods Mol Biol,2022
34821449,literature_discovery,derived_annotations_only,abstract_metadata_only,core,aso_thrombocytopenia_complement_2020_2026,0,Incorporation and Utility of a Responsive Ribonucleoside Analogue in Probing the Conformation of a Viral RNA Motif by Fluorescence and (19) F NMR Spectroscopy.,Chembiochem,2022
34799047,literature_discovery,derived_annotations_only,abstract_metadata_only,core,oligo_chemistry_toxicity_mechanism_2020_2026,0,Hybridized double-shell periodic mesoporous organosilica nanotheranostics for ultrasound imaging guided photothermal therapy.,J Colloid Interface Sci,2022
34779902,literature_discovery,derived_annotations_only,abstract_metadata_only,core,aso_thrombocytopenia_complement_2020_2026,0,Aptamer functionalized and reduced graphene oxide hybridized porous polymers SPE coupled with LC-MS for adsorption and detection of human α-thrombin.,Anal Bioanal Chem,2022
34766313,literature_discovery,derived_annotations_only,abstract_metadata_only,core,aso_thrombocytopenia_complement_2020_2026,0,Improvement of Transfection with PepFects Using Organic and Inorganic Materials.,Methods Mol Biol,2022
34756190,literature_discovery,derived_annotations_only,abstract_metadata_only,core,aso_thrombocytopenia_complement_2020_2026,0,Gene replacement therapy with onasemnogene abeparvovec in children with spinal muscular atrophy aged 24 months or younger and bodyweight up to 15 kg: an observational cohort study.,Lancet Child Adolesc Health,2022
34743371,literature_discovery,derived_annotations_only,abstract_metadata_only,core,oligo_chemistry_toxicity_mechanism_2020_2026,0,"Melatonin receptor 1A, but not 1B, knockout decreases biliary damage and liver fibrosis during cholestatic liver injury.",Hepatology,2022
34716880,literature_discovery,derived_annotations_only,abstract_metadata_only,core,oligo_sequence_dependent_toxicity_2020_2026,0,Targeted design of green carbon dot-CA-125 aptamer conjugate for the fluorescence imaging of ovarian cancer cell.,Cell Biochem Biophys,2022
34713547,literature_discovery,derived_annotations_only,abstract_metadata_only,core,oligo_sequence_dependent_toxicity_2020_2026,0,Host-mediated attenuation of gut sucrase in mustard aphid Lipaphis erysimi impaired its parthenogenetic reproduction on Indian mustard Brassica juncea.,Pest Manag Sci,2022
34711617,literature_discovery,derived_annotations_only,abstract_metadata_only,core,aso_kidney_toxicity_2020_2026,0,Affibody-Mediated PNA-Based Pretargeted Cotreatment Improves Survival of Trastuzumab-Treated Mice Bearing HER2-Expressing Xenografts.,J Nucl Med,2022
34689658,literature_discovery,derived_annotations_only,abstract_metadata_only,core,oligo_sequence_dependent_toxicity_2020_2026,0,VEGF aptamer/i-motif-grafted multi-functional SPION nanocarrier for chemotherapeutic/phototherapeutic synergistic research.,J Biomater Appl,2022
34687134,literature_discovery,derived_annotations_only,abstract_metadata_only,core,oligo_chemistry_toxicity_mechanism_2020_2026,0,The stereospecific interaction sites and target specificity of cGMP analogs in mouse cortex.,Chem Biol Drug Des,2022
34642457,literature_discovery,derived_annotations_only,abstract_metadata_only,core,oligo_chemistry_toxicity_mechanism_2020_2026,0,Astrocytes in the ventral pallidum extinguish heroin seeking through GAT-3 upregulation and morphological plasticity at D1-MSN terminals.,Mol Psychiatry,2022
34635267,literature_discovery,derived_annotations_only,abstract_metadata_only,core,aso_thrombocytopenia_complement_2020_2026,0,Highly sensitive and selective lateral flow aptasensor for anti-coagulant dabigatran etexilate determination in blood.,Talanta,2022
34635231,literature_discovery,derived_annotations_only,abstract_metadata_only,core,aso_thrombocytopenia_complement_2020_2026,0,SARS-CoV-2 detection with aptamer-functionalized gold nanoparticles.,Talanta,2022
34617153,literature_discovery,derived_annotations_only,abstract_metadata_only,core,aso_thrombocytopenia_complement_2020_2026,0,Polypyrrole-palladium nanocomposite as a high-efficiency transducer for thrombin detection with liposomes as a label.,Anal Bioanal Chem,2022
34605045,literature_discovery,derived_annotations_only,abstract_metadata_only,secondary,lnp_rna_safety_toxicity_2020_2026,0,"BMS-986263 in patients with advanced hepatic fibrosis: 36-week results from a randomized, placebo-controlled phase 2 trial.",Hepatology,2022
34525687,literature_discovery,derived_annotations_only,abstract_metadata_only,core,oligo_chemistry_toxicity_mechanism_2020_2026,0,Estrogen receptor: A potential linker of estrogenic and dopaminergic pathways in zebrafish larvae following deltamethrin exposure.,Sci Total Environ,2022
34510327,literature_discovery,derived_annotations_only,abstract_metadata_only,core,aso_kidney_toxicity_2020_2026,0,A case of peritoneal dialysis-related peritonitis caused by dialysate leakage with successful treatment by intravenous and intraperitoneal antibiotic therapy.,CEN Case Rep,2022
34492513,literature_discovery,derived_annotations_only,abstract_metadata_only,core,oligo_sequence_dependent_toxicity_2020_2026,0,Signal amplification of SiO(2) nanoparticle loaded horseradish peroxidase for colorimetric detection of lead ions in water.,Spectrochim Acta A Mol Biomol Spectrosc,2022
34428858,literature_discovery,derived_annotations_only,abstract_metadata_only,core,aso_thrombocytopenia_complement_2020_2026,0,SARS-CoV-2 infection and venous thromboembolism after surgery: an international prospective cohort study.,Anaesthesia,2022
34424352,literature_discovery,derived_annotations_only,abstract_metadata_only,core,aso_kidney_toxicity_2020_2026,0,Low-energy high-frequency Ho-YAG lithotripsy: is RIRS going forward? A case-control study.,Urolithiasis,2022
34403681,literature_discovery,derived_annotations_only,abstract_metadata_only,core,oligo_chemistry_toxicity_mechanism_2020_2026,0,Deliver the promise: RNAs as a new class of molecular entities for therapy and vaccination.,Pharmacol Ther,2022
34371183,literature_discovery,derived_annotations_only,abstract_metadata_only,secondary,sso_splice_oligo_safety_2020_2026,0,Targeting KIT by frameshifting mRNA transcripts as a therapeutic strategy for aggressive mast cell neoplasms.,Mol Ther,2022
34350824,literature_discovery,derived_annotations_only,abstract_metadata_only,core,aso_kidney_toxicity_2020_2026,0,"Acute kidney injury after the arterial switch operation: incidence, risk factors, and outcomes.",Cardiol Young,2022
34325245,literature_discovery,derived_annotations_only,abstract_metadata_only,core,oligo_sequence_dependent_toxicity_2020_2026,0,Novel label-free fluorescence aptasensor for chloramphenicol detection based on a DNA four-arm junction-assisted signal amplification strategy.,Food Chem,2022
34320373,literature_discovery,derived_annotations_only,abstract_metadata_only,core,aso_thrombocytopenia_complement_2020_2026,0,A structure-specific small molecule inhibits a miRNA-200 family member precursor and reverses a type 2 diabetes phenotype.,Cell Chem Biol,2022
34273082,literature_discovery,derived_annotations_only,abstract_metadata_only,core,aso_kidney_toxicity_2020_2026,0,Critical peritonitis secondary to gastrointestinal mucormycosis in a peritoneal dialysis patient: a case report.,CEN Case Rep,2022
34241810,literature_discovery,derived_annotations_only,abstract_metadata_only,core,aso_thrombocytopenia_complement_2020_2026,0,Plasma Kallikrein Contributes to Intracerebral Hemorrhage and Hypertension in Stroke-Prone Spontaneously Hypertensive Rats.,Transl Stroke Res,2022
34238104,literature_discovery,derived_annotations_only,abstract_metadata_only,core,aso_kidney_toxicity_2020_2026,0,MiR-494-mediated Effects on the NF-κB Signaling Pathway Regulate Lipopolysaccharide-Induced Acute Kidney Injury in Mice.,Immunol Invest,2022
34229590,literature_discovery,derived_annotations_only,abstract_metadata_only,core,oligo_chemistry_toxicity_mechanism_2020_2026,0,"Indian Indigenous Fruits as Radioprotective Agents: Past, Present and Future.",Anticancer Agents Med Chem,2022
33620071,literature_discovery,derived_annotations_only,abstract_metadata_only,secondary,oligo_drug_discovery_safety_review_2020_2026,0,The vasculature: a therapeutic target in heart failure?,Cardiovasc Res,2022
35480001,literature_discovery,derived_annotations_only,abstract_metadata_only,core,oligo_chemistry_toxicity_mechanism_2020_2026,0,Hydroxylation of benzene to phenol over heteropoly acid H(5)PMo(10)V(2)O(40) supported on amine-functionalized MCM-41.,RSC Adv,2021
35125952,literature_discovery,derived_annotations_only,abstract_metadata_only,core,aso_thrombocytopenia_complement_2020_2026,0,Acute post-streptococcal glomerulonephritis - immune-mediated acute kidney injury - case report and literature review.,Cent Eur J Immunol,2021
35056924,literature_discovery,derived_annotations_only,abstract_metadata_only,core,aso_thrombocytopenia_complement_2020_2026,0,Profiling Cancer Cells by Cell-SELEX: Use of Aptamers for Discovery of Actionable Biomarkers and Therapeutic Applications Thereof.,Pharmaceutics,2021
35025707,literature_discovery,derived_annotations_only,abstract_metadata_only,secondary,galnac_conjugate_clinical_safety_2020_2026,0,An evaluation of the pharmacokinetics of inclisiran in the treatment of atherosclerotic cardiovascular disease.,Expert Opin Drug Metab Toxicol,2021
35014475,literature_discovery,derived_annotations_only,abstract_metadata_only,core,oligo_chemistry_toxicity_mechanism_2020_2026,0,Synthesis of Polyhedral Metal-Organic Framework@Mesoporous Silica Hybrid Nanocomposites with Branched Shapes.,ACS Appl Bio Mater,2021
34949196,literature_discovery,derived_annotations_only,abstract_metadata_only,core,oligo_chemistry_toxicity_mechanism_2020_2026,0,Poly (N-vinylpyrrolidone) modification mitigates plasma protein corona formation on phosphomolybdate-based nanoparticles.,J Nanobiotechnology,2021
34948423,literature_discovery,derived_annotations_only,abstract_metadata_only,core,oligo_chemistry_toxicity_mechanism_2020_2026,0,"Combined In Silico, Ex Vivo, and In Vivo Assessment of L-17, a Thiadiazine Derivative with Putative Neuro- and Cardioprotective and Antidepressant Effects.",Int J Mol Sci,2021
34948105,literature_discovery,derived_annotations_only,abstract_metadata_only,core,oligo_sequence_dependent_toxicity_2020_2026,0,Cell Penetrating Peptide-Based Self-Assembly for PD-L1 Targeted Tumor Regression.,Int J Mol Sci,2021
34946957,literature_discovery,derived_annotations_only,abstract_metadata_only,core,aso_thrombocytopenia_complement_2020_2026,0,Analysis of Peripheral Blood Mononuclear Cells Gene Expression Highlights the Role of Extracellular Vesicles in the Immune Response following Hematopoietic Stem Cell Transplantation in Children.,Genes (Basel),2021
34943966,literature_discovery,derived_annotations_only,abstract_metadata_only,core,oligo_sequence_dependent_toxicity_2020_2026,0,MUT-7 Provides Molecular Insight into the Werner Syndrome Exonuclease.,Cells,2021
34940238,literature_discovery,derived_annotations_only,abstract_metadata_only,core,oligo_sequence_dependent_toxicity_2020_2026,0,Development of Multiplex PCR Coupled DNA Chip Technology for Assessment of Endogenous and Exogenous Allergens in GM Soybean.,Biosensors (Basel),2021
34938127,literature_discovery,derived_annotations_only,abstract_metadata_only,secondary,sso_splice_oligo_safety_2020_2026,0,Pharmacological Profile of Viltolarsen for the Treatment of Duchenne Muscular Dystrophy: A Japanese Experience.,Clin Pharmacol,2021
34909800,literature_discovery,derived_annotations_only,abstract_metadata_only,secondary,sso_splice_oligo_safety_2020_2026,0,Casimersen for Duchenne muscular dystrophy.,Drugs Today (Barc),2021
34884504,literature_discovery,derived_annotations_only,abstract_metadata_only,core,aso_thrombocytopenia_complement_2020_2026,0,Optimization of Apta-Sensing Platform for Detection of Prostate Cancer Marker PCA3.,Int J Mol Sci,2021
34865644,literature_discovery,derived_annotations_only,abstract_metadata_only,core,aso_thrombocytopenia_complement_2020_2026,0,Selective targeting of angiopoietin-like 3 (ANGPTL3) with vupanorsen for the treatment of patients with familial partial lipodystrophy (FPLD): results of a proof-of-concept study.,Lipids Health Dis,2021
34803495,literature_discovery,derived_annotations_only,abstract_metadata_only,core,oligo_chemistry_toxicity_mechanism_2020_2026,0,Mir24-2-5p suppresses the osteogenic differentiation with Gnai3 inhibition presenting a direct target via inactivating JNK-p38 MAPK signaling axis.,Int J Biol Sci,2021
34802527,literature_discovery,derived_annotations_only,abstract_metadata_only,core,oligo_chemistry_toxicity_mechanism_2020_2026,0,Berberine affords protection against oxidative stress and apoptotic damage in F1 generation of wistar rats following lactational exposure to chlorpyrifos.,Pestic Biochem Physiol,2021
34796728,literature_discovery,derived_annotations_only,abstract_metadata_only,secondary,locked_nucleic_acid_safety_2020_2026,0,Dysregulation of miR-21-associated miRNA regulatory networks by chronic ethanol consumption impairs liver regeneration.,Physiol Genomics,2021
34792071,literature_discovery,derived_annotations_only,abstract_metadata_only,core,aso_thrombocytopenia_complement_2020_2026,0,Site-selective and inducible acylation of thrombin using aptamer-catalyst conjugates.,Chem Commun (Camb),2021
34790118,literature_discovery,derived_annotations_only,abstract_metadata_only,secondary,sso_splice_oligo_safety_2020_2026,0,Lessons Learned from Discontinued Clinical Developments in Duchenne Muscular Dystrophy.,Front Pharmacol,2021
34782635,literature_discovery,derived_annotations_only,abstract_metadata_only,core,oligo_chemistry_toxicity_mechanism_2020_2026,0,Gene editing with CRISPR-Cas12a guides possessing ribose-modified pseudoknot handles.,Nat Commun,2021
34760021,literature_discovery,derived_annotations_only,abstract_metadata_only,core,aso_thrombocytopenia_complement_2020_2026,0,Bioinformatics Analysis for Identifying Pertinent Pathways and Genes in Sepsis.,Comput Math Methods Med,2021
34741870,literature_discovery,derived_annotations_only,abstract_metadata_only,core,aso_thrombocytopenia_complement_2020_2026,0,Verification of the role of spiperone in the treatment of COPD through bioinformatics analysis.,Int Immunopharmacol,2021
34731573,literature_discovery,derived_annotations_only,abstract_metadata_only,core,aso_thrombocytopenia_complement_2020_2026,0,"Cross-Chiral, RNA-Catalyzed Exponential Amplification of RNA.",J Am Chem Soc,2021
34721050,literature_discovery,derived_annotations_only,abstract_metadata_only,secondary,oligo_drug_discovery_safety_review_2020_2026,0,Toward a New Paradigm for Targeted Natriuretic Peptide Enhancement in Heart Failure.,Front Physiol,2021
34700182,literature_discovery,derived_annotations_only,abstract_metadata_only,core,oligo_chemistry_toxicity_mechanism_2020_2026,0,Simultaneous derivatization and liquid-solid phase transition microextraction of six biogenic amines in foods followed by narrowbore liquid chromatography-ultraviolet detection.,J Chromatogr A,2021
34683189,literature_discovery,derived_annotations_only,abstract_metadata_only,core,oligo_sequence_dependent_toxicity_2020_2026,0,4-Nitrophenol-Loaded Magnetic Mesoporous Silica Hybrid Materials for Spectrometric Aptasensing of Carcinoembryonic Antigen.,Micromachines (Basel),2021
34681893,literature_discovery,derived_annotations_only,abstract_metadata_only,core,oligo_sequence_dependent_toxicity_2020_2026,0,The Role of Nrf2 Transcription Factor and Sp1-Nrf2 Protein Complex in Glutamine Transporter SN1 Regulation in Mouse Cortical Astrocytes Exposed to Ammonia.,Int J Mol Sci,2021
34678899,literature_discovery,derived_annotations_only,abstract_metadata_only,core,aso_thrombocytopenia_complement_2020_2026,0,Familial chylomicronemia syndrome due to a heterozygous deletion of the chromosome 8 treated with the apoCIII inhibitor volanesorsen: A case report.,Medicine (Baltimore),2021
34677938,literature_discovery,derived_annotations_only,abstract_metadata_only,core,oligo_sequence_dependent_toxicity_2020_2026,0,Nanoparticle-Mediated In Situ Molecular Reprogramming of Immune Checkpoint Interactions for Cancer Immunotherapy.,ACS Nano,2021
34672953,literature_discovery,derived_annotations_only,abstract_metadata_only,core,oligo_chemistry_toxicity_mechanism_2020_2026,0,An in vitro system to silence mitochondrial gene expression.,Cell,2021
34645280,literature_discovery,derived_annotations_only,abstract_metadata_only,core,aso_thrombocytopenia_complement_2020_2026,0,N-Acetyl Galactosamine Targeting: Paving the Way for Clinical Application of Nucleotide Medicines in Cardiovascular Diseases.,Arterioscler Thromb Vasc Biol,2021
34639143,literature_discovery,derived_annotations_only,abstract_metadata_only,core,aso_thrombocytopenia_complement_2020_2026,0,Exosite Binding in Thrombin: A Global Structural/Dynamic Overview of Complexes with Aptamers and Other Ligands.,Int J Mol Sci,2021
34638603,literature_discovery,derived_annotations_only,abstract_metadata_only,core,aso_thrombocytopenia_complement_2020_2026,0,Tagging and Capturing of Lentiviral Vectors Using Short RNAs.,Int J Mol Sci,2021
34622901,literature_discovery,derived_annotations_only,abstract_metadata_only,core,aso_thrombocytopenia_complement_2020_2026,0,Bio-inspired dynamic biomolecule assembling for fine regulation of protein activity.,Chem Commun (Camb),2021
34606652,literature_discovery,derived_annotations_only,abstract_metadata_only,core,aso_thrombocytopenia_complement_2020_2026,0,Application of Sigma metrics in the quality control strategies of immunology and protein analytes.,J Clin Lab Anal,2021
34598060,literature_discovery,derived_annotations_only,abstract_metadata_only,core,oligo_chemistry_safety_broad_2010_2026,0,Prioritising breast cancer theranostics: A current medical longing in oncology.,Cancer Treat Res Commun,2021
34597019,literature_discovery,derived_annotations_only,abstract_metadata_only,core,aso_thrombocytopenia_complement_2020_2026,0,Aptamer-Based Solution-Gated Graphene Transistors for Highly Sensitive and Real-Time Detection of Thrombin Molecules.,Anal Chem,2021
34595229,literature_discovery,derived_annotations_only,abstract_metadata_only,core,oligo_sequence_dependent_toxicity_2020_2026,0,The E3 Ubiquitin Ligase TRIM25 Inhibits Tembusu Virus Replication in vitro.,Front Vet Sci,2021
34572544,literature_discovery,derived_annotations_only,abstract_metadata_only,core,aso_thrombocytopenia_complement_2020_2026,0,Recognition Interface of the Thrombin Binding Aptamer Requires Antiparallel Topology of the Quadruplex Core.,Biomolecules,2021
34566407,literature_discovery,derived_annotations_only,abstract_metadata_only,core,oligo_chemistry_toxicity_mechanism_2020_2026,0,CpG Oligodeoxynucleotide Developed to Activate Primate Immune Responses Promotes Antitumoral Effects in Combination with a Neoantigen-Based mRNA Cancer Vaccine.,Drug Des Devel Ther,2021
34546713,literature_discovery,derived_annotations_only,abstract_metadata_only,core,aso_thrombocytopenia_complement_2020_2026,0,Electrochemical Microfluidic Paper-Based Aptasensor Platform Based on a Biotin-Streptavidin System for Label-Free Detection of Biomarkers.,ACS Appl Mater Interfaces,2021
34543669,literature_discovery,derived_annotations_only,abstract_metadata_only,core,oligo_sequence_dependent_toxicity_2020_2026,0,Exposure of silver nanocolloids causes glycosylation disorders and embryonic deformities in medaka.,Toxicol Appl Pharmacol,2021
34538331,literature_discovery,derived_annotations_only,abstract_metadata_only,core,oligo_sequence_dependent_toxicity_2020_2026,0,Development of Fe(3)O(4)@Au nanoparticles coupled to Au@Ag core-shell nanoparticles for the sensitive detection of zearalenone.,Anal Chim Acta,2021
34522592,literature_discovery,derived_annotations_only,abstract_metadata_only,core,aso_thrombocytopenia_complement_2020_2026,0,"A review of existing strategies for designing long-acting parenteral formulations: Focus on underlying mechanisms, and future perspectives.",Acta Pharm Sin B,2021
34521881,literature_discovery,derived_annotations_only,abstract_metadata_only,core,oligo_sequence_dependent_toxicity_2020_2026,0,The role of DNA-binding and ARNT dimerization on the nucleo-cytoplasmic translocation of the aryl hydrocarbon receptor.,Sci Rep,2021
34512901,literature_discovery,derived_annotations_only,abstract_metadata_only,core,aso_thrombocytopenia_complement_2020_2026,0,Advances in endoscopic therapy using grasping-type scissors forceps (with video).,World J Gastrointest Surg,2021
34508350,literature_discovery,derived_annotations_only,abstract_metadata_only,core,oligo_chemistry_safety_broad_2010_2026,0,Small circular interfering RNAs (sciRNAs) as a potent therapeutic platform for gene-silencing.,Nucleic Acids Res,2021
34494176,literature_discovery,derived_annotations_only,abstract_metadata_only,core,oligo_sequence_dependent_toxicity_2020_2026,0,Amplified plasmonic and microfluidic setup for DNA monitoring.,Mikrochim Acta,2021
34474856,literature_discovery,derived_annotations_only,abstract_metadata_only,core,oligo_sequence_dependent_toxicity_2020_2026,0,Folate targeted hybrid lipo-polymeric nanoplexes containing docetaxel and miRNA-34a for breast cancer treatment.,Mater Sci Eng C Mater Biol Appl,2021
34463001,literature_discovery,derived_annotations_only,abstract_metadata_only,core,oligo_sequence_dependent_toxicity_2020_2026,0,"Elevated pulmonary levels of Axin2 in mice exposed to herbicide 2,4-D with or without endotoxin.",J Biochem Mol Toxicol,2021
34454309,literature_discovery,derived_annotations_only,abstract_metadata_only,core,oligo_chemistry_toxicity_mechanism_2020_2026,0,Bacterial YedK represses plasmid DNA replication and transformation through its DNA single-strand binding activity.,Microbiol Res,2021
34440222,literature_discovery,derived_annotations_only,abstract_metadata_only,core,oligo_chemistry_toxicity_mechanism_2020_2026,0,Vivo-Morpholino-Based Antiviral for SARS-CoV-2: Implications for Novel Therapies in the Treatment of Acute COVID-19 Disease.,Biomedicines,2021
34437748,literature_discovery,derived_annotations_only,abstract_metadata_only,core,aso_thrombocytopenia_complement_2020_2026,0,Target-Dependent Protection of DNA Aptamers against Nucleolytic Digestion Enables Signal-On Biosensing with Toehold-Mediated Rolling Circle Amplification.,Chemistry,2021
34431634,literature_discovery,derived_annotations_only,abstract_metadata_only,secondary,locked_nucleic_acid_safety_2020_2026,0,[Bempedoic acid and inclisiran : two new drugs to treat hypercholesterolemia].,Rev Med Suisse,2021
34425169,literature_discovery,derived_annotations_only,abstract_metadata_only,core,aso_kidney_toxicity_2020_2026,0,Time-dependent genomic response in primary human uroepithelial cells exposed to arsenite for up to 60 days.,Toxicology,2021
34413930,literature_discovery,derived_annotations_only,abstract_metadata_only,core,aso_kidney_toxicity_2020_2026,0,DNA-Aptamer Raised against Receptor for Advanced Glycation End Products Improves Survival Rate in Septic Mice.,Oxid Med Cell Longev,2021
34402304,literature_discovery,derived_annotations_only,abstract_metadata_only,core,aso_thrombocytopenia_complement_2020_2026,0,Aptamer-Integrated Scaffolds for Biologically Functional DNA Origami Structures.,ACS Appl Mater Interfaces,2021
34385691,literature_discovery,derived_annotations_only,abstract_metadata_only,core,aso_thrombocytopenia_complement_2020_2026,0,Cholesterol-functionalized DNA/RNA heteroduplexes cross the blood-brain barrier and knock down genes in the rodent CNS.,Nat Biotechnol,2021
34379978,literature_discovery,derived_annotations_only,abstract_metadata_only,core,aso_thrombocytopenia_complement_2020_2026,0,Efficient and Versatile Application of Fluorescence DNA-Conjugated CdTe Quantum Dots Nanoprobe for Detection of a Specific Target DNA of SARS Cov-2 Virus.,Langmuir,2021
34378168,literature_discovery,derived_annotations_only,abstract_metadata_only,core,aso_thrombocytopenia_complement_2020_2026,0,Dravet Syndrome: Novel Approaches for the Most Common Genetic Epilepsy.,Neurotherapeutics,2021
34371695,literature_discovery,derived_annotations_only,abstract_metadata_only,secondary,oligo_drug_discovery_safety_review_2020_2026,0,Recent Advances in Liposomal-Based Anti-Inflammatory Therapy.,Pharmaceutics,2021
34370555,literature_discovery,derived_annotations_only,abstract_metadata_only,core,oligo_sequence_dependent_toxicity_2020_2026,0,Analysis of the Manganese and MntR Regulon in Corynebacterium diphtheriae.,J Bacteriol,2021
34364558,literature_discovery,derived_annotations_only,abstract_metadata_only,core,aso_thrombocytopenia_complement_2020_2026,0,Chitosan nanoparticles fabricated through host-guest interaction for enhancing the immunostimulatory effect of CpG oligodeoxynucleotide.,Carbohydr Polym,2021
34361773,literature_discovery,derived_annotations_only,abstract_metadata_only,core,aso_thrombocytopenia_complement_2020_2026,0,Structural and Binding Effects of Chemical Modifications on Thrombin Binding Aptamer (TBA).,Molecules,2021
34349215,literature_discovery,derived_annotations_only,abstract_metadata_only,core,aso_thrombocytopenia_complement_2020_2026,0,"Genome-wide association studies for production, respiratory disease, and immune-related traits in Landrace pigs.",Sci Rep,2021
34345968,literature_discovery,derived_annotations_only,abstract_metadata_only,core,oligo_sequence_dependent_toxicity_2020_2026,0,Amplified electrochemical antibiotic aptasensing based on electrochemically deposited AuNPs coordinated with PEI-functionalized Fe-based metal-organic framework.,Mikrochim Acta,2021
34336758,literature_discovery,derived_annotations_only,abstract_metadata_only,core,oligo_chemistry_toxicity_mechanism_2020_2026,0,Mycobacterium avium ssp. paratuberculosis in the Food Supply: A Public Health Issue.,Front Public Health,2021
34335601,literature_discovery,derived_annotations_only,abstract_metadata_only,core,aso_thrombocytopenia_complement_2020_2026,0,Administration of Multivalent Influenza Virus Recombinant Hemagglutinin Vaccine in Combination-Adjuvant Elicits Broad Reactivity Beyond the Vaccine Components.,Front Immunol,2021
34331779,literature_discovery,derived_annotations_only,abstract_metadata_only,core,oligo_chemistry_safety_broad_2010_2026,0,"Hepatic Mitochondrial SAB Deletion or Knockdown Alleviates Diet-Induced Metabolic Syndrome, Steatohepatitis, and Hepatic Fibrosis.",Hepatology,2021
34331650,literature_discovery,derived_annotations_only,abstract_metadata_only,core,aso_kidney_toxicity_2020_2026,0,"Ameliorative mechanisms of turmeric-extracted curcumin on arsenic (As)-induced biochemical alterations, oxidative damage, and impaired organ functions in rats.",Environ Sci Pollut Res Int,2021
34330825,literature_discovery,derived_annotations_only,abstract_metadata_only,core,oligo_chemistry_toxicity_mechanism_2020_2026,0,Fli1(+) cells transcriptional analysis reveals an Lmo2-Prdm16 axis in angiogenesis.,Proc Natl Acad Sci U S A,2021
34329705,literature_discovery,derived_annotations_only,abstract_metadata_only,core,oligo_chemistry_toxicity_mechanism_2020_2026,0,"Biochemical, crystallographic and biophysical characterization of histidine triad nucleotide-binding protein 2 with different ligands including a non-hydrolyzable analog of Ap4A.",Biochim Biophys Acta Gen Subj,2021
34326976,literature_discovery,derived_annotations_only,abstract_metadata_only,core,oligo_sequence_dependent_toxicity_2020_2026,0,Application of Microfluidics in Immunoassay: Recent Advancements.,J Healthc Eng,2021
34310607,literature_discovery,derived_annotations_only,abstract_metadata_only,core,aso_thrombocytopenia_complement_2020_2026,0,Dipeptidyl peptidase III as a DNA marker to investigate epidemiology and taxonomy of Old World Leishmania species.,PLoS Negl Trop Dis,2021
34305931,literature_discovery,derived_annotations_only,abstract_metadata_only,core,aso_kidney_toxicity_2020_2026,0,An Unbiased Machine Learning Exploration Reveals Gene Sets Predictive of Allograft Tolerance After Kidney Transplantation.,Front Immunol,2021
34299506,literature_discovery,derived_annotations_only,abstract_metadata_only,core,aso_thrombocytopenia_complement_2020_2026,0,The Recognition of and Reactions to Nucleic Acid Nanoparticles by Human Immune Cells.,Molecules,2021
34298537,literature_discovery,derived_annotations_only,abstract_metadata_only,core,aso_thrombocytopenia_complement_2020_2026,0,A SERS-LFA biosensor combined with aptamer recognition for simultaneous detection of thrombin and PDGF-BB in prostate cancer plasma.,Nanotechnology,2021
34296814,literature_discovery,derived_annotations_only,abstract_metadata_only,core,oligo_sequence_dependent_toxicity_2020_2026,0,A Cyanine-Mediated Self-Assembly System for the Construction of a Two-in-One Nanodrug.,Angew Chem Int Ed Engl,2021
34294343,literature_discovery,derived_annotations_only,abstract_metadata_only,core,aso_thrombocytopenia_complement_2020_2026,0,Chitosan grafted butein: A metal-free transducer for electrochemical genosensing of exosomal CD24.,Carbohydr Polym,2021
34293228,literature_discovery,derived_annotations_only,abstract_metadata_only,core,aso_thrombocytopenia_complement_2020_2026,0,Controlling Coagulation in Blood with Red Light.,Angew Chem Int Ed Engl,2021
34288499,literature_discovery,derived_annotations_only,abstract_metadata_only,core,oligo_chemistry_toxicity_mechanism_2020_2026,0,Synthesis and Antimicrobial Evaluation of Bis-morpholine Triazine Quaternary Ammonium Salts.,ChemMedChem,2021
34288395,literature_discovery,derived_annotations_only,abstract_metadata_only,core,aso_thrombocytopenia_complement_2020_2026,0,MicroRNAs in blood act as biomarkers of colorectal cancer and indicate potential therapeutic targets.,Mol Oncol,2021
34283846,literature_discovery,derived_annotations_only,abstract_metadata_only,core,aso_thrombocytopenia_complement_2020_2026,0,DNA microarray analysis of Staphylococcus aureus from Nigeria and South Africa.,PLoS One,2021
34270267,literature_discovery,derived_annotations_only,abstract_metadata_only,core,aso_thrombocytopenia_complement_2020_2026,0,Construction of Aptamer-Based Molecular Beacons with Varied Blocked Structures and Targeted Detection of Thrombin.,Langmuir,2021
34262898,literature_discovery,derived_annotations_only,abstract_metadata_only,core,oligo_chemistry_toxicity_mechanism_2020_2026,0,Selective Anti-melanoma Effect of Phosphothioated Aptamer Encapsulated by Neutral Cytidinyl/Cationic Lipids.,Front Cell Dev Biol,2021
34261380,literature_discovery,derived_annotations_only,abstract_metadata_only,core,aso_thrombocytopenia_complement_2020_2026,0,Volanesorsen for treatment of familial chylomicronemia syndrome.,Expert Rev Cardiovasc Ther,2021
34258818,literature_discovery,derived_annotations_only,abstract_metadata_only,core,aso_thrombocytopenia_complement_2020_2026,0,"A molecular hybrid comprising AS1411 and PDGF-BB aptamer, cholesterol, and doxorubicin for inhibiting proliferation of SW480 cells.",J Mol Recognit,2021
34251414,literature_discovery,derived_annotations_only,abstract_metadata_only,core,oligo_chemistry_toxicity_mechanism_2020_2026,0,Phase 3 randomized trial of chemotherapy with or without oblimersen in older AML patients: CALGB 10201 (Alliance).,Blood Adv,2021
34237402,literature_discovery,derived_annotations_only,abstract_metadata_only,core,oligo_sequence_dependent_toxicity_2020_2026,0,Detection of hydrocarbon-degrading bacteria on deepwater corals of the northeast Atlantic using CARD-FISH.,J Microbiol Methods,2021
34231920,literature_discovery,derived_annotations_only,abstract_metadata_only,core,aso_kidney_toxicity_2020_2026,0,Selecting disease-modifying medications in 5q spinal muscular atrophy.,Muscle Nerve,2021
34225873,literature_discovery,derived_annotations_only,abstract_metadata_only,core,oligo_chemistry_toxicity_mechanism_2020_2026,0,Tailoring chemical compositions of biodegradable mesoporous organosilica nanoparticles for controlled slow release of chemotherapeutic drug.,Mater Sci Eng C Mater Biol Appl,2021
34215069,literature_discovery,derived_annotations_only,abstract_metadata_only,core,aso_thrombocytopenia_complement_2020_2026,0,Photoelectrochemical aptasensing for thrombin based on exonuclease III-assisted recycling signal amplification and nanoceria enzymatic strategy.,Talanta,2021
34215049,literature_discovery,derived_annotations_only,abstract_metadata_only,core,aso_thrombocytopenia_complement_2020_2026,0,Electrochemiluminescence aptasensor for lincomycin antigen detection by using a SnO(2)/chitosan/g-C(3)N(4) nanocomposite.,Talanta,2021
34214617,literature_discovery,derived_annotations_only,abstract_metadata_only,core,oligo_chemistry_toxicity_mechanism_2020_2026,0,The knockdown efficiency of telomere associated genes with specific methodology in a zebrafish cell line.,Biochimie,2021
34206297,literature_discovery,derived_annotations_only,abstract_metadata_only,core,aso_thrombocytopenia_complement_2020_2026,0,Targeting Telomere Biology in Acute Lymphoblastic Leukemia.,Int J Mol Sci,2021
34202605,literature_discovery,derived_annotations_only,abstract_metadata_only,core,aso_thrombocytopenia_complement_2020_2026,0,Transcription-Based Amplified Colorimetric Thrombin Sensor Using Non-Crosslinking Aggregation of DNA-Modified Gold Nanoparticles.,Sensors (Basel),2021
34191381,literature_discovery,derived_annotations_only,abstract_metadata_only,core,oligo_chemistry_toxicity_mechanism_2020_2026,0,Immune status of decidual macrophages is dependent on the CCL2/CCR2/JAK2 pathway during early pregnancy.,Am J Reprod Immunol,2021
34186297,literature_discovery,derived_annotations_only,abstract_metadata_only,core,oligo_chemistry_toxicity_mechanism_2020_2026,0,A morpholino hydrazone-based lysosome-targeting fluorescent probe with fast response and high sensitivity for imaging peroxynitrite in living cells.,Spectrochim Acta A Mol Biomol Spectrosc,2021
34181634,literature_discovery,derived_annotations_only,abstract_metadata_only,core,oligo_chemistry_toxicity_mechanism_2020_2026,0,Casimersen (Amondys 45) for Duchenne muscular dystrophy.,Med Lett Drugs Ther,2021
34180420,literature_discovery,derived_annotations_only,abstract_metadata_only,secondary,sso_splice_oligo_safety_2020_2026,0,Exon-Skipping in Duchenne Muscular Dystrophy.,J Neuromuscul Dis,2021
34175647,literature_discovery,derived_annotations_only,abstract_metadata_only,core,aso_kidney_toxicity_2020_2026,0,A novel liquid crystal-based aptasensor for ultra-low detection of ochratoxin a using a π-shaped DNA structure: Promising for future on-site detection test strips.,Biosens Bioelectron,2021
34175043,literature_discovery,derived_annotations_only,abstract_metadata_only,secondary,sso_splice_oligo_safety_2020_2026,0,Gene editing and modulation for Duchenne muscular dystrophy.,Prog Mol Biol Transl Sci,2021
34172145,literature_discovery,derived_annotations_only,abstract_metadata_only,core,oligo_sequence_dependent_toxicity_2020_2026,0,A competitive colorimetric aptasensor transduced by hybridization chain reaction-facilitated catalysis of AuNPs nanozyme for highly sensitive detection of saxitoxin.,Anal Chim Acta,2021
34159305,literature_discovery,derived_annotations_only,abstract_metadata_only,secondary,lnp_rna_safety_toxicity_2020_2026,0,Novel vectors and approaches for gene therapy in liver diseases.,JHEP Rep,2021
34155518,literature_discovery,derived_annotations_only,abstract_metadata_only,core,oligo_chemistry_toxicity_mechanism_2020_2026,0,Genetic compensation for cilia defects in cep290 mutants by upregulation of cilia-associated small GTPases.,J Cell Sci,2021
34153276,literature_discovery,derived_annotations_only,abstract_metadata_only,core,aso_thrombocytopenia_complement_2020_2026,0,Angiopoietin-like proteins in atherosclerosis.,Clin Chim Acta,2021
34153146,literature_discovery,derived_annotations_only,abstract_metadata_only,core,oligo_sequence_dependent_toxicity_2020_2026,0,Ferredoxin 1 is downregulated by the accumulation of abscisic acid in an ABI5-dependent manner to facilitate rice stripe virus infection in Nicotiana benthamiana and rice.,Plant J,2021
34147573,literature_discovery,derived_annotations_only,abstract_metadata_only,core,oligo_sequence_dependent_toxicity_2020_2026,0,Down-regulation of TNF-α via macrophage-targeted RNAi system for the treatment of acute inflammatory sepsis.,J Control Release,2021
34146170,literature_discovery,derived_annotations_only,abstract_metadata_only,secondary,galnac_conjugate_clinical_safety_2020_2026,0,The Role of RNA-Targeted Therapeutics to Reduce ASCVD Risk: What Have We Learned Recently?,Curr Atheroscler Rep,2021
34145432,literature_discovery,derived_annotations_only,abstract_metadata_only,secondary,oligo_drug_discovery_safety_review_2020_2026,0,Noncoding RNA therapeutics - challenges and potential solutions.,Nat Rev Drug Discov,2021
34142629,literature_discovery,derived_annotations_only,abstract_metadata_only,core,aso_thrombocytopenia_complement_2020_2026,0,Factor XII(a) inhibitors: a review of the patent literature.,Expert Opin Ther Pat,2021
34135899,literature_discovery,derived_annotations_only,abstract_metadata_only,core,aso_thrombocytopenia_complement_2020_2026,0,Effect of CpG Depletion of Vector Genome on CD8(+) T Cell Responses in AAV Gene Therapy.,Front Immunol,2021
34134456,literature_discovery,derived_annotations_only,abstract_metadata_only,core,aso_thrombocytopenia_complement_2020_2026,0,Genotyping of Human Platelet Antigen-1 to -5 and -15 by Polymerase Chain Reaction with Sequence-specific Primers (PCR-SSP) and Real-time PCR in Azeri Blood Donors.,Iran J Allergy Asthma Immunol,2021
34120909,literature_discovery,derived_annotations_only,abstract_metadata_only,secondary,sso_splice_oligo_safety_2020_2026,0,Open-Label Evaluation of Eteplirsen in Patients with Duchenne Muscular Dystrophy Amenable to Exon 51 Skipping: PROMOVI Trial.,J Neuromuscul Dis,2021
34114496,literature_discovery,derived_annotations_only,abstract_metadata_only,core,oligo_chemistry_toxicity_mechanism_2020_2026,0,Renovating Healthcare Facility Maintenance Planning: A Case Study From Walter Reed National Military Medical Center (WRNMMC).,HERD,2021
34114084,literature_discovery,derived_annotations_only,abstract_metadata_only,core,oligo_sequence_dependent_toxicity_2020_2026,0,A DNA microarray for the authentication of giant tiger prawn (Penaeus monodon) and whiteleg shrimp (Penaeus (Litopenaeus) vannamei): a proof-of-principle.,Anal Bioanal Chem,2021
34112319,literature_discovery,derived_annotations_only,abstract_metadata_only,core,aso_thrombocytopenia_complement_2020_2026,0,AntimiR-132 Attenuates Myocardial Hypertrophy in an Animal Model of Percutaneous Aortic Constriction.,J Am Coll Cardiol,2021
34107681,literature_discovery,derived_annotations_only,abstract_metadata_only,core,aso_thrombocytopenia_complement_2020_2026,0,Profiling and Regulating Proteins That Adsorb to DNA Materials in Human Serum.,Anal Chem,2021
34106387,literature_discovery,derived_annotations_only,abstract_metadata_only,core,aso_thrombocytopenia_complement_2020_2026,0,ASO Author Reflections: Prognostic Role of a Coagulation Index for Patients with Esophageal Squamous Cell Cancer.,Ann Surg Oncol,2021
34097287,literature_discovery,derived_annotations_only,abstract_metadata_only,secondary,sso_splice_oligo_safety_2020_2026,0,Restoring Protein Expression in Neuromuscular Conditions: A Review Assessing the Current State of Exon Skipping/Inclusion and Gene Therapies for Duchenne Muscular Dystrophy and Spinal Muscular Atrophy.,BioDrugs,2021
34093747,literature_discovery,derived_annotations_only,abstract_metadata_only,core,aso_thrombocytopenia_complement_2020_2026,0,MicroRNA-125b inhibits the proliferation of vascular smooth muscle cells induced by platelet-derived growth factor BB.,Exp Ther Med,2021
34089013,literature_discovery,derived_annotations_only,abstract_metadata_only,core,aso_thrombocytopenia_complement_2020_2026,0,Structure-based functional mechanisms and biotechnology applications of anti-CRISPR proteins.,Nat Rev Mol Cell Biol,2021
34086286,literature_discovery,derived_annotations_only,abstract_metadata_only,core,oligo_sequence_dependent_toxicity_2020_2026,0,Expression and Purification of tRNA/ pre-miRNA-Based Recombinant Noncoding RNAs.,Methods Mol Biol,2021
34086283,literature_discovery,derived_annotations_only,abstract_metadata_only,core,aso_thrombocytopenia_complement_2020_2026,0,Aptazyme-Based Riboswitches and Logic Gates in Mammalian Cells.,Methods Mol Biol,2021
34080857,literature_discovery,derived_annotations_only,abstract_metadata_only,core,aso_thrombocytopenia_complement_2020_2026,0,Identification of Thioflavin T Binding Modes to DNA: A Structure-Specific Molecular Probe for Lasing Applications.,J Phys Chem Lett,2021
34080034,literature_discovery,derived_annotations_only,abstract_metadata_only,core,oligo_sequence_dependent_toxicity_2020_2026,0,High-throughput N-glycan screening method for therapeutic antibodies using a microchip-based DNA analyzer: a promising methodology for monitoring monoclonal antibody N-glycosylation.,Anal Bioanal Chem,2021
34074391,literature_discovery,derived_annotations_only,abstract_metadata_only,core,oligo_sequence_dependent_toxicity_2020_2026,0,A dual-colored persistent luminescence nanosensor for simultaneous and autofluorescence-free determination of aflatoxin B(1) and zearalenone.,Talanta,2021
34072994,literature_discovery,derived_annotations_only,abstract_metadata_only,core,aso_thrombocytopenia_complement_2020_2026,0,"(5'S) 5',8-Cyclo-2'-Deoxyadenosine Cannot Stop BER. Clustered DNA Lesion Studies.",Int J Mol Sci,2021
34069294,literature_discovery,derived_annotations_only,abstract_metadata_only,core,oligo_sequence_dependent_toxicity_2020_2026,0,Distinct Concentration-Dependent Molecular Pathways Regulate Bone Cell Responses to Cobalt and Chromium Exposure from Joint Replacement Prostheses.,Int J Mol Sci,2021
34065214,literature_discovery,derived_annotations_only,abstract_metadata_only,core,aso_thrombocytopenia_complement_2020_2026,0,Highly Sensitive Colorimetric Assay of Cortisol Using Cortisol Antibody and Aptamer Sandwich Assay.,Biosensors (Basel),2021
34064275,literature_discovery,derived_annotations_only,abstract_metadata_only,core,oligo_chemistry_toxicity_mechanism_2020_2026,0,Involvement of Chaperone Sigma1R in the Anxiolytic Effect of Fabomotizole.,Int J Mol Sci,2021
34062913,literature_discovery,derived_annotations_only,abstract_metadata_only,core,oligo_sequence_dependent_toxicity_2020_2026,0,Profiling Non-Coding RNA Changes Associated with 16 Different Engineered Nanomaterials in a Mouse Airway Exposure Model.,Cells,2021
34062235,literature_discovery,derived_annotations_only,abstract_metadata_only,core,oligo_sequence_dependent_toxicity_2020_2026,0,Short interfering RNA delivered by a hybrid nanoparticle targeting VEGF: Biodistribution and anti-tumor effect.,Biochim Biophys Acta Gen Subj,2021
34055230,literature_discovery,derived_annotations_only,abstract_metadata_only,core,oligo_chemistry_toxicity_mechanism_2020_2026,0,Design and Catalyzed Activation of Mycophenolic Acid Prodrugs.,ACS Med Chem Lett,2021
34044928,literature_discovery,derived_annotations_only,abstract_metadata_only,core,aso_thrombocytopenia_complement_2020_2026,0,Targeted delivery system using silica nanoparticles coated with chitosan and AS1411 for combination therapy of doxorubicin and antimiR-21.,Carbohydr Polym,2021
34042340,literature_discovery,derived_annotations_only,abstract_metadata_only,secondary,locked_nucleic_acid_safety_2020_2026,0,[Long-lasting LDL-C lowering: silence at last].,Rev Med Suisse,2021
34037420,literature_discovery,derived_annotations_only,abstract_metadata_only,core,oligo_chemistry_toxicity_mechanism_2020_2026,0,CX3CR1 Is a Receptor for Human Respiratory Syncytial Virus in Cotton Rats.,J Virol,2021
34027284,literature_discovery,derived_annotations_only,abstract_metadata_only,core,aso_thrombocytopenia_complement_2020_2026,0,Antithrombotics and new interventions for venous thromboembolism: Exploring possibilities beyond factor IIa and factor Xa inhibition.,Res Pract Thromb Haemost,2021
34023383,literature_discovery,derived_annotations_only,abstract_metadata_only,core,aso_thrombocytopenia_complement_2020_2026,0,Preparation of E. coli RNA polymerase transcription elongation complexes by selective photoelution from magnetic beads.,J Biol Chem,2021
34018036,literature_discovery,derived_annotations_only,abstract_metadata_only,core,oligo_sequence_dependent_toxicity_2020_2026,0,A strip of lateral flow gene assay using gold nanoparticles for point-of-care diagnosis of African swine fever virus in limited environment.,Anal Bioanal Chem,2021
34013156,literature_discovery,derived_annotations_only,abstract_metadata_only,core,aso_thrombocytopenia_complement_2020_2026,0,Agreement of aptamer proteomics with standard methods for measuring venous thrombosis biomarkers.,Res Pract Thromb Haemost,2021
34011067,literature_discovery,derived_annotations_only,abstract_metadata_only,core,aso_thrombocytopenia_complement_2020_2026,0,High expression of PDGFA predicts poor prognosis of esophageal squamous cell carcinoma.,Medicine (Baltimore),2021
34009937,literature_discovery,derived_annotations_only,abstract_metadata_only,core,oligo_sequence_dependent_toxicity_2020_2026,0,Aptamer Recognition-Driven Homogeneous Electrochemical Strategy for Simultaneous Analysis of Multiple Pesticides without Interference of Color and Fluorescence.,Anal Chem,2021
34008694,literature_discovery,derived_annotations_only,abstract_metadata_only,core,aso_thrombocytopenia_complement_2020_2026,0,Dual-recognition colorimetric sensing of thrombin based on surface-imprinted aptamer-Fe(3)O(4).,J Mater Chem B,2021
34006359,literature_discovery,derived_annotations_only,abstract_metadata_only,core,aso_thrombocytopenia_complement_2020_2026,0,Treatment of chylomicronemia.,Clin Investig Arterioscler,2021
34000700,literature_discovery,derived_annotations_only,abstract_metadata_only,core,aso_thrombocytopenia_complement_2020_2026,0,Chitosan hydrogel synthesis to remove arsenic and fluoride ions from groundwater.,J Hazard Mater,2021
33999995,literature_discovery,derived_annotations_only,abstract_metadata_only,core,oligo_chemistry_toxicity_mechanism_2020_2026,0,Kindlin2 regulates neural crest specification via integrin-independent regulation of the FGF signaling pathway.,Development,2021
33998298,literature_discovery,derived_annotations_only,abstract_metadata_only,core,aso_thrombocytopenia_complement_2020_2026,0,"Highlights From AES2020, a Virtual American Epilepsy Society Experience.",Epilepsy Curr,2021
33997750,literature_discovery,derived_annotations_only,abstract_metadata_only,core,oligo_sequence_dependent_toxicity_2020_2026,0,Boosting mitochondria activity by silencing MCJ overcomes cholestasis-induced liver injury.,JHEP Rep,2021
33991022,literature_discovery,derived_annotations_only,abstract_metadata_only,core,aso_thrombocytopenia_complement_2020_2026,0,Single-Round DNA Aptamer Selection by Combined Use of Capillary Electrophoresis and Next Generation Sequencing: An Aptaomics Approach for Identifying Unique Functional Protein-Binding DNA Aptamers.,Chemistry,2021
33988981,literature_discovery,derived_annotations_only,abstract_metadata_only,core,oligo_chemistry_toxicity_mechanism_2020_2026,0,Probing the Catalytic Mechanism and Inhibition of SAMHD1 Using the Differential Properties of R(p)- and S(p)-dNTPαS Diastereomers.,Biochemistry,2021
33988793,literature_discovery,derived_annotations_only,abstract_metadata_only,core,aso_thrombocytopenia_complement_2020_2026,0,ASO Author Reflections: Changes in Coagulation Biomarkers and the Risk for Venous Thromboembolism After Cytoreductive Surgery and Hyperthermic Intraperitoneal Chemotherapy.,Ann Surg Oncol,2021
33986153,literature_discovery,derived_annotations_only,abstract_metadata_only,core,oligo_chemistry_toxicity_mechanism_2020_2026,0,A prometastatic splicing program regulated by SNRPA1 interactions with structured RNA elements.,Science,2021
33975695,literature_discovery,derived_annotations_only,abstract_metadata_only,core,oligo_sequence_dependent_toxicity_2020_2026,0,"Towards highly specific aptamer-affinity monolithic column by efficient UV light-initiated polymerization in ""one-pot"".",Anal Chim Acta,2021
33954091,literature_discovery,derived_annotations_only,abstract_metadata_only,core,oligo_sequence_dependent_toxicity_2020_2026,0,Overview and Update on Methods for Cargo Loading into Extracellular Vesicles.,Processes (Basel),2021
33953843,literature_discovery,derived_annotations_only,abstract_metadata_only,core,oligo_sequence_dependent_toxicity_2020_2026,0,Creation of a new class of radiosensitizers for glioblastoma based on the mibefradil pharmacophore.,Oncotarget,2021
33952720,literature_discovery,derived_annotations_only,abstract_metadata_only,core,oligo_sequence_dependent_toxicity_2020_2026,0,Integrated metabolomics and transcriptomics reveal the anti-aging effect of melanin from Sepiella maindroni ink (MSMI) on D-galactose-induced aging mice.,Aging (Albany NY),2021
33941704,literature_discovery,derived_annotations_only,abstract_metadata_only,core,aso_thrombocytopenia_complement_2020_2026,0,Intranasal vaccination with influenza HA/GO-PEI nanoparticles provides immune protection against homo- and heterologous strains.,Proc Natl Acad Sci U S A,2021
33937351,literature_discovery,derived_annotations_only,abstract_metadata_only,secondary,oligo_drug_discovery_safety_review_2020_2026,0,Unresolved Issues in RNA Therapeutics in Vascular Diseases With a Focus on Aneurysm Disease.,Front Cardiovasc Med,2021
33928724,literature_discovery,derived_annotations_only,abstract_metadata_only,core,aso_thrombocytopenia_complement_2020_2026,0,Protein Labeling and Crosslinking by Covalent Aptamers.,Angew Chem Int Ed Engl,2021
33922514,literature_discovery,derived_annotations_only,abstract_metadata_only,core,oligo_chemistry_toxicity_mechanism_2020_2026,0,A Facile Aptasensor for Instantaneous Determination of Cadmium Ions Based on Fluorescence Amplification Effect of MOPS on FAM-Labeled Aptamer.,Biosensors (Basel),2021
33918821,literature_discovery,derived_annotations_only,abstract_metadata_only,core,aso_thrombocytopenia_complement_2020_2026,0,Overview of the Therapeutic Potential of Aptamers Targeting Coagulation Factors.,Int J Mol Sci,2021
33907298,literature_discovery,derived_annotations_only,abstract_metadata_only,core,aso_kidney_toxicity_2020_2026,0,Therapeutic effects of micro-RNAs in preclinical studies of acute kidney injury: a systematic review and meta-analysis.,Sci Rep,2021
33900610,literature_discovery,derived_annotations_only,abstract_metadata_only,core,aso_thrombocytopenia_complement_2020_2026,0,Transposon-Based Tagging In Silico Using FastPCR Software.,Methods Mol Biol,2021
33887477,literature_discovery,derived_annotations_only,abstract_metadata_only,core,oligo_chemistry_toxicity_mechanism_2020_2026,0,Anisomycin induces hair cell death and blocks supporting cell proliferation in zebrafish lateral line neuromast.,Comp Biochem Physiol C Toxicol Pharmacol,2021
33883545,literature_discovery,derived_annotations_only,abstract_metadata_only,core,oligo_sequence_dependent_toxicity_2020_2026,0,AAV2/9-mediated silencing of PMP22 prevents the development of pathological features in a rat model of Charcot-Marie-Tooth disease 1 A.,Nat Commun,2021
33882195,literature_discovery,derived_annotations_only,abstract_metadata_only,core,aso_thrombocytopenia_complement_2020_2026,0,"Multivalent Aptamer-Functionalized Single-Strand RNA Origami as Effective, Target-Specific Anticoagulants with Corresponding Reversal Agents.",Adv Healthc Mater,2021
33881427,literature_discovery,derived_annotations_only,abstract_metadata_only,core,oligo_sequence_dependent_toxicity_2020_2026,0,A polyA DNA probe-based ultra-sensitive and structure-distinguishable electrochemical biosensor for the analysis of RNAi transgenic maize.,Analyst,2021
33867527,literature_discovery,derived_annotations_only,abstract_metadata_only,core,oligo_chemistry_toxicity_mechanism_2020_2026,0,A 127 kb truncating deletion of PGRMC1 is a novel cause of X-linked isolated paediatric cataract.,Eur J Hum Genet,2021
33849583,literature_discovery,derived_annotations_only,abstract_metadata_only,core,oligo_sequence_dependent_toxicity_2020_2026,0,Complete genome sequence of a novel nege-like virus in aphids (genus Indomegoura).,Virol J,2021
33843587,literature_discovery,derived_annotations_only,abstract_metadata_only,core,oligo_chemistry_safety_broad_2010_2026,0,Molecular tracking devices quantify antigen distribution and archiving in the murine lymph node.,Elife,2021
33822429,literature_discovery,derived_annotations_only,abstract_metadata_only,core,oligo_sequence_dependent_toxicity_2020_2026,0,Chemical binding of pyrrolidinyl peptide nucleic acid (acpcPNA-T9) probe with AuNPs toward label-free monitoring of miRNA-21: A novel biosensing platform for biomedical analysis and POC diagnostics.,J Mol Recognit,2021
33822415,literature_discovery,derived_annotations_only,abstract_metadata_only,core,oligo_sequence_dependent_toxicity_2020_2026,0,Detection of Escherichia coli using luminometer with pyruvate kinase.,J Mol Recognit,2021
33818431,literature_discovery,derived_annotations_only,abstract_metadata_only,core,aso_kidney_toxicity_2020_2026,0,Flexible ureteroscopy using a 120-w holmium laser: The low-energy/high-frequency approach.,Arch Esp Urol,2021
33808613,literature_discovery,derived_annotations_only,abstract_metadata_only,core,aso_kidney_toxicity_2020_2026,0,Label-Free and Highly-Sensitive Detection of Ochratoxin A Using One-Pot Synthesized Reduced Graphene Oxide/Gold Nanoparticles-Based Impedimetric Aptasensor.,Biosensors (Basel),2021
33788967,literature_discovery,derived_annotations_only,abstract_metadata_only,core,oligo_chemistry_toxicity_mechanism_2020_2026,0,Role of epigenetic m(6) A RNA methylation in vascular development: mettl3 regulates vascular development through PHLPP2/mTOR-AKT signaling.,FASEB J,2021
33788943,literature_discovery,derived_annotations_only,abstract_metadata_only,core,oligo_chemistry_toxicity_mechanism_2020_2026,0,Molecular mechanism of RNase R substrate sensitivity for RNA ribose methylation.,Nucleic Acids Res,2021
33788189,literature_discovery,derived_annotations_only,abstract_metadata_only,core,oligo_chemistry_safety_broad_2010_2026,0,MicroRNA Targets for Asthma Therapy.,Adv Exp Med Biol,2021
33783302,literature_discovery,derived_annotations_only,abstract_metadata_only,core,aso_kidney_toxicity_2020_2026,0,CpG-Adjuvanted Hepatitis B Vaccine (HEPLISAV-B®) Update.,Expert Rev Vaccines,2021
33783225,literature_discovery,derived_annotations_only,abstract_metadata_only,core,oligo_chemistry_toxicity_mechanism_2020_2026,0,Structure-Based Exploration of Selectivity for ATM Inhibitors in Huntington's Disease.,J Med Chem,2021
33773380,literature_discovery,derived_annotations_only,abstract_metadata_only,core,oligo_sequence_dependent_toxicity_2020_2026,0,DNA walker-assisted aptasensor for highly sensitive determination of Ochratoxin A.,Biosens Bioelectron,2021
33766265,literature_discovery,derived_annotations_only,abstract_metadata_only,secondary,oligo_drug_discovery_safety_review_2020_2026,0,Emerging RNA Therapeutics to Lower Blood Levels of Lp(a): JACC Focus Seminar 2/4.,J Am Coll Cardiol,2021
33742144,literature_discovery,derived_annotations_only,abstract_metadata_only,core,oligo_sequence_dependent_toxicity_2020_2026,0,Development of a rational strategy for integration of lactate dehydrogenase A suppression into therapeutic algorithms for head and neck cancer.,Br J Cancer,2021
33730596,literature_discovery,derived_annotations_only,abstract_metadata_only,core,oligo_chemistry_safety_broad_2010_2026,0,Rigidity percolation uncovers a structural basis for embryonic tissue phase transitions.,Cell,2021
33724556,literature_discovery,derived_annotations_only,abstract_metadata_only,core,oligo_sequence_dependent_toxicity_2020_2026,0,Microtubule-dependent mechanism of anti-inflammatory effect of SOCS1 in endothelial dysfunction and lung injury.,FASEB J,2021
33704359,literature_discovery,derived_annotations_only,abstract_metadata_only,core,oligo_chemistry_toxicity_mechanism_2020_2026,0,"Aurora Kinase B Expression, Its Regulation and Therapeutic Targeting in Human Retinoblastoma.",Invest Ophthalmol Vis Sci,2021
33693649,literature_discovery,derived_annotations_only,abstract_metadata_only,core,oligo_chemistry_toxicity_mechanism_2020_2026,0,Exome sequencing and functional studies in zebrafish identify WDR8 as the causative gene for isolated Microspherophakia in Indian families.,Hum Mol Genet,2021
33670583,literature_discovery,derived_annotations_only,abstract_metadata_only,core,aso_kidney_toxicity_2020_2026,0,Novel Complex of PD-L1 Aptamer and Holliday Junction Enhances Antitumor Efficacy in Vivo.,Molecules,2021
33664241,literature_discovery,derived_annotations_only,abstract_metadata_only,core,oligo_sequence_dependent_toxicity_2020_2026,0,Catalytic activity tunable ceria nanoparticles prevent chemotherapy-induced acute kidney injury without interference with chemotherapeutics.,Nat Commun,2021
33652543,literature_discovery,derived_annotations_only,abstract_metadata_only,core,oligo_sequence_dependent_toxicity_2020_2026,0,Aerosol delivery of synthetic DNA containing CpG motifs in broiler chicks at hatch under field conditions using a commercial-scale prototype nebulizer provided protection against lethal Escherichia coli septicemia.,Poult Sci,2021
33651609,literature_discovery,derived_annotations_only,abstract_metadata_only,core,oligo_sequence_dependent_toxicity_2020_2026,0,Ultrasensitive Detection of 17β-Estradiol (E2) Based on Multistep Isothermal Amplification.,Anal Chem,2021
33651408,literature_discovery,derived_annotations_only,abstract_metadata_only,core,oligo_chemistry_toxicity_mechanism_2020_2026,0,hnRNP L is essential for myogenic differentiation and modulates myotonic dystrophy pathologies.,Muscle Nerve,2021
33647260,literature_discovery,derived_annotations_only,abstract_metadata_only,secondary,oligo_drug_discovery_safety_review_2020_2026,0,Small nucleic acids and the path to the clinic for anti-CRISPR.,Biochem Pharmacol,2021
33637956,literature_discovery,derived_annotations_only,abstract_metadata_only,core,oligo_chemistry_toxicity_mechanism_2020_2026,0,ELAVL1a is an immunocompetent protein that protects zebrafish embryos from bacterial infection.,Commun Biol,2021
33636469,literature_discovery,derived_annotations_only,abstract_metadata_only,core,oligo_chemistry_toxicity_mechanism_2020_2026,0,Potential of formulated Dyadobacter jiangsuensis strain 12851 for enhanced bioremediation of chlorpyrifos contaminated soil.,Ecotoxicol Environ Saf,2021
33630943,literature_discovery,derived_annotations_only,abstract_metadata_only,core,oligo_chemistry_toxicity_mechanism_2020_2026,0,son is necessary for proper vertebrate blood development.,PLoS One,2021
33620677,literature_discovery,derived_annotations_only,abstract_metadata_only,secondary,galnac_conjugate_clinical_safety_2020_2026,0,Inclisiran: First Approval.,Drugs,2021
33612150,literature_discovery,derived_annotations_only,abstract_metadata_only,core,oligo_chemistry_toxicity_mechanism_2020_2026,0,Treatment with phosphodiester CpG-ODN ameliorates atopic dermatitis by enhancing TGF-β signaling.,BMB Rep,2021
33604343,literature_discovery,derived_annotations_only,abstract_metadata_only,core,oligo_chemistry_toxicity_mechanism_2020_2026,0,RBM14 Modulates Tubulin Acetylation and Regulates Spindle Morphology During Meiotic Maturation in Mouse Oocytes.,Front Cell Dev Biol,2021
33593823,literature_discovery,derived_annotations_only,abstract_metadata_only,core,oligo_chemistry_toxicity_mechanism_2020_2026,0,Mutations in PRDM15 Are a Novel Cause of Galloway-Mowat Syndrome.,J Am Soc Nephrol,2021
33590603,literature_discovery,derived_annotations_only,abstract_metadata_only,core,oligo_sequence_dependent_toxicity_2020_2026,0,U7 snRNA: A tool for gene therapy.,J Gene Med,2021
33586684,literature_discovery,derived_annotations_only,abstract_metadata_only,core,oligo_chemistry_toxicity_mechanism_2020_2026,0,ActRIIB:ALK4-Fc alleviates muscle dysfunction and comorbidities in murine models of neuromuscular disorders.,J Clin Invest,2021
33582968,literature_discovery,derived_annotations_only,abstract_metadata_only,secondary,sso_splice_oligo_safety_2020_2026,0,A Genome-Wide Analysis of the Gene Expression and Alternative Splicing Events in a Whole-Body Hypoxic Preconditioning Mouse Model.,Neurochem Res,2021
33544849,literature_discovery,derived_annotations_only,abstract_metadata_only,core,gapmer_aso_hepatotoxicity_2020_2026,0,Site-specific incorporation of 5'-methyl DNA enhances the therapeutic profile of gapmer ASOs.,Nucleic Acids Res,2021
33533890,literature_discovery,derived_annotations_only,abstract_metadata_only,core,oligo_chemistry_toxicity_mechanism_2020_2026,0,Dynein regulates Kv7.4 channel trafficking from the cell membrane.,J Gen Physiol,2021
33531504,literature_discovery,derived_annotations_only,abstract_metadata_only,core,oligo_chemistry_toxicity_mechanism_2020_2026,0,Nucleic acid binding by SAMHD1 contributes to the antiretroviral activity and is enhanced by the GpsN modification.,Nat Commun,2021
33529959,literature_discovery,derived_annotations_only,abstract_metadata_only,core,oligo_chemistry_toxicity_mechanism_2020_2026,0,Quantification of glyphosate and other organophosphorus compounds in human urine via ion chromatography isotope dilution tandem mass spectrometry.,Chemosphere,2021
33525500,literature_discovery,derived_annotations_only,abstract_metadata_only,secondary,oligo_drug_discovery_safety_review_2020_2026,0,Inhaled RNA Therapeutics for Obstructive Airway Diseases: Recent Advances and Future Prospects.,Pharmaceutics,2021
33522470,literature_discovery,derived_annotations_only,abstract_metadata_only,core,oligo_chemistry_toxicity_mechanism_2020_2026,0,[Assessment of the Dynamics of Oxidative Stress Indicators and Early Markers of Myocardial Damage and Dysfunction in Patients with Aggressive Lymphoproliferative Diseases During of Anticancer Therapy].,Kardiologiia,2021
33516378,literature_discovery,derived_annotations_only,abstract_metadata_only,core,aso_kidney_toxicity_2020_2026,0,Target-initiated autonomous synthesis of metal-ion dependent DNAzymes for label-free and amplified fluorescence detection of kanamycin in milk samples.,Anal Chim Acta,2021
33509901,literature_discovery,derived_annotations_only,abstract_metadata_only,core,oligo_chemistry_toxicity_mechanism_2020_2026,0,"Characterization of the Onset, Progression, and Reversibility of Morphological Changes in Mouse Lung after Pharmacological Inhibition of Leucine-Rich Kinase 2 Kinase Activity.",J Pharmacol Exp Ther,2021
33494192,literature_discovery,derived_annotations_only,abstract_metadata_only,core,oligo_chemistry_toxicity_mechanism_2020_2026,0,Functional Role of the RNA-Binding Protein Rbm24a and Its Target sox2 in Microphthalmia.,Biomedicines,2021
33486889,literature_discovery,derived_annotations_only,abstract_metadata_only,secondary,sso_splice_oligo_safety_2020_2026,0,"Update of genetic variants in CEP120 and CC2D2A-With an emphasis on genotype-phenotype correlations, tissue specific transcripts and exploring mutation specific exon skipping therapies.",Mol Genet Genomic Med,2021
33483369,literature_discovery,derived_annotations_only,abstract_metadata_only,core,oligo_chemistry_toxicity_mechanism_2020_2026,0,High-resolution structure of eukaryotic Fibrillarin interacting with Nop56 amino-terminal domain.,RNA,2021
33482149,literature_discovery,derived_annotations_only,abstract_metadata_only,secondary,oligo_drug_discovery_safety_review_2020_2026,0,Biochemical features and mutations of key proteins in SARS-CoV-2 and their impacts on RNA therapeutics.,Biochem Pharmacol,2021
33472516,literature_discovery,derived_annotations_only,abstract_metadata_only,core,aso_kidney_toxicity_2020_2026,0,Molecular correction of Duchenne muscular dystrophy by splice modulation and gene editing.,RNA Biol,2021
33462110,literature_discovery,derived_annotations_only,abstract_metadata_only,core,oligo_chemistry_toxicity_mechanism_2020_2026,0,Rab11fip5 regulates telencephalon development via ephrinB1 recycling.,Development,2021
33426371,literature_discovery,derived_annotations_only,abstract_metadata_only,secondary,lnp_rna_safety_toxicity_2020_2026,0,The application of nanoparticles in cancer immunotherapy: Targeting tumor microenvironment.,Bioact Mater,2021
33425247,literature_discovery,derived_annotations_only,abstract_metadata_only,core,oligo_chemistry_toxicity_mechanism_2020_2026,0,Crystal structure of AmpC BER and molecular docking lead to the discovery of broad inhibition activities of halisulfates against β-lactamases.,Comput Struct Biotechnol J,2021
33423678,literature_discovery,derived_annotations_only,abstract_metadata_only,core,oligo_chemistry_toxicity_mechanism_2020_2026,0,"Yulink, predicted from evolutionary analysis, is involved in cardiac function.",J Biomed Sci,2021
33418044,literature_discovery,derived_annotations_only,abstract_metadata_only,core,oligo_chemistry_toxicity_mechanism_2020_2026,0,Perspectives for the use of latex peptidases from Calotropis procera for control of inflammation derived from Salmonella infections.,Int J Biol Macromol,2021
33401973,literature_discovery,derived_annotations_only,abstract_metadata_only,secondary,sso_splice_oligo_safety_2020_2026,0,Restoration of dystrophin expression and correction of Duchenne muscular dystrophy by genome editing.,Expert Opin Biol Ther,2021
33393390,literature_discovery,derived_annotations_only,abstract_metadata_only,secondary,sso_splice_oligo_safety_2020_2026,0,"Developing DMD therapeutics: a review of the effectiveness of small molecules, stop-codon readthrough, dystrophin gene replacement, and exon-skipping therapies.",Expert Opin Investig Drugs,2021
33392778,literature_discovery,derived_annotations_only,abstract_metadata_only,core,oligo_chemistry_safety_broad_2010_2026,0,Loss of PIGK function causes severe infantile encephalopathy and extensive neuronal apoptosis.,Hum Genet,2021
33337582,literature_discovery,derived_annotations_only,abstract_metadata_only,secondary,sso_splice_oligo_safety_2020_2026,0,MOTS-c promotes phosphorodiamidate morpholino oligomer uptake and efficacy in dystrophic mice.,EMBO Mol Med,2021
33307874,literature_discovery,derived_annotations_only,abstract_metadata_only,secondary,oligo_drug_discovery_safety_review_2020_2026,0,RNA therapeutics for retinal diseases.,Expert Opin Biol Ther,2021
33257321,literature_discovery,derived_annotations_only,abstract_metadata_only,core,oligo_chemistry_toxicity_mechanism_2020_2026,0,The cryo-EM structure of the endocytic receptor DEC-205.,J Biol Chem,2021
33249980,literature_discovery,derived_annotations_only,abstract_metadata_only,core,oligo_chemistry_safety_broad_2010_2026,0,Targeted drug delivery using an aptamer against shared tumor-specific peptide antigen of MAGE-A3.,Cancer Biol Ther,2021
33223462,literature_discovery,derived_annotations_only,abstract_metadata_only,core,oligo_chemistry_safety_broad_2010_2026,0,Combined use of chemically modified nucleobases and nanostructured DNA for enhanced immunostimulatory activity of CpG oligodeoxynucleotide.,Bioorg Med Chem,2021
33218722,literature_discovery,derived_annotations_only,abstract_metadata_only,core,oligo_chemistry_toxicity_mechanism_2020_2026,0,Slopes and intercepts from log-log correlations of gas/particle quotient and octanol-air partition coefficient (vapor-pressure) for semi-volatile organic compounds: I. Theoretical analysis.,Chemosphere,2021
33208059,literature_discovery,derived_annotations_only,abstract_metadata_only,secondary,oligo_drug_discovery_safety_review_2020_2026,0,The Potential Use of RNA-based Therapeutics for Breast Cancer Treatment.,Curr Med Chem,2021
33197427,literature_discovery,derived_annotations_only,abstract_metadata_only,core,oligo_chemistry_toxicity_mechanism_2020_2026,0,Zebrafish Cdx1b modulates epithalamic asymmetry by regulating ndr2 and lft1 expression.,Dev Biol,2021
33188937,literature_discovery,derived_annotations_only,abstract_metadata_only,secondary,locked_nucleic_acid_safety_2020_2026,0,Pharmacokinetics and Proceedings in Clinical Application of Nucleic Acid Therapeutics.,Mol Ther,2021
33164048,literature_discovery,derived_annotations_only,abstract_metadata_only,core,oligo_chemistry_toxicity_mechanism_2020_2026,0,Inhibition of SARS-CoV-2 in Vero cell cultures by peptide-conjugated morpholino oligomers.,J Antimicrob Chemother,2021
33159936,literature_discovery,derived_annotations_only,abstract_metadata_only,core,oligo_chemistry_safety_broad_2010_2026,0,Trim-Away mediated knock down uncovers a new function for Lbh during gastrulation of Xenopus laevis.,Dev Biol,2021
33122030,literature_discovery,derived_annotations_only,abstract_metadata_only,core,oligo_chemistry_toxicity_mechanism_2020_2026,0,Sigma-1 receptor regulates mitophagy in dopaminergic neurons and contributes to dopaminergic protection.,Neuropharmacology,2021
33093120,literature_discovery,derived_annotations_only,abstract_metadata_only,core,oligo_chemistry_toxicity_mechanism_2020_2026,0,The management of mild asthma.,Eur Respir J,2021
33085127,literature_discovery,derived_annotations_only,abstract_metadata_only,core,oligo_chemistry_toxicity_mechanism_2020_2026,0,Aconitine disrupts serotonin neurotransmission via 5-hydroxytryptamine receptor in zebrafish embryo.,J Appl Toxicol,2021
32935160,literature_discovery,derived_annotations_only,abstract_metadata_only,core,aso_kidney_toxicity_2020_2026,0,"Nusinersen treatment significantly improves hand grip strength, hand motor function and MRC sum scores in adult patients with spinal muscular atrophy types 3 and 4.",J Neurol,2021
32918369,literature_discovery,derived_annotations_only,abstract_metadata_only,core,oligo_chemistry_toxicity_mechanism_2020_2026,0,"Using an aquatic model, Xenopus laevis, to uncover the role of chromodomain 1 in craniofacial disorders.",Genesis,2021
32902807,literature_discovery,derived_annotations_only,abstract_metadata_only,core,oligo_chemistry_safety_broad_2010_2026,0,Camel regulates development of the brain ventricular system.,Cell Tissue Res,2021
32898547,literature_discovery,derived_annotations_only,abstract_metadata_only,secondary,oligo_drug_discovery_safety_review_2020_2026,0,A novel rationale for targeting FXI: Insights from the hemostatic microRNA targetome for emerging anticoagulant strategies.,Pharmacol Ther,2021
32895880,literature_discovery,derived_annotations_only,abstract_metadata_only,core,oligo_chemistry_toxicity_mechanism_2020_2026,0,Activating Transcription Factor 6 Contributes to Functional Recovery After Spinal Cord Injury in Adult Zebrafish.,J Mol Neurosci,2021
32789775,literature_discovery,derived_annotations_only,abstract_metadata_only,core,gapmer_aso_hepatotoxicity_2020_2026,0,A Method to Prepare a Bioprobe for Regulatory Science of the Drug Delivery System to the Brain: An Angulin Binder to Modulate Tricellular Tight Junction-Seal.,Methods Mol Biol,2021
32777984,literature_discovery,derived_annotations_only,abstract_metadata_only,core,oligo_chemistry_toxicity_mechanism_2020_2026,0,Enhanced Canonical Wnt Signaling During Early Zebrafish Development Perturbs the Interaction of Cardiac Mesoderm and Pharyngeal Endoderm and Causes Thyroid Specification Defects.,Thyroid,2021
32599652,literature_discovery,derived_annotations_only,abstract_metadata_only,secondary,galnac_conjugate_clinical_safety_2020_2026,0,"Single-Dose Pharmacokinetics and Pharmacodynamics of Transthyretin Targeting N-acetylgalactosamine-Small Interfering Ribonucleic Acid Conjugate, Vutrisiran, in Healthy Subjects.",Clin Pharmacol Ther,2021
32215566,literature_discovery,derived_annotations_only,abstract_metadata_only,secondary,oligo_drug_discovery_safety_review_2020_2026,0,Non-coding RNA therapeutics for cardiac regeneration.,Cardiovasc Res,2021
36968157,literature_discovery,derived_annotations_only,abstract_metadata_only,secondary,sso_splice_oligo_safety_2020_2026,0,Gene modification strategies using AO-mediated exon skipping and CRISPR/Cas9 as potential therapies for Duchenne muscular dystrophy patients.,Eng Biol,2020
35515636,literature_discovery,derived_annotations_only,abstract_metadata_only,core,oligo_chemistry_toxicity_mechanism_2020_2026,0,"A highly sensitive, selective and renewable carbon paste electrode based on a unique acyclic diamide ionophore for the potentiometric determination of lead ions in polluted water samples.",RSC Adv,2020
35320333,literature_discovery,derived_annotations_only,abstract_metadata_only,core,oligo_chemistry_toxicity_mechanism_2020_2026,0,Latent TGF-beta binding protein-1 plays an important role in craniofacial development.,J Appl Oral Sci,2020
34213274,literature_discovery,derived_annotations_only,abstract_metadata_only,core,aso_thrombocytopenia_complement_2020_2026,0,[Comparison of two capillary electrophoresis methods for aptamer-protein affinity characterization].,Se Pu,2020
33745259,literature_discovery,derived_annotations_only,abstract_metadata_only,secondary,sso_splice_oligo_safety_2020_2026,0,Phenotype Variability in Czech Patients Carrying PAX6 Disease-Causing Variants.,Folia Biol (Praha),2020
33488933,literature_discovery,derived_annotations_only,abstract_metadata_only,core,oligo_chemistry_toxicity_mechanism_2020_2026,0,HSP60 Regulates Monosodium Urate Crystal-Induced Inflammation by Activating the TLR4-NF-κB-MyD88 Signaling Pathway and Disrupting Mitochondrial Function.,Oxid Med Cell Longev,2020
33429411,literature_discovery,derived_annotations_only,abstract_metadata_only,core,oligo_chemistry_toxicity_mechanism_2020_2026,0,Viltolarsen (Viltepso) for Duchenne muscular dystrophy.,Med Lett Drugs Ther,2020
33426226,literature_discovery,derived_annotations_only,abstract_metadata_only,core,aso_kidney_toxicity_2020_2026,0,Development of a bioanalytical method for circulating human T cells in animals using Arthrobacter luteus-based quantitative polymerase chain reaction and its application in preclinical biodistribution studies.,Regen Ther,2020
33361451,literature_discovery,derived_annotations_only,abstract_metadata_only,core,oligo_chemistry_toxicity_mechanism_2020_2026,0,A golden age of asthma research.,Eur Respir J,2020
33285037,literature_discovery,derived_annotations_only,abstract_metadata_only,core,oligo_chemistry_toxicity_mechanism_2020_2026,0,Viltolarsen in Japanese Duchenne muscular dystrophy patients: A phase 1/2 study.,Ann Clin Transl Neurol,2020
33194781,literature_discovery,derived_annotations_only,abstract_metadata_only,core,oligo_chemistry_toxicity_mechanism_2020_2026,0,Asap1 Affects the Susceptibility of Zebrafish to Mycobacterium by Regulating Macrophage Migration.,Front Cell Infect Microbiol,2020
33191744,literature_discovery,derived_annotations_only,abstract_metadata_only,core,oligo_chemistry_toxicity_mechanism_2020_2026,0,"Scalable Synthesis, In Vitro cccDNA Reduction, and In Vivo Antihepatitis B Virus Activity of a Phosphonomethoxydeoxythreosyl Adenine Prodrug.",J Med Chem,2020
33118805,literature_discovery,derived_annotations_only,abstract_metadata_only,core,oligo_chemistry_toxicity_mechanism_2020_2026,0,Hormetic Effects of Binaphthyl Phosphonothioates as Pro-oxidants and Antioxidants.,Chem Res Toxicol,2020
33098302,literature_discovery,derived_annotations_only,abstract_metadata_only,core,oligo_chemistry_toxicity_mechanism_2020_2026,0,X-box-binding protein 1 is required for pancreatic development in Xenopus laevis.,Acta Biochim Biophys Sin (Shanghai),2020
33091667,literature_discovery,derived_annotations_only,abstract_metadata_only,core,oligo_chemistry_toxicity_mechanism_2020_2026,0,Identification of a potent and selective phosphatidylinositol 3-kinase δ inhibitor for the treatment of non-Hodgkin's lymphoma.,Bioorg Chem,2020
33090201,literature_discovery,derived_annotations_only,abstract_metadata_only,core,oligo_chemistry_toxicity_mechanism_2020_2026,0,Effect of Consecutive Alternating Administration of a Triple Combination of Anti-Enteroviral Compounds in Mice Infected with Coxsackievirus B3.,Pathog Dis,2020
33077489,literature_discovery,derived_annotations_only,abstract_metadata_only,core,oligo_chemistry_toxicity_mechanism_2020_2026,0,"Hmx3a Has Essential Functions in Zebrafish Spinal Cord, Ear and Lateral Line Development.",Genetics,2020
33060681,literature_discovery,derived_annotations_only,abstract_metadata_only,secondary,sso_splice_oligo_safety_2020_2026,0,Discovery of a CNS penetrant small molecule SMN2 splicing modulator with improved tolerability for spinal muscular atrophy.,Sci Rep,2020
33025945,literature_discovery,derived_annotations_only,abstract_metadata_only,secondary,sso_splice_oligo_safety_2020_2026,0,Golodirsen for Duchenne muscular dystrophy.,Drugs Today (Barc),2020
33024974,literature_discovery,derived_annotations_only,abstract_metadata_only,core,oligo_chemistry_toxicity_mechanism_2020_2026,0,Inhibition of SARS-CoV-2 in Vero cell cultures by peptide-conjugated morpholino-oligomers.,bioRxiv,2020
33006041,literature_discovery,derived_annotations_only,abstract_metadata_only,core,oligo_chemistry_toxicity_mechanism_2020_2026,0,Differential gene expression of virulence factors modulates infectivity of TcI Trypanosoma cruzi strains.,Parasitol Res,2020
32993166,literature_discovery,derived_annotations_only,abstract_metadata_only,secondary,locked_nucleic_acid_safety_2020_2026,0,Injectable Thermo-Sensitive Chitosan Hydrogel Containing CPT-11-Loaded EGFR-Targeted Graphene Oxide and SLP2 shRNA for Localized Drug/Gene Delivery in Glioblastoma Therapy.,Int J Mol Sci,2020
32982982,literature_discovery,derived_annotations_only,abstract_metadata_only,secondary,lnp_rna_safety_toxicity_2020_2026,0,Liver-Specific Knockdown of Class IIa HDACs Has Limited Efficacy on Glucose Metabolism but Entails Severe Organ Side Effects in Mice.,Front Endocrinol (Lausanne),2020
32972754,literature_discovery,derived_annotations_only,abstract_metadata_only,core,oligo_chemistry_toxicity_mechanism_2020_2026,0,Protein-induced B-Z transition of DNA duplex containing a 2'-OMe guanosine.,Biochem Biophys Res Commun,2020
32965106,literature_discovery,derived_annotations_only,abstract_metadata_only,core,oligo_chemistry_toxicity_mechanism_2020_2026,0,Serine-Selective Bioconjugation.,J Am Chem Soc,2020
32958829,literature_discovery,derived_annotations_only,abstract_metadata_only,core,oligo_chemistry_toxicity_mechanism_2020_2026,0,Deletion of morpholino binding sites (DeMOBS) to assess specificity of morphant phenotypes.,Sci Rep,2020
32928907,literature_discovery,derived_annotations_only,abstract_metadata_only,core,oligo_chemistry_toxicity_mechanism_2020_2026,0,Tek (Tie2) is not required for cardiovascular development in zebrafish.,Development,2020
32928417,literature_discovery,derived_annotations_only,abstract_metadata_only,secondary,locked_nucleic_acid_safety_2020_2026,0,Sensitive biosensor for p53 DNA sequence based on the photothermal effect of gold nanoparticles and the signal amplification of locked nucleic acid functionalized DNA walkers using a thermometer as readout.,Talanta,2020
32893005,literature_discovery,derived_annotations_only,abstract_metadata_only,secondary,oligo_drug_discovery_safety_review_2020_2026,0,Paving the Road for RNA Therapeutics.,Trends Pharmacol Sci,2020
32891193,literature_discovery,derived_annotations_only,abstract_metadata_only,core,oligo_chemistry_toxicity_mechanism_2020_2026,0,Mutations of the Transcriptional Corepressor ZMYM2 Cause Syndromic Urinary Tract Malformations.,Am J Hum Genet,2020
32888352,literature_discovery,derived_annotations_only,abstract_metadata_only,core,aso_kidney_toxicity_2020_2026,0,MicroRNA-466o-3p mediates β-catenin-induced podocyte injury by targeting Wilms tumor 1.,FASEB J,2020
32882641,literature_discovery,derived_annotations_only,abstract_metadata_only,core,oligo_chemistry_toxicity_mechanism_2020_2026,0,Zfp36l1b protects angiogenesis through Notch1b/Dll4 and Vegfa regulation in zebrafish.,Atherosclerosis,2020
32865795,literature_discovery,derived_annotations_only,abstract_metadata_only,core,gapmer_aso_hepatotoxicity_2020_2026,0,Detection of Locked Nucleic Acid Gapmers from Mouse Muscle Samples Using ELISA.,Methods Mol Biol,2020
32865784,literature_discovery,derived_annotations_only,abstract_metadata_only,core,oligo_chemistry_toxicity_mechanism_2020_2026,0,Inotersen for the Treatment of Hereditary Transthyretin Amyloidosis.,Methods Mol Biol,2020
32842739,literature_discovery,derived_annotations_only,abstract_metadata_only,core,aso_kidney_toxicity_2020_2026,0,Direct Detection of Uranyl in Urine by Dissociation from Aptamer-Modified Nanosensor Arrays.,Anal Chem,2020
32828812,literature_discovery,derived_annotations_only,abstract_metadata_only,core,oligo_chemistry_toxicity_mechanism_2020_2026,0,Expression of acid-labile subunit (ALS) in developing and adult zebrafish and its role in dorso-ventral patterning during development.,Gen Comp Endocrinol,2020
32814237,literature_discovery,derived_annotations_only,abstract_metadata_only,core,oligo_chemistry_toxicity_mechanism_2020_2026,0,The role of gfi1.2 in the development of zebrafish inner ear.,Hear Res,2020
32805488,literature_discovery,derived_annotations_only,abstract_metadata_only,core,aso_kidney_toxicity_2020_2026,0,MYC ASO Impedes Tumorigenesis and Elicits Oncogene Addiction in Autochthonous Transgenic Mouse Models of HCC and RCC.,Mol Ther Nucleic Acids,2020
32802826,literature_discovery,derived_annotations_only,abstract_metadata_only,core,oligo_chemistry_toxicity_mechanism_2020_2026,0,The burden of exacerbations in mild asthma: a systematic review.,ERJ Open Res,2020
32799680,literature_discovery,derived_annotations_only,abstract_metadata_only,secondary,lnp_rna_safety_toxicity_2020_2026,0,Treating Cystic Fibrosis with mRNA and CRISPR.,Hum Gene Ther,2020
32794279,literature_discovery,derived_annotations_only,abstract_metadata_only,core,oligo_chemistry_toxicity_mechanism_2020_2026,0,Buffer Influence on the Amino Acid Silica Interaction.,Chemphyschem,2020
32773938,literature_discovery,derived_annotations_only,abstract_metadata_only,core,oligo_chemistry_toxicity_mechanism_2020_2026,0,Thermal stress inside a disabled submarine.,Med J Armed Forces India,2020
32766688,literature_discovery,derived_annotations_only,abstract_metadata_only,secondary,galnac_conjugate_clinical_safety_2020_2026,0,Inclisiran for the treatment of hypercholesterolaemia: implications and unanswered questions from the ORION trials.,Cardiovasc Res,2020
32738032,literature_discovery,derived_annotations_only,abstract_metadata_only,core,oligo_chemistry_toxicity_mechanism_2020_2026,0,Functional and genetic analyses of ZYG11B provide evidences for its involvement in OAVS.,Mol Genet Genomic Med,2020
32733785,literature_discovery,derived_annotations_only,abstract_metadata_only,core,aso_kidney_toxicity_2020_2026,0,Characterization of changes in global gene expression in the hearts and kidneys of transgenic mice overexpressing human angiotensin-converting enzyme 2.,Lab Anim Res,2020
32726316,literature_discovery,derived_annotations_only,abstract_metadata_only,core,oligo_chemistry_toxicity_mechanism_2020_2026,0,Defective heart chamber growth and myofibrillogenesis after knockout of adprhl1 gene function by targeted disruption of the ancestral catalytic active site.,PLoS One,2020
32707323,literature_discovery,derived_annotations_only,abstract_metadata_only,core,oligo_chemistry_toxicity_mechanism_2020_2026,0,MARCKS mediates vascular contractility through regulating interactions between voltage-gated Ca(2+) channels and PIP(2).,Vascul Pharmacol,2020
32707287,literature_discovery,derived_annotations_only,abstract_metadata_only,core,aso_kidney_toxicity_2020_2026,0,Biological studies of an ICG-tagged aptamer as drug delivery system for malignant melanoma.,Eur J Pharm Biopharm,2020
32702795,literature_discovery,derived_annotations_only,abstract_metadata_only,secondary,sso_splice_oligo_safety_2020_2026,0,[Progress on Mechanism of MET Gene Mutation and Targeted Drugs in Non-small Cell Lung Cancer].,Zhongguo Fei Ai Za Zhi,2020
32698497,literature_discovery,derived_annotations_only,abstract_metadata_only,core,oligo_chemistry_toxicity_mechanism_2020_2026,0,Interplay of TRIM2 E3 Ubiquitin Ligase and ALIX/ESCRT Complex: Control of Developmental Plasticity During Early Neurogenesis.,Cells,2020
32681505,literature_discovery,derived_annotations_only,abstract_metadata_only,core,oligo_chemistry_toxicity_mechanism_2020_2026,0,Targeting Polyadenylation for Retention of RNA at Chromatin.,Methods Mol Biol,2020
32668346,literature_discovery,derived_annotations_only,abstract_metadata_only,core,oligo_chemistry_toxicity_mechanism_2020_2026,0,Effects of environmental steroid mixtures are regulated by individual steroid receptor signaling.,Aquat Toxicol,2020
32662552,literature_discovery,derived_annotations_only,abstract_metadata_only,core,oligo_chemistry_toxicity_mechanism_2020_2026,0,"Binding affinities of oxytocin, vasopressin and Manning compound at oxytocin and V1a receptors in male Syrian hamster brains.",J Neuroendocrinol,2020
32642006,literature_discovery,derived_annotations_only,abstract_metadata_only,core,aso_kidney_toxicity_2020_2026,0,Sirt6 deficiency aggravates angiotensin II-induced cholesterol accumulation and injury in podocytes.,Theranostics,2020
32629684,literature_discovery,derived_annotations_only,abstract_metadata_only,core,oligo_chemistry_toxicity_mechanism_2020_2026,0,Effects of Gushukang for postmenopausal osteoporosis: A protocol for systematic review and meta-analysis.,Medicine (Baltimore),2020
32621606,literature_discovery,derived_annotations_only,abstract_metadata_only,core,oligo_chemistry_toxicity_mechanism_2020_2026,0,DNA backbone interactions impact the sequence specificity of DNA sulfur-binding domains: revelations from structural analyses.,Nucleic Acids Res,2020
32620763,literature_discovery,derived_annotations_only,abstract_metadata_only,secondary,galnac_conjugate_clinical_safety_2020_2026,0,Silencing hepatic MCJ attenuates non-alcoholic fatty liver disease (NAFLD) by increasing mitochondrial fatty acid oxidation.,Nat Commun,2020
32613017,literature_discovery,derived_annotations_only,abstract_metadata_only,core,oligo_chemistry_toxicity_mechanism_2020_2026,0,"Tracheobronchomegaly, cough and recurrent chest infection: Mounier-Kuhn syndrome.",ERJ Open Res,2020
32538908,literature_discovery,derived_annotations_only,abstract_metadata_only,core,oligo_chemistry_toxicity_mechanism_2020_2026,0,Whole-Mount In Situ Hybridization in Zebrafish Embryos and Tube Formation Assay in iPSC-ECs to Study the Role of Endoglin in Vascular Development.,J Vis Exp,2020
32530943,literature_discovery,derived_annotations_only,abstract_metadata_only,core,aso_kidney_toxicity_2020_2026,0,Phenotype and molecular signature of CD8+ T cell subsets in T cell- mediated rejections after kidney transplantation.,PLoS One,2020
32500257,literature_discovery,derived_annotations_only,abstract_metadata_only,core,aso_kidney_toxicity_2020_2026,0,Probing high-affinity aptamer binding region and development of aptasensor platform for the detection of cylindrospermopsin.,Anal Bioanal Chem,2020
32495804,literature_discovery,derived_annotations_only,abstract_metadata_only,core,oligo_chemistry_toxicity_mechanism_2020_2026,0,A dual-function all-inorganic intercluster salt comprising the polycation ε-[Al(13)O(4)(OH)(24)(H(2)O)(12)](7+) and polyanion α-[PMo(10)V(2)O(40)](5-) for detoxifying sulfur mustard and soman.,Dalton Trans,2020
32484547,literature_discovery,derived_annotations_only,abstract_metadata_only,core,oligo_chemistry_toxicity_mechanism_2020_2026,0,Nick-seq for single-nucleotide resolution genomic maps of DNA modifications and damage.,Nucleic Acids Res,2020
32478753,literature_discovery,derived_annotations_only,abstract_metadata_only,core,oligo_chemistry_safety_broad_2010_2026,0,Phage Therapy Application to Counteract Pseudomonas aeruginosa Infection in Cystic Fibrosis Zebrafish Embryos.,J Vis Exp,2020
32467241,literature_discovery,derived_annotations_only,abstract_metadata_only,core,oligo_chemistry_toxicity_mechanism_2020_2026,0,The mevalonate pathway is a crucial regulator of tendon cell specification.,Development,2020
32463617,literature_discovery,derived_annotations_only,abstract_metadata_only,core,aso_kidney_toxicity_2020_2026,0,Aptamers as a novel diagnostic and therapeutic tool and their potential use in parasitology.,Biomedica,2020
32460013,literature_discovery,derived_annotations_only,abstract_metadata_only,core,oligo_chemistry_toxicity_mechanism_2020_2026,0,MKRN2 Physically Interacts with GLE1 to Regulate mRNA Export and Zebrafish Retinal Development.,Cell Rep,2020
32437399,literature_discovery,derived_annotations_only,abstract_metadata_only,core,aso_kidney_toxicity_2020_2026,0,Delivery of thymoquinone to cancer cells with as1411-conjugated nanodroplets.,PLoS One,2020
32415122,literature_discovery,derived_annotations_only,abstract_metadata_only,secondary,lnp_rna_safety_toxicity_2020_2026,0,Synergistic lipid compositions for albumin receptor mediated delivery of mRNA to the liver.,Nat Commun,2020
32399889,literature_discovery,derived_annotations_only,abstract_metadata_only,core,oligo_chemistry_toxicity_mechanism_2020_2026,0,Evaluation of azamethiphos and dimethoate degradation using chlorine dioxide during water treatment.,Environ Sci Pollut Res Int,2020
32393417,literature_discovery,derived_annotations_only,abstract_metadata_only,core,oligo_chemistry_toxicity_mechanism_2020_2026,0,Downregulation of p16 Decreases Biliary Damage and Liver Fibrosis in the Mdr2(/) Mouse Model of Primary Sclerosing Cholangitis.,Gene Expr,2020
32384158,literature_discovery,derived_annotations_only,abstract_metadata_only,core,oligo_chemistry_toxicity_mechanism_2020_2026,0,Aryl Hydrocarbon Receptor Mediates Larval Zebrafish Fin Duplication Following Exposure to Benzofluoranthenes.,Toxicol Sci,2020
32379579,literature_discovery,derived_annotations_only,abstract_metadata_only,secondary,oligo_drug_discovery_safety_review_2020_2026,0,Gene Therapy for the Heart Lessons Learned and Future Perspectives.,Circ Res,2020
32346547,literature_discovery,derived_annotations_only,abstract_metadata_only,core,oligo_chemistry_safety_broad_2010_2026,0,Combined Treatment with Peptide-Conjugated Phosphorodiamidate Morpholino Oligomer-PPMO and AAV-U7 Rescues the Severe DMD Phenotype in Mice.,Mol Ther Methods Clin Dev,2020
32345643,literature_discovery,derived_annotations_only,abstract_metadata_only,core,oligo_chemistry_toxicity_mechanism_2020_2026,0,Structural Analysis of an l-Cysteine Desulfurase from an Ssp DNA Phosphorothioation System.,mBio,2020
32329920,literature_discovery,derived_annotations_only,abstract_metadata_only,secondary,sso_splice_oligo_safety_2020_2026,0,"The care of patients with Duchenne, Becker, and other muscular dystrophies in the COVID-19 pandemic.",Muscle Nerve,2020
32322039,literature_discovery,derived_annotations_only,abstract_metadata_only,secondary,sso_splice_oligo_safety_2020_2026,0,Mutational mechanisms of EZH2 inactivation in myeloid neoplasms.,Leukemia,2020
32320344,literature_discovery,derived_annotations_only,abstract_metadata_only,core,oligo_chemistry_toxicity_mechanism_2020_2026,0,Zebrafish ambra1a and ambra1b Silencing Affect Heart Development.,Zebrafish,2020
32314901,literature_discovery,derived_annotations_only,abstract_metadata_only,core,oligo_chemistry_toxicity_mechanism_2020_2026,0,Injectable Drug-Conjugated DNA Hydrogel for Local Chemotherapy to Prevent Tumor Recurrence.,ACS Appl Mater Interfaces,2020
32302038,literature_discovery,derived_annotations_only,abstract_metadata_only,core,oligo_chemistry_toxicity_mechanism_2020_2026,0,A zebrafish hox gene acts before gastrulation to specify the hemangioblast.,Genesis,2020
32277055,literature_discovery,derived_annotations_only,abstract_metadata_only,core,oligo_chemistry_toxicity_mechanism_2020_2026,0,Leishmania donovani Subverts Host Immune Response by Epigenetic Reprogramming of Macrophage M(Lipopolysaccharides + IFN-γ)/M(IL-10) Polarization.,J Immunol,2020
32258965,literature_discovery,derived_annotations_only,abstract_metadata_only,core,oligo_chemistry_toxicity_mechanism_2020_2026,0,Abaloparatide in Postmenopausal Women With Osteoporosis and Type 2 Diabetes: A Post Hoc Analysis of the ACTIVE Study.,JBMR Plus,2020
32252776,literature_discovery,derived_annotations_only,abstract_metadata_only,core,oligo_chemistry_toxicity_mechanism_2020_2026,0,MicroRNA-153 impairs presynaptic plasticity by blocking vesicle release following chronic brain hypoperfusion.,Cell Commun Signal,2020
32251370,literature_discovery,derived_annotations_only,abstract_metadata_only,core,oligo_chemistry_toxicity_mechanism_2020_2026,0,SspABCD-SspE is a phosphorothioation-sensing bacterial defence system with broad anti-phage activities.,Nat Microbiol,2020
32240777,literature_discovery,derived_annotations_only,abstract_metadata_only,core,oligo_chemistry_toxicity_mechanism_2020_2026,0,Igf2bp1 is required for hepatic outgrowth during early liver development in zebrafish.,Gene,2020
32209624,literature_discovery,derived_annotations_only,abstract_metadata_only,core,oligo_chemistry_toxicity_mechanism_2020_2026,0,"Protocol for a prospective, observational, longitudinal study in paediatric patients with moderate-to-severe atopic dermatitis (PEDISTAD): study objectives, design and methodology.",BMJ Open,2020
32209084,literature_discovery,derived_annotations_only,abstract_metadata_only,secondary,locked_nucleic_acid_safety_2020_2026,0,Phase-I trial of survivin inhibition with EZN-3042 in dogs with spontaneous lymphoma.,BMC Vet Res,2020
32199393,literature_discovery,derived_annotations_only,abstract_metadata_only,core,oligo_chemistry_toxicity_mechanism_2020_2026,0,The zebrafish Znt1a(sa17) mutant reveals roles of zinc transporter-1a in embryonic development.,J Trace Elem Med Biol,2020
32196951,literature_discovery,derived_annotations_only,abstract_metadata_only,core,oligo_chemistry_safety_broad_2010_2026,0,Exploration and Evaluation of Therapeutic Efficacy of Drug-Free Macromolecular Therapeutics in Collagen-Induced Rheumatoid Arthritis Mouse Model.,Macromol Biosci,2020
32169824,literature_discovery,derived_annotations_only,abstract_metadata_only,core,oligo_chemistry_toxicity_mechanism_2020_2026,0,Fenfluramine acts as a positive modulator of sigma-1 receptors.,Epilepsy Behav,2020
32158243,literature_discovery,derived_annotations_only,abstract_metadata_only,core,oligo_chemistry_toxicity_mechanism_2020_2026,0,Effects of a Milk-Based Meal Replacement Program on Weight and Metabolic Characteristics in Adults with Severe Obesity.,Diabetes Metab Syndr Obes,2020
32146417,literature_discovery,derived_annotations_only,abstract_metadata_only,core,oligo_chemistry_toxicity_mechanism_2020_2026,0,Aptamer-Functionalized Drug Nanocarrier Improves Hepatocellular Carcinoma toward Normal by Targeting Neoplastic Hepatocytes.,Mol Ther Nucleic Acids,2020
32142732,literature_discovery,derived_annotations_only,abstract_metadata_only,core,oligo_chemistry_toxicity_mechanism_2020_2026,0,Amelioration of Large Bile Duct Damage by Histamine-2 Receptor Vivo-Morpholino Treatment.,Am J Pathol,2020
32139505,literature_discovery,derived_annotations_only,abstract_metadata_only,secondary,sso_splice_oligo_safety_2020_2026,0,Increased dystrophin production with golodirsen in patients with Duchenne muscular dystrophy.,Neurology,2020
32125904,literature_discovery,derived_annotations_only,abstract_metadata_only,secondary,oligo_drug_discovery_safety_review_2020_2026,0,Promising RNA-based cancer gene therapy using extracellular vesicles for drug delivery.,Expert Opin Biol Ther,2020
32119515,literature_discovery,derived_annotations_only,abstract_metadata_only,core,oligo_chemistry_toxicity_mechanism_2020_2026,0,Lanthanide-Grafted Bipyridine Periodic Mesoporous Organosilicas (BPy-PMOs) for Physiological Range and Wide Temperature Range Luminescence Thermometry.,ACS Appl Mater Interfaces,2020
32097584,literature_discovery,derived_annotations_only,abstract_metadata_only,core,oligo_chemistry_toxicity_mechanism_2020_2026,0,Wnt5b integrates Fak1a to mediate gastrulation cell movements via Rac1 and Cdc42.,Open Biol,2020
32048109,literature_discovery,derived_annotations_only,abstract_metadata_only,core,oligo_chemistry_toxicity_mechanism_2020_2026,0,"Hyperactivity, Memory Defects, and Craniofacial Abnormalities in Zebrafish fmr1 Mutant Larvae.",Behav Genet,2020
32029226,literature_discovery,derived_annotations_only,abstract_metadata_only,secondary,locked_nucleic_acid_safety_2020_2026,0,Glucocorticoid induces human beta cell dysfunction by involving riborepressor GAS5 LincRNA.,Mol Metab,2020
32027687,literature_discovery,derived_annotations_only,abstract_metadata_only,core,oligo_chemistry_toxicity_mechanism_2020_2026,0,"Prevalence and contribution of respiratory viruses in the community to rates of emergency department visits and hospitalizations with respiratory tract infections, chronic obstructive pulmonary disease and asthma.",PLoS One,2020
32026264,literature_discovery,derived_annotations_only,abstract_metadata_only,core,oligo_chemistry_safety_broad_2010_2026,0,A Comparative Investigation of the Ability of Various Aptamer-Functionalized Drug Nanocarriers to Induce Selective Apoptosis in Neoplastic Hepatocytes: In Vitro and In Vivo Outcome.,AAPS PharmSciTech,2020
32005803,literature_discovery,derived_annotations_only,abstract_metadata_only,secondary,locked_nucleic_acid_safety_2020_2026,0,Preclinical development of a miR-132 inhibitor for heart failure treatment.,Nat Commun,2020
32003968,literature_discovery,derived_annotations_only,abstract_metadata_only,core,oligo_chemistry_toxicity_mechanism_2020_2026,0,In Situ Study of Interactions between Endogenous c-myc mRNA with CRDBP in a Single Living Cell by Combining Fluorescence Cross-Correlation Spectroscopy with Molecular Beacons.,Anal Chem,2020
32001321,literature_discovery,derived_annotations_only,abstract_metadata_only,secondary,galnac_conjugate_clinical_safety_2020_2026,0,Knockdown of Virus Antigen Expression Increases Therapeutic Vaccine Efficacy in High-Titer Hepatitis B Virus Carrier Mice.,Gastroenterology,2020
31985825,literature_discovery,derived_annotations_only,abstract_metadata_only,core,oligo_chemistry_toxicity_mechanism_2020_2026,0,Myelin-associated glycoprotein inhibits neurite outgrowth through inactivation of the small GTPase Rap1.,FEBS Lett,2020
31982715,literature_discovery,derived_annotations_only,abstract_metadata_only,core,oligo_chemistry_toxicity_mechanism_2020_2026,0,Enhancing selective photosensitizer accumulation and oxygen supply for high-efficacy photodynamic therapy toward glioma by 5-aminolevulinic acid loaded nanoplatform.,J Colloid Interface Sci,2020
31948015,literature_discovery,derived_annotations_only,abstract_metadata_only,core,oligo_chemistry_toxicity_mechanism_2020_2026,0,Novel Phosphorus-Nitrogen-Containing Ionic Liquid Modified Metal-Organic Framework as an Effective Flame Retardant for Epoxy Resin.,Polymers (Basel),2020
31943169,literature_discovery,derived_annotations_only,abstract_metadata_only,core,oligo_chemistry_toxicity_mechanism_2020_2026,0,Functional characterization of human myosin-binding protein C3 variants associated with hypertrophic cardiomyopathy reveals exon-specific cardiac phenotypes in zebrafish model.,J Cell Physiol,2020
31893580,literature_discovery,derived_annotations_only,abstract_metadata_only,core,aso_kidney_toxicity_2020_2026,0,Lipoprotein(a) Reduction in Persons with Cardiovascular Disease.,N Engl J Med,2020
31883987,literature_discovery,derived_annotations_only,abstract_metadata_only,core,aso_kidney_toxicity_2020_2026,0,Detection of zearalenone in an aptamer assay using attenuated internal reflection ellipsometry and it's cereal sample applications.,Food Chem Toxicol,2020
31882519,literature_discovery,derived_annotations_only,abstract_metadata_only,core,oligo_chemistry_toxicity_mechanism_2020_2026,0,Differential Induction of SOCS Isoforms by Leishmania donovani Impairs Macrophage-T Cell Cross-Talk and Host Defense.,J Immunol,2020
31873216,literature_discovery,derived_annotations_only,abstract_metadata_only,core,aso_kidney_toxicity_2020_2026,0,A reversible RNA on-switch that controls gene expression of AAV-delivered therapeutics in vivo.,Nat Biotechnol,2020
31871160,literature_discovery,derived_annotations_only,abstract_metadata_only,core,oligo_chemistry_toxicity_mechanism_2020_2026,0,B2 and ALU retrotransposons are self-cleaving ribozymes whose activity is enhanced by EZH2.,Proc Natl Acad Sci U S A,2020
31868891,literature_discovery,derived_annotations_only,abstract_metadata_only,core,oligo_chemistry_toxicity_mechanism_2020_2026,0,CRISPR-Cas9-Mutated Pregnane X Receptor (pxr) Retains Pregnenolone-induced Expression of cyp3a65 in Zebrafish (Danio rerio) Larvae.,Toxicol Sci,2020
31834673,literature_discovery,derived_annotations_only,abstract_metadata_only,core,oligo_chemistry_safety_broad_2010_2026,0,Therapies that are available and under development for Duchenne muscular dystrophy: What about lung function?,Pediatr Pulmonol,2020
31816153,literature_discovery,derived_annotations_only,abstract_metadata_only,core,oligo_chemistry_toxicity_mechanism_2020_2026,0,High-throughput custom capture sequencing identifies novel mutations in coloboma-associated genes: Mutation in DNA-binding domain of retinoic acid receptor beta affects nuclear localization causing ocular coloboma.,Hum Mutat,2020
31814023,literature_discovery,derived_annotations_only,abstract_metadata_only,core,oligo_chemistry_toxicity_mechanism_2020_2026,0,"The master transcription factor SOX2, mutated in anophthalmia/microphthalmia, is post-transcriptionally regulated by the conserved RNA-binding protein RBM24 in vertebrate eye development.",Hum Mol Genet,2020
31812480,literature_discovery,derived_annotations_only,abstract_metadata_only,core,oligo_chemistry_toxicity_mechanism_2020_2026,0,Selenomethionine exposure affects chondrogenic differentiation and bone formation in Japanese medaka (Oryzias latipes).,J Hazard Mater,2020
31809673,literature_discovery,derived_annotations_only,abstract_metadata_only,core,oligo_chemistry_toxicity_mechanism_2020_2026,0,Molecular dynamics and computational study of Mannich-based coumarin derivatives: potent tyrosine kinase inhibitor.,J Biomol Struct Dyn,2020
31797737,literature_discovery,derived_annotations_only,abstract_metadata_only,core,oligo_chemistry_toxicity_mechanism_2020_2026,0,Glis3 as a Critical Regulator of Thyroid Primordium Specification.,Thyroid,2020
31787235,literature_discovery,derived_annotations_only,abstract_metadata_only,core,aso_kidney_toxicity_2020_2026,0,miR-150 inhibitor ameliorates adriamycin-induced focal segmental glomerulosclerosis.,Biochem Biophys Res Commun,2020
31767477,literature_discovery,derived_annotations_only,abstract_metadata_only,core,aso_kidney_toxicity_2020_2026,0,Aptamer assisted ultrafiltration cleanup with high performance liquid chromatography-fluorescence detector for the determination of OTA in green coffee.,Food Chem,2020
31751818,literature_discovery,derived_annotations_only,abstract_metadata_only,core,oligo_chemistry_toxicity_mechanism_2020_2026,0,Molecular docking of polyoxometalates as potential α-glucosidase inhibitors.,J Inorg Biochem,2020
31739699,literature_discovery,derived_annotations_only,abstract_metadata_only,secondary,galnac_conjugate_clinical_safety_2020_2026,0,Advances in the discovery of microRNA-based anticancer therapeutics: latest tools and developments.,Expert Opin Drug Discov,2020
31698196,literature_discovery,derived_annotations_only,abstract_metadata_only,core,oligo_chemistry_toxicity_mechanism_2020_2026,0,Seasonal variations in the dose-response relationship of acetylcholinesterase activity in freshwater fish exposed to chlorpyrifos and glyphosate.,Ecotoxicol Environ Saf,2020
31629496,literature_discovery,derived_annotations_only,abstract_metadata_only,core,oligo_chemistry_toxicity_mechanism_2020_2026,0,Treatment of a Rat Model of LPS-Induced ARDS via Peritoneal Perfusion of Oxygen Microbubbles.,J Surg Res,2020
31467124,literature_discovery,derived_annotations_only,abstract_metadata_only,core,oligo_chemistry_toxicity_mechanism_2020_2026,0,ARHGEF12 regulates erythropoiesis and is involved in erythroid regeneration after chemotherapy in acute lymphoblastic leukemia patients.,Haematologica,2020
31322739,literature_discovery,derived_annotations_only,abstract_metadata_only,secondary,lnp_rna_safety_toxicity_2020_2026,0,"Patisiran Pharmacokinetics, Pharmacodynamics, and Exposure-Response Analyses in the Phase 3 APOLLO Trial in Patients With Hereditary Transthyretin-Mediated (hATTR) Amyloidosis.",J Clin Pharmacol,2020
31204215,literature_discovery,derived_annotations_only,abstract_metadata_only,core,oligo_chemistry_toxicity_mechanism_2020_2026,0,Development of gene therapy with a cyclic adenosine monophosphate response element decoy oligodeoxynucleotide to prevent vascular intimal hyperplasia.,J Vasc Surg,2020
30753594,literature_discovery,derived_annotations_only,abstract_metadata_only,core,aso_kidney_toxicity_2020_2026,0,New agents to reduce cholesterol levels: implications for nephrologists.,Nephrol Dial Transplant,2020
32038525,literature_discovery,derived_annotations_only,abstract_metadata_only,core,oligo_chemistry_toxicity_mechanism_2020_2026,0,Development of a Sensitive Escherichia coli Bioreporter Without Antibiotic Markers for Detecting Bioavailable Copper in Water Environments.,Front Microbiol,2019
31831591,literature_discovery,derived_annotations_only,abstract_metadata_only,core,oligo_chemistry_safety_broad_2010_2026,0,Systematic genome editing of the genes on zebrafish Chromosome 1 by CRISPR/Cas9.,Genome Res,2019
31720560,literature_discovery,derived_annotations_only,abstract_metadata_only,core,oligo_chemistry_safety_broad_2010_2026,0,Viltolarsen for the treatment of Duchenne muscular dystrophy.,Drugs Today (Barc),2019
31683630,literature_discovery,derived_annotations_only,abstract_metadata_only,core,oligo_chemistry_safety_broad_2010_2026,0,Removal of the Polyglutamine Repeat of Ataxin-3 by Redirecting pre-mRNA Processing.,Int J Mol Sci,2019
31659154,literature_discovery,derived_annotations_only,abstract_metadata_only,core,oligo_chemistry_safety_broad_2010_2026,0,MicroRNA-421 confers paclitaxel resistance by binding to the KEAP1 3'UTR and predicts poor survival in non-small cell lung cancer.,Cell Death Dis,2019
31629961,literature_discovery,derived_annotations_only,abstract_metadata_only,core,oligo_chemistry_safety_broad_2010_2026,0,Hexose Potentiates Peptide-Conjugated Morpholino Oligomer Efficacy in Cardiac Muscles of Dystrophic Mice in an Age-Dependent Manner.,Mol Ther Nucleic Acids,2019
31608694,literature_discovery,derived_annotations_only,abstract_metadata_only,core,oligo_chemistry_safety_broad_2010_2026,0,Silencing Breast Cancer Genes Using Morpholino Embedded DNA-Tile-AuNPs Nanostructures.,Hum Gene Ther,2019
31556592,literature_discovery,derived_annotations_only,abstract_metadata_only,core,oligo_chemistry_safety_broad_2010_2026,0,Synthetic α-l-Threose Nucleic Acids Targeting BcL-2 Show Gene Silencing and in Vivo Antitumor Activity for Cancer Therapy.,ACS Appl Mater Interfaces,2019
31495875,literature_discovery,derived_annotations_only,abstract_metadata_only,core,oligo_chemistry_safety_broad_2010_2026,0,Kinetic and subcellular analysis of PS-ASO/protein interactions with P54nrb and RNase H1.,Nucleic Acids Res,2019
31417133,literature_discovery,derived_annotations_only,abstract_metadata_only,core,oligo_chemistry_safety_broad_2010_2026,0,Donepezil modulates amyloid precursor protein endocytosis and reduction by up-regulation of SNX33 expression in primary cortical neurons.,Sci Rep,2019
31377237,literature_discovery,derived_annotations_only,abstract_metadata_only,core,oligo_chemistry_safety_broad_2010_2026,0,Gene redundancy and gene compensation: An updated view.,J Genet Genomics,2019
31359433,literature_discovery,derived_annotations_only,abstract_metadata_only,core,oligo_chemistry_safety_broad_2010_2026,0,Establishment of knockout adult sea urchins by using a CRISPR-Cas9 system.,Dev Growth Differ,2019
31336723,literature_discovery,derived_annotations_only,abstract_metadata_only,core,oligo_chemistry_safety_broad_2010_2026,0,Ligand Binding and Signaling of HARE/Stabilin-2.,Biomolecules,2019
31269330,literature_discovery,derived_annotations_only,abstract_metadata_only,core,oligo_chemistry_safety_broad_2010_2026,0,pUC18-CpG stimulates RAW 264.7 via TBK1-mediated pathway and presents adjuvanticity in mice.,Pol J Vet Sci,2019
31261494,literature_discovery,derived_annotations_only,abstract_metadata_only,core,oligo_chemistry_safety_broad_2010_2026,0,Long-term treatment with eteplirsen in nonambulatory patients with Duchenne muscular dystrophy.,Medicine (Baltimore),2019
31234313,literature_discovery,derived_annotations_only,abstract_metadata_only,core,oligo_chemistry_safety_broad_2010_2026,0,Bridged Nucleic Acids Reloaded.,Molecules,2019
31112700,literature_discovery,derived_annotations_only,abstract_metadata_only,core,oligo_chemistry_safety_broad_2010_2026,0,Morpholinos Do Not Elicit an Innate Immune Response during Early Xenopus Embryogenesis.,Dev Cell,2019
31036929,literature_discovery,derived_annotations_only,abstract_metadata_only,core,oligo_chemistry_safety_broad_2010_2026,0,Chemical modification of PS-ASO therapeutics reduces cellular protein-binding and improves the therapeutic index.,Nat Biotechnol,2019
31034960,literature_discovery,derived_annotations_only,abstract_metadata_only,core,oligo_chemistry_safety_broad_2010_2026,0,RNAi therapeutic and its innovative biotechnological evolution.,Biotechnol Adv,2019
30990769,literature_discovery,derived_annotations_only,abstract_metadata_only,core,oligo_chemistry_safety_broad_2010_2026,0,Rationally Designed Anti-CRISPR Nucleic Acid Inhibitors of CRISPR-Cas9.,Nucleic Acid Ther,2019
30948498,literature_discovery,derived_annotations_only,abstract_metadata_only,core,oligo_chemistry_safety_broad_2010_2026,0,Loss-of-function approaches in comparative physiology: is there a future for knockdown experiments in the era of genome editing?,J Exp Biol,2019
30935835,literature_discovery,derived_annotations_only,abstract_metadata_only,core,oligo_chemistry_safety_broad_2010_2026,0,Development of duplex-crossed allele-specific PCR targeting of TPMT*3B and *3C using crossed allele-specific blockers to eliminate non-specific amplification.,Anal Biochem,2019
30849304,literature_discovery,derived_annotations_only,abstract_metadata_only,core,oligo_chemistry_safety_broad_2010_2026,0,Proteasomal inhibition attenuates craniofacial malformations in a zebrafish model of Treacher Collins Syndrome.,Biochem Pharmacol,2019
30639670,literature_discovery,derived_annotations_only,abstract_metadata_only,core,oligo_chemistry_safety_broad_2010_2026,0,Drug-free macromolecular therapeutics induce apoptosis in cells isolated from patients with B cell malignancies with enhanced apoptosis induction by pretreatment with gemcitabine.,Nanomedicine,2019
30552932,literature_discovery,derived_annotations_only,abstract_metadata_only,core,oligo_chemistry_safety_broad_2010_2026,0,Alternative splicing of the vitamin D receptor modulates target gene expression and promotes ligand-independent functions.,Toxicol Appl Pharmacol,2019
30500605,literature_discovery,derived_annotations_only,abstract_metadata_only,core,oligo_chemistry_safety_broad_2010_2026,0,The important role of apolipoprotein A-II in ezetimibe driven reduction of high cholesterol diet-induced atherosclerosis.,Atherosclerosis,2019
30467420,literature_discovery,derived_annotations_only,abstract_metadata_only,core,oligo_chemistry_safety_broad_2010_2026,0,"TLR9 agonist enhances radiofrequency ablation-induced CTL responses, leading to the potent inhibition of primary tumor growth and lung metastasis.",Cell Mol Immunol,2019
30465822,literature_discovery,derived_annotations_only,abstract_metadata_only,core,oligo_chemistry_safety_broad_2010_2026,0,Drug-free albumin-triggered sensitization of cancer cells to anticancer drugs.,J Control Release,2019
30462579,literature_discovery,derived_annotations_only,abstract_metadata_only,core,oligo_chemistry_safety_broad_2010_2026,0,ErbB4 tyrosine kinase inhibition impairs neuromuscular development in zebrafish embryos.,Mol Biol Cell,2019
30448867,literature_discovery,derived_annotations_only,abstract_metadata_only,core,oligo_chemistry_safety_broad_2010_2026,0,Injection site reactions after long-term subcutaneous delivery of drisapersen: a retrospective study.,Eur J Pediatr,2019
30448197,literature_discovery,derived_annotations_only,abstract_metadata_only,core,oligo_chemistry_safety_broad_2010_2026,0,Efficacy of Multi-exon Skipping Treatment in Duchenne Muscular Dystrophy Dog Model Neonates.,Mol Ther,2019
30391799,literature_discovery,derived_annotations_only,abstract_metadata_only,core,oligo_chemistry_safety_broad_2010_2026,0,Biorecognition: A key to drug-free macromolecular therapeutics.,Biomaterials,2019
30321412,literature_discovery,derived_annotations_only,abstract_metadata_only,core,oligo_chemistry_safety_broad_2010_2026,0,Developmental Regulation of Nuclear Factor Erythroid-2 Related Factors (nrfs) by AHR1b in Zebrafish (Danio rerio).,Toxicol Sci,2019
30198798,literature_discovery,derived_annotations_only,abstract_metadata_only,core,oligo_chemistry_safety_broad_2010_2026,0,Drug-free macromolecular therapeutics exhibit amplified apoptosis in G2/M phase arrested cells.,J Drug Target,2019
30097810,literature_discovery,derived_annotations_only,abstract_metadata_only,core,oligo_chemistry_safety_broad_2010_2026,0,CMTM4 regulates angiogenesis by promoting cell surface recycling of VE-cadherin to endothelial adherens junctions.,Angiogenesis,2019
30577041,literature_discovery,derived_annotations_only,abstract_metadata_only,core,oligo_chemistry_safety_broad_2010_2026,0,Granulin 1 Promotes Retinal Regeneration in Zebrafish.,Invest Ophthalmol Vis Sci,2018
30497524,literature_discovery,derived_annotations_only,abstract_metadata_only,core,oligo_chemistry_safety_broad_2010_2026,0,In vivo induction of membrane damage by β-amyloid peptide oligomers.,Acta Neuropathol Commun,2018
30441349,literature_discovery,derived_annotations_only,abstract_metadata_only,core,oligo_chemistry_safety_broad_2010_2026,0,Single Locked Nucleic Acid-enhanced nanopore genetic discrimination of pathogenic serotypes and cancer driver mutations.,Annu Int Conf IEEE Eng Med Biol Soc,2018
30427554,literature_discovery,derived_annotations_only,abstract_metadata_only,core,oligo_chemistry_safety_broad_2010_2026,0,Homozygous splicing mutation in NUP133 causes Galloway-Mowat syndrome.,Ann Neurol,2018
30393151,literature_discovery,derived_annotations_only,abstract_metadata_only,core,oligo_chemistry_safety_broad_2010_2026,0,Encapsulation of Poly I:C and the natural phosphodiester CpG ODN enhanced the efficacy of a hyaluronic acid-modified cationic lipid-PLGA hybrid nanoparticle vaccine in TC-1-grafted tumors.,Int J Pharm,2018
30287074,literature_discovery,derived_annotations_only,abstract_metadata_only,core,oligo_chemistry_safety_broad_2010_2026,0,Therapeutic Potential of OMe-PS-miR-29b1 for Treating Liver Fibrosis.,Mol Ther,2018
30219101,literature_discovery,derived_annotations_only,abstract_metadata_only,core,oligo_chemistry_safety_broad_2010_2026,0,DSCAM differentially modulates pre- and postsynaptic structural and functional central connectivity during visual system wiring.,Neural Dev,2018
30195785,literature_discovery,derived_annotations_only,abstract_metadata_only,core,oligo_chemistry_safety_broad_2010_2026,0,Long-Term Morpholino Oligomers in Hexose Elicits Long-Lasting Therapeutic Improvements in mdx Mice.,Mol Ther Nucleic Acids,2018
30171560,literature_discovery,derived_annotations_only,abstract_metadata_only,core,oligo_chemistry_safety_broad_2010_2026,0,Morpholino-Mediated Exon Inclusion for SMA.,Methods Mol Biol,2018
30171554,literature_discovery,derived_annotations_only,abstract_metadata_only,core,oligo_chemistry_safety_broad_2010_2026,0,In Vivo Evaluation of Multiple Exon Skipping with Peptide-PMOs in Cardiac and Skeletal Muscles in Dystrophic Dogs.,Methods Mol Biol,2018
30171549,literature_discovery,derived_annotations_only,abstract_metadata_only,core,oligo_chemistry_safety_broad_2010_2026,0,A Novel Zebrafish Model for Assessing In Vivo Delivery of Morpholino Oligomers.,Methods Mol Biol,2018
30171535,literature_discovery,derived_annotations_only,abstract_metadata_only,core,oligo_chemistry_safety_broad_2010_2026,0,Nusinersen in the Treatment of Spinal Muscular Atrophy.,Methods Mol Biol,2018
30137311,literature_discovery,derived_annotations_only,abstract_metadata_only,core,oligo_chemistry_safety_broad_2010_2026,0,"Past, Present and Future of Therapeutic Interventions Targeting Leukocyte Trafficking in Inflammatory Bowel Disease.",J Crohns Colitis,2018
29997223,literature_discovery,derived_annotations_only,abstract_metadata_only,core,oligo_chemistry_safety_broad_2010_2026,0,"Therapeutic vulnerability of multiple myeloma to MIR17PTi, a first-in-class inhibitor of pri-miR-17-92.",Blood,2018
29974860,literature_discovery,derived_annotations_only,abstract_metadata_only,core,oligo_chemistry_safety_broad_2010_2026,0,A Rapid Method for Directed Gene Knockout for Screening in G0 Zebrafish.,Dev Cell,2018
29972757,literature_discovery,derived_annotations_only,abstract_metadata_only,core,oligo_chemistry_safety_broad_2010_2026,0,Inotersen Treatment for Patients with Hereditary Transthyretin Amyloidosis.,N Engl J Med,2018
29956749,literature_discovery,derived_annotations_only,abstract_metadata_only,core,oligo_chemistry_safety_broad_2010_2026,0,"Modulation of the tumor microenvironment by intratumoral administration of IMO-2125, a novel TLR9 agonist, for cancer immunotherapy.",Int J Oncol,2018
29936090,literature_discovery,derived_annotations_only,abstract_metadata_only,core,oligo_chemistry_safety_broad_2010_2026,0,Morphometric analysis and neuroanatomical mapping of the zebrafish brain.,Methods,2018
29907124,literature_discovery,derived_annotations_only,abstract_metadata_only,core,oligo_chemistry_safety_broad_2010_2026,0,Exon skipping for Duchenne muscular dystrophy: a systematic review and meta-analysis.,Orphanet J Rare Dis,2018
29905858,literature_discovery,derived_annotations_only,abstract_metadata_only,core,oligo_chemistry_safety_broad_2010_2026,0,Optimized knock-in of point mutations in zebrafish using CRISPR/Cas9.,Nucleic Acids Res,2018
29875202,literature_discovery,derived_annotations_only,abstract_metadata_only,core,oligo_chemistry_safety_broad_2010_2026,0,"Anchor peptide captures, targets, and loads exosomes of diverse origins for diagnostics and therapy.",Sci Transl Med,2018
29804357,literature_discovery,derived_annotations_only,abstract_metadata_only,core,oligo_chemistry_safety_broad_2010_2026,0,[Antiviral effect of hepatitis B virus S gene-specific anti-gene locked nucleic acid in transgenic mice].,Zhonghua Gan Zang Bing Za Zhi,2018
29800498,literature_discovery,derived_annotations_only,abstract_metadata_only,core,oligo_chemistry_safety_broad_2010_2026,0,Palmitoylated phosphodiester gapmer designs with albumin binding capacity and maintained in vitro gene silencing activity.,J Gene Med,2018
29777776,literature_discovery,derived_annotations_only,abstract_metadata_only,core,oligo_chemistry_safety_broad_2010_2026,0,Distinct roles for the cell adhesion molecule Contactin2 in the development and function of neural circuits in zebrafish.,Mech Dev,2018
29773645,literature_discovery,derived_annotations_only,abstract_metadata_only,core,oligo_chemistry_safety_broad_2010_2026,0,The Hippo pathway effector Wwtr1 regulates cardiac wall maturation in zebrafish.,Development,2018
29772239,literature_discovery,derived_annotations_only,abstract_metadata_only,core,oligo_chemistry_safety_broad_2010_2026,0,Small GTPase R-Ras participates in neural tube formation in zebrafish embryonic spinal cord.,Biochem Biophys Res Commun,2018
29771317,literature_discovery,derived_annotations_only,abstract_metadata_only,core,oligo_chemistry_safety_broad_2010_2026,0,Exon-skipping advances for Duchenne muscular dystrophy.,Hum Mol Genet,2018
29757363,literature_discovery,derived_annotations_only,abstract_metadata_only,core,oligo_chemistry_safety_broad_2010_2026,0,"Targeting Endothelial Ligands: ICAM-1/alicaforsen, MAdCAM-1.",J Crohns Colitis,2018
29752304,literature_discovery,derived_annotations_only,abstract_metadata_only,core,oligo_chemistry_safety_broad_2010_2026,0,Eteplirsen treatment for Duchenne muscular dystrophy: Exon skipping and dystrophin production.,Neurology,2018
29710707,literature_discovery,derived_annotations_only,abstract_metadata_only,core,oligo_chemistry_safety_broad_2010_2026,0,Loss in PKC Epsilon Causes Downregulation of MnSOD and BDNF Expression in Neurons of Alzheimer's Disease Hippocampus.,J Alzheimers Dis,2018
29696141,literature_discovery,derived_annotations_only,abstract_metadata_only,core,oligo_chemistry_safety_broad_2010_2026,0,Enhancing Understanding of the Visual Cycle by Applying CRISPR/Cas9 Gene Editing in Zebrafish.,Front Cell Dev Biol,2018
29664612,literature_discovery,derived_annotations_only,abstract_metadata_only,core,oligo_chemistry_safety_broad_2010_2026,0,Single Locked Nucleic Acid-Enhanced Nanopore Genetic Discrimination of Pathogenic Serotypes and Cancer Driver Mutations.,ACS Nano,2018
29614660,literature_discovery,derived_annotations_only,abstract_metadata_only,core,oligo_chemistry_safety_broad_2010_2026,0,Stimulation of SIRT1 Attenuates the Level of Oxidative Stress in the Brains of APP/PS1 Double Transgenic Mice and in Primary Neurons Exposed to Oligomers of the Amyloid-β Peptide.,J Alzheimers Dis,2018
29605032,literature_discovery,derived_annotations_only,abstract_metadata_only,core,oligo_chemistry_safety_broad_2010_2026,0,GYY4137 protects against myocardial ischemia/reperfusion injury via activation of the PHLPP-1/Akt/Nrf2 signaling pathway in diabetic mice.,J Surg Res,2018
29589907,literature_discovery,derived_annotations_only,abstract_metadata_only,core,oligo_chemistry_safety_broad_2010_2026,0,Structural Determinants for the Interactions of Chemically Modified Nucleic Acids with the Stabilin-2 Clearance Receptor.,Biochemistry,2018
29570699,literature_discovery,derived_annotations_only,abstract_metadata_only,core,oligo_chemistry_safety_broad_2010_2026,0,MicroRNA-194 Regulates the Development and Differentiation of Sensory Patches and Statoacoustic Ganglion of Inner Ear by Fgf4.,Med Sci Monit,2018
29530646,literature_discovery,derived_annotations_only,abstract_metadata_only,core,oligo_chemistry_safety_broad_2010_2026,0,Morpholino-mediated in vivo silencing of Cryptosporidium parvum lactate dehydrogenase decreases oocyst shedding and infectivity.,Int J Parasitol,2018
29378005,literature_discovery,derived_annotations_only,abstract_metadata_only,core,oligo_chemistry_safety_broad_2010_2026,0,Tau Oligomer Pathology in Nucleus Basalis Neurons During the Progression of Alzheimer Disease.,J Neuropathol Exp Neurol,2018
29373639,literature_discovery,derived_annotations_only,abstract_metadata_only,core,oligo_chemistry_safety_broad_2010_2026,0,A novel metabolism-based phenotypic drug discovery platform in zebrafish uncovers HDACs 1 and 3 as a potential combined anti-seizure drug target.,Brain,2018
29346415,literature_discovery,derived_annotations_only,abstract_metadata_only,core,oligo_chemistry_safety_broad_2010_2026,0,Acute multi-sgRNA knockdown of KEOPS complex genes reproduces the microcephaly phenotype of the stable knockout zebrafish model.,PLoS One,2018
29316633,literature_discovery,derived_annotations_only,abstract_metadata_only,core,oligo_chemistry_safety_broad_2010_2026,0,Investigation of New Morpholino Oligomers to Increase Survival Motor Neuron Protein Levels in Spinal Muscular Atrophy.,Int J Mol Sci,2018
29300474,literature_discovery,derived_annotations_only,abstract_metadata_only,core,oligo_chemistry_safety_broad_2010_2026,0,"Identification of Morpholino-2H-pyrido[3,2-b][1,4]oxazin-3(4H)-ones as Nonsteroidal Mineralocorticoid Antagonists.",J Med Chem,2018
29282321,literature_discovery,derived_annotations_only,abstract_metadata_only,core,oligo_chemistry_safety_broad_2010_2026,0,A mixed modality approach towards Xi reactivation for Rett syndrome and other X-linked disorders.,Proc Natl Acad Sci U S A,2018
29254734,literature_discovery,derived_annotations_only,abstract_metadata_only,core,oligo_chemistry_safety_broad_2010_2026,0,Eteplirsen for paediatric patients with Duchenne muscular dystrophy: A pooled-analysis.,J Clin Neurosci,2018
29214789,literature_discovery,derived_annotations_only,abstract_metadata_only,core,oligo_chemistry_safety_broad_2010_2026,0,microRNA-183 is Essential for Hair Cell Regeneration after Neomycin Injury in Zebrafish.,Yonsei Med J,2018
29067652,literature_discovery,derived_annotations_only,abstract_metadata_only,core,oligo_chemistry_safety_broad_2010_2026,0,An Overview of Recent Therapeutics Advances for Duchenne Muscular Dystrophy.,Methods Mol Biol,2018
28960840,literature_discovery,derived_annotations_only,abstract_metadata_only,core,oligo_chemistry_safety_broad_2010_2026,0,Selection of DNA Aptamer That Blocks the Fibrillogenesis of a Proteolytic Amyloidogenic Fragment of β(2) m.,Ther Apher Dial,2018
29234114,literature_discovery,derived_annotations_only,abstract_metadata_only,core,oligo_chemistry_safety_broad_2010_2026,0,Probing the requirement for CD38 in retinoic acid-induced HL-60 cell differentiation with a small molecule dimerizer and genetic knockout.,Sci Rep,2017
29145206,literature_discovery,derived_annotations_only,abstract_metadata_only,core,oligo_chemistry_safety_broad_2010_2026,0,MicroRNA Expression Profiling of Pancreatic Cancer Cell Line L3.6p1 Following B7-H4 Knockdown.,Cell Physiol Biochem,2017
29067882,literature_discovery,derived_annotations_only,abstract_metadata_only,core,oligo_chemistry_safety_broad_2010_2026,0,Alicaforsen in the treatment of pouchitis.,Immunotherapy,2017
29049395,literature_discovery,derived_annotations_only,abstract_metadata_only,core,oligo_chemistry_safety_broad_2010_2026,0,Guidelines for morpholino use in zebrafish.,PLoS Genet,2017
28918018,literature_discovery,derived_annotations_only,abstract_metadata_only,core,oligo_chemistry_safety_broad_2010_2026,0,"Locked Nucleic Acid Gapmers and Conjugates Potently Silence ADAM33, an Asthma-Associated Metalloprotease with Nuclear-Localized mRNA.",Mol Ther Nucleic Acids,2017
28865712,literature_discovery,derived_annotations_only,abstract_metadata_only,core,oligo_chemistry_safety_broad_2010_2026,0,MicroRNA-31 promotes adverse cardiac remodeling and dysfunction in ischemic heart disease.,J Mol Cell Cardiol,2017
28745318,literature_discovery,derived_annotations_only,abstract_metadata_only,core,oligo_chemistry_safety_broad_2010_2026,0,Core 3 mucin-type O-glycan restoration in colorectal cancer cells promotes MUC1/p53/miR-200c-dependent epithelial identity.,Oncogene,2017
28670932,literature_discovery,derived_annotations_only,abstract_metadata_only,core,oligo_chemistry_safety_broad_2010_2026,0,Alicaforsen for the treatment of inflammatory bowel disease.,Expert Opin Investig Drugs,2017
28636676,literature_discovery,derived_annotations_only,abstract_metadata_only,core,oligo_chemistry_safety_broad_2010_2026,0,Mitochondrion to endoplasmic reticulum apposition length in zebrafish embryo spinal progenitors is unchanged in response to perturbations associated with Alzheimer's disease.,PLoS One,2017
28636622,literature_discovery,derived_annotations_only,abstract_metadata_only,core,oligo_chemistry_safety_broad_2010_2026,0,Inhibition of hepatitis B viral entry by nucleic acid polymers in HepaRG cells and primary human hepatocytes.,PLoS One,2017
28612046,literature_discovery,derived_annotations_only,abstract_metadata_only,core,oligo_chemistry_safety_broad_2010_2026,0,Shaping of Signal Transmission at the Photoreceptor Synapse by EAAT2 Glutamate Transporters.,eNeuro,2017
28606696,literature_discovery,derived_annotations_only,abstract_metadata_only,core,oligo_chemistry_safety_broad_2010_2026,0,Targeted gene knockdown validates the essential role of lactate dehydrogenase in Cryptosporidium parvum.,Int J Parasitol,2017
28600293,literature_discovery,derived_annotations_only,abstract_metadata_only,core,oligo_chemistry_safety_broad_2010_2026,0,Bacterial and Viral Products Affect Differential Pattern Recognition Receptor Activation of Chicken Thrombocytes Evidenced through RNA Sequencing.,J Immunol,2017
28571947,literature_discovery,derived_annotations_only,abstract_metadata_only,core,oligo_chemistry_safety_broad_2010_2026,0,Boron nitride nanotubes for gene silencing.,Biochim Biophys Acta Gen Subj,2017
28520455,literature_discovery,derived_annotations_only,abstract_metadata_only,core,oligo_chemistry_safety_broad_2010_2026,0,"Quantitative determination of AVI-7100 (Radavirsen), a phosphorodiamidate morpholino oligomer (PMOplus(®) ), in human plasma using LC-MS/MS.",Bioanalysis,2017
28519902,literature_discovery,derived_annotations_only,abstract_metadata_only,core,oligo_chemistry_safety_broad_2010_2026,0,Reduced gliotransmitter release from astrocytes mediates tau-induced synaptic dysfunction in cultured hippocampal neurons.,Glia,2017
28492351,literature_discovery,derived_annotations_only,abstract_metadata_only,core,oligo_chemistry_safety_broad_2010_2026,0,"mesT, a unique epoxide hydrolase, is essential for optimal growth of Mycobacterium tuberculosis in the presence of styrene oxide.",Future Microbiol,2017
28428220,literature_discovery,derived_annotations_only,abstract_metadata_only,core,oligo_chemistry_safety_broad_2010_2026,0,CMTM3 (CKLF-Like Marvel Transmembrane Domain 3) Mediates Angiogenesis by Regulating Cell Surface Availability of VE-Cadherin in Endothelial Adherens Junctions.,Arterioscler Thromb Vasc Biol,2017
28427856,literature_discovery,derived_annotations_only,abstract_metadata_only,core,oligo_chemistry_safety_broad_2010_2026,0,Frizzled 3 acts upstream of Alcam during embryonic eye development.,Dev Biol,2017
28373570,literature_discovery,derived_annotations_only,abstract_metadata_only,core,oligo_chemistry_safety_broad_2010_2026,0,Effects of systemic multiexon skipping with peptide-conjugated morpholinos in the heart of a dog model of Duchenne muscular dystrophy.,Proc Natl Acad Sci U S A,2017
28364245,literature_discovery,derived_annotations_only,abstract_metadata_only,core,oligo_chemistry_safety_broad_2010_2026,0,Systemic Delivery of Morpholinos to Skip Multiple Exons in a Dog Model of Duchenne Muscular Dystrophy.,Methods Mol Biol,2017
28364236,literature_discovery,derived_annotations_only,abstract_metadata_only,core,oligo_chemistry_safety_broad_2010_2026,0,Using Morpholinos to Probe Gene Networks in Sea Urchin.,Methods Mol Biol,2017
28364230,literature_discovery,derived_annotations_only,abstract_metadata_only,core,oligo_chemistry_safety_broad_2010_2026,0,"Making a Morpholino Experiment Work: Controls, Favoring Specificity, Improving Efficacy, Storage, and Dose.",Methods Mol Biol,2017
28296036,literature_discovery,derived_annotations_only,abstract_metadata_only,core,oligo_chemistry_safety_broad_2010_2026,0,Targeting of C-type lectin-like receptor 2 or P2Y12 for the prevention of platelet activation by immunotherapeutic CpG oligodeoxynucleotides.,J Thromb Haemost,2017
28280301,literature_discovery,derived_annotations_only,abstract_metadata_only,core,oligo_chemistry_safety_broad_2010_2026,0,Eteplirsen in the treatment of Duchenne muscular dystrophy.,Drug Des Devel Ther,2017
28271280,literature_discovery,derived_annotations_only,abstract_metadata_only,core,oligo_chemistry_safety_broad_2010_2026,0,"RCAN1.4 regulates VEGFR-2 internalisation, cell polarity and migration in human microvascular endothelial cells.",Angiogenesis,2017
28255006,literature_discovery,derived_annotations_only,abstract_metadata_only,core,oligo_chemistry_safety_broad_2010_2026,0,Folate receptor 1 is necessary for neural plate cell apical constriction during Xenopus neural tube formation.,Development,2017
28223149,literature_discovery,derived_annotations_only,abstract_metadata_only,core,oligo_chemistry_safety_broad_2010_2026,0,Long-term behavioral change as a result of acute ethanol exposure in zebrafish: Evidence for a role for sonic hedgehog but not retinoic acid signaling.,Neurotoxicol Teratol,2017
28154878,literature_discovery,derived_annotations_only,abstract_metadata_only,core,oligo_chemistry_safety_broad_2010_2026,0,An electrochemiluminescence biosensor for Kras mutations based on locked nucleic acid functionalized DNA walkers and hyperbranched rolling circle amplification.,Chem Commun (Camb),2017
28126014,literature_discovery,derived_annotations_only,abstract_metadata_only,core,oligo_chemistry_safety_broad_2010_2026,0,Attachment of class B CpG ODN onto DOTAP/DC-chol liposome in nasal vaccine formulations augments antigen-specific immune responses in mice.,BMC Res Notes,2017
28119399,literature_discovery,derived_annotations_only,abstract_metadata_only,core,oligo_chemistry_safety_broad_2010_2026,0,An ALS-Associated Mutant SOD1 Rapidly Suppresses KCNT1 (Slack) Na(+)-Activated K(+) Channels in Aplysia Neurons.,J Neurosci,2017
28089548,literature_discovery,derived_annotations_only,abstract_metadata_only,core,oligo_chemistry_safety_broad_2010_2026,0,Nanoformulation of synergistic TLR ligands to enhance vaccination against Entamoeba histolytica.,Vaccine,2017
28082451,literature_discovery,derived_annotations_only,abstract_metadata_only,core,oligo_chemistry_safety_broad_2010_2026,0,The neuronal transcription factor NPAS4 is a strong inducer of sprouting angiogenesis and tip cell formation.,Cardiovasc Res,2017
28062574,literature_discovery,derived_annotations_only,abstract_metadata_only,core,oligo_chemistry_safety_broad_2010_2026,0,Loss of N-Acetylgalactosaminyltransferase-4 Orchestrates Oncogenic MicroRNA-9 in Hepatocellular Carcinoma.,J Biol Chem,2017
28055017,literature_discovery,derived_annotations_only,abstract_metadata_only,core,oligo_chemistry_safety_broad_2010_2026,0,RNY (YRNA)-derived small RNAs regulate cell death and inflammation in monocytes/macrophages.,Cell Death Dis,2017
28053087,literature_discovery,derived_annotations_only,abstract_metadata_only,core,oligo_chemistry_safety_broad_2010_2026,0,Targeting TRAF3IP2 by Genetic and Interventional Approaches Inhibits Ischemia/Reperfusion-induced Myocardial Injury and Adverse Remodeling.,J Biol Chem,2017
28024916,literature_discovery,derived_annotations_only,abstract_metadata_only,core,oligo_chemistry_safety_broad_2010_2026,0,Drug-free macromolecular therapeutics: Impact of structure on induction of apoptosis in Raji B cells.,J Control Release,2017
27890659,literature_discovery,derived_annotations_only,abstract_metadata_only,core,oligo_chemistry_safety_broad_2010_2026,0,RNA nanoparticles harboring annexin A2 aptamer can target ovarian cancer for tumor-specific doxorubicin delivery.,Nanomedicine,2017
27720927,literature_discovery,derived_annotations_only,abstract_metadata_only,core,oligo_chemistry_safety_broad_2010_2026,0,Facile and phase-defined determination of HLA alleles with morpholino-functionalized nanoparticle probes.,Nanomedicine,2017
27086029,literature_discovery,derived_annotations_only,abstract_metadata_only,core,oligo_chemistry_safety_broad_2010_2026,0,The Adhesion Molecule-Characteristic HNK-1 Carbohydrate Contributes to Functional Recovery After Spinal Cord Injury in Adult Zebrafish.,Mol Neurobiol,2017
28721276,literature_discovery,derived_annotations_only,abstract_metadata_only,core,oligo_chemistry_safety_broad_2010_2026,0,Metformin decreases progerin expression and alleviates pathological defects of Hutchinson-Gilford progeria syndrome cells.,NPJ Aging Mech Dis,2016
27989827,literature_discovery,derived_annotations_only,abstract_metadata_only,core,oligo_chemistry_safety_broad_2010_2026,0,Induction of a balanced Th1/Th2 immune responses by co-delivery of PLGA/ovalbumin nanospheres and CpG ODNs/PEI-SWCNT nanoparticles as TLR9 agonist in BALB/c mice.,Int J Pharm,2016
27939059,literature_discovery,derived_annotations_only,abstract_metadata_only,core,oligo_chemistry_safety_broad_2010_2026,0,"Treatment of infantile-onset spinal muscular atrophy with nusinersen: a phase 2, open-label, dose-escalation study.",Lancet,2016
27721240,literature_discovery,derived_annotations_only,abstract_metadata_only,core,oligo_chemistry_safety_broad_2010_2026,0,Targeting CAG repeat RNAs reduces Huntington's disease phenotype independently of huntingtin levels.,J Clin Invest,2016
27655663,literature_discovery,derived_annotations_only,abstract_metadata_only,core,oligo_chemistry_safety_broad_2010_2026,0,Locked nucleic acid-inhibitor of miR-205 decreases endometrial cancer cells proliferation in vitro and in vivo.,Oncotarget,2016
27378237,literature_discovery,derived_annotations_only,abstract_metadata_only,core,oligo_chemistry_safety_broad_2010_2026,0,Morpholino-mediated Knockdown of DUX4 Toward Facioscapulohumeral Muscular Dystrophy Therapeutics.,Mol Ther,2016
27327661,literature_discovery,derived_annotations_only,abstract_metadata_only,core,oligo_chemistry_safety_broad_2010_2026,0,Neurodegeneration and Epilepsy in a Zebrafish Model of CLN3 Disease (Batten Disease).,PLoS One,2016
27288239,literature_discovery,derived_annotations_only,abstract_metadata_only,core,oligo_chemistry_safety_broad_2010_2026,0,"Experience-dependent reduction of soluble β-amyloid oligomers and rescue of cognitive abilities in middle-age Ts65Dn mice, a model of Down syndrome.",Exp Neurol,2016
27236198,literature_discovery,derived_annotations_only,abstract_metadata_only,core,oligo_chemistry_safety_broad_2010_2026,0,Differentiation-related glycan epitopes identify discrete domains of the muscle glycocalyx.,Glycobiology,2016
27151457,literature_discovery,derived_annotations_only,abstract_metadata_only,core,oligo_chemistry_safety_broad_2010_2026,0,Identification and Correction of Mechanisms Underlying Inherited Blindness in Human iPSC-Derived Optic Cups.,Cell Stem Cell,2016
27130213,literature_discovery,derived_annotations_only,abstract_metadata_only,core,oligo_chemistry_safety_broad_2010_2026,0,Maximizing mutagenesis with solubilized CRISPR-Cas9 ribonucleoprotein complexes.,Development,2016
27126199,literature_discovery,derived_annotations_only,abstract_metadata_only,core,oligo_chemistry_safety_broad_2010_2026,0,The LIM-homeodomain transcription factor Islet2a promotes angioblast migration.,Dev Biol,2016
27123752,literature_discovery,derived_annotations_only,abstract_metadata_only,core,oligo_chemistry_safety_broad_2010_2026,0,Single-Stranded Silencing RNAs: Hit Rate and Chemical Modification.,Nucleic Acid Ther,2016
27112072,literature_discovery,derived_annotations_only,abstract_metadata_only,core,oligo_chemistry_safety_broad_2010_2026,0,"Biological effects of 6-formylindolo[3,2-b]carbazole (FICZ) in vivo are enhanced by loss of CYP1A function in an Ahr2-dependent manner.",Biochem Pharmacol,2016
27042291,literature_discovery,derived_annotations_only,abstract_metadata_only,core,oligo_chemistry_safety_broad_2010_2026,0,Efficient genome editing of genes involved in neural crest development using the CRISPR/Cas9 system in Xenopus embryos.,Cell Biosci,2016
26965570,literature_discovery,derived_annotations_only,abstract_metadata_only,core,oligo_chemistry_safety_broad_2010_2026,0,The misfolded pro-inflammatory protein S100A9 disrupts memory via neurochemical remodelling instigating an Alzheimer's disease-like cognitive deficit.,Behav Brain Res,2016
26954233,literature_discovery,derived_annotations_only,abstract_metadata_only,core,oligo_chemistry_safety_broad_2010_2026,0,Extracellular Release of CD11b by TLR9 Stimulation in Macrophages.,PLoS One,2016
26907205,literature_discovery,derived_annotations_only,abstract_metadata_only,core,oligo_chemistry_safety_broad_2010_2026,0,Reduction in E-cadherin expression fosters migration of Xenopus laevis primordial germ cells.,Integr Biol (Camb),2016
26889968,literature_discovery,derived_annotations_only,abstract_metadata_only,core,oligo_chemistry_safety_broad_2010_2026,0,"L1.2, the zebrafish paralog of L1.1 and ortholog of the mammalian cell adhesion molecule L1 contributes to spinal cord regeneration in adult zebrafish.",Restor Neurol Neurosci,2016
26878886,literature_discovery,derived_annotations_only,abstract_metadata_only,core,oligo_chemistry_safety_broad_2010_2026,0,Morpholino-mediated SOD1 reduction ameliorates an amyotrophic lateral sclerosis disease phenotype.,Sci Rep,2016
26854615,literature_discovery,derived_annotations_only,abstract_metadata_only,core,oligo_chemistry_safety_broad_2010_2026,0,N-Acetylgalactosamine Block-co-Polycations Form Stable Polyplexes with Plasmids and Promote Liver-Targeted Delivery.,Biomacromolecules,2016
26810703,literature_discovery,derived_annotations_only,abstract_metadata_only,core,oligo_chemistry_safety_broad_2010_2026,0,The morpholino molecular beacon for specific RNA visualization in vivo.,Chem Commun (Camb),2016
26742501,literature_discovery,derived_annotations_only,abstract_metadata_only,core,oligo_chemistry_safety_broad_2010_2026,0,"GOLGA2, encoding a master regulator of golgi apparatus, is mutated in a patient with a neuromuscular disorder.",Hum Genet,2016
26717832,literature_discovery,derived_annotations_only,abstract_metadata_only,core,oligo_chemistry_safety_broad_2010_2026,0,Development and evaluation of an ELIME assay to reveal the presence of Salmonella in irrigation water: Comparison with Real-Time PCR and the Standard Culture Method.,Talanta,2016
26671342,literature_discovery,derived_annotations_only,abstract_metadata_only,core,oligo_chemistry_safety_broad_2010_2026,0,Retinoic Acid Signaling Is Essential for Valvulogenesis by Affecting Endocardial Cushions Formation in Zebrafish Embryos.,Zebrafish,2016
26663361,literature_discovery,derived_annotations_only,abstract_metadata_only,core,oligo_chemistry_safety_broad_2010_2026,0,Enhanced B Cell Alloantigen Presentation and Its Epigenetic Dysregulation in Liver Transplant Rejection.,Am J Transplant,2016
26632489,literature_discovery,derived_annotations_only,abstract_metadata_only,core,oligo_chemistry_safety_broad_2010_2026,0,Genome editing in sea urchin embryos by using a CRISPR/Cas9 system.,Dev Biol,2016
26573217,literature_discovery,derived_annotations_only,abstract_metadata_only,core,oligo_chemistry_safety_broad_2010_2026,0,Longitudinal effect of eteplirsen versus historical control on ambulation in Duchenne muscular dystrophy.,Ann Neurol,2016
26474085,literature_discovery,derived_annotations_only,abstract_metadata_only,core,oligo_chemistry_safety_broad_2010_2026,0,Morpholino-driven gene editing: A new horizon for disease treatment and prevention.,Clin Pharmacol Ther,2016
26637440,literature_discovery,derived_annotations_only,abstract_metadata_only,core,oligo_chemistry_safety_broad_2010_2026,0,Dual inhibition of Type I and Type III PI3 kinases increases tumor cell apoptosis in HER2+ breast cancers.,Breast Cancer Res,2015
26470995,literature_discovery,derived_annotations_only,abstract_metadata_only,core,oligo_chemistry_safety_broad_2010_2026,0,Analysis of crosstalk between retinoic acid and sonic hedgehog pathways following ethanol exposure in embryonic zebrafish.,Birth Defects Res A Clin Mol Teratol,2015
26444552,literature_discovery,derived_annotations_only,abstract_metadata_only,core,oligo_chemistry_safety_broad_2010_2026,0,A Zebrafish Drug-Repurposing Screen Reveals sGC-Dependent and sGC-Independent Pro-Inflammatory Activities of Nitric Oxide.,PLoS One,2015
31643677,literature_discovery,derived_annotations_only,abstract_metadata_only,core,aso_thrombocytopenia_complement_2020_2026,0,Macular Degeneration Agents.,,2012
28402615,literature_discovery,derived_annotations_only,abstract_metadata_only,core,aso_thrombocytopenia_complement_2020_2026,0,Triglyceride Lowering Drugs.,,2000
27809434,literature_discovery,derived_annotations_only,abstract_metadata_only,core,oligo_safety_toxicology_broad_2010_2026,0,Cholesterol Lowering Drugs.,,2000
20301526,literature_discovery,derived_annotations_only,abstract_metadata_only,secondary,oligo_prediction_benchmark_2023_2026,0,Spinal Muscular Atrophy.,,1993
