entity_id,sid,molecule,pmid,pmcid,doi,title,v1_claimed_evidence_type,v1_grade,v1_claimed_location,v2_proposed_decision,v2_evidence_type,v2_domain_match,v2_in_scope,v2_grade,v2_confidence,v2_passage_kind,v2_grounding_quote,v2_reason,human_decision,human_curator_id,human_evidence_grade,human_note
1,0,SNA-modified GalNAc-siRNA panel from PMID 41994868,41994868,PMC13096799,10.1093/nar/gkag345,Acyclic serinol nucleic acid modification of siRNAs overcomes seed region mediated off-target effects while maintaining potency.,seed-mediated off-target effect,A,Results > Analysis of miRNA-like off-target activity in a luciferase reporter assay; paragraph 3,accept,offtarget_observed,True,True,A,0.93,pmc_full_text,"This GalNAc–siRNA was also chosen because it has shown robust miRNA-like off-target behavior, resulting in a strong signal in the dual-luciferase off-target reporter assay, substantial transcriptome dysregulation in RNA sequencing of treated hepatocytes, and toxicity in rats when administered at supratherapeutic doses [21].","In-scope therapeutic oligo: GalNAc-conjugated siRNA (RNAi therapeutic), explicitly the agent under study (Alnylam SNA/GNA siRNA chemistry program). GATE2 pass: full-text Results section ""Analysis of miRNA-like off-target activity in a luciferase reporter assay"" reports measured outcomes (dual-luciferase off-target IC50 fold-changes, e.g. ~260-fold increase at g7; parent si-47 robust off-target signal). GATE3 pass: the readout is an OBSERVED seed-mediated/miRNA-like off-target result via dual-luc",,,,
2,1,siVIM-270 chemical modification panel from PMID 41467115,41467115,PMC12744844,10.1016/j.omtn.2025.102693,An siRMSD parameter of structural distortion induced by chemical modification is predictive of the off-target effect of siRNA.,seed-mediated off-target effect,A,Results > RNAi and off-target activities of siRNAs with chemical modifications; paragraph 10,accept,offtarget_observed,True,True,A,0.9,pmc_full_text,"siVIM-270_DNA_2 and siVIM-270_Fluoro_2 had off-target effects at similar magnitude with unmodified siVIM-270, whereas siVIM-270_MOE_2 had a negligible off-target effect, and siVIM-270_OMe_2 and siVIM-270_FA_2 had reduced but weak off-target effects (Figure 3H)","In-scope therapeutic agent: siRNA (siVIM-270 and variants), explicitly framed as siRNA therapeutics/drug development (Gate 1 pass). Gate 2 pass: observed measured results, not background. Gate 3 pass: although the paper's headline parameter (siRMSD) is computational/design-only (which alone would be rejected), the passage also reports genuine OBSERVED, transcriptome-wide, seed-mediated off-target effects measured by microarray (1185 off-target transcripts with SM sequences vs 11,919 non-off-targ",,,,
3,2,RGLS4326,41315228,PMC12663328,10.1038/s41467-025-65799-5,The nucleobase guanine at the 3'-terminus of oligonucleotide RGLS4326 drives off-target AMPAR inhibition and CNS toxicity.,off-target evidence,B,Results > RGLS4326 inhibits AMPAR ligand binding and function; paragraph 10,accept,offtarget_observed,True,True,A,0.93,pmc_full_text,RGLS4326 had no functional effect on CCR5 or OX1 receptors when tested in cell-based calcium uptake assays (Supplementary Table 3) but was found to be a competitive antagonist of AMPA receptor (AMPAR) in whole-cell patch-clamp studies (Fig. 1e–g and Supplementary Fig. 2).,"Agent under study is RGLS4326, an in-scope therapeutic antimiR antisense oligonucleotide (9-nt full-PS, (S)-cEt/2'-OMe/2'-F), so Gate 1 passes (not a tool/CRISPR/AAV/small molecule). Gate 2 passes: the passage reports observed experimental results (whole-cell patch-clamp, [3H]-AMPA radioligand binding, cryo-EM, in vivo CNS tox), not intro/methods/review. Gate 3 passes: a genuine OBSERVED unintended off-target effect — RGLS4326 was found to be a competitive antagonist of AMPAR (Schild slope ~1, K",,,,
4,3,APP-AON/ATXN3-AON/HTT-AON panel from PMID 41066632,41066632,PMC12581821,10.1093/hmg/ddaf153,Determining off-target effects of splice-switching antisense oligonucleotides using short read RNAseq in neuronally differentiated human induced pluripotent ste,hybridization/mismatch off-target effect,A,Results > Hybridization-dependent off-target splicing events do not play a major role after transfection; paragraph 19,accept,offtarget_observed,True,True,A,0.9,pmc_full_text,"We identified 4 potentially hybridization-dependent events for the APP-AON, 117 for the ATXN3-AON and 4 for the HTT-AON (Fig. 3B, blue dots, Table 4).","In-scope therapeutic splice-switching AONs (2'-MOE/PS, designed against APP/ATXN3/HTT for Alzheimer/SCA3/HD, prior efficacy in cell/animal models) are the agents under study. The full-text Results report OBSERVED transcriptome-wide, hybridization-dependent off-target splicing events identified by RNA-seq (rMATS+Whippet) and AON-specific off-target events validated by RT-PCR in named genes (ZNF841, GOLGA3, HNRNPC, FLOT1, RFX4), with ATXN3-AON showing a toxic off-target profile reproduced across c",,,,
5,4,PNA-braced ASO panel from PMID 38042877,38042877,PMC10693639,10.1038/s41467-023-43714-0,Dynamic and static control of the off-target interactions of antisense oligonucleotides using toehold chemistry.,hybridization/mismatch off-target effect,A,Results > Hybridization-dependent mechanism: complementary PNA strand mitigates off-target hybridizations; paragraph 31,accept,offtarget_observed,True,True,A,0.93,pmc_full_text,"In contrast, ssASO exhibited significant off-target knockdown of the three single-mismatch-containing genes, while both BROs were found to be free from these off-target effects.","In-scope therapeutic antisense oligonucleotides (fully PS-modified LNA gapmer ASOs mPCS1/hApo1/Acsl1, GalNAc-conjugated) are the agents under study, braced with complementary PNA strands (BROTHERS/BRO). GATE 1 passes: bona fide therapeutic ASOs, not CRISPR/AAV/mRNA/small-molecule/lab-tool. GATE 2 passes: observed measured results (RNA-seq DEGs, FRET kinetics, cell-based knockdown). GATE 3 passes with a genuine OBSERVED hybridization-dependent/mismatch off-target result: in Fig. 6f, hApo1n ssASO ",,,,
6,5,DM1 ASO panel from PMID 37200862,37200862,PMC10185704,10.1016/j.omtn.2023.04.010,Block or degrade? Balancing on- and off-target effects of antisense strategies against transcripts with expanded triplet repeats in DM1.,transcriptome-level off-target effect,A,Results > RNA-seq reveals activation of the interferon response by all ASOs and additional off-target effects on gene ex,accept,offtarget_observed,True,True,A,0.95,pmc_full_text,"The repeat gapmer, on the other hand, led to downregulation of many other CUG repeat-containing transcripts: 28 of the 48 genes were knocked down by more than 50%.","In-scope therapeutic antisense oligonucleotides (2'-O-Me phosphorothioate blocking ASOs and RNase H-recruiting gapmers developed as DM1 therapies; ASO = antisense oligonucleotide, correct sense). The passage reports OBSERVED transcriptome-wide off-target results from RNA-seq, not intro/methods/review/computational/PK. The repeat gapmer caused hybridization-dependent (CUG seed-mediated) off-target knockdown of many non-DMPK CUG-repeat-containing transcripts (28 of 48 genes >50% knockdown), plus d",,,,
7,6,ALN-HBV/ALN-HBV02 GalNAc-siRNA panel from PMID 35736224,35736224,PMC9262600,10.1093/nar/gkac539,From bench to bedside: Improving the clinical safety of GalNAc-siRNA conjugates using seed-pairing destabilization.,seed-mediated off-target effect,A,RESULTS > Application of ESC+ design to improve the specificity and safety of ALN-HBV; paragraph 46,accept,offtarget_observed,True,True,A,0.96,pmc_full_text,RNA-seq was used to evaluate the level of transcriptional dysregulation after transfection of these siRNAs in a HepG2-derived cell line stably transfected with the full genome of HBV. A significant reduction in the total number of differentially expressed gene transcripts and a shifted distribution with loss of seed-type statistical significance were observed with ALN-HBV02 relative to ALN-HBV in ,"In-scope therapeutic oligonucleotide: ALN-HBV/ALN-HBV02 (VIR-2218) is a GalNAc-siRNA conjugate under study (GATE 1 pass). Primary measured result, not intro/methods/review (GATE 2 pass). Offtarget domain match: the passage reports an OBSERVED transcriptome-wide off-target result by RNA-seq for the named siRNAs - a significant reduction in differentially expressed gene transcripts and loss of seed-type statistical significance for ALN-HBV02 vs ALN-HBV, plus seed-mediated CDF shifts in rat liver R",,,,
8,7,GalNAc-siRNA panel from PMID 29459660,29459660,PMC5818625,10.1038/s41467-018-02989-4,Selection of GalNAc-conjugated siRNAs with limited off-target-driven rat hepatotoxicity.,seed-mediated off-target effect,A,Results > siRNA off-targets are enriched for seed complementarity; paragraph 17,accept,offtarget_observed,True,True,A,0.95,pmc_full_text,"To confirm that GalNAc-siRNAs can cause gene dysregulation consistent with RNAi-mediated off-target effects, a series of siRNAs was transfected into rat hepatocytes to evaluate the global impact on the transcriptome by RNA sequencing (RNAseq) at a “toxicological” dose that exceeded the IC50 concentration by 2–3 logs. Downregulated transcripts were enriched for perfect complementarity to the antise","Verified true-positive against full text. GATE 1: agent under study is GalNAc-conjugated siRNA, an in-scope RNAi therapeutic (Alnylam investigational candidates) — not CRISPR/shRNA/AAV/mRNA/small-molecule/lab-tool. GATE 2: primary Results with named figures (Fig. 1-6); the cited result is the RNAseq transcriptome-profiling experiment in section ""siRNA off-targets are enriched for seed complementarity"" (Fig. 5). GATE 3: OBSERVED seed-mediated, hybridization-dependent, transcriptome-wide off-targe",,,,
9,8,negative-control siRNA panel from PMID 29860520,29860520,PMC6093183,10.1093/nar/gky437,"Specificity of RNAi, LNA and CRISPRi as loss-of-function methods in transcriptional analysis.",transcriptome-level off-target effect,A,RESULTS > LNA and RNAi technologies are associated with non-negligible off-target effects; Figure 1. caption,reject,offtarget_observed,True,False,NA,0.82,pmc_full_text,NONE,"GATE 2 and GATE 3 pass: the passage reports OBSERVED transcriptome-wide off-target effects via RNA-seq (e.g., ""We identified 8 (GE Dharmacon) and 53 genes (Ambion) affected by the introduction of each negative control siRNA at a FDR of 5%"" and 55/89 sequence-dependent DEGs between negative controls), which is genuine seed/sequence-dependent off-target evidence, not computational/design-only. However GATE 1 FAILS (exclusion-first): the oligonucleotides are generic catalog negative-control siRNAs ",,,,
10,9,GSK2910546A ASO gapmer panel from PMID 26338776,26338776,PMC4605310,10.1093/nar/gkv857,In silico and in vitro evaluation of exonic and intronic off-target effects form a critical element of therapeutic ASO gapmer optimization.,hybridization/mismatch off-target effect,A,RESULTS > Intronic regions are markedly more susceptible to ASO-silencing than exonic sequence; paragraph 24,accept,offtarget_observed,True,True,A,0.95,pmc_full_text,Results from medium-throughput qPCR study (OpenArray) performed on NHBE cells by unassisted transfection with GSK2910546A,"Agent under study is a therapeutic PS-LNA gapmer ASO (GSK2910546A) designed against BACH1 — clearly in scope (GATE 1 pass). The passage is full-text Results, not intro/methods/review, reporting measured data (GATE 2 pass). The off-target evidence is OBSERVED, not computational/design-only: predicted off-targets were experimentally confirmed by qPCR/OpenArray, bDNA assay, and Western blot, showing hybridization/mismatch-mediated mRNA and protein knockdown of off-target genes (e.g., MAGI2, HDAC9, ",,,,
11,10,2'-diol and 3'-overhang modified STAT3 siRNA panel from PMID 41755844,41755844,PMC12933297,10.1021/jacsau.5c01765,Taming the Achilles' Heel: A Chemical and Structural Design to Address Off-Target Effects in siRNA Therapeutics.,hybridization/mismatch off-target effect,B,article body; paragraph 15,reject,computational_designonly,False,True,NA,0.9,pmc_full_text,NONE,"Molecule is in scope (therapeutic STAT3 siRNA with 2'-diol seed and US-siRNA 3'-overhang chemical/structural modifications, GATE 1 pass) and the passage contains measured primary results (GATE 2 pass). However GATE 3 fails: no OBSERVED unintended off-target effect is reported. The measured results are (a) on-target STAT3 knockdown/efficacy by qPCR, (b) biophysical duplex T_m melting and (c) T_m discrimination of mismatch/bulge (near-complementary) duplexes — a thermodynamic/biophysical specifici",,,,
12,11,siRNA candidate from PMID 41020503,41020503,PMC12477598,10.1093/nar/gkaf937,Modified unlocked nucleic acid (MUNA) mitigates off-target effects of small interfering RNAs.,seed-mediated off-target effect,B,Results > Modified UNAs mitigate off-target activity without reducing on-target activity in cell culture; paragraph 69,reject,none,False,True,NA,0.9,pmc_full_text,NONE,"GATE 1 passes: the agent under study is a therapeutic siRNA bearing methylated/methoxylated UNA modifications for RNAi therapeutics (in scope). GATES 2 and 3 fail. The supplied passage contains only the abstract, an introduction/background that reviews prior off-target-mitigation chemistries ((S)-GNA, TNA, 2'-Gem, UNA; refs [25,27-35]), and extensive synthetic-chemistry procedures with NMR/HRMS characterization for compounds 1-24. There is NO Results section and NO observed off-target measuremen",,,,
13,12,ASO candidate from PMID 36229039,36229039,PMC9825163,10.1093/nar/gkac838,INRI-seq enables global cell-free analysis of translation initiation and off-target effects of antisense inhibitors.,hybridization/mismatch off-target effect,B,RESULTS > INRI-seq identifies direct PNA off-targets; paragraph 50,accept,offtarget_observed,True,True,A,0.9,pmc_full_text,"One of them was yqjF, which has a stretch of 9 complementary bases to acpP-PNA within its translation initiation region (Figure 5D). Only the very 5′ nucleotide of the PNA is a mismatch to yqjF (C:U). This suggests that at high concentration, acpP-PNA will also repress mRNAs that harbor a mismatch to the PNA sequence. Crucially, this was true for the additional off-targets gpmM and ugpQ.","Agent under study is an antisense PNA (acpP-PNA, a 10-mer antisense oligomer targeting acpP), in scope as an antisense oligonucleotide (GATE 1). The passage reports an observed, measured Results-section finding via INRI-seq (transcriptome-wide RPF/RNA-seq quantification, volcano plot Figure 5C), not background/methods (GATE 2). The result is a genuine OBSERVED hybridization/mismatch-dependent off-target effect: at high concentration acpP-PNA also represses non-target mRNAs bearing terminal-posit",,,,
14,13,ASO candidate from PMID 29499955,29499955,PMC5725219,10.1016/j.omtn.2017.11.004,A Sensitive In Vitro Approach to Assess the Hybridization-Dependent Toxic Potential of High Affinity Gapmer Oligonucleotides.,hybridization/mismatch off-target effect,C,Discussion; paragraph 23,accept,offtarget_observed,True,True,A,0.9,pmc_full_text,"Using these settings, 293 genes were found to be significantly downregulated by the parent LNA41, whereas only 78 of these genes were also affected by the partial gap-modified LNA41’ (Figure 6A).","In-scope therapeutic oligo (LNA-modified gapmer ASO; ASO = antisense oligonucleotide, correct sense). Primary measured result in Results/Figure 6A, not intro/methods/review. Observed hybridization-dependent off-target effect: gene array (microarray) analysis showed the hepatotoxic LNA41 significantly downregulated 293 genes, with on-target Myd88 distinguished separately and most effects evident by 3 hr (direct off-target capture). This is an observed transcriptome-wide off-target downregulation,",,,,
15,14,siRNA candidate from PMID 29246303,29246303,PMC5675723,10.1016/j.omtn.2017.10.003,Site-Specific Modification Using the 2'-Methoxyethyl Group Improves the Specificity and Activity of siRNAs.,off-target evidence,B,Results > Combination of MOE at Positions 9 and 10 with OMe at Position 14 Diminished or Eliminated Off-Target Effects; ,accept,offtarget_observed,True,True,A,0.78,pmc_full_text,"we examined the siRNA active against intercellular adhesion molecule 1 (ICAM), which has been shown to reduce ICAM expression (on-target) in human umbilical vein endothelial cells (HUVECs) but exhibits unintended knockdown of tumor necrosis factor receptor (TNFR) (off-target) via its passenger strand.","GATE1 pass: agent under study is therapeutic siRNA (siRNA-based therapy; siICAM, siCdc2) with chemical modifications — in scope, not CRISPR/shRNA/mRNA/small-molecule. GATE2 pass: observed/measured Results (qPCR, Figure 8B), not intro/methods/review. GATE3 pass: a genuine OBSERVED hybridization-dependent off-target effect is reported — an siRNA targeting ICAM1 produces unintended knockdown of TNFR via its passenger strand, measured by qPCR in HUVECs; the MOE-at-9/10 and combined MOE/OMe modificat",,,,
16,15,siRNA candidate from PMID 41897327,41897327,PMC13024069,10.3390/biom16030393,Selective Silencing of TDP-43 P. G376D Mutation Reverses Key Amyotrophic Lateral Sclerosis-Related Cellular Deficits.,sequence-specificity/off-target evidence,B,3. Results > 3.1. Allele-Specific Silencing Reduces TDP-43 Mislocalization in ALS Motor Neurons; paragraph 21,reject,efficacy,False,True,NA,0.95,pmc_full_text,NONE,"Molecule is in scope: m10 is a therapeutic allele-specific siRNA against mutant TDP-43 G376D mRNA (GATE 1 pass), and the passage reports observed measured results (GATE 2 pass). But GATE 3 fails. The offtarget domain requires an OBSERVED unintended off-target effect (seed-mediated / mismatch / hybridization-dependent / transcriptome-wide RNA-seq or microarray). The passage reports the OPPOSITE: an on-target allele-discrimination/specificity readout showing m10 silences only the mutant transcript",,,,
17,16,siRNA candidate from PMID 41743270,41743270,PMC12930163,10.1016/j.rpth.2026.103366,Allele-selective von Willebrand factor silencing.,sequence-specificity/off-target evidence,C,Summary and Future Perspectives; paragraph 23,reject,none,False,True,NA,0.93,pmc_full_text,NONE,"In-scope agent (therapeutic siRNA targeting VWF, LNP-delivered) is present, so GATE 1 passes. However the article is a State-of-the-Art REVIEW (""will be discussed in detail in this review""), summarizing other groups' results rather than reporting its own primary data, weakening GATE 2. GATE 3 (off-target domain) FAILS decisively: there is NO observed unintended off-target result anywhere. Every ""specific""/""selective""/""mismatch"" mention refers to ON-TARGET allele discrimination (silencing one VWF",,,,
18,17,ASO candidate from PMID 25539920,25539920,PMC4333393,10.1093/nar/gku1343,Sequence-dependent off-target inhibition of TLR7/8 sensing by synthetic microRNA inhibitors.,off-target evidence,C,RESULTS > Sequence-dependent inhibition of human TLR7/8 sensing by AMOs; paragraph 19,accept,offtarget_observed,True,True,A,0.86,pmc_full_text,"transfection of the non-targeting control (NC1) 2′OMe AMO resulted in the most potent inhibition of TNF-α production, indicative of an off-target effect of this molecule on immunostimulatory ssRNA sensing.","In-scope therapeutic oligonucleotide modality: 2′OMe and LNA/DNA phosphorothioate anti-miRNA oligonucleotides (antisense oligos), explicitly framed for therapeutic development with miravirsen (LNA/DNA PS AMO in clinical trials) cited. GATE2 satisfied: observed/measured ELISA + reporter results across Figures 1-5. GATE3 satisfied: this is a genuine OBSERVED off-target, sequence-dependent, miRNA-INDEPENDENT effect — the AMOs inhibit TLR7/8 innate-immune RNA sensing independent of their intended on",,,,
19,18,siRNA candidate from PMID 40737088,40737088,PMC12309379,10.1093/nar/gkaf692,Single alkyl phosphonate modification of the siRNA backbone in the seed region enhances specificity and therapeutic profile.,seed-mediated off-target effect,C,Introduction; paragraph 5,accept,offtarget_observed,True,True,A,0.9,pmc_full_text,"the parent Ttr siRNA shows a left shift of the 8mer and 6/7mer seed match genes over the baseline on the CDF curve, indicating a larger proportion of seed-match genes being downregulated","In-scope therapeutic siRNA (GalNAc-conjugated Ttr siRNA, alkyl-phosphonate seed modification, framed for clinical application). The v1 claim of ""Introduction; paragraph 5"" (background, grade C) is WRONG. The full-text passage contains primary Results: in vivo DGE/3' mRNA-seq volcano plots showing dose-dependent DEGs for the parent siRNA, and CDF analysis of seed-match transcripts. The grounding quote (Fig. 8B Results) establishes an OBSERVED seed-mediated, transcriptome-wide off-target effect (l",,,,
20,19,siRNA candidate from PMID 41646886,41646886,PMC12870468,10.1016/j.omtn.2026.102835,2'-Ribose-modified nucleotides: A strategy for reducing off-target effects of oligonucleotide drugs.,seed-mediated off-target effect,C,Discussion; paragraph 27,accept,offtarget_observed,True,True,A,0.9,pmc_full_text,"it was observed that parent siRNA-1, siRNA-3, siRNA-5, and positive control siRNA-7 exhibited a pronounced upward trend with increasing siRNA concentration. At the highest concentration of 15 nM, their inhibition rates reached relatively high levels of 47.56%, 45.61%, 45.35%, and 34.06%, respectively, implying potential off-target risks of these siRNAs for hDSE.","In-scope therapeutic siRNA (PCSK9 GalNAc-siRNA with 2'-ribose seed-region modifications) is the agent under study. Passage contains OBSERVED off-target results: qPCR-measured knockdown of three non-target genes (hDSE 47.56%, PCYOX1 45.99%, TRIM65 20.64% inhibition at 15 nM for parent siRNA-1) plus strand-specific RNA-seq DEG counts including seed-region-related DEGs (Table 2). These are measured hybridization/seed-mediated unintended effects, not computational design-only screens. The computatio",,,,
21,20,siRNA candidate from PMID 39813044,39813044,PMC12522049manuscript-id: NIHMS2116935,10.1021/acschembio.4c00824,Amide Internucleoside Linkages Suppress the MicroRNA-like Off-Target Activity of Short Interfering RNA.,sequence-specificity/off-target evidence,C,Results and Discussion; paragraph 13,accept,offtarget_observed,True,True,A,0.96,pmc_full_text,"In the RT-qPCR assays, both amide- and GNA-modified siRNAs suppressed the off-target cleavage of YY1 and FADD mRNAs (Figure 4).","Therapeutic siRNA (amide/GNA-modified, anti-PIK3CB) is the agent under study — in scope (GATE 1). The passage reports observed/measured results: DLR assays, RT-qPCR on endogenous YY1/FADD mRNAs, and genome-wide RNA-Seq volcano plots/Venn diagram of differentially expressed genes (GATE 2). The evidence is precisely an OBSERVED seed-mediated / microRNA-like off-target cleavage result (transcriptome-wide RNA-Seq confirms it), not a computational design screen, not PK, not efficacy-only (GATE 3). Gr",,,,
22,21,siRNA candidate from PMID 39231537,39231537,PMC11472056,10.1093/nar/gkae741,Synthesis of 2'-formamidonucleoside phosphoramidites for suppressing the seed-based off-target effects of siRNAs.,seed-mediated off-target effect,C,Results and discussion > Genome-wide evaluation of off-target activities; paragraph 77,reject,none,False,True,NA,0.9,pmc_full_text,NONE,"In-scope therapeutic siRNA (2'-formamidonucleoside-modified, framed for siRNA therapeutics), so GATE 1 passes. But GATES 2-4 fail. The supplied ~48KB passage contains only: abstract, introductory/background discussion of seed-match off-target mechanism (citing prior literature, not this study's data), general materials, and step-by-step synthetic chemistry procedures for phosphoramidite monomers 1-36 with NMR/HRMS characterization. The passage is truncated mid-synthesis at compound 36 and never ",,,,
23,22,siRNA candidate from PMID 35921401,35921401,PMC9389587,10.1021/jacs.2c01679,"Role of a ""Magic"" Methyl: 2'-Deoxy-2'-α-F-2'-β-C-methyl Pyrimidine Nucleotides Modulate RNA Interference Activity through Synergy with 5'-Phosphate Mimics and M",seed-mediated off-target effect,C,Results and Discussion > Off-Target Effects of siRNAs Modified with 2′-F/Me; Figure 5 caption,accept,offtarget_observed,True,True,A,0.95,pmc_full_text,"Transfection of the parent siRNA targeting Ttr (si19) at 50 nM concentration into primary rat hepatocytes resulted in strong up- and downregulation of hundreds of transcripts at 48 h, many of which contained a canonical seed match (Figure 5C).","In-scope therapeutic siRNA (RNAi therapeutic, GalNAc/LNP-delivered) is the agent under study (GATE 1). The ""Off-Target Effects of siRNAs Modified with 2'-F/Me"" section reports measured results, not intro/methods/review (GATE 2). It contains an OBSERVED seed-mediated, transcriptome-wide off-target result: parent siRNA si19 caused strong up/downregulation of hundreds of transcripts (many with canonical seed match) by RNA-seq in primary rat hepatocytes, plus off-target activity in a dual-luciferase",,,,
24,23,siRNA candidate from PMID 35071927,35071927,PMC8771963,10.1021/acsomega.1c06455,siRNA Seed Region Is Divided into Two Functionally Different Domains in RNA Interference in Response to 2'-OMe Modifications.,seed-mediated off-target effect,C,Introduction; paragraph 4,accept,offtarget_observed,True,True,A,0.92,pmc_full_text,"The unmodified siVIM-270 and siVIM-270_6-8 showed significant off-target effects, but siVIM-270_2-5 and siVIM-270_2-8 exhibited no or little off-target effects.","In-scope therapeutic modality: chemically synthesized 2'-OMe-modified siRNA duplexes, framed for ""therapeutic application of siRNA"" (GATE 1 pass). Primary measured results present: luciferase SM reporter assays (Fig 2/3/5) and genome-wide microarray of endogenous SM transcripts (Fig 4) (GATE 2 pass). Off-target domain match: OBSERVED seed-mediated and transcriptome-wide (microarray) off-target effects on endogenous SM transcripts, not merely computational design-only — the DFT simulation is only",,,,
25,24,siRNA candidate from PMID 35205363,35205363,PMC8872465,10.3390/genes13020319,The siRNA Off-Target Effect Is Determined by Base-Pairing Stabilities of Two Different Regions with Opposite Effects.,seed-mediated off-target effect,C,1. Introduction; paragraph 4,accept,offtarget_observed,True,True,A,0.88,pmc_full_text,"All of the 26 siRNAs showed high on-target activities for CM targets, with less than 10% at 50 and 5 nM, and 30% at 0.5 nM (Figure 2B). However, the off-target activities measured using SM targets were much less effective, and the activities ranged from approximately 10 to 100% at 0.5, 5, and 50 nM siRNA concentrations, and almost no activities were observed at 0.05 nM (Figure 2C).","Agent under study is siRNA (therapeutic RNAi modality, ""promising candidate for therapeutic modalities""); 26 chemically synthesized siRNA duplexes are the molecules tested (GATE 1 pass). Results sections 3.1-3.3 report measured luciferase reporter assays in HeLa cells, not intro/methods/review (GATE 2 pass). GATE 3: observed seed-mediated off-target effect quantified via seed-matched (SM) luciferase reporters across 26 siRNAs at multiple concentrations (10-100% off-target activity at 0.5-50 nM) ",,,,
26,25,ASO candidate from PMID 34388351,34388351,PMC8713556,10.1089/nat.2020.0921,Transcriptome-Wide Off-Target Effects of Steric-Blocking Oligonucleotides.,hybridization/mismatch off-target effect,C,Introduction; paragraph 4,accept,offtarget_observed,True,True,A,0.95,pmc_full_text,"To confirm that the off-target splicing events at high edit distances can be caused by direct hybridization of the SBO, we picked four exon–SBO pairs at edit distances of four and five and validated the effect by RT-PCR.","Agent under study is a therapeutic steric-blocking oligonucleotide (PS-MOE splice-switching ASO) developed by Deep Genomics — in scope (GATE 1 pass; ASO = antisense oligonucleotide sense confirmed). The passage is the Results section reporting measured observations from 105 RNA-seq experiments on 81 SBOs, not intro/methods/review (GATE 2 pass). Evidence is an OBSERVED hybridization-dependent / transcriptome-wide off-target result: differential splicing enriched at low edit distances by RNA-seq, ",,,,
27,26,siRNA candidate from PMID 29450406,29450406,PMC5808362,10.1021/acsomega.7b00291,Chemical Modification of the siRNA Seed Region Suppresses Off-Target Effects by Steric Hindrance to Base-Pairing with Targets.,seed-mediated off-target effect,C,Results and Discussion; paragraph 20,accept,offtarget_observed,True,True,A,0.9,pmc_full_text,The off-target effects on the SM target of the guide strand were observed for unmodified siRNAs in a reporter assay using psiCHECK-gSM (Figure 3c).,"Agent under study is a chemically modified therapeutic siRNA (siVIM-270 anti-vimentin, with 2'-OMe/LNA/PS/DNA seed-region modifications), explicitly framed as a ""potential therapeutic"" (GATE 1 pass; RNAi is mentioned as a functional-genomics tool in the intro, but the study itself engineers siRNA chemistry for clinical off-target reduction). GATE 2 pass: observed/measured results from dual-luciferase reporter assays (Fig 3) and genome-wide microarray (Fig 6). GATE 3 pass: this is an OBSERVED see",,,,
28,27,siRNA candidate from PMID 21687525,21687525,PMC3109444,10.4161/adna.1.1.12204,In vivo efficacy and off-target effects of locked nucleic acid (LNA) and unlocked nucleic acid (UNA) modified siRNA and small internally segmented interfering R,seed-mediated off-target effect,C,Abstract; paragraph 1,accept,offtarget_observed,True,True,B,0.82,pmc_full_text,"In addition we used whole genome profiling to assess the off-target effects in the liver of the mouse and the tumor xenografts. We report that LNA and UNA modified siRNA and sisiRNA improve the efficacy in target knockdown as compared with unmodified siRNA in the tumor xenografts without formulation. However, the level of off-target gene regulation in both the tumor and the liver correlated with t","Agent under study is LNA/UNA-modified siRNA and sisiRNA (therapeutic oligonucleotides, in scope). The passage reports an OBSERVED off-target result: whole-genome profiling in liver and tumor xenografts showed off-target gene regulation correlating with knockdown efficacy, abolished when the seed region was modified — a seed-mediated, transcriptome-wide off-target effect. This is a stated finding (""We report that..."", ""the level of off-target gene regulation... correlated... unless the seed regio",,,,
29,28,SKP2; Ago2,42040413,PMC13103777,10.1021/acsomega.5c10717,Molecular Dynamics Simulation-Assisted siRNA Design for Dual-Ubiquitinated SKP2 Silencing via Ago2 Anchoring in Breast Cancer.,transcriptome-level off-target effect,A,Results and Discussion > Rational Design and Optimization of siRNA Candidates for Targeted SKP2 Silencing in Breast Canc,reject,computational_designonly,False,True,NA,0.95,pmc_full_text,NONE,"The agent under study is a therapeutic siRNA targeting SKP2 (in scope, GATE 1 pass), but the study is entirely in silico (""we present the first computational framework for RNA interference-based targeting of the SKP2 oncogene""; all outputs are predicted/docked/MD-simulated, candidates left for ""planned validation""). No primary wet-lab result (GATE 2 fail). Critically, every ""off-target"" element is a computational design-only specificity screen: ""genome-wide off-target exclusion,"" ""off-target fil",,,,
30,29,HN1,41732207,PMC12925542,10.1016/j.omtn.2026.102848,"Design, validation, and functional impact of oligonucleotides for multigene silencing in Alzheimer's disease.",transcriptome-level off-target effect,B,Discussion; paragraph 31,reject,offtarget_observed,False,True,NA,0.82,pmc_full_text,"HN1 (hematological and neurological expressed 1) was selected as a potential off-target gene, as it contained a sequence differing from the target of our lead compound BAMT ASO by a single nucleotide (adenine instead of thymine at the penultimate position; CATTGTCTCTAAC). SH-SY5Y and HEK293 APPswe cells were reverse transfected with the BAMT ASO at varying concentrations (2.5, 10, and 25 nM), and ","Molecule is in scope: the agent under study is BAMT, a bispecific gapmer LNA-ASO (phosphorothioate backbone, LNA flanks) targeting BACE1/MTOR. The v1 ""molecule = HN1"" is wrong; HN1 is the candidate off-target GENE, not the oligo. GATE 1 and GATE 2 pass (observed, qPCR-measured result, Figure S1). However GATE 3 FAILS on the substance: the only off-target experiment is a single-candidate-gene mismatch test (HN1, one-nucleotide difference) that returned a NEGATIVE/null result — ""No significant cha",,,,
31,30,unspecified antisense oligonucleotide,42170085,PMC13187762,10.1039/d6ra01942k,"Combinatorial and rational synthesis of complex, base-modified aptamer libraries on microarrays.",transcriptome-level off-target effect,B,Conclusions; paragraph 26,reject,none,False,False,NA,0.93,pmc_full_text,NONE,"Methods/chemistry paper on photolithographic microarray synthesis of base-modified (dU-Ser/dU-Tyr) DNA aptamers. GATE 1 fails: the agent under study is a streptavidin-binding diagnostic/SELEX aptamer used to demonstrate a microarray synthesis platform, not a therapeutic oligonucleotide; ""antisense oligonucleotide"" appears only as a speculative future application in the discussion (""nucleobase modifications have potential to improve the therapeutic profile of antisense oligonucleotides""), so the ",,,,
32,31,siFmr1,40727077,PMC12303082,10.1016/j.mtbio.2025.102075,FMRP silencing via siRNA lipid nanoparticles to reprogram the tumor microenvironment and enhance anti-PD-1 efficacy in triple-negative breast cancer.,off-target evidence,A,Results and discussion > Limitations and prospects; paragraph 50,reject,pk_biodistribution,False,True,NA,0.93,pmc_full_text,NONE,"In-scope therapeutic siRNA (siFmr1 in LNP), so GATE 1 passes and the passage contains primary measured results (GATE 2 passes). But GATE 3 fails: there is NO observed hybridization-dependent / seed-mediated / mismatch / transcriptome-wide / RNA-seq / microarray off-target result anywhere. The v1 ""off-target"" classification was triggered solely by the keyword in a speculative Limitations sentence: ""there is also a certain amount of distribution in the liver, spleen, and lungs, where potential off",,,,
33,32,ADO2,39934917,PMC11816505,10.1186/s13287-025-04151-6,Development and evaluation of siRNA-mediated gene silencing strategies for ADO2 therapy utilizing iPSCs model and DMPC-SPIONs delivery system.,seed-mediated off-target effect,B,Discussion; paragraph 15,reject,efficacy,False,True,NA,0.93,pmc_full_text,NONE,"In-scope therapeutic siRNA (anti-CLCN7 R286W, DMPC-SPION delivery), and primary results exist (66% knockdown by qPCR, CCK-8 viability, flow apoptosis). However GATE 3 fails: the domain is offtarget and there is NO observed unintended off-target result. The only measured specificity is on-target allele discrimination — ""the expression of wild-type CLCN7 did not decrease in the experimental group, the expression of mutant CLCN7 decreased by 66%"" — which is on-target/efficacy specificity for a sing",,,,
34,33,HEK293T,40881422,PMC12381747,10.1021/jacsau.5c00422,DNA-Programmable Protein Degradation: Dynamic Control of Proteolysis-Targeting Chimera Activity via DNA Hybridization and Strand Displacement.,off-target evidence,B,Discussion; paragraph 22,reject,none,False,False,NA,0.96,pmc_full_text,NONE,"GATE 1 FAIL (molecule out of scope): The agent under study is an OligoPROTAC, a heterobifunctional small-molecule protein degrader whose (+)-JQ1 and VH032 warheads are covalently linked to short PS-DNA strands assembled by hybridization. The DNA is an inert structural scaffold, explicitly a ""nontargeting control ASO sequence"" / ""dsDNA sequence that would not be biologically active itself,"" not a therapeutic ASO/siRNA/PMO/LNA/aptamer acting via hybridization to a target transcript. Mechanism is p",,,,
35,34,TREM2; PI3K,37566293,PMC10673742,10.1007/s10753-023-01868-5,Grape Seed Proanthocyanidin Ameliorates LPS-induced Acute Lung Injury By Modulating M2a Macrophage Polarization Via the TREM2/PI3K/Akt Pathway.,seed-mediated off-target effect,B,Abstract; paragraph 1,reject,none,False,False,NA,0.98,pmc_full_text,NONE,"GATE 1 fails. The agent under study is Grape Seed Proanthocyanidin (GSP), a small-molecule natural product extracted from grape seeds (""an active compound extracted from grape seeds... source of flavone-3-ol compounds""), evaluated for anti-inflammatory effects in an LPS-induced acute lung injury model. The only oligonucleotide present is a TREM2 siRNA used purely as a mechanistic knockdown TOOL (""we used siRNA for TREM2 knockdown""; transfected to dissect the GSP/TREM2/PI3K-Akt pathway), which is",,,,
36,35,CCND1; Drisapersen; Mipomersen,35464859,PMC9019733,10.3389/fgene.2022.791416,"Single Stranded Fully Modified-Phosphorothioate Oligonucleotides can Induce Structured Nuclear Inclusions, Alter Nuclear Protein Localization and Disturb the Tr",transcriptome-level off-target effect,B,Discussion; paragraph 62,accept,offtarget_observed,True,True,A,0.9,pmc_full_text,"O-methyl phosphorothioate AOs (prepared for evaluation in other studies, targeting structural gene transcripts, transcription factors, splicing factors and enzymes), were transfected into fibroblasts at 100 nM and the cells were immunostained for SFPQ (Supplementary Table S3). We found that all AOs tested altered SFPQ distribution, and all but one AO formed nuclear inclusions by 24 h following AO ","Re-curated from full text (PMC9019733). GATE1 PASS: agent under study is a therapeutic-class single-stranded 2'-O-methyl fully modified phosphorothioate ASO (steric-block class; one targets SMN2 ISS-N1, the nusinersen target site), plus a Gene Tools control AO; PMOs serve as comparator. NOTE: v1 molecule field (CCND1; Drisapersen; Mipomersen) is FALSE — none of these strings appear anywhere in the passage; v1 location 'Discussion para 62' is also wrong. GATE2 PASS: original measured Results (imm",,,,
37,36,unspecified siRNA,31804057,PMC7354698manuscript-id: NIHMS1599622,10.1021/acs.analchem.9b03811,Dose-Response Metabolomics To Understand Biochemical Mechanisms and Off-Target Drug Effects with the TOXcms Software.,off-target evidence,A,RESULTS AND DISCUSSION > TOXcms Identifies Off-target Effects of Genetic Knockdown.; paragraph 28,reject,offtarget_observed,False,False,NA,0.95,pmc_full_text,NONE,"Fails GATE 1 (molecule in scope). The study agents are small-molecule drugs/toxicants (metformin, etomoxir, rotenone) and the TOXcms software; the title and abstract confirm the focus is ""Off-Target Drug Effects"" of small molecules. The siRNA flagged by the v1 keyword classifier is NOT a therapeutic oligonucleotide under study: it is a research-grade lab knockdown reagent (""scrambled siRNA or ... siRNA targeting CPT1A to serve as a control group and a CPT1 knockdown group"") used inside a rescue-",,,,
38,37,Klf15,32186780,PMC7169954,10.3892/ijmm.2020.4538,Transcriptome analysis of Klf15‑mediated inhibitory functions in a mouse deep venous thrombosis model.,off-target evidence,B,Discussion; paragraph 40,reject,none,False,False,NA,0.95,pmc_full_text,NONE,"GATE 1 FAIL: The Klf15 siRNA is used merely as a laboratory knockdown tool (caudal-vein injection to suppress endogenous Klf15) to study Klf15's role in deep venous thrombosis biology, not as a therapeutic oligonucleotide under development. GATE 2/3 FAIL: There is no observed off-target (seed-mediated / mismatch / hybridization-dependent) result of the study's own oligo. The 1,041 Klf15-siRNA-vs-NC DEGs are interpreted as on-target Klf15-regulated downstream biology, never as an oligo off-target",,,,
39,38,HEK293-derived; CD34,28988714,PMC5763015,10.1016/j.ymthe.2017.09.015,Genome-wide Mapping of Off-Target Events in Single-Stranded Oligodeoxynucleotide-Mediated Gene Repair Experiments.,off-target evidence,B,Abstract; paragraph 1,reject,offtarget_observed,False,False,NA,0.9,pmc_full_text,NONE,"GATE 1 fails. The agent under study is a single-stranded oligodeoxynucleotide (ssODN) used for gene repair / genome editing, not a therapeutic antisense/siRNA oligo. The two experimental molecules are a 21-nt phosphorothioate ssODN incorporated into the HEK293-derived genome and a 100-nt unmodified ssODN directed against the CYBB locus for gene repair in CD34+ cells. The measured off-target events are genotoxic genomic-incorporation phenomena (error-free incorporations, point mutations, indels, ",,,,
40,39,SPC2996; PC3; CaCo2,19854938,PMC2800216,10.1093/nar/gkp841,"Efficient gene silencing by delivery of locked nucleic acid antisense oligonucleotides, unassisted by transfection reagents.",off-target evidence,A,RESULTS AND DISCUSSION > Gene silencing by gymnotic delivery is a general phenomenon; paragraph 15,accept,offtarget_observed,True,True,A,0.9,pmc_full_text,"Off-target effects of the gymnotic silencing of Bcl-2 by 2.5 µM SPC2996 in 518A2 melanoma cells (6 days). As seen in these western blots, no changes in the expression of Bcl-xL, tubulin, Mcl-1, PKC-α or survivin proteins were observed.","SPC2996 is an in-scope therapeutic LNA phosphorothioate gapmer ASO targeting Bcl-2 mRNA (GATE 1 pass). The passage reports a primary observed result, not intro/methods/review (GATE 2 pass). It contains a directly measured off-target assessment: after on-target Bcl-2 silencing, western blots showed no changes in expression of off-target proteins Bcl-xL, tubulin, Mcl-1, PKC-α or survivin, and PARP-1/pro-caspase-3 were not cleaved (Figure 3, ""Target-specific effects of gymnotic delivery"" section). ",,,,
41,40,unspecified siRNA,40877521,,10.1007/978-1-0716-4742-4_24,siRMSD: A Structural Parameter to Reduce Sequence-Dependent Off-Target Effects for siRNA Design with Chemical Modifications.,seed-mediated off-target effect,B,PubMed abstract,reject,computational_designonly,False,True,NA,0.9,pubmed_abstract,NONE,"Molecule is in scope (chemically modified therapeutic siRNA, RNAi-based therapeutics). However the passage describes a computational/structural DESIGN tool, not an observed off-target result. The paper introduces siRMSD, ""a novel parameter that quantifies structural distortions induced by chemical modifications,"" and ""provides a predictive framework for rational siRNA design ... with minimized off-target interactions."" It reports a correlation between A-form deviation and off-target reduction as",,,,
42,41,TNRC6; GW182; AGO2,40134378,,10.1089/nat.2024.0090,Mechanistic Insights into Hybridization-Based Off-Target Activity of GalNAc-siRNA Conjugates.,seed-mediated off-target effect,B,PubMed abstract,accept,offtarget_observed,True,True,B,0.9,pubmed_abstract,"We demonstrate that knocking down AGO2, but not AGO1 or AGO4, is protective against GalNAc-siRNA-driven off-target activity and hepatotoxicity.","The agent under study is a GalNAc-siRNA conjugate, an in-scope therapeutic oligonucleotide (GATE 1 pass). The v1 ""molecule"" field listing TNRC6/GW182/AGO2 is misleading — those are RISC protein components knocked down as mechanistic probes, not the agent. The passage reports observed experimental results in vitro and in vivo (GATE 2 pass): knocking down AGO2 and TNRC6A/B is protective against GalNAc-siRNA-driven off-target activity and hepatotoxicity. The off-target effect is an OBSERVED seed-ba",,,,
43,42,AGO2,40877522,,10.1007/978-1-0716-4742-4_25,Chemical Strategies to Enhance Antisense Strand Selection and Minimize Off-Target Effect-Mediated by siRNAs.,off-target evidence,B,PubMed abstract,reject,computational_designonly,False,True,NA,0.93,pubmed_abstract,NONE,"This is a methods/protocol book-chapter abstract describing a chemical strategy (biotin-blocking of 5'-end phosphorylation to prevent sense-strand RISC loading), not an observed off-target result. Gate 1 passes (siRNA, a therapeutic oligo, is the agent under study; the v1 'molecule'=AGO2 is wrong — AGO2 is the RISC protein, not the oligo). Gate 2 fails: the passage is descriptive/protocol (""In this chapter, we describe the use of biotin..."") with off-target effects mentioned only as background m",,,,
44,43,unspecified antisense oligonucleotide,37310350,,10.1039/d3ob00574g,Alteration of target cleavage patterns and off-target reduction of antisense oligonucleotides incorporating 2-N-carbamoyl- or (2-pyridyl)guanine.,transcriptome-level off-target effect,B,PubMed abstract,accept,offtarget_observed,True,True,B,0.88,pubmed_abstract,"We conducted ultraviolet (UV) melting experiments, RNase H cleavage assays, in vitro knockdown assays, and off-target transcriptome analyses using DNA microarrays. Our results indicate that the target cleavage pattern of RNase H was altered by the modification with guanine. Furthermore, global transcript alteration was suppressed in ASO incorporating 2-N-(2-pyridyl)guanine, despite a decrease in t","In-scope therapeutic ASO (explicitly ""therapeutic modalities... used as pharmaceuticals""), chemically modified with 2-N-(2-pyridyl)guanine / 2-N-carbamoyl-guanine. ""ASO"" verified as antisense oligonucleotide; ""mismatch"" = oligo hybridization mismatch, not dMMR/MSI. GATE2: abstract reports an actually-conducted study with measured results, not intro/methods-only. GATE3: observed hybridization-dependent off-target effect measured transcriptome-wide by DNA microarray (""off-target transcriptome anal",,,,
45,44,Ago2-binding; TLR7; TLR9-associated,37797162,,10.1089/nat.2023.0003,Development of Long Asymmetric siRNA Structure for Target Gene Silencing and Immune Stimulation in Mammalian Cells.,hybridization/mismatch off-target effect,B,PubMed abstract,reject,none,False,True,NA,0.9,pubmed_abstract,NONE,"In-scope molecule (siRNA/asiRNA, therapeutic intent stated). GATE 3 fails: no OBSERVED off-target result in this passage. The single ""reduced off-target effects"" phrase is background referencing the authors' PRIOR work (""We previously introduced...""), with no off-target measurement reported in this study. The ""mismatch""/""mismatched overhang"" mentions concern overhang design affecting ON-TARGET silencing efficiency and immune-motif placement, not hybridization-dependent silencing of unintended tr",,,,
46,45,unspecified siRNA,36223135,,10.1021/acs.jmedchem.2c00873,Small Interfering RNAs Containing Dioxane- and Morpholino-Derived Nucleotide Analogues Show Improved Off-Target Profiles and Chirality-Dependent In Vivo Knock-D,seed-mediated off-target effect,B,PubMed abstract,accept,offtarget_observed,True,True,B,0.86,pubmed_abstract,"The obtained nucleotide precursors were integrated at position 7 of an siRNA antisense strand, targeting transthyretin messenger RNA. ... All siRNAs containing these novel nucleotide structures showed improved off-target profiles in vitro compared to their parent sequence with the common 2'-OMe-modified adenosine at the same position.","In-scope therapeutic siRNA (TTR-targeting antisense strand with dioxane-/morpholino-derived nucleotide analogues) is the agent under study (GATE 1 pass). The passage reports observed measured results, not background/methods (GATE 2 pass). The off-target readout is an OBSERVED seed-region-destabilization unintended-effect comparison measured in vitro (""showed improved off-target profiles in vitro compared to their parent sequence""), i.e., hybridization/seed-mediated off-target evidence, not a com",,,,
47,46,unspecified antisense oligonucleotide,33314011,,10.1007/s40291-020-00504-4,Using RNA-seq to Assess Off-Target Effects of Antisense Oligonucleotides in Human Cell Lines.,transcriptome-level off-target effect,B,PubMed abstract,accept,offtarget_observed,True,True,B,0.9,pubmed_abstract,RESULTS: The relatively high percentage of significantly downregulated off-target genes for which one mismatch is present corroborates the requirement for intense bioinformatic screens and stringent specificity criteria to design antisense oligonucleotides with only minimal sequence complementarity to any non-target sequence.,"In scope: agent under study is ""two 17-mer antisense oligonucleotides"" (ASO = antisense oligonucleotide, correct sense), a therapeutic oligonucleotide class. GATE 2 pass: RESULTS section reports an observed measured finding (high percentage of significantly downregulated off-target genes with one mismatch), not intro/methods/review. GATE 3 pass: observed mismatch-dependent, transcriptome-wide off-target effect from whole-transcriptome RNA sequencing in two human cell lines — exactly the target e",,,,
48,47,unspecified siRNA,32006400,,10.1007/978-1-0716-0290-4_9,Exploring 5'-Biotinylation of the Sense Strand to Improve siRNA Specificity and Potency.,off-target evidence,B,PubMed abstract,reject,computational_designonly,False,True,NA,0.9,pubmed_abstract,NONE,"Methods-chapter abstract describing a specificity-improvement STRATEGY (5'-biotin on the sense strand to block RISC entry), not an observed off-target result. siRNA is in scope (GATE 1 pass), but GATE 2 fails: the text is protocol/approach (""In this chapter, a biotin group ... was used""), and off-target language is background motivation (""off-target effects represents a major barrier""), not a measured result. GATE 3 fails: no OBSERVED unintended-effect data (no RNA-seq/microarray/seed-match/tran",,,,
49,48,siF12; siF12-A; siF12-AC9,31063435,,10.1089/nat.2018.0767,"Use of ""C9/11 Mismatch"" Control siRNA Reveals Sequence-Related Off-Target Effect on Coagulation of an siRNA Targeting Mouse Coagulation Factor XII.",hybridization/mismatch off-target effect,B,PubMed abstract,accept,offtarget_observed,True,True,B,0.93,pubmed_abstract,"Three days after injection, a significant increase in TG peak height was observed solely for animals injected with siF12-A and siF12-AC9/11, which is considered prothrombotic. As this change in coagulation was unrelated to FXII we conclude that it was off-target.","In-scope therapeutic-style siRNA (siF12 targeting coagulation factor XII) is the agent under study (GATE 1 pass). The passage reports an observed, measured in-vivo result — significant increase in thrombin-generation peak height after injection (GATE 2 pass). The effect is an observed, sequence-related off-target: a C9/11 mismatch control (siF12-AC9/11) reproduces the prothrombotic phenotype and the authors explicitly conclude it is off-target because the coagulation change was unrelated to the ",,,,
50,49,Malat1-targeting,30095329,,10.1089/nat.2018.0724,Role of Computationally Evaluated Target Specificity in the Hepatotoxicity of Gapmer Antisense Oligonucleotides.,transcriptome-level off-target effect,B,PubMed abstract,accept,offtarget_observed,True,True,B,0.82,pubmed_abstract,"To examine this concept, we investigated various Malat1-targeting gapmers with various computationally evaluated target specificities. We had expected that higher specificity gapmers would have lower hepatotoxicity, but these factors were not significantly related. In silico analysis of gapmer sequences does not always contribute to mitigating the risk of hepatotoxicity. Transcriptome analysis ind","Agent under study is a therapeutic gapmer ASO (Malat1-targeting gapmers) — in scope (GATE 1 pass; Malat1 is the gapmer's target gene, not endogenous lncRNA biology). Passage reports observed/measured results, not background/methods (GATE 2 pass). The off-target evidence is an OBSERVED transcriptome-wide cleavage readout: ""Transcriptome analysis indicated that nontoxic gapmers do not cleave off-target RNAs, although they have many target-like RNA sequences"" — a hybridization-dependent/transcripto",,,,
51,50,ARL4C; ARL4C-targeting; CP8,41792408,,10.1007/s11626-026-01154-2,Development of ARL4C antisense oligonucleotide with reduced off-target effects and enhanced efficacy as an anti-cancer drug.,transcriptome-level off-target effect,B,PubMed abstract,reject,computational_designonly,False,True,NA,0.82,pubmed_abstract,NONE,"In-scope therapeutic ASO (15/18-mer ARL4C-targeting antisense oligonucleotide), and it is a primary-result abstract, so GATES 1-2 pass. GATE 3 fails. The off-target gene quantification is explicitly COMPUTATIONAL/predicted, not observed: ""ASO-2025-A/L was predicted to reduce the expression of 26 potential off-target genes, compared to 2824 potential off-target genes affected by ASO-1316-A"" — a design-only specificity prediction, which the rules say to reject. The only OBSERVED transcriptome-wide",,,,
52,51,GCD2,40185334,,10.1016/j.jconrel.2025.113681,TGFBI R124H mutant allele silencing in granular corneal dystrophy type 2 using topical siRNA delivery.,off-target evidence,B,PubMed abstract,reject,knockdown_potency,False,True,NA,0.9,pubmed_abstract,NONE,"In-scope therapeutic siRNA (R124H TGFBI, sshLNP-delivered) — GATE 1 passes. But GATE 3 fails: the abstract reports NO observed off-target result. The sole ""off-target"" token appears in a methods/intent sentence (""delivered ... to assess on-target efficacy and off-target effects""), stating what they set out to do, with no outcome. The actual measured results are on-target/WT knockdown potency and efficacy (22.4% mutant transgene reduction; 26.6% mRNA / 15.4% protein reduction) plus background exp",,,,
53,52,Ago2,37638886,,10.1021/jacs.3c04744,"Shorter Is Better: The α-(l)-Threofuranosyl Nucleic Acid Modification Improves Stability, Potency, Safety, and Ago2 Binding and Mitigates Off-Target Effects of ",off-target evidence,B,PubMed abstract,accept,offtarget_observed,True,True,B,0.88,pubmed_abstract,"In a rat toxicology study, TNA placed at position 7 of the antisense strand of the siRNA mitigated off-target effects, likely due to the decrease in the thermodynamic binding affinity relative to the 2'-O-methyl residue.","The agent under study is a therapeutic siRNA (TNA-modified, prepared as triantennary GalNAc conjugate) — clearly in scope; the v1 ""molecule=Ago2"" is a misclassification (Ago2 is just the RISC enzyme, not the agent). GATE 2: the off-target finding is an observed result from a rat toxicology study (wet-lab), not background/methods. GATE 3: it is an OBSERVED hybridization/seed-dependent off-target mitigation (attributed to reduced thermodynamic binding affinity), not a computational/design-only scr",,,,
54,53,Mo2; Mo3; Argonaute2,37144553,,10.1039/d3cc01143g,Rational optimization of siRNA to ensure strand bias in the interaction with the RNA-induced silencing complex.,off-target evidence,B,PubMed abstract,reject,efficacy,False,True,NA,0.82,pubmed_abstract,NONE,"In-scope therapeutic siRNA (sense strand modified with morpholino analogues Mo2/Mo3 to bias RISC loading). Passage reports a result, but it is an optimization/efficacy readout: the modifications are designed to MITIGATE sense-strand-based off-target activity, and the only finding is that ""Mo2 ... effectively mitigates sense strand-based off-target activity of siRNA."" This is a strand-bias engineering efficacy claim, NOT an OBSERVED/measured unintended off-target effect (no seed-mediated, mismatc",,,,
55,54,PDCD4,34672619,,10.1021/acs.jmedchem.1c01421,Circular Antisense Oligonucleotides for Specific RNase-H-Mediated microRNA Inhibition with Reduced Off-Target Effects and Nonspecific Immunostimulation.,off-target evidence,B,PubMed abstract,reject,other,False,True,NA,0.85,pubmed_abstract,NONE,"Agent under study is an in-scope therapeutic ASO (circular antisense microRNA oligodeoxynucleotides / c-PS-antimiRs), so GATE 1 passes, and the abstract reports measured binding/enzymatic-assay results (GATE 2 passes). But GATE 3 fails: the domain is offtarget, which requires an OBSERVED unintended off-target result (seed-mediated / mismatch / hybridization-dependent / transcriptome-wide / RNA-seq / microarray). This passage instead makes the opposite, on-target specificity/design-advantage clai",,,,
56,55,PDIA3; oblimersen,20544786,,10.1002/cmdc.201000156,Off-target effects related to the phosphorothioate modification of nucleic acids.,off-target evidence,B,PubMed abstract,accept,offtarget_observed,True,True,B,0.9,pubmed_abstract,"In contrast to siRNA-mediated knockdown of the same gene, the bcl-2-targeted oblimersen (Genasense, G3139) downregulates a number of proteins involved in apoptotic resistance and several glycolytic enzymes in 607B human melanoma cells. Regardless of their target, phosphorothioate-modified antisense and siRNA compounds, but not oligonucleotides with a phosphodiester backbone, resulted in a similar ","Agent under study is oblimersen (Genasense/G3139), a bcl-2-targeted phosphorothioate antisense oligonucleotide — an in-scope therapeutic ASO (GATE 1 pass). The passage reports observed experimental results: a measured proteome-wide impact in 607B melanoma cells, with specific unspecifically-downregulated proteins (GRP78, PDIA3/GRP58, calumenin, galectin-1, glycolytic enzymes) and decreased L-lactate production (GATE 2 pass). The effect is an OBSERVED sequence-unspecific off-target phenomenon — p",,,,
57,56,SiHa,41730837,PMC12966417,10.1038/s41389-026-00602-8,Human papillomavirus16 E7 enhances cell stemness by regulating the APC2/SPIN4/β-catenin axis in cervical cancer.,transcriptome-level off-target effect,A,Results > Transcriptomic profiling reveals HPV16 E7-mediated regulation of Wnt/β-catenin signaling and APC2 expression i,reject,none,False,False,NA,0.97,pmc_full_text,NONE,"v1 false-accept. GATE 1 FAIL: no therapeutic oligonucleotide under study. The oligos present (siR-E7, siR-APC2, siR-SPIN4 and Lenti-sh-APC2/SPIN4 shRNA) are used purely as laboratory knockdown TOOLS to dissect the HPV16 E7/APC2/SPIN4-Wnt/β-catenin cancer-stemness axis; shRNA/lentiviral constructs are also explicitly excluded. The v1 'molecule' field 'SiHa' is a cervical cancer cell line, not an oligo. GATE 3 FAIL: the transcriptome sequencing (RNA-seq, 39 up / 292 down DEGs in siR-E7 vs siR-NC) ",,,,
58,57,size,41512040,PMC12799113,10.1073/pnas.2507065123,A pothole-filling strategy for selective targeting of rCUG-repeats associated with myotonic dystrophy type 1.,hybridization/mismatch off-target effect,C,article body; paragraph 6,reject,none,False,False,NA,0.92,pmc_full_text,NONE,"GATE 1 FAIL (molecule out of scope): The agent under study is LG2a/LG2b/LG2c — a novel class of short (three-unit) bifacial (Janus) base nucleic acid ligands on a gamma-PNA backbone, explicitly designed to RESEMBLE SMALL MOLECULES and presented as ""an alternative approach to conventional small-molecule and antisense strategies."" It is not a therapeutic ASO/siRNA/PMO/LNA/gapmer/aptamer. The genuine therapeutic oligonucleotides present (morpholino CAG25, PO-LNA-CAG-10) appear only as comparison/re",,,,
59,58,similar,40672232,PMC12265680,10.1101/2025.07.11.664364,Targeted RNA editing by direct delivery of an adenosine deaminase-antisense oligo conjugate.,transcriptome-level off-target effect,A,RESULTS > RNP delivery reduces transcriptome-wide off-target editing; paragraph 22,reject,offtarget_observed,False,False,NA,0.88,pmc_full_text,NONE,"GATE 1 fail: the agent under study is a TadA-derived deaminase (protein base editor), recruited via a HaloTag/chloroalkane-conjugated 2'-MOE ASO. The ASO functions as a targeting/recruitment TOOL to tether an editing enzyme, not as a therapeutic antisense oligonucleotide whose own safety/specificity is characterized. This is an enzyme-based programmable RNA editing platform, kin to CRISPR/Cas editors — out of scope. GATE 3 fail: the observed 'transcriptome-wide off-target editing' (RNA-seq: ~27,",,,,
60,59,siRNA-based,40503175,PMC12156227,10.1016/j.omtn.2025.102567,Targeting CIDEB alleviates liver steatosis and fibrosis in mouse MASH models.,seed-mediated off-target effect,A,Results > Minimal off-target activity of GalNAc-siCIDEB; paragraph 8,accept,offtarget_observed,True,True,A,0.92,pmc_full_text,"To evaluate the off-target effects of GalNAc-siCIDEB, we first conducted whole-transcriptome RNA sequencing (RNA-seq) analysis in primary rat hepatocytes. Five out of 189 (∼2.6%) non-target genes—Fah, Tnfrsf10b, Egr1, Pak2, and Pcsk7—showed over 50% downregulation compared to hepatocytes treated with a negative control (Figure 2A).","In-scope therapeutic GalNAc-siRNA (GalNAc-siCIDEB) is the agent under study; AAV8 appears only as a target-expression vehicle, not the agent. The ""Minimal off-target activity"" Results section reports an OBSERVED transcriptome-wide off-target result: whole-transcriptome RNA-seq in primary rat hepatocytes found 5/189 non-target genes (Fah, Tnfrsf10b, Egr1, Pak2, Pcsk7) downregulated >50% vs negative control (Fig 2A), with seed-region mismatch alignment (Fig 2B) and RT-qPCR validation (Fig 2C/D). T",,,,
61,60,siRNAs,37031257,PMC10082758,10.1038/s41467-023-37774-5,RNAi-mediated rheostat for dynamic control of AAV-delivered transgenes.,seed-mediated off-target effect,A,Results > Identification of potent and specific transgene regulator siRNAs; paragraph 29,accept,offtarget_observed,True,True,A,0.84,pmc_full_text,"siRNA 3 showed significant knockdown at doses ≥10 nM with the off-target reporter containing 4 sites, but no off-target activity was observed at any dose for the reporter harboring a single seed-matched site (Fig. 4a).","GATE 1 pass: the agent under study is a therapeutic siRNA (chemically modified GalNAc-conjugated transgene-regulator siRNAs), an in-scope oligonucleotide modality; the AAV/shRNA components are out of scope but the off-target evidence concerns the siRNAs. GATE 2 pass: this is a measured Results result (Results section ""Identification of potent and specific transgene regulator siRNAs"", Fig. 4a/4b), not intro/methods/review. GATE 3 pass: domain offtarget requires an OBSERVED unintended effect. The ",,,,
62,61,siRNAs,34648028,PMC8565336,10.1093/nar/gkab916,Overcoming GNA/RNA base-pairing limitations using isonucleotides improves the pharmacodynamic activity of ESC+ GalNAc-siRNAs.,seed-mediated off-target effect,A,RESULTS > Impact of GNA isonucleotides on GalNAc-siRNA in vitro activity; paragraph 49,reject,none,False,True,NA,0.82,pmc_full_text,NONE,"Gate 1 passes: the agent under study is a therapeutic GalNAc-siRNA (ESC+, GNA-modified), clearly in scope. Gates 2/3 fail. The supplied passage contains only (a) abstract/intro framing that mentions off-target improvement (""a similar improvement in off-target profile"", ""minimized off-target activity"") as background claims, (b) the Methods ""Specificity evaluation of GalNAc-siRNAs"" RNA-seq protocol (DESeq2/STAR), and (c) actual RESULTS that are about X-ray crystal structures and UV-melting (TM) th",,,,
63,62,siRNAs,33664996,PMC7900643,10.1016/j.omtn.2021.01.018,AGO-accessible anticancer siRNAs designed with synergistic miRNA-like activity.,seed-mediated off-target effect,A,Results > Transcriptome-wide analyses of mi/siRNAs targeting E6/E7; paragraph 17,accept,offtarget_observed,True,True,A,0.9,pmc_full_text,"Notably, E6 siRNA inadvertently repressed its own off-targets through the seed sequences (E6 seed sites in the 3ʹ UTRs; Figure S3C), implicating widespread miRNA-like off-target activity and highlighting the risks in using siRNAs.","In scope: the agents under study are therapeutic siRNAs / RNAi-medicine candidates (E6 siRNA, mi/siRNAs 206/E7, 218/E7, 497/E6), not endogenous miRNA biology or a lab knockdown tool. GATE 2 passes: the Results section ""Transcriptome-wide analyses of mi/siRNAs targeting E6/E7"" reports observed RNA-seq measurements (Figure 4, Figure S3C), not intro/methods/review. GATE 3 passes: the grounding span reports an OBSERVED, seed-mediated, transcriptome-wide (RNA-seq) off-target result — the therapeutic ",,,,
64,63,siRNA,31375812,PMC6879195manuscript-id: NIHMS1533065,10.1038/s41587-019-0205-0,A divalent siRNA chemical scaffold for potent and sustained modulation of gene expression throughout the central nervous system.,seed-mediated off-target effect,A,Results > Di-siRNA modulates HTT expression with minimal off-target events; paragraph 33,accept,offtarget_observed,True,True,A,0.95,pmc_full_text,"To evaluate if the observed non-HTT gene expression changes were due to off target effects of the siRNA, we looked at enrichment for seed complementarity in significantly downregulated and upregulated targets. Downregulated transcripts were slightly enriched for perfect complementarity to the guide strand seed region (P = 0.04) while no enrichment was observed in up-regulated genes (P = 0.59).","In-scope therapeutic siRNA (Di-siRNA targeting HTT) is the agent under study. The passage contains a full-text Results section (""Di-siRNA modulates HTT expression with minimal off-target events"") reporting an OBSERVED transcriptome-wide off-target analysis: genome-wide RNA-seq of Di-siRNA-HTT-treated vs naive NHP cortex found 52 differentially expressed genes (1% FDR), tested for seed (position 2-7) complementarity enrichment, found downregulated transcripts slightly enriched for guide-strand se",,,,
65,64,significantly,29390093,PMC5861398,10.1093/nar/gky060,Acute hepatotoxicity of 2' fluoro-modified 5-10-5 gapmer phosphorothioate oligonucleotides in mice correlates with intracellular protein binding and the loss of,transcriptome-level off-target effect,A,RESULTS > Hybridization-dependent toxicity is not likely to account for the 2′ F PS-ASO-induced hepatotoxicity; Figure 5,reject,computational_designonly,False,True,NA,0.9,pmc_full_text,NONE,"In-scope therapeutic agent (2′ F PS-ASO 5-10-5 gapmer, ION-404130, targeting Pten) and primary results are present, so Gates 1 and 2 pass. But Gate 3 fails: the off-target analysis is a computational/design-only specificity screen (""attempted to identify potential off-target cleavage sites by searching mouse genomic sequence for regions with partial complementarity ... 38 sites were identified ... using GGGenome""), and the microarray readout on those candidate off-targets is NEGATIVE — ""none of ",,,,
66,65,significantly,28918038,PMC5537172,10.1016/j.omtn.2017.07.003,Strategies for In Vivo Screening and Mitigation of Hepatotoxicity Associated with Antisense Drugs.,transcriptome-level off-target effect,A,Results > High Confirmation Rate of In Silico Predicted OTEs in Mouse Liver; paragraph 14,accept,offtarget_observed,True,True,A,0.92,pmc_full_text,Our data show that liver toxicity of LNA-containing gapmer ASOs is associated with their ability to hybridize to off-target transcripts and downregulate their expression.,"All four gates pass. GATE 1: agents under study are therapeutic antisense oligonucleotide (LNA) gapmers (named GSK BACH1/PAR-2 ASOs + Sequence 1), in scope. The v1 ""molecule"":""significantly"" is a junk keyword extraction; the real agents are named ASOs. GATE 2: passage is primary Results — RNA-seq differential expression, confirmed OTE counts, KS tests, correlations. GATE 3: domain offtarget satisfied by an OBSERVED, hybridization-mediated, transcriptome-wide off-target result: in-silico-predicte",,,,
67,66,LNA ASO,26553810,PMC4797265,10.1093/nar/gkv1210,Hepatotoxicity of high affinity gapmer antisense oligonucleotides is mediated by RNase H1 dependent promiscuous reduction of very long pre-mRNA transcripts.,hybridization/mismatch off-target effect,A,RESULTS > Hepatotoxicity of LNA ASOs is RNase H1 dependent; paragraph 35,accept,offtarget_observed,True,True,A,0.95,pmc_full_text,"In the case of all three hepatotoxic LNA ASOs, the down-regulation of the three off-target transcripts (Rptor, Ptprk and Ppp3ca) was mitigated by pretreatment with an anti-RNase H1 ASO (Figure 5A).","In-scope agent under study is therapeutic LNA/BNA gapmer ASOs (named ISIS sequences, framed as antisense therapeutics), satisfying GATE 1. The passage reports primary measured results, not background/methods, satisfying GATE 2. The off-target evidence is genuinely OBSERVED: transcriptome-wide microarray profiling showed broad reduction of unintended transcripts by hepatotoxic LNA ASOs (""the levels of many unintended transcripts were reduced""), and three specific off-target transcripts (Rptor, Pt",,,,
68,67,siRNA,22058018,PMC3887682,10.1007/s10059-011-0160-1,Selection and optimization of asymmetric siRNA targeting the human c-MET gene.,off-target evidence,B,Abstract; paragraph 1,reject,efficacy,False,True,NA,0.9,pmc_full_text (Abstract),NONE,"The molecule is in scope (asiRNA/LNA RNAi therapeutic targeting c-MET). However this is the Abstract and contains no primary OBSERVED off-target result from the present study. The off-target/non-specific-effect language is (a) generic background about conventional siRNA (""can trigger non-specific effects"") and (b) a statement about PRIOR work (""Previously, we developed... asiRNA, which did not cause the non-specific effects... such as off-target gene silencing mediated by the sense strand""), not",,,,
69,68,siRNA,40482915,,10.1016/j.mbs.2025.109476,Stochastic model of siRNA endosomal escape mediated by fusogenic peptides.,off-target evidence,C,PubMed abstract,abstain,none,False,False,NA,0.9,none,NONE,"Supplied passage is empty (passage_kind=""none"", passage=""""). With no full-text content, none of the four gates can be applied. The title (""Stochastic model of siRNA endosomal escape mediated by fusogenic peptides"") suggests a computational/modeling study rather than an observed off-target result, which would not support GATE 3 even if text existed, but the title is not the supplied passage and cannot be used to ground an accept. Per the rule that missing/too-thin passages must abstain, decision=",,,,
70,69,siRNA,40311353,,10.1016/j.bioelechem.2025.108994,Effective targeting of E2F1 transcription factor via siRNA gene electrotransfer in HT-29 colorectal carcinoma xenografts.,off-target evidence,B,PubMed abstract,abstain,none,False,True,NA,0.9,none,NONE,"The loader returns an empty passage (passage="""", passage_kind=""none"", has_full_text=false). With no supplied passage text, the four gates cannot be applied against any verbatim source span and no grounding_quote can be copied, so per instructions the decision is abstain. The only available text is the title (""Effective targeting of E2F1 transcription factor via siRNA gene electrotransfer in HT-29 colorectal carcinoma xenografts""), which is not a passage and, even at face value, describes on-targ",,,,
71,70,silence,40229422,,10.1038/s41434-025-00532-x,Development of an AAV-RNAi strategy to silence the dominant variant GNAO1 c.607G>A linked to encephalopathy.,transcriptome-level off-target effect,B,PubMed abstract sentence 8,abstain,none,False,False,NA,0.95,none,NONE,"The loaded record has passage_kind=""none"", passage="""" and has_full_text=false — there is NO supplied text to apply the gates against, so per instruction decision=abstain. The ""molecule"" value ""silence"" is a v1 keyword artifact, not a real molecule name. Independent of the empty passage, the title (""Development of an AAV-RNAi strategy to silence the dominant variant GNAO1 c.607G>A"") shows the agent under study is an AAV (viral-vector)-delivered RNAi construct, which is a GATE 1 exclusion (AAV/vir",,,,
72,71,silencing,39820813,,10.1038/s41587-024-02535-2,Multiplexed inhibition of immunosuppressive genes with Cas13d for combinatorial cancer immunotherapy.,transcriptome-level off-target effect,B,PubMed abstract,abstain,none,False,False,NA,0.95,none,NONE,"The loaded record has passage_kind=""none"", an empty passage, and has_full_text=false, so there is no supplied text against which to apply the gates; per protocol this forces abstain. Independently, the only available signal (the title) is a hard out-of-scope flag: ""Multiplexed inhibition of immunosuppressive genes with Cas13d"" — Cas13d is a CRISPR/Cas RNA-targeting effector, which GATE 1 explicitly excludes. The v1 ""molecule: silencing"" is a generic keyword artifact, not a named therapeutic olig",,,,
73,72,designated ASO,39192097,,10.1007/s10120-024-01548-9,Preclinical toxicological assessment of amido-bridged nucleic acid-modified antisense oligonucleotides targeting synaptotagmin XIII for intra-abdominal treatmen,hybridization/mismatch off-target effect,B,PubMed abstract,reject,safety_tox,False,True,NA,0.9,pubmed_abstract,NONE,"Molecule is in scope (AmNA-modified ASO-4733, a therapeutic antisense oligonucleotide; ""ASO"" = antisense oligonucleotide, correct sense) and the abstract has a primary RESULTS section, so Gates 1 and 2 pass. Gate 3 fails: the offtarget domain requires an OBSERVED hybridization-dependent / seed-mediated / mismatch / transcriptome-wide off-target effect. The only off-target line states ""In rats, off-target toxicity (not attributable to hybridization) was observed"" — the passage EXPLICITLY excludes",,,,
74,73,single,38369231,,10.1016/j.exer.2024.109833,Allele-specific antisense oligonucleotides for the treatment of BEST1-related dominantly inherited retinal diseases: An in vitro model.,transcriptome-level off-target effect,B,PubMed abstract,abstain,none,False,False,NA,0.95,none,NONE,"The loaded record has passage_kind=""none"" and an empty passage (""""), so there is no supplied text against which to apply the four gates. Although the title indicates an in-scope therapeutic ASO (allele-specific antisense oligonucleotides for BEST1 retinal disease), the v1 claim of a ""transcriptome-level off-target effect"" cannot be verified — no Results/Figure text, no observed off-target finding, and no verbatim span exist to ground an accept. Per the abstain rule for missing/too-thin passages,",,,,
75,74,inclisiran,38945909,,10.1254/fpj.24018,"[Pharmacological and clinical profile of inclisiran sodium, a long-acting LDL cholesterol lowering siRNA, LEQVIO for s.c. injection syringe 300 ‍mg].",transcriptome-level off-target effect,B,PubMed abstract,abstain,none,False,True,NA,0.95,none,NONE,"The loaded record for sid=74 (entity_id=75, molecule=inclisiran) has passage_kind=""none"" and an empty passage string. With no supplied passage text, none of the four gates can be applied: there is no verbatim span to establish either the in-scope oligo agent under study or any observed off-target result. Although inclisiran is a real GalNAc-siRNA (potentially in scope by name) and the title indicates a pharmacological/clinical profile review, the title alone is not a primary Results passage and ",,,,
76,75,single,37290591,,10.1016/j.jhep.2023.05.023,Evaluation of RNAi therapeutics VIR-2218 and ALN-HBV for chronic hepatitis B: Results from randomized clinical trials.,seed-mediated off-target effect,B,PubMed abstract,abstain,none,False,False,NA,0.95,none,NONE,"The supplied passage is empty (passage_kind=""none"", passage=""""). There is no full-text content to apply any gate. The title references in-scope RNAi therapeutics (VIR-2218, ALN-HBV) and the v1 claim is ""seed-mediated off-target effect"", but a title cannot establish a primary result (GATE 2) nor provide a verbatim grounding span (GATE 4) for an observed off-target effect. With no passage, the molecule-in-scope and off-target gates cannot be verified. Per the rule ""if the passage is missing/too th",,,,
77,76,silencing,28274742,,10.1016/j.jconrel.2017.03.004,A hyaluronic acid-based hydrogel enabling CD44-mediated chondrocyte binding and gapmer oligonucleotide release for modulation of gene expression in osteoarthrit,hybridization/mismatch off-target effect,B,PubMed abstract,abstain,none,False,False,NA,0.95,none,NONE,"The supplied passage is empty (passage_kind=""none"", passage=""""). With no full-text content, none of the four gates can be applied: I cannot verify the agent under study is an in-scope therapeutic oligonucleotide, cannot confirm a primary observed result, cannot verify an observed off-target effect, and cannot extract a verbatim grounding quote. The title alone mentions a ""gapmer oligonucleotide"" in a hydrogel for osteoarthritis gene modulation, which hints at an in-scope modality, but a title is",,,,
78,77,silico,41918821,PMC13034028,10.1093/narmme/ugag016,Integrating transcriptomics and proteomics to assess antisense oligonucleotide safety and efficacy: a time-resolved approach.,transcriptome-level off-target effect,A,Results > ASO off-target RNA reduction correlates well with off-target protein reduction in HepG2 cells; paragraph 48,accept,offtarget_observed,True,True,A,0.88,pmc_full_text,"SPC5001 shows median log2(fold changes) of −0.64 on RNA versus −0.33 on protein level, 569720 shows −0.83 on RNA versus −0.49 on protein level and LNA43 shows −0.38 on RNA versus −0.23 on protein level.","In-scope therapeutic ASOs (named RNase H1-dependent fully-PS LNA gapmers: SPC5001, 569720, LNA43, LNA32) are the agents under study — GATE 1 pass (v1 ""molecule"":""silico"" is a garbage extraction artifact from ""in silico""). The passage is a full-text Results section (""ASO off-target RNA reduction correlates well with off-target protein reduction in HepG2 cells"") reporting OBSERVED, measured data — GATE 2 pass. GATE 3: the evidence is observed hybridization-dependent off-target downregulation measu",,,,
79,78,inclisiran,42112101,PMC13156736,10.1016/j.omtn.2026.102933,ClinASO: An open-source platform for rapid drug discovery of gapmer antisense oligonucleotides.,hybridization/mismatch off-target effect,C,Results > ClinASO enables efficient identification of potent ASO against PCSK9; paragraph 12,accept,offtarget_observed,True,True,A,0.86,pmc_full_text,"To assess potential off-target effects, transcriptomic analysis was conducted in HepG2 cells following GA-28c transfection. Out of 16,827 genes detected to express, only 6 genes were significantly downregulated, confirming high target specificity and minimal off-target activity (Figure S5I).","v1 claim (molecule=inclisiran, mismatch off-target at PCSK9 para 12) is WRONG and was rejected: inclisiran appears only as a benchmark comparator, and the PCSK9 paragraph reports efficacy/knockdown, not off-target. Re-judging the full text: the agent under study is a therapeutic gapmer ASO (in scope, GATE 1). GATE 3 is satisfied by a DIFFERENT, genuine result: an observed transcriptome-wide (RNA-seq) off-target measurement on the named in-scope oligo GA-28c (a 2'-cEt, GalNAc-conjugated gapmer AS",,,,
80,79,situ,42033225,PMC13109722,10.1093/nar/gkag343,Direct targeting of C9ORF72 repeat RNA with fluorinated antisense oligonucleotides.,hybridization/mismatch off-target effect,B,Materials and methods > Fluorescent in situ hybridization in patient-derived NSCs; paragraph 16,reject,none,False,True,NA,0.9,pmc_full_text,NONE,"GATE 1 passes: the agents under study are bona fide therapeutic antisense oligonucleotides (fluorine-modified gapmers, PS backbone, 2'F-ANA/2'F-RNA/LNA) directly targeting C9ORF72 G4C2 repeat RNA for ALS/FTD. The v1 molecule=""situ"" is a keyword artifact from ""in situ hybridization"" and should be ignored. GATE 2 passes: the passage contains observed Results (flow-cytometry reporter knockdown, FISH foci quantification, NMR/PAGE/Tm). GATE 3 FAILS: there is NO observed off-target result. The study's",,,,
81,80,Silk,41611213,PMC12893320embargo-date: 2027/01/29,10.1021/acs.biomac.5c02041,Bifunctional Silk Nanospheres for Targeted Delivery of Oligonucleotide Therapeutics to VEGFR-Positive Cells in the Tumor Microenvironment.,off-target evidence,B,Abstract; paragraph 1,reject,efficacy,False,True,NA,0.93,pmc_full_text (abstract),NONE,"Gate 1 passes: siRNA carried by silk nanosphere delivery vehicle is an in-scope therapeutic oligonucleotide. Gate 3 fails: the only ""off-target"" mention is a generic background/motivation statement (""its clinical potential is limited by rapid degradation and possible off-target toxicity"") — not an observed off-target result. All actual reported results are efficacy/delivery readouts: high siRNA loading efficiency, selective binding to VEGFR-overexpressing cells (on-target specificity), efficient",,,,
82,81,siRNA,41859644,PMC12996677,10.1016/j.mtbio.2026.102999,An exosome-biomimetic photothermal nanocarrier for IGF2BP2 siRNA delivery and enhanced ferroptosis in head and neck squamous cell carcinoma.,transcriptome-level off-target effect,A,Results > IGF2BP2 Knockdown promotes ferroptosis in HNSCC via reduced NRF2 mRNA stability; paragraph 10,reject,computational_designonly,False,True,NA,0.9,pmc_full_text,NONE,"GATE 1 passes: the agent under study is a therapeutic siRNA targeting IGF2BP2 delivered by an exosome-liposome nanocarrier (si@PLE) - in scope. GATE 2 passes: there is a measured analysis (RNA-seq + off-target prediction). GATE 3 FAILS, which is decisive. The relevant passage is a specificity validation that concludes NO off-target effect: ""we performed seed-based 3'UTR off-target prediction and integrated it with the RNA-seq dataset; no enrichment of predicted off-target transcripts among genes",,,,
83,82,siRNA,41755009,PMC12944025,10.3390/pharmaceutics18020268,Calcium/Aluminum-Cored Asymmetric Bilayer Nanoparticles for Codelivery of Ziyuglycoside II and PD-L1 siRNA Exert Anti-Breast Tumor Effects.,hybridization/mismatch off-target effect,B,Abstract; paragraph 1,reject,knockdown_potency,False,True,NA,0.93,pmc_full_text,NONE,"Molecule is in scope (PD-L1 siRNA, a therapeutic oligonucleotide delivered in a lipid/metal nanoparticle), and the passage reports primary observed results. But GATE 3 fails: the domain is offtarget, which requires an OBSERVED unintended/seed-mediated/mismatch/hybridization-dependent/transcriptome-wide effect. The passage contains NONE. The only siRNA-specific result is ON-TARGET knockdown (""PD-L1 siRNA specifically suppressed PD-L1 protein expression... the direct and targeted silencing effect ",,,,
84,83,significantly,41948127,PMC13051718,10.1016/j.omtn.2026.102881,"Safety, efficacy, and distal nerve Schwann cell biodistribution in mice and NHPs to support translation of AAV9 RNAi therapy for CMT1A.",transcriptome-level off-target effect,A,Results > In vitro on-/off-target assessment in human cells; paragraph 8,reject,offtarget_observed,True,False,NA,0.95,pmc_full_text,NONE,"Gate 1 fails (exclusion-first). The agent under study is AAV9.U6.miR871 — a self-complementary AAV9 viral vector delivering a U6-promoter-driven engineered/artificial microRNA (miR871) expression cassette (""we developed a PMP22 gene silencing therapy using adeno-associated viral vectors (AAV9) to deliver a therapeutic miRNA expression cassette (U6.miR871)""). This is an AAV/viral RNAi gene therapy with a transcribed/expressed artificial miRNA, which is explicitly out of scope (AAV/viral and shRNA",,,,
85,84,significance,41840584,PMC13107843,10.1186/s12964-026-02796-1,TCOF1 affects Golgi secretory pathway contributing to the angiogenesis in renal cancer.,transcriptome-level off-target effect,B,Supplementary Information; paragraph 48,reject,none,False,False,NA,0.97,pmc_full_text,NONE,"GATE 1 FAIL: The siRNA here is used purely as a laboratory knockdown TOOL to silence the gene TCOF1 and study its role in clear cell renal cell carcinoma — it is a catalog research reagent (Silencer Select, IDs S529267/S529265), not a therapeutic oligonucleotide under study. The exclusion-first rule explicitly rejects oligos used merely as lab knockdown tools. The molecule field ""significance"" is a v1 artifact, not a drug. GATE 3 FAIL: The transcriptome/proteome changes (176 genes; microarray/pr",,,,
86,85,Single-cell,41932914,PMC13219712,10.1038/s41467-026-71468-y,Single-cell transcriptomics reveals FXR1 as an actionable target for siRNA therapy in ovarian cancer.,off-target evidence,A,Results > Single-cell transcriptome profiling demonstrates marked effects of LNA-modified FXR1 siRNA on tumor growth inh,reject,efficacy,False,True,NA,0.9,pmc_full_text,NONE,"Molecule is in scope: the agent under study is a therapeutic LNA-modified FXR1 siRNA (siFXR1-LNA) delivered in vivo (GATE 1 PASS). The passage contains primary results (GATE 2 PASS). However GATE 3 (off-target evidence type) FAILS: the passage contains NO observed unintended/off-target result. Off-target effects appear only as background motivation (""Another major concern is the off-target effects of siRNA, which silence unintended RNA targets""). The scRNA-seq, Western blot, IHC, and in vivo dat",,,,
87,86,siRNAs,41868107,PMC13003969,10.1039/d6cb00038j,Synthesis of siRNAs containing carbocyclic nucleotides and the role of cyclopentane conformation in RNAi activity.,seed-mediated off-target effect,B,article body; paragraph 14,reject,efficacy,False,True,NA,0.93,pmc_full_text,NONE,"In-scope therapeutic siRNAs (GalNAc-conjugated, Ttr/ApoB-targeting, 5'-VP carbocyclic antisense mods) and primary results are present, but there is NO observed off-target evidence in this study. All measured readouts are on-target potency/efficacy (gene silencing in mouse hepatocytes Fig.2A-C; TTR serum protein in mice Fig.3) plus computational Ago2 MID-domain modeling (explicitly excluded). The v1 classifier false-accepted on the single phrase ""mitigate off-target effects arising from miRNA-typ",,,,
88,87,siRNA,41858838,PMC12996783,10.1016/j.omtn.2026.102878,An siRNA targeting S6k1 identifies photoreceptor phospholipid metabolism as a contributor to lipid buildup in age-related macular degeneration.,hybridization/mismatch off-target effect,A,Results > Effect of tetra-siRNAS6k1 on phospholipids is conserved between mouse and pig; paragraph 16,reject,none,False,True,NA,0.93,pmc_full_text,NONE,"GATE 1 passes: the agent under study is a therapeutic tetravalent fully chemically modified siRNA (tetra-siRNAS6k1) delivered intravitreally, in scope. GATE 2 passes: measured results are present. GATE 3 FAILS, which is dispositive for the offtarget domain. There is no observed unintended/off-target effect anywhere in the passage. The v1 claim of a 'hybridization/mismatch off-target effect' in the 'Effect of tetra-siRNAS6k1 on phospholipids is conserved between mouse and pig' section is a false-",,,,
89,88,siRNA,41709035,PMC13022102,10.1007/s12672-026-04583-3,Ultrasound targeted microbubble delivery of JMJD2A siRNA induces ferroptosis remodels the tumor immune microenvironment and inhibits esophageal squamous cell ca,off-target evidence,A,Results > UTMD-Loaded si-JMJD2A induces ferroptosis and inhibits ESCC cell proliferation in vitro; paragraph 26,reject,efficacy,False,True,NA,0.93,pmc_full_text,NONE,"In-scope agent (GATE 1 pass): therapeutic siRNA against JMJD2A delivered by UTMD microbubble carriers, framed as a translational ESCC therapy. Primary results present (GATE 2 pass). But GATE 3 fails: the domain is offtarget, which requires an OBSERVED unintended/hybridization-dependent effect (seed-mediated, mismatch, transcriptome-wide, RNA-seq, microarray). The passage contains NONE. Every ""off-target"" mention is either background/intro boilerplate (""challenges related to delivery, stability, ",,,,
90,89,siRNA,41647289,PMC12869795,10.1093/rb/rbaf115,A smart nanocomposite bioactive ink for controlled siRNA delivery in calvarial mesenchymal stromal cells as a minimally invasive treatment for craniosynostosis.,off-target evidence,A,Results > siRNA targeting FGFR2 significantly modulates the FGFR2-related osteogenic cascade in CS patients’ cells; Figu,reject,none,False,True,NA,0.9,pmc_full_text,NONE,"In-scope therapeutic FGFR2 siRNA delivered by PLGA NPs/GelMA ink (GATE 1 pass), and the passage is a primary Results section (GATE 2 pass). But GATE 3 fails: the only ""off-target"" assessment is a narrow candidate-gene specificity check measuring two related paralogs (FGFR1/FGFR3) by qPCR (Figure 2C), and the result is the ABSENCE of any effect — ""qPCR analysis showed no significant changes in the expression of either gene ... confirming the selectivity of the siRNA pool used."" This is an on-targ",,,,
91,90,siRNA,41552385,PMC12804371,10.1016/j.omtn.2025.102802,An acyclic nucleic acid-modified siRNA targeting CAG expansions for polyglutamine disease treatment.,hybridization/mismatch off-target effect,A,Results > Screening of SNA-modified siRNAs targeting CAG repeats; paragraph 8,reject,efficacy,False,True,NA,0.9,pmc_full_text,NONE,"In-scope therapeutic siRNA (S9-SNA, SNA-modified CAG-repeat-targeting siRNA), and the passage is full of primary results, but GATE 3 (off-target evidence) fails. The v1 classifier triggered on the word ""mismatch,"" but here ""central mismatch"" is an ENGINEERED design feature deliberately introduced into the siRNA duplex to confer mutant-allele selectivity (acronym/sense trap), NOT an observed off-target hybridization-mismatch event. The study's core readouts are allele selectivity (mutant vs wild-",,,,
92,91,siRNA,42193837,PMC13203076,10.3390/ani16101546,TEAD4 Promotes Myogenic Differentiation of Porcine Skeletal Muscle Satellite Cells.,transcriptome-level off-target effect,A,3. Results > 3.3. Functional Role of TEAD4 in PSC Proliferation and Myogenic Differentiation; paragraph 20,reject,none,False,False,NA,0.97,pmc_full_text,NONE,Reject. Gate 1 fails: the siRNA (si-TEAD4) is used purely as a laboratory knockdown TOOL to study the basic biological function of an endogenous transcription factor (TEAD4) in porcine skeletal muscle satellite cells for livestock/meat-quality breeding research — not a therapeutic oligonucleotide under study. This is excluded as both an oligo-as-lab-tool and agricultural RNAi. Gate 3 also fails: the v1 'transcriptome-level off-target effect' Grade-A claim is a false accept. The RNA-seq DEGs (46 ,,,,
93,92,siRNA,42182232,PMC13192684,10.64898/2026.05.08.723329,C57BL/6 BAC-CAG Huntington's disease mice show somatic CAG expansion and responses to small interfering RNAs comparable to the FVB strain.,transcriptome-level off-target effect,C,Abstract; paragraph 1,reject,efficacy,False,True,NA,0.82,abstract,NONE,"In-scope therapeutic siRNA (divalent siRNA targeting MSH3 and HTT, intraventricular, preclinical HD) — GATE 1 passes. The passage reports observed results, but none constitute an OBSERVED off-target effect of the siRNA. The RNA-seq sentence (""RNA sequencing identified gene expression differences primarily in pseudogenes, with no differences in endogenous Htt, human HTT, or mismatch repair genes"") is framed as a strain/model-characterization comparison and is NOT attributed to siRNA seed/mismatch",,,,
94,93,siRNA,42164756,PMC13184955,10.34133/research.1288,RNA-Targeted Therapeutics for Lipid Metabolic Disorders: From Bench to Bedside.,transcriptome-level off-target effect,B,RNA-Targeted Therapeutics for Lipid-Metabolic Disorders: Bench Evidence; paragraph 35,reject,none,False,True,NA,0.9,pmc_full_text,NONE,"This is a review article (""Bench to Bedside"") secondarily summarizing other studies, not a primary measured result (GATE 2 fail). The molecule (RN026 siRNA) is in scope (GATE 1 pass), but GATE 3 fails decisively: the only off-target-related text is a NEGATIVE specificity reassurance — ""RNA sequencing analysis indicated minimal off-target risk"" — i.e., the absence of off-target effects, not an OBSERVED seed-mediated/mismatch/hybridization-dependent/transcriptome-wide off-target effect. The off-ta",,,,
95,94,single-nucleotide,42163396,PMC13192155,10.1186/s13567-026-01776-0,Natural polymorphisms in the bovine leukemia virus microRNA cluster modulate miRNA expression and host regulatory pathways.,transcriptome-level off-target effect,B,Abstract; paragraph 1,reject,none,False,False,NA,0.98,pmc_full_text,NONE,"GATE 1 fails (exclusion-first). The agent under study is the Bovine leukemia virus (BLV) virus-encoded microRNA cluster and its naturally occurring SNP variants — endogenous/viral miRNA biology, which is explicitly out of scope. There is NO therapeutic oligonucleotide (no ASO/antisense drug, gapmer, siRNA/RNAi therapeutic, PMO, LNA, aptamer, or GalNAc-siRNA) anywhere in the passage. The v1 classifier was fooled by surface keywords: 'oligonucleotide' appears only in 'oligonucleotide microarrays' ",,,,
96,95,Since,42089116,PMC13138168,10.1016/j.bbadva.2026.100192,Collateral lethality of NAD kinase in 1p36 deleted tumors drives vulnerability to NAD kinase 2 depletion.,off-target evidence,A,Results > Combined depletion of NADK and NADK2 caused lethality in human cells; paragraph 7,reject,none,False,False,NA,0.95,pmc_full_text,NONE,"GATE 1 FAIL (molecule out of scope): The siRNAs (siNADK #2/#4, siNADK2 #2/#3; Dharmacon ON-TARGETplus) are used purely as laboratory knockdown TOOLS to deplete endogenous NADK/NADK2 and demonstrate a synthetic-lethal relationship validating NADK2 as a potential cancer drug target. No therapeutic oligonucleotide is the agent under study. The v1 'molecule' field (""Since"") is a sentence fragment, not a molecule. GATE 3 FAIL (off-target evidence): The only mention of off-target is a specificity-cont",,,,
97,96,siRNA,42084802,PMC13155016,10.1080/15384047.2026.2667568,MBD2 suppresses SFRP1 expression and promotes colorectal cancer development by blocking MED19 binding to its methylated promoter.,off-target evidence,A,Results > KCC07 induced apoptosis and inhibited CRC cell proliferation both in vitro and in vivo; paragraph 35,reject,none,False,False,NA,0.95,pmc_full_text,NONE,"v1 false-accept driven by keyword matches (""siRNA"" + ""off-target effects""). GATE 1 FAIL: the siRNA is used only as a lab knockdown tool to suppress the endogenous methylation reader MBD2 for mechanistic/target-validation studies of the MBD2-MED19-SFRP1 axis; it is not a therapeutic oligonucleotide under study. The actual therapeutic candidate is the small molecule KCC07. GATE 3 FAIL: no observed oligonucleotide off-target result (no seed/mismatch/transcriptome-wide/RNA-seq off-target analysis of",,,,
98,97,silencing,42075373,PMC13120239,10.3390/plants15081171,Cytokinin Oxidase/Dehydrogenase 1 (FvCKX1) Coordinates Receptacle Growth and Achene Maturation in Strawberry.,transcriptome-level off-target effect,B,Abstract; paragraph 1,reject,none,False,False,NA,0.98,pmc_full_text,NONE,"GATE 1 fail (out of scope): the agent under study is transient RNA interference (RNAi) knockdown of the strawberry gene FvCKX1, delivered as an Agrobacterium-borne pK7WIWG2D hairpin RNAi vector in Fragaria vesca fruit. This is agricultural/plant RNAi used as a functional gene-knockdown TOOL, not a therapeutic oligonucleotide (no ASO/siRNA drug/PMO/LNA/gapmer/aptamer/GalNAc-siRNA). Both 'agricultural/insect/nematode RNAi' and 'oligo used merely as a lab knockdown tool' are explicit exclusions. Th",,,,
99,98,single-cell,42066623,PMC13145390,10.1016/j.neurot.2026.e00912,PEBP1 inhibition as a therapeutic target for neurological recovery in ischemic stroke.,transcriptome-level off-target effect,B,Abstract; paragraph 1,reject,none,False,False,NA,0.96,pmc_full_text,NONE,"Agent under study is NOT a therapeutic oligonucleotide. The intervention is FerroLOXIN-1, a small-molecule pharmacological PEBP1 inhibitor, plus AAV-BI30-mediated shRNA knockdown (viral vector / shRNA = explicitly excluded). The three Pebp1-targeting siRNAs are used only as a lab tool to screen for the most efficient silencing sequence before engineering it into an shRNA cassette — not as a therapeutic oligo under study. GATE 1 fails. Furthermore, the single 'off-target' passage (""To evaluate po",,,,
100,99,siRNAs,42015182,PMC13101182,10.1186/s13073-026-01659-1,Comparative genomics identifies small interfering RNA with activity against all five human betacoronaviruses.,transcriptome-level off-target effect,A,Results > Screening antiviral activity and tolerability of siRNA candidates in a high-throughput SARS-CoV-2 infection mo,reject,computational_designonly,False,True,NA,0.93,pmc_full_text,"The potential of siRNA to cause off-target activity was predicted using the siSPOTR algorithm, which calculates the Probability of Off-Targeting Score (POTS) based on predicted seed region complementarity to the human transcriptome [49].","GATE 1 passes: the agent under study is a therapeutic siRNA (RNAi-based therapeutic with clinical-grade 2'-F/2'-O-Me/phosphorothioate chemistry; lead si117). GATE 2 passes (primary results present). GATE 3 FAILS, so reject. The v1 claim ""transcriptome-level off-target effect"" (grade A) is a false-accept. The ONLY host-transcriptome off-target content is an in-silico prediction: ""the in silico prediction of RNAi off-target activity against the human transcriptome (Additional file 1: Fig. S3)"" via",,,,
101,100,significantly,42007882,PMC13094461,10.1096/fj.202600387RRR,p21 Knockdown as a Therapeutic Strategy for Focal Cartilage Injury Repair.,off-target evidence,B,PubMed abstract,reject,none,False,False,NA,0.97,pmc_full_text,NONE,"GATE 1 (molecule in scope) FAILS. The agent under study is lentiviral-delivered shRNA targeting p21/Cdkn1a — explicitly double-excluded by scope (shRNA AND AAV/viral vector). It is not a therapeutic ASO/siRNA/PMO/LNA/gapmer/morpholino/aptamer/GalNAc-siRNA, nor a delivery vehicle carrying such an oligo. The v1 accept is a classic keyword false-positive: it latched onto 'off-target' in the 'Systemic Immune Response and Off-Target Transduction in Liver Tissue' section, and even set molecule='signif",,,,
102,101,IC50,41988374,PMC13077496,10.1021/acsptsci.5c00820,A Holistic Approach to Identifying a Positron Emission Tomography (PET) Tracer Candidate for In Vivo Imaging of Purinergic P2X7 Receptor in Neuroinflammation.,off-target evidence,B,Abstract; paragraph 1,reject,none,False,False,NA,0.99,pmc_full_text,NONE,"GATE 1 (molecule in scope) fails decisively. The agent under study is a small-molecule PET radiotracer scaffold (compound 2, an ortho-substituted arylamide P2X7R antagonist), evaluated by radioligand binding, functional Ca2+ assays, microsomal stability, permeability, and autoradiography. No therapeutic oligonucleotide (ASO/siRNA/PMO/LNA/gapmer/aptamer/GalNAc-siRNA) appears anywhere in the passage. The v1 classifier was misled by keywords: the claimed_evidence_type 'off-target evidence' rests on",,,,
103,102,siTGF-,41878126,PMC13008127,10.2147/IJN.S568106,Inhalable TFRC-Targeted Extracellular Vesicles Delivery of siTGF-β1 Alleviates Pulmonary Fibrosis via Dual Inhibition of Ferroptosis and Fibroblast Activation.,off-target evidence,C,Results > Inhaled T7-EV/siTGF-β1 Alleviates Bleomycin-Induced Pulmonary Fibrosis in vivo; paragraph 51,reject,pk_biodistribution,False,True,NA,0.94,pmc_full_text,NONE,"Gate 1 passes: the agent under study is siTGF-β1, a therapeutic siRNA against TGF-β1 carried by an engineered extracellular vesicle (T7-EV), an in-scope oligonucleotide delivery system. Gate 2 passes: the passage contains observed Results/Figure data. Gate 3 FAILS: the domain is offtarget, which requires an OBSERVED sequence-dependent unintended effect (seed-mediated / mismatch / hybridization-dependent / transcriptome-wide / RNA-seq / microarray). The only ""off-target"" content in the passage is",,,,
104,103,signalling,41871170,PMC13029709,10.1371/journal.ppat.1014046,Canonical WNT signalling governs Echinococcus metacestode development.,hybridization/mismatch off-target effect,B,Abstract; paragraph 1,reject,none,False,False,NA,0.97,pmc_full_text,NONE,"GATE 1 FAIL: The oligo under study is RNAi (siRNA/siPOOL dsRNA) used purely as a laboratory gene-knockdown TOOL to silence the parasite beta-catenin gene bcat-1 in Echinococcus multilocularis primary cell culture — basic helminth developmental biology, not a therapeutic oligonucleotide under study. This falls squarely in the excluded categories (""oligo used merely as a lab knockdown TOOL"" / parasite-RNAi akin to nematode RNAi). The v1 ""molecule"" field (""signalling"") is keyword garbage. A morphol",,,,
105,104,silencing,41752837,PMC12941721,10.3390/life16020199,"Synthetic Integration of an FCS into Coronaviruses-Hype or an Unresolved Biorisk? An Integrative Analysis of DNA Repair, Cancer Research, Drug Development, and ",hybridization/mismatch off-target effect,C,4. Viruses in Cancer Research and Gene-Silencing Experiments During RNA Virus Infection > 4.3. Viruses in the Context of,PENDING_RERUN,,,,,,,,needs v2 re-curation (workflow rate-limited; run via curate_v2_llm.py on HPC),,,,
106,105,silenced,41664057,PMC12990410,10.1186/s12884-026-08789-9,"FABP4 is highly expressed in preeclamptic placentas and regulates trophoblast lipid metabolism, mitochondrial function, and oxidative stress in vitro.",off-target evidence,A,Results > Inhibition of FABP4 induces mitochondrial dysfunction in trophoblast cells; paragraph 41,reject,none,False,False,NA,0.97,pmc_full_text,NONE,"GATE 1 FAIL: the siRNA (si267) is used merely as a laboratory knockdown TOOL to silence endogenous FABP4 and dissect its role in trophoblast lipid metabolism/mitochondrial function in preeclampsia. It is not a therapeutic oligonucleotide under study; no therapeutic-oligo development, PK, efficacy, or safety claim exists. This is the explicit ""oligo used merely as a lab knockdown tool"" exclusion. GATE 3 FAIL: the v1 ""off-target evidence""/grade A label is a keyword false-positive triggered by the ",,,,
107,106,Single,41719328,PMC12933033embargo-date: 2026/08/20,10.1073/pnas.2532942123,Pheromone receptors for japonilure in Anomala corpulenta and Popillia japonica.,hybridization/mismatch off-target effect,B,Abstract; paragraph 2,reject,none,False,False,NA,0.98,pmc_full_text,NONE,"GATE 1 fails (out of scope). The passage is an insect chemical-ecology study of scarab beetle pheromone receptors (Anomala corpulenta, Popillia japonica). The only oligonucleotide-related method is ""RNA interference (RNAi) knockdown of either receptor"" — an agricultural/insect RNAi used purely as a lab knockdown TOOL to confirm odorant-receptor function, explicitly excluded by GATE 1. No therapeutic oligonucleotide (ASO/siRNA-therapeutic/gapmer/PMO/LNA/aptamer/GalNAc-siRNA) is the agent under st",,,,
108,107,signal,41715156,PMC13097837,10.1186/s12967-026-07864-1,Research on the mechanism of CRMP4-mediated cytoskeletal actin polymerization in promoting invasive migration of stromal cells in endometriosis.,hybridization/mismatch off-target effect,A,Results > The MRTF/SRF pathway is activated in endometriosis and controlled by CRMP4; paragraph 37,reject,none,False,False,NA,0.97,pmc_full_text,NONE,"GATE 1 FAIL (molecule out of scope): The siRNAs against CRMP4 (si-CRMP4, three sequences from General Biol) are used purely as a lab knockdown TOOL to disrupt CRMP4 for a mechanistic actin/MRTF/SRF study, and the in vivo agent is a CRMP4-silencing lentivirus (viral/shRNA) — both explicitly excluded. The agent under study is the protein CRMP4 and the MRTF/SRF axis, not a therapeutic oligonucleotide. GATE 3 FAIL: there is no observed off-target / seed-mediated / mismatch / transcriptome-wide (RNA-",,,,
109,108,significant,39850319,PMC11754010,10.1016/j.omtn.2024.102387,In vivo efficacy and safety of systemically administered serinol nucleic acid-modified antisense oligonucleotides in mouse kidney.,off-target evidence,B,Abstract; paragraph 1,reject,none,False,True,NA,0.93,pmc_full_text,NONE,"In-scope therapeutic oligo (SGLT2-targeting PS gapmer SNA-ASO/MOE-ASO) and primary results are present, but GATE 3 fails: the passage contains NO observed off-target (seed-mediated/mismatch/hybridization-dependent/transcriptome-wide/RNA-seq/microarray) result. The phrase ""off-target effects"" appears only in intro background (""challenges such as instability, off-target effects, delivery issues, and immunogenic responses""), not as a result. The SGLT1 analysis (""None of the SGLT2-ASOs showed any ap",,,,
110,109,siRNAs,41012491,PMC12472881,10.3390/pharmaceutics17091154,Whole-Body Physiologically Based Pharmacokinetic-Pharmacodynamic Modeling for Interspecies Translation and Mechanistic Characterization of Plasma and Tissue Dis,transcriptome-level off-target effect,C,4. Results > 4.1. Model Validation and Characterization of General Tissue Distribution; paragraph 20,reject,pk_biodistribution,False,True,NA,0.95,pmc_full_text,NONE,"GATE 1 passes: the agent under study is therapeutic GalNAc-conjugated siRNA (siRNA-1/-2/-3, Olpasiran), explicitly in scope. GATE 2 passes: the passage contains primary measured Results (PK profiles, AFE/AAFE). GATE 3 FAILS, which is decisive. The domain is offtarget, which requires an OBSERVED unintended-effect (seed-mediated/mismatch/hybridization-dependent/transcriptome-wide/RNA-seq/microarray) result. This paper is a whole-body PBPK-PD model, and every use of 'off-target' refers to anatomica",,,,
111,110,siRNA,41210590,PMC12589868,10.1016/j.omtn.2025.102729,Antisense oligonucleotide-based switches for conditional translation of synthetic mRNA.,transcriptome-level off-target effect,A,Results; paragraph 6,accept,offtarget_observed,True,True,B,0.72,pmc_full_text,"Denaturation experiments indicated decreased LNA activity due to off-target binding on the reporter mRNA (LNA1) or due to self-dimerization (LNA2), thereby suggesting that higher affinity modifications come at the expense of unintended Watson-Crick base pairing with non-target regions.","In-scope therapeutic oligo confirmed: the agents under study are PMO/ASO ""riborelay"" switches, including LNA-modified ASOs (v1 ""siRNA"" label is wrong; the mRNA is the target substrate, not the agent). GATE 1 PASS, GATE 2 PASS (measured/observed results, not intro/methods). GATE 3: domain=offtarget requires an OBSERVED unintended-effect result. The passage reports a hybridization-dependent off-target observation for the in-scope ASOs: ""off-target binding to other regions on the mRNA is an issue f",,,,
112,111,siRNA,41399434,PMC12702103,10.1016/j.omtm.2025.101632,Leveraging the active conformation of LFA-1 as a potential target for hematological malignancies.,off-target evidence,C,Results > Human B-NHL treated with WAS siRNA-loaded NPs attenuates tumor growth in vivo; paragraph 21,reject,none,False,True,NA,0.93,pmc_full_text,NONE,"Gate 1 PASS: the agent under study is a therapeutic WAS-specific siRNA encapsulated in LFA-1-targeted nanoliposomes (a delivery vehicle carrying an in-scope oligo); it is a candidate therapeutic cargo, not a lab knockdown tool. Gate 2 PASS: passage is rich in measured Results (Figures 1-3). Gate 3 FAIL: domain=offtarget requires an OBSERVED unintended off-target molecular result (seed-mediated / mismatch / hybridization-dependent / transcriptome-wide / RNA-seq / microarray). None exists. Every """,,,,
113,112,siRNA,40385635,PMC12083919,10.1016/j.omtn.2025.102542,"Design, pharmacology, and toxicology of a novel chemically modified siRNA targeting hepatic angiotensinogen.",seed-mediated off-target effect,A,Results > In silico off-target analysis and qPCR validation; paragraph 10,accept,offtarget_observed,True,True,A,0.93,pmc_full_text,"qPCR validation in both HepG2 and Huh7 cells revealed that si86-DV26P may have a significant off-target effect on the gene CCNA2 and showed a dose-dependent inhibition at a concentration range of 16 pM to 10 nM, with a maximum inhibition of up to 80% (Figure S10F).","In-scope therapeutic GalNAc-siRNA targeting hepatic AGT (siRNA modality, agent under study, compared to Zilebesiran) — GATE 1 pass. Passage is PMC full-text Results with measured outcomes — GATE 2 pass. Domain is offtarget and the passage reports OBSERVED hybridization/seed-mediated off-target effects, not computational/design-only: qPCR-validated off-target knockdown of named gene CCNA2 (dose-dependent, up to 80%, Figure S10F), strong off-target inhibition by si098-DV29P and si086-DV26P (Figure",,,,
114,113,simultaneous,41463125,PMC12730878,10.3390/biomedicines13123118,Reversing the Irreversible: miRNA-Targeting Mesyl Phosphoramidate Oligonucleotides Restore Sensitivity to Cisplatin and Doxorubicin of KB-8-5 Epidermoid Carcino,hybridization/mismatch off-target effect,B,Abstract; paragraph 1,reject,efficacy,False,True,NA,0.9,pmc_full_text,NONE,"GATE 1 passes: the agents under study are genuine therapeutic antisense oligonucleotides (N-mesyl phosphoramidate-modified ASOs / µ-ASOs targeting oncogenic miR-17/21/155). GATE 2 passes: full-text Results with measured outcomes. GATE 3 FAILS (the decisive gate). The domain is offtarget, which requires an OBSERVED unintended hybridization-dependent / seed-mediated / mismatch / transcriptome-wide (RNA-seq/microarray) off-target effect of the therapeutic oligo. The passage reports only (a) cell-vi",,,,
115,114,siRNAs,41373822,PMC12692593,10.3390/ijms262311675,Respiratory Delivery of Highly Conserved Antiviral siRNAs Suppress SARS-CoV-2 Infection.,off-target evidence,A,2. Results > 2.4. Gene Silencing Effect of Chemically Modified siRNAs; paragraph 14,accept,offtarget_observed,True,True,A,0.9,pmc_full_text,"siRNA 27 treatment led to increased expression of IFIT1 (Figure 7A) and OAS1 (Figure 7B), and siRNA 30 induced elevated expression of IFIT1 (Figure 7A), OAS1 (Figure 7B), and ISG20 (Figure 7D).","In-scope therapeutic RNAi agents (anti-COVID siRNA-27/30; patented antiviral siRNA candidates, the agent under study), not a lab knockdown tool. GATE2 pass: observed measured result in Results 2.5 / Figure 7, not intro/methods. GATE3 pass: an OBSERVED unintended off-target effect — siRNA 27 and siRNA 30 induced elevated ISG expression (IFIT1, OAS1, ISG20) measured by RT-qPCR, i.e. sequence/dsRNA-related off-target type I interferon immune activation, corroborated in vivo by BALF leukocyte infilt",,,,
116,115,siRNA,41341748,PMC12670904,10.1016/j.omtn.2025.102768,A novel bispecific siRNA concept: Efficient dual knockdown of YAP1 and WWTR1 with a single guide strand.,seed-mediated off-target effect,A,Results > Characterization of off-target activities of bsYW-61; paragraph 14,accept,offtarget_observed,True,True,A,0.93,pmc_full_text,"bsYW-61 reduced luciferase activity in the guide strand seed reporter, confirming seed-mediated off-target effects (Figure 6I).","Agent under study is bsYW-61, a therapeutic bispecific siRNA (RNAi therapeutic) for liver disease, with chemically modified and GalNAc-conjugated variants — GATE 1 pass. The ""Characterization of off-target activities of bsYW-61"" section reports measured results (RNA-seq DEGs, RT-qPCR validation, off-target IC50s, luciferase reporter assays) — GATE 2 pass. The evidence is an OBSERVED off-target effect, not design-only: RNA-seq + RT-qPCR identified 12 genes suppressed by bsYW-61 but not by siYAP1+",,,,
117,116,siRNAs,40609116,PMC12945876manuscript-id: NIHMS2145850embargo-date: 2026/07/16,10.1021/acs.bioconjchem.5c00205,Multicheckpoint Cellular Targeting of siRNAs Using Antibody-Directed Lipid-Polymer Hybrid Nanoparticles.,off-target evidence,C,Abstract; paragraph 1,reject,none,False,True,NA,0.94,pmc_full_text (abstract only),NONE,"Passage is the abstract of a siRNA-delivery nanoparticle paper. The molecule is in scope (therapeutic siRNA + delivery vehicle), but GATE 2 and GATE 3 fail. The text is intro/summary framing (""we developed"", ""demonstrates potential"", ""lay the foundation""), not an observed/measured result. The only off-target mention — ""reducing off-target risks"" — is a design rationale for the multi-checkpoint antigen-targeting strategy (cellular/receptor selectivity), NOT an observed oligonucleotide off-target ",,,,
118,117,siRNA,39385468,PMC11764414,10.1016/j.ymthe.2024.10.003,Efficient and safe in vivo treatment of primary hyperoxaluria type 1 via LNP-CRISPR-Cas9-mediated glycolate oxidase disruption.,off-target evidence,C,Abstract; paragraph 1,reject,none,False,False,NA,0.98,pmc_full_text,NONE,"GATE 1 FAIL: the agent under study is LNP-CRISPR-Cas9 gene editing (""our study employed lipid nanoparticles (LNPs) for CRISPR-Cas9 delivery""; title: ""LNP-CRISPR-Cas9-mediated glycolate oxidase disruption""). CRISPR/Cas and AAV/viral are explicit GATE 1 exclusions. The word ""siRNA"" appears only as a prior-art comparator in the intro (""Existing substrate reduction therapies, such as ... using siRNA or CRISPR-Cas9 delivered by adeno-associated virus""), not as the molecule under study — the v1 classi",,,,
119,118,siRNA-DegradaBALL,40160160,PMC11955805,10.1111/cts.70207,"A First-In-Human Phase 1 Study to Evaluate the Safety and Tolerability of LEM-S401, a Novel siRNA-DegradaBALL Drug Targeting CTGF in Healthy Adults.",off-target evidence,B,PubMed abstract,reject,pk_biodistribution,False,True,NA,0.95,pmc_full_text,NONE,"In-scope therapeutic siRNA (LEM-S401 = siRNA LEM-17234 vs CTGF in DegradaBALL MSN), Gate 1 PASS, Gate 2 PASS (Phase 1 FIH with measured AEs/cytokines/PK). FAILS Gate 3: this is a safety/tolerability + PK/biodistribution study. Measured outcomes are injection-site reactions, cytokine panels, and plasma PK of LEM-17234/Si. There is NO observed off-target result (no seed-mediated, mismatch, hybridization-dependent, transcriptome-wide, RNA-seq, or microarray data). Every 'off-target' mention is aspi",,,,
120,119,similar,40547092,PMC12180356,10.1039/d5sc03751d,Engineering antisense oligonucleotides for targeted mRNA degradation through lysosomal trafficking.,off-target evidence,A,Results; paragraph 12,reject,none,False,True,NA,0.9,pmc_full_text,NONE,"Molecule is in scope (2′-OMe/gapmer ASOs, ""LyTONs""), and the passage has primary RT-qPCR results, so GATE 1 and GATE 2 pass. But GATE 3 fails: there is NO observed off-target evidence of the required type (no seed-mediated, mismatch, hybridization-dependent, or transcriptome-wide/RNA-seq/microarray result showing unintended transcripts). Every ""off-target"" mention is one of: (a) the small-molecule ispinesib warhead, not oligo hybridization; (b) a negative/absence claim (""without introducing sequ",,,,
121,120,siRNAs,41465224,PMC12732354,10.3390/ijms262411791,Two-Stage Probability-Enhanced Regression on Property Matrices and LLM Embeddings Enables State-of-the-Art Prediction of Gene Knockdown by Modified siRNAs.,hybridization/mismatch off-target effect,C,2. Results > 2.2. Data Analysis > 2.2.3. Sequence Analysis; paragraph 12,reject,computational_designonly,False,True,NA,0.93,pmc_full_text,NONE,"In-scope modality (therapeutic siRNA) but the paper is a computational/ML pipeline predicting gene KNOCKDOWN EFFICACY (on-target) of modified siRNAs from a database (siRNAmod), not a wet-lab off-target study. GATE 3 fails: no OBSERVED off-target result exists. Every off-target mention is background or a literature citation (""notable off-target effects above this threshold [29]""; ""off-target effects increase due to non-specific binding [32]""). The v1-claimed mismatch section (2.2.4) is a statisti",,,,
122,121,siRNAs,40171444,PMC11960531,10.1016/j.omtn.2024.102415,Improving the potency prediction for chemically modified siRNAs through insights from molecular modeling of individual sequence positions.,seed-mediated off-target effect,C,Results > Positional effects of base type and ΔEi levels on siRNA activity; paragraph 18,reject,knockdown_potency,False,True,NA,0.95,pmc_full_text,NONE,"v1 false-accept driven by ""seed""/""specificity"" keywords. The molecule is in scope (therapeutic chemically modified siRNAs targeting SERPINA6/AGT), and the passage reports primary results, but the domain does NOT match offtarget. Every measured/computed result concerns ON-TARGET potency: in vitro IC50 against the intended targets, melting temperature (Tm), MD-derived duplex interaction energies (ΔE), SASA, and sugar stereochemistry used to PREDICT potency. ""Seed region"" refers to guide-strand pos",,,,
123,122,siRNA,41487160,PMC12756759,10.1021/acsomega.5c08046,Ligand Valency and Linker Design Dictate the Efficacy of CI-M6PR-Mediated Targeted Delivery of M6P-siRNA Conjugates.,off-target evidence,B,Abstract; paragraph 1,reject,none,False,True,NA,0.93,pmc_full_text,NONE,"Molecule is in scope (therapeutic 2'-OMe/2'-F/PS-modified M6P-siRNA conjugates targeting KNTC2; GATE 1 pass) and the passage reports primary measured results (GATE 2 pass). But GATE 3 fails: no OBSERVED off-target evidence exists. The token ""off-target effects"" appears only three times, all in abstract/intro background framing (""inefficient cellular uptake and off-target effects""; ""challenges related to delivery, stability, and off-target effects""; ""minimize off-target effects"") — none is a meas",,,,
124,123,siRNA,41402667,PMC12708450,10.1186/s43556-025-00392-2,Targeting tumor-infiltrating regulatory T cells: combining CD47 and PD-L1 inhibition via a novel aptamer-siRNA chimera.,off-target evidence,A,Results > PD-L1-targeting aptamer-siRNA chimera selectively targets intratumoral Treg cells and induces effective CD47 s,reject,pk_biodistribution,False,True,NA,0.9,pmc_full_text,NONE,"In-scope therapeutic oligo (PD-L1 aptamer-CD47 siRNA chimera; GATE 1 pass) and primary results are present (GATE 2 pass), but GATE 3 fails: the passage contains NO observed off-target result of the required type (seed-mediated / mismatch / hybridization-dependent / transcriptome-wide / RNA-seq / microarray). Every mention of ""off-target""/""off-tumor"" is either (a) a design rationale to reduce aptamer-protein binding to peripheral PD-L1+ cells (""This decreased affinity was design to mitigate off-t",,,,
125,124,siRNA,40761479,PMC12318824,10.1002/mco2.70311,Nanoparticle-Delivered siRNA Targeting NSUN4 Relieves Systemic Lupus Erythematosus through Declining Mitophagy-Mediated CD8+T Cell Exhaustion.,transcriptome-level off-target effect,A,Results > Conjoint Analyses of scRNA‐seq and m5C‐seq Reveal the Crucial Role of NSUN4 in Regulating CD8+T Cell Exhaustio,reject,efficacy,False,True,NA,0.9,pmc_full_text,NONE,"Molecule is in scope: a therapeutic siRNA against NSUN4 delivered by LPH/PEI-PBA nanoparticles is the agent under study (GATE 1 pass). The passage is result-rich (GATE 2 pass), but contains NO observed off-target evidence (GATE 3 FAIL). Every transcriptomic/microarray dataset is used for on-target purposes: scRNA-seq + m5C-seq are for target discovery (identifying NSUN4/CD74); the ""m5C high-throughput microarray... to screen the optimal target of NSUN4"" (Figure 6A) measures on-target m5C consequ",,,,
126,125,siRNA,40598231,PMC12210728,10.1186/s12951-025-03538-0,Targeting YTHDF2 with pH-responsive siRNA nanoparticles suppresses MYC m6A modification and restores antitumor immunity in hepatocellular carcinoma.,off-target evidence,C,Abstract; paragraph 1,reject,none,False,True,NA,0.95,pmc_full_text,NONE,"In-scope agent confirmed: a therapeutic siRNA against YTHDF2 delivered by a pH-responsive lipid nanoparticle (Lip@si-YTHDF2), Gate 1 passes. However Gates 2-4 fail. The supplied passage is entirely abstract + introduction + a long Methods block (meta-analysis, scRNA-seq processing, RNA-seq library prep, LASSO, cell culture, lentiviral cloning, RIP/MeRIP, liposome synthesis/characterization, release, biodistribution, hematology, hemolysis, H&E/IHC, flow cytometry) with no observed Results/Figure ",,,,
127,126,siRNAs,39632755,PMC11704396,10.4062/biomolther.2024.071,"Design, Screening and Development of Asymmetric siRNAs Targeting the MYC Oncogene in Triple-Negative Breast Cancer.",hybridization/mismatch off-target effect,A,RESULTS > The knockdown efficacy of asiRNAs is similar to that of symmetric siRNAs; paragraph 36,reject,computational_designonly,False,True,NA,0.9,pmc_full_text,NONE,"Molecule is in scope (therapeutic asymmetric siRNA/asiRNA against MYC, chemically modified with 2'-OMe/2'-F/PS/VP and DCA/cholesterol-conjugated for delivery), so GATE 1 passes, and the passage contains primary results (GATE 2). But GATE 3 fails: the domain is offtarget, which requires an OBSERVED unintended off-target result (seed-mediated/mismatch/hybridization-dependent/transcriptome-wide/RNA-seq/microarray). This passage never measures one. All off-target language is design-only rationale ('",,,,
128,127,silencing,41594586,PMC12839093,10.3390/biom16010045,Design of Anti-Tumor RNA Nanoparticles and Their Inhibitory Effect on Hep3B Liver Cancer.,off-target evidence,C,Abstract; paragraph 1,reject,none,False,True,NA,0.93,pmc_full_text,NONE,"In-scope therapeutic siRNA nanoparticle (F1B3hT1-RNA), and primary Results exist (MTT, migration, apoptosis, RT-qPCR/WB, xenograft, HE staining). But GATE 3 fails: there is NO observed off-target evidence of the required type (seed-mediated, mismatch, hybridization-dependent, transcriptome-wide, RNA-seq, or microarray). Every mention of ""off-target"" is a negative claim/aspiration (""without off-target toxicity"", ""minimizing potential off-target effects""), not a measured unintended effect. Vero-ce",,,,
129,128,Since,41249187,PMC12623982,10.1038/s41467-025-65376-w,RAF inhibitors activate the integrated stress response by direct activation of GCN2.,off-target evidence,B,Abstract; paragraph 1,reject,none,False,False,NA,0.98,pmc_full_text,NONE,"GATE 1 FAIL (molecule out of scope). The agent under study is a small-molecule RAF/BRAF kinase inhibitor (RAFi: Dabrafenib, Vemurafenib, Encorafenib, PLX-7284, GDC-0879, LY-3009120). The paper's ""off-target effect"" is the small-molecule RAFi binding directly to and paradoxically activating the GCN2 kinase / ISR — a small-molecule kinase off-target, NOT a therapeutic oligonucleotide. No ASO/siRNA/PMO/LNA/gapmer/aptamer/GalNAc-siRNA is the agent under study. The only oligos present (""GCN2 RNAi"", """,,,,
130,129,signal,41163094,PMC12570769,10.1186/s13293-025-00769-6,Genome-wide investigation of the dmrt gene family reveals new insight into the gonad development in Plectropomus leopardus: dmrt2a regulate the development of o,hybridization/mismatch off-target effect,C,Materials and methods > Dual-color fluorescence in situ hybridization; paragraph 18,reject,none,False,False,NA,0.98,pmc_full_text,NONE,"GATE 1 FAIL (out of scope). This is a developmental-biology study of the dmrt gene family in the fish Plectropomus leopardus. The only oligonucleotides present are dsRNA/RNAi used purely as a laboratory knockdown TOOL to interfere with dmrt2a in fish gonads (""dmrt2a was interfered with using RNAi technology""; ""Knock down of dmrt2a by DsRNA injection""; ""siRNA-1226 was selected""), and antisense RNA probes used as FISH detection reagents (vasa/dmrt2a/zp4). None is a therapeutic ASO/siRNA/PMO/etc. u",,,,
131,130,siRNA,41048399,PMC12495950,10.7717/peerj.20123,Establishment and evaluation of a circAdpgk-0001 knockdown method using CRISPR-Cas13d RNA-targeting technology.,off-target evidence,B,PubMed abstract,reject,none,False,False,NA,0.96,pmc_full_text,NONE,"v1 false-accept. The agent under study is CRISPR-Cas13d (a CRISPR-Cas RNA-targeting system), explicitly excluded by Gate 1. The siRNA here is used only as a comparison/baseline LAB KNOCKDOWN TOOL to study the function of an endogenous circular RNA (circAdpgk-0001) — not a therapeutic oligonucleotide under study. Gate 1 fails on two grounds (CRISPR-Cas primary agent + siRNA-as-tool + endogenous circRNA biology). Gate 3 fails: the only 'off-target' mentions are generic introduction/review framing ",,,,
132,131,signaling,41007385,PMC12466947,10.3390/biology14091241,Molecular and Functional Characterization of Neuropeptide F Receptor in Pomacea canaliculata: Roles in Feeding and Digestion and Communication with the Insulin ,off-target evidence,B,Abstract; paragraph 2,reject,none,False,False,NA,0.98,pmc_full_text,NONE,"GATE 1 FAIL (molecule out of scope): the agent under study is double-stranded RNA (dsRNA)-mediated RNAi targeting the NPFR gene in the invasive apple snail Pomacea canaliculata, used as a gene-knockdown tool to develop ""RNAi-based antifeedants and green molluscicides"" for ""biocontrol of invasive pests"" and ""agricultural insect pest control."" This is explicitly excluded (agricultural/invertebrate RNAi; oligo used merely as a knockdown tool), not a therapeutic ASO/siRNA/PMO/LNA/GalNAc oligonucleot",,,,
133,132,Cas6-CBS,41006213,PMC12475213,10.1038/s41467-025-63166-y,De novo design of hypercompact transcript degraders by engineering substrate-specific toxins and Cas6-CBS system.,transcriptome-level off-target effect,C,Results > Endogenous RNA degradation by STAR; paragraph 21,reject,offtarget_observed,False,False,NA,0.96,pmc_full_text,NONE,"GATE 1 (molecule in scope) FAILS, exclusion-first reject. The agent under study is STAR, a hypercompact protein-based RNA degrader assembled from engineered protein toxin endoribonucleases (barnase, MqsR, MaZF) fused to catalytically dead CRISPR Cas6 (dEcCas6) plus a CBS stem-loop guide RNA, and delivered via AAV. This is explicitly on the exclusion list: CRISPR/Cas (Cas6 is a CRISPR effector), AAV/viral delivery, and a protein-RNA fusion machine, not a therapeutic oligonucleotide (no ASO/gapmer",,,,
134,133,situ,40944974,PMC12496235,10.1016/j.tranon.2025.102526,Circ(-)0008536 inhibits doxorubicin resistance in triple-negative breast cancer via the miR-382-5p/GGNBP2 axis.,hybridization/mismatch off-target effect,B,Abstract; paragraph 2,reject,none,False,False,NA,0.97,pmc_full_text,NONE,"GATE 1 FAIL (molecule out of scope): The agent under study is circ-0008536, an ENDOGENOUS circular RNA functioning as a competitive endogenous RNA / miR-382-5p sponge in triple-negative breast cancer — explicitly excluded endogenous circRNA/miRNA biology, not a therapeutic ASO/siRNA/PMO/LNA/gapmer/aptamer. The v1 ""molecule=situ"" is a parsing artifact from ""in situ hybridization"" (FISH), and the v1 ""hybridization/mismatch off-target effect"" claim is a keyword false-accept: ""hybridization"" refers ",,,,
135,134,siNTC,40928446,PMC12790151,10.1016/j.jacbts.2025.101364,Small Interfering RNA Therapy Targeting the Long Noncoding RNA SMILR for Therapeutic Intervention in Coronary Artery Bypass Graft Failure.,transcriptome-level off-target effect,A,Results > Transcriptomic analyses of BHF7-transfected vSMCs demonstrates expected changes to known SMILR regulated genes,reject,safety_tox,False,True,NA,0.9,pmc_full_text,NONE,"GATE 1 passes: the agent under study is BHF7, a chemically-enhanced therapeutic siRNA (in scope; the v1 'molecule'=siNTC is just its nontargeting control, and SMILR is the lncRNA target, not the agent). GATE 2 passes: primary RNA-seq/proliferation results are present. GATE 3 FAILS, so domain_match=false. The passage contains NO observed unintended off-target effect. Its actual content is: (a) on-target efficacy via RNA-seq — BHF7 'down-regulates the expression of genes associated with proliferat",,,,
136,135,siRNA,40896585,PMC12396431,10.1016/j.omtn.2025.102644,RNAi delivery mediated by milk extracellular vesicles in colon cancer.,off-target evidence,B,Abstract; paragraph 1,reject,none,False,True,NA,0.93,pmc_full_text,NONE,"GATE 1 passes: the agent under study is a therapeutic siRNA (siAURKA) carried by milk-derived EVs (a delivery vehicle), in scope. GATE 2 passes: the passage reports observed results. GATE 3 FAILS: no observed unintended off-target result of the required type (seed-mediated, mismatch, hybridization-dependent, transcriptome-wide, RNA-seq, or microarray) is present. The only ""off-target"" mention is a generic background limitation in the abstract (""the clinical use of siRNA is limited by several cha",,,,
137,136,siRNA,40781069,PMC12334573,10.1038/s41467-025-61974-w,Epigenetic modulation with nanosatellite triggers tumoricidal immunity for hepatocellular carcinoma treatment.,hybridization/mismatch off-target effect,B,Abstract; paragraph 1,reject,none,False,True,NA,0.93,pmc_full_text,NONE,"Gate 1 passes: the agent under study is a therapeutic siRNA (siYTHDF1) carried in a delivery vehicle (stEiNS nanosatellite), in scope. Gate 2 passes: passage is full of observed results. Gate 3 FAILS: the domain is offtarget, which requires an OBSERVED unintended hybridization-dependent / seed-mediated / mismatch / transcriptome-wide (RNA-seq, microarray) effect of the siRNA. No such data exist anywhere in the passage. Every result is on-target knockdown efficacy, vehicle biodistribution/targeti",,,,
138,137,siRNAs,40762837,PMC12483557,10.1172/JCI187204,Inverted chimeric RNAi molecules synergistically cotarget MYC and KRAS in KRAS-driven cancers.,transcriptome-level off-target effect,A,Results > Inverted MYC/KRAS chimeras synergistically target KRAS mutant cancers.; paragraph 24,reject,efficacy,False,True,NA,0.9,pmc_full_text,NONE,"In-scope therapeutic oligo (chimeric KRAS/MYC siRNA, EGFR-ligand-conjugated) is present and primary results exist (GATE 1, GATE 2 pass). But GATE 3 fails: the only transcriptome experiment is the A427 RNA-seq, which though labeled ""to examine the off-target effects"" reports an ON-TARGET/specificity result — ""MYC and KRAS were among the top downregulated genes... Based on these data, we concluded that the siRNAs are specifically targeting the genes of interest."" No unintended/seed-mediated/off-ta",,,,
139,138,situ,40661947,PMC12256258,10.3389/fimmu.2025.1613179,LncRNA NEAT1 promotes epithelial-mesenchymal transition in nasal polyp cells via the miR-199-3p/PAK4 axis.,hybridization/mismatch off-target effect,A,Results > NEAT1 is upregulated in nasal polyps and promotes EMT in nasal epithelial cells; paragraph 33,reject,none,False,False,NA,0.97,pmc_full_text,NONE,"GATE 1 FAIL (out of scope): The agent under study is the endogenous lncRNA NEAT1 and its ceRNA/EMT biology via the miR-199-3p/PAK4 axis in nasal polyps. The only oligonucleotide is an siRNA used purely as a lab KNOCKDOWN TOOL (""subjected to NEAT1 knockdown via siRNA""), not a therapeutic ASO/siRNA/PMO/LNA under study. Gate 1 explicitly rejects endogenous lncRNA/miRNA biology and oligos used merely as a knockdown tool. GATE 3 FAIL: there is no observed therapeutic off-target result. The v1 keyword",,,,
140,139,signaling,40330464,PMC12054253,10.3389/fimmu.2025.1568056,RBM39 shapes innate immunity by controlling the expression of key factors of the interferon response.,off-target evidence,A,Results > A genome-wide CRISPR/Cas9 Screen identifies novel factors contributing to TLR3 signaling; Figure 1 caption,reject,offtarget_observed,False,False,NA,0.94,pmc_full_text,NONE,"GATE 1 FAIL (molecule out of scope). The agents under study are RBM39 (a host splicing factor), discovered via a genome-wide CRISPR/Cas9 screen, and the small-molecule aryl-sulfonamide drug indisulam (the therapeutically-relevant agent, proposed as an immunosuppressant). The siRNAs present (Horizon Discovery ON-TARGETplus SMARTpools, four siRNAs per gene) are used merely as laboratory KNOCKDOWN TOOLS to validate CRISPR hits, not as therapeutic oligonucleotides under study — explicitly excluded b",,,,
141,140,siRNA,40285599,PMC12289424manuscript-id: NIHMS2075502,10.1002/adma.202502055,Self-Assembled Multilayered Concentric Supraparticle Architecture.,off-target evidence,B,SAMS application: in vivo siRNA delivery in murine cancer models; paragraph 39,reject,none,False,True,NA,0.93,pmc_full_text,NONE,"GATE 1 passes loosely: the agent under study is a SAMS supraparticle delivery vehicle carrying therapeutic siRNA (siAXL, siYAP), and an oligo-carrying delivery vehicle is in scope. GATE 2 passes: the passage reports observed/measured results. GATE 3 FAILS, which is decisive. The domain is offtarget, requiring an OBSERVED unintended/off-target result (seed-mediated, mismatch, hybridization-dependent, transcriptome-wide, RNA-seq, or microarray). The passage contains none of these. What it actually",,,,
142,141,significantly,40234384,PMC12000408,10.1038/s41421-025-00784-2,Senescence-induced p21(high) macrophages contributed to CD8(+) T cells-related immune hyporesponsiveness in kidney transplantation via Zfp36/IL-27 axis.,hybridization/mismatch off-target effect,A,Results > Overexpression of Zfp36 in senescent macrophages promotes IL-27 p28 mRNA degradation and inhibits IL-27 signal,reject,none,False,False,NA,0.97,pmc_full_text,NONE,"GATE 1 FAIL: The paper is a mechanistic immunology study of kidney allograft rejection (Zfp36/IL-27/CD8+ T cell axis). The only oligonucleotide is siRNA used purely as an in-vitro lab knockdown tool to silence Zfp36 (""in vitro silencing Zfp36 with siRNA""; ""we silenced Zfp36 expression using siRNA in BMDMs from Old G3 Terc-/- mice"") — not a therapeutic oligonucleotide under study, which is an explicit exclusion. GATE 3 FAIL: There is NO observed off-target / seed-mediated / mismatch / transcripto",,,,
143,142,situ,40192175,PMC12144868,10.1002/anie.202500247,New Transferrin Receptor-Targeting Conjugate Effectively Delivers DNA to Mouse Brain.,hybridization/mismatch off-target effect,C,Abstract; paragraph 1,reject,pk_biodistribution,False,True,NA,0.93,pmc_full_text,NONE,"v1 false-accept driven by the keyword ""in situ hybridization"" (FISH localization assay), which it misread as an oligo ""hybridization/mismatch off-target effect"". GATE 1 passes: the agent under study is a TfR-targeting RNA aptamer-DSPE conjugate delivering a DNA oligonucleotide and an LNA anti-miR-125b1 (in-scope aptamer + therapeutic-oligo delivery vehicle). GATE 2 passes: real measured results exist. GATE 3 FAILS: the passage contains only brain-delivery/biodistribution (brain-to-serum ratios, ",,,,
144,143,silencing,40142497,PMC11946339,10.3390/microorganisms13030604,In Vitro Transcribed Artificial Primary MicroRNA for the Inhibition of Hepatitis B Virus Gene Expression in Cultured Cells.,transcriptome-level off-target effect,B,Abstract; paragraph 1,reject,offtarget_observed,False,False,NA,0.95,pmc_full_text,NONE,"GATE 1 fails: the agent under study is an in vitro transcribed artificial primary microRNA (pri-miR-31), an mRNA-like / IVT-RNA construct that mimics endogenous pri-miRNA (5' cap + polyA tail) to drive the endogenous miRNA biogenesis / RNAi pathway. This is NOT a therapeutic oligonucleotide in OligoVigil scope (ASO/gapmer/siRNA/PMO/LNA/aptamer/GalNAc-siRNA). The passage itself separates this 'expressed RNAi activator' / artificial pri-miRNA class from chemically synthesized siRNAs, and the exclu",,,,
145,144,situ,40073639,PMC11951013,10.1016/j.psj.2025.104993,Ovarian expression of functional MTTP and apoB for VLDL assembly and secretion in chickens.,hybridization/mismatch off-target effect,B,Abstract; paragraph 1,reject,computational_designonly,False,True,NA,0.9,pmc_full_text,NONE,"The in-scope therapeutic oligo is correctly Mipomersen, an ""ApoB-antisense oligonucleotide ... 2nd generation of antisense oligonucleotide (ASO)"" targeting apoB-100 mRNA (GATE 1 passes; v1 ""molecule=situ"" is a keyword artifact from ""in situ hybridization""). However GATE 3 fails. The only specificity-related content for the unexpected chicken response is a computational/design-only BLAST screen: ""the sequence of Mipomersen was blasted to the reported chicken ... and human ... apoB mRNA sequences ",,,,
146,145,situ,39900983,PMC11790876,10.1038/s41598-025-88840-5,MiR-25-3p regulates pulmonary arteriovenous malformation after Glenn procedure in patients with univentricular heart via the PHLPP2-HIF-1α axis.,transcriptome-level off-target effect,B,Abstract; paragraph 1,reject,none,False,False,NA,0.96,pmc_full_text,NONE,"GATE 1 FAIL (out of scope): The agent under study is endogenous miR-25-3p, investigated as a disease biomarker/mechanism in post-Glenn pulmonary arteriovenous malformations via the PHLPP2-HIF-1a axis. The oligonucleotide reagents present (miR-25-3p mimic, miR-25-3p inhibitor, PHLPP2 siRNA) are used purely as lab overexpression/knockdown TOOLS to interrogate endogenous miRNA biology, not as therapeutic ASO/siRNA/PMO/LNA/gapmer/aptamer/GalNAc-siRNA under development — explicitly excluded. The v1 '",,,,
147,146,significant,39472692,PMC11894169,10.1038/s41418-024-01406-2,METTL3 confers oxaliplatin resistance through the activation of G6PD-enhanced pentose phosphate pathway in hepatocellular carcinoma.,transcriptome-level off-target effect,B,Abstract; paragraph 1,reject,none,False,False,NA,0.97,pmc_full_text,NONE,"FAILS GATE 1 (molecule out of scope): the oligonucleotides here (siRNA library, shMETTL3 stable knockdown, plus an siRNA E3-ligase screen) are used purely as laboratory knockdown TOOLS to dissect METTL3/TRIM21/G6PD biology in oxaliplatin resistance; shRNA is explicitly excluded. The actual therapeutic agents are the small-molecule METTL3 inhibitor STM2457 and the chemotherapeutic oxaliplatin — neither is a therapeutic oligo. No ASO/gapmer/RNAi-therapeutic/PMO/LNA/aptamer/GalNAc-siRNA is under st",,,,
148,147,siRNA,40303332,PMC12036866,10.7150/thno.112023,Targeting endothelial MYC using siRNA or miR-218 nanoparticles sensitizes chemo- and immuno-therapies by recapitulating the Notch activation-induced tumor vesse,off-target evidence,C,Materials and Methods > Single cell RNA sequencing (scRNA-seq); paragraph 23,reject,none,False,True,NA,0.9,pmc_full_text,NONE,"GATE 1 PASS: agent under study is therapeutic MYC siRNA (siMYC) plus miR-218 mimics delivered by PEI-PEG-cRGD nanoparticles - an in-scope oligonucleotide in a delivery vehicle. GATE 2 PASS: full-text Results contain observed measurements. GATE 3 FAIL (decisive): no OBSERVED off-target result exists for the siRNA. The siMYC/miR-218 readouts are all on-target knockdown (""EC-siMYC significantly downregulated MYC expression in TECs"") and efficacy (tumor vessel normalization, perfusion, metastasis re",,,,
149,148,Simply,40357997,PMC12120818,10.1021/acs.analchem.5c00581,Simply Designed and Universal DNA Nanohydrogel for Stimuli-Responsive NIR-II Fluorescence Imaging of Early-Stage Tumor.,hybridization/mismatch off-target effect,B,Abstract; paragraph 1,reject,none,False,False,NA,0.95,pmc_full_text,NONE,"GATE 1 FAIL (molecule out of scope): The agent under study is a DNA nanohydrogel imaging/drug-delivery nanoprobe (RCA-synthesized long ssDNA + staple strands + ATP aptamer recognition module + NIR-II dye FD-AL + intercalated DOX). It is a DNA nanotechnology sensing/structural construct, not a therapeutic oligonucleotide (no ASO/gapmer/siRNA/RNAi/PMO/LNA/GalNAc-siRNA acting on a target transcript). The embedded aptamer functions only as a small-molecule (ATP/IFN-gamma) recognition switch for imag",,,,
150,149,situ,40244193,PMC11989915,10.3390/ijms26073361,Identification of Potential Roles of Cathepsin B-like in the Response to Alkali Treatment in Macrobrachium nipponense.,hybridization/mismatch off-target effect,B,Abstract; paragraph 1,reject,none,False,False,NA,0.98,pmc_full_text,NONE,"GATE 1 FAIL (molecule out of scope): The agent under study is dsCTSB, a double-stranded RNA injected into the freshwater prawn Macrobrachium nipponense purely as an RNAi gene-function knockdown TOOL (""RNAi analysis was used to verify the potential functions of MnCTSB-l""). This is aquaculture/invertebrate RNAi, not a therapeutic ASO/siRNA/PMO/LNA/gapmer/aptamer/GalNAc-siRNA. The v1 ""molecule"" field (""situ"") is a parsing artifact from ""in situ hybridization (ISH)""; ISH here is mRNA localization, n",,,,
151,150,similar,40171277,PMC11960632,10.1016/j.omtn.2025.102496,CAG-targeted brain-permeable therapy tested in biallelic humanized polyQ mouse models.,seed-mediated off-target effect,C,Results > Designing new shRNAs to target the CAG tract; paragraph 9,reject,computational_designonly,False,False,NA,0.97,pmc_full_text,NONE,"GATE 1 FAILS (out of scope). The agent under study is AAV-vectorized short hairpin RNA (shRNA) — ""We designed a series of CAG-directed short hairpin RNAs (shRNAs)"" delivered as ""AAV-PHP.eB shRNAs-encoding vectors."" Both shRNA and AAV/viral delivery are on the explicit exclusion list; this is not a therapeutic ASO/siRNA/PMO/LNA/gapmer/aptamer/GalNAc-siRNA. ASO/RNAi appear only as discussion-section background, not as the tested agent. GATE 3 ALSO FAILS: the only off-target work is computational/d",,,,
152,151,siRNA-mediated,39990870,PMC11842253,10.3389/fmolb.2025.1548582,Distinct roles of Constitutive Photomorphogenesis Protein 1 homolog (COP1) in human hepatocyte models.,transcriptome-level off-target effect,A,Results > Over-representation analyses of transcriptome changes following COP1 suppression in transformed and primary he,reject,none,False,False,NA,0.95,pmc_full_text,NONE,"GATE 1 FAIL: The siRNAs here are commercial research-grade knockdown TOOLS (Silencer Select, Ambion) used to interrogate the biology of COP1, an E3 ligase, in hepatocyte models. No therapeutic oligonucleotide is under study; the agent of interest is COP1, not a drug candidate. The exclusion rule explicitly rejects an oligo used merely as a lab knockdown tool. GATE 3 FAIL: The transcriptome (microarray) changes are the on-target downstream consequences of COP1 silencing, not observed off-target e",,,,
153,152,significantly,39011883,PMC11347175,10.1093/nar/gkae624,mRNA-specific readthrough of nonsense codons by antisense oligonucleotides (R-ASOs).,hybridization/mismatch off-target effect,A,Results > Modified R-ASOs retain readthrough activity and reduce mRNA degradation; paragraph 39,reject,efficacy,False,True,NA,0.9,pmc_full_text,NONE,"In-scope: yes — the agent under study is a therapeutic antisense oligonucleotide (+8 R-ASO, DNA backbone with LNA/2'-F/2'-OMe/PS chemistries tested for therapeutic development). GATE 1 passes. But GATE 3 (off-target evidence) fails. The paper is an efficacy/specificity study of ASO-induced nonsense readthrough; it reports NO observed seed-mediated, mismatch-driven, hybridization-dependent, or transcriptome-wide off-target effect on unintended transcripts. The v1 keyword hits are all out of conte",,,,
154,153,simulations,39494149,PMC11530825,10.1016/j.omtn.2024.102351,Mechanistic insights into ASO-RNA complexation: Advancing antisense oligonucleotide design strategies.,hybridization/mismatch off-target effect,C,Abstract; paragraph 1,reject,computational_designonly,False,True,NA,0.95,pmc_full_text,NONE,"GATE 1 passes: the agent under study is an ASO (antisense oligonucleotide), a therapeutic oligonucleotide class, though here it is an abstract model ASO derived from the human telomerase RNA pseudoknot (PDB 1YMO), not a named drug. The v1 'molecule: simulations' label is wrong; the agent is the ASO. GATE 3 fails decisively: the entire study is all-atomistic MD simulation of ON-TARGET ASO-mRNA hairpin complexation — how ASO length, ASO 3'-tail truncation, and a deliberate target-hairpin loop muta",,,,
155,154,significance,39377066,PMC11456559,10.1016/j.omtn.2024.102250,Splice-switching antisense oligonucleotide controlling tumor suppressor REST is a novel therapeutic medicine for neuroendocrine cancer.,hybridization/mismatch off-target effect,C,Results > Screening of REST_SSO; paragraph 6,reject,computational_designonly,False,True,NA,0.9,pmc_full_text,NONE,"Molecule is in scope (REST_SSO, an AmNA-based splice-switching ASO; therapeutic oligo under study), so GATE 1 passes, but GATE 3 (off-target evidence type) fails. The only off-target analysis is computational/design-only: ""Off-target genes interacting with each SSO were analyzed with the GGGenome Database using SSO sequences while allowing 0–2 mismatches and gaps"" — an in silico specificity screen, which GATE 3 explicitly rejects. The microarray results are framed entirely as on-target/mechanism",,,,
156,155,similarity,39126066,PMC11312655,10.3390/ijms25158495,Allele-Selective Thiomorpholino Antisense Oligonucleotides as a Therapeutic Approach for Fused-in-Sarcoma Amyotrophic Lateral Sclerosis.,transcriptome-level off-target effect,C,2. Results > 2.6. Hybridization-Dependent Off-Target Gene Knockdown; paragraph 26,accept,offtarget_observed,True,True,A,0.9,pmc_full_text,"A number of genes were selected for expression analysis where d was equal to two, three, four, or five. ... Expression levels of the selected genes were determined by qPCR after transfection with the CV1 series TMOs with differing length and gap lengths. ... The AOs with the 5-10-5 AO design caused no or only a minimal reduction in expression of the off-target genes when d ≥ 3, with the exception ","In-scope therapeutic gapmer ASOs (TMO/MOE FUS-targeted AOs) are the agent under study (GATE 1 pass). Section 2.6 reports an OBSERVED, measured result, not background/methods (GATE 2 pass). The off-target evidence is an empirical hybridization-dependent off-target gene knockdown measured by qPCR after transfection (FBN1 showing knockdown despite d>=3; EBPL with d=2 reduced substantially; 5-8-5 design causing more off-target knockdown) — an observed unintended hybridization-dependent effect, not m",,,,
157,156,significant,38379891,PMC10878212,10.1177/26331055241233596,Synergistic Effect of an Antisense Oligonucleotide and Small Molecule on Splicing Correction of the Spinal Muscular Atrophy Gene.,transcriptome-level off-target effect,A,Results; paragraph 9,accept,offtarget_observed,True,True,A,0.95,pmc_full_text,high concentrations of an ISS-N1 targeting ASO (Anti-N1) triggers massive perturbations of the transcriptome.,"In-scope therapeutic ASO (Anti-N1, an ISS-N1-targeting splice-correcting 2'-O-methyl phosphorothioate antisense oligonucleotide, same target class as nusinersen) is the agent under study (GATE 1 pass). The passage reports observed, RNA-Seq-measured transcriptome-wide off-target effects: HiA changed 11755 genes; ""Of the 5626 genes upregulated by HiR, 2318 were similarly impacted in HiA,"" plus cryptic exon 6B inclusion by HiA. This is a measured primary result (GATE 2 pass), and it is exactly the ",,,,
158,157,silencing,38214218,PMC10848253,10.1021/acs.molpharmaceut.3c00561,A Modular Albumin-Oligonucleotide Biomolecular Assembly for Delivery of Antisense Therapeutics.,hybridization/mismatch off-target effect,C,Results; Figure 7 caption,reject,none,False,True,NA,0.93,pmc_full_text,NONE,"Molecule is in scope (therapeutic gapmer ASO against ADAMTS5 delivered via an albumin-oligonucleotide assembly), so GATE 1 passes. The passage contains primary results, but GATE 3 (off-target evidence) FAILS. The v1 classifier's ""hybridization/mismatch off-target effect"" claim is a keyword false-positive: the only measured readouts are ASO release/serum stability, cellular internalization/trafficking, FcRn-driven recycling (PK/biodistribution), annealing efficiency / ~11% nonspecific protein bin",,,,
159,158,siRNA,39321261,PMC11494384,10.1093/bioinformatics/btae577,OligoFormer: an accurate and robust prediction method for siRNA design.,seed-mediated off-target effect,A,3 Results > 3.5 OligoFormer with off-target searching for siRNA design; paragraph 31,reject,computational_designonly,False,True,NA,0.95,pmc_full_text,NONE,"OligoFormer is a computational siRNA-design method. Section 3.5 (""OligoFormer with off-target searching"") describes a PREDICTION pipeline: it incorporates TargetScan Context++ and PITA scores to assign off-target labels and filter candidates, plus seed/immune-motif filtering. This is a design-only/computational specificity screen, explicitly excluded by GATE 3 (offtarget domain requires an OBSERVED unintended-effect result; computational/design-only screens are rejected). GATE 2 also fails: the ",,,,
160,159,siRNA,39189114,PMC11564669,10.1089/nat.2024.0030,Near Sequence Homology Does Not Guarantee siRNA Cross-Species Efficacy.,hybridization/mismatch off-target effect,B,Abstract; paragraph 1,reject,efficacy,False,True,NA,0.93,pmc_full_text (abstract span),NONE,"Therapeutic siRNA is in scope (GATE 1 pass) and the abstract reports measured results (GATE 2 pass), but GATE 3 fails. The v1 ""hybridization/mismatch off-target"" claim is a keyword false-positive: ""mismatch"" here means deliberate ""mismatch conversion"" — a DESIGN strategy that introduces mismatches into a potent human-targeting siRNA to build cross-species variants with FULL complementarity to the new species' target. The readouts are ON-TARGET cross-species potency/efficacy in cell lines (""Varia",,,,
161,160,siRNA,39066234,PMC11281333,10.3390/v16071072,Inhibition of SARS-CoV-2 Replication by Self-Assembled siRNA Nanoparticles Targeting Multiple Highly Conserved Viral Sequences.,transcriptome-level off-target effect,C,3. Results > 3.1. Design and Verification of siRNAs Targeting Highly Conserved Regions of SARS-CoV-2; paragraph 17,reject,computational_designonly,False,True,NA,0.94,pmc_full_text,NONE,"In-scope therapeutic siRNA (self-assembled siRNA nanoparticles vs SARS-CoV-2), so GATE 1 passes. But GATE 3 fails: the only ""off-target"" content is a computational/design-time specificity screen, not an observed off-target result. The passage states off-target was handled during design (""evaluated by their thermodynamic features, off-target effects, and secondary structure toxicities"") and as a prediction filter (""refined through off-target analysis against the human genome GRCh38, ensuring that",,,,
162,161,sites,38521952,PMC10961001,10.1186/s13578-024-01206-8,Enhanced bacterial cancer therapy delivering therapeutic RNA interference of c-Myc.,off-target evidence,A,Results > Derivation and stability of recombinant S. typhimurium SL7207; paragraph 9,reject,none,False,False,NA,0.97,pmc_full_text,NONE,"GATE 1 FAIL (modality out of scope): the agent under study is chromosomally integrated, bacterially expressed shRNA delivered by attenuated Salmonella typhimurium SL7207 (""shRNA expression cassette ... integration ... in the S. typhimurium SL7207 chromosome""; ""plasmid-driven expression of shRNA""). shRNA / RNAi expressed from a cassette is explicitly excluded — it is not a synthetic therapeutic oligonucleotide (ASO/siRNA/PMO/LNA/gapmer/aptamer/GalNAc-siRNA), and the bacterial vehicle carries shRN",,,,
163,162,siRNAs,38304729,PMC10831156,10.1016/j.omtn.2024.102117,Multispecies-targeting siRNAs for the modulation of JAK1 in the skin.,seed-mediated off-target effect,C,Results > Identification of multispecies-targeting siRNAs that efficiently silence JAK1 across various species; paragrap,reject,computational_designonly,False,True,NA,0.9,pmc_full_text,NONE,"Molecule is in scope (therapeutic JAK1 siRNAs, GATE 1 pass) and the passage reports measured results (GATE 2 pass), but GATE 3 fails: there is NO observed off-target result. The only off-target mentions are (1) a NEGATIVE computational prediction (""si860 and si880... validated that both siRNAs have no off-targeting predictions"") and (2) a Methods design-time exclusion filter (""To minimize transcriptomic off-target effects, siRNAs were excluded if positions 2-17 of the guide sequence had full com",,,,
164,163,silences,39697325,PMC11652358,10.3389/fimmu.2024.1501679,Self-delivering RNAi immunotherapeutic PH-762 silences PD-1 to generate local and abscopal antitumor efficacy.,transcriptome-level off-target effect,A,Results > PH-762 is a stabilized self-delivering siRNA compound designed to potently silence PDCD1 mRNA with high specif,reject,computational_designonly,False,True,NA,0.9,pmc_full_text,NONE,"Molecule is in scope (PH-762 is a chemically modified asymmetric duplex siRNA / INTASYL with antisense guide + sense passenger strand, the therapeutic agent under study). However GATE 3 fails: there is NO observed off-target effect. All off-target content is in silico/computational design-only: ""in silico genome-wide analyses of binding free energies of possible off-targets"" and ""Potential sequence mediated off-target effects were evaluated by in silico analysis of binding free energies using Vi",,,,
165,164,significant,38750585,PMC11094985,10.1186/s13293-024-00614-2,"Sex-specific impacts of prenatal bisphenol A exposure on genes associated with cortical development, social behaviors, and autism in the offspring's prefrontal ",hybridization/mismatch off-target effect,C,Results > The effects of Sema5a suppression on male cortical development; paragraph 54,reject,none,False,False,NA,0.97,pmc_full_text,NONE,"Gate 1 FAIL: the agent under study is bisphenol A (BPA), a small-molecule endocrine-disrupting chemical, not a therapeutic oligonucleotide. The only oligo present is a Sema5a siRNA used merely as a lab knockdown tool (in utero electroporation) to validate the function of a BPA-responsive gene — explicitly excluded by Gate 1. The v1 'molecule' field ('significant') is a keyword artifact. Gate 3 FAIL: there is no observed off-target/seed-mediated/mismatch/transcriptome-wide unintended effect of an",,,,
166,165,siRNA,38570783,PMC10988971,10.1186/s12958-024-01204-y,Map-1a regulates Sertoli cell BTB dynamics through the cytoskeletal organization of microtubule and F-actin.,off-target evidence,A,Results > Map1a knockdown (KD) by RNAi perturbs the Sertoli cell TJ barrier due to the disruptive distribution of TJ and,reject,none,False,False,NA,0.97,pmc_full_text,NONE,"Two independent gate failures. GATE 1 (molecule scope): the siRNA is a Map1a-specific duplex used purely as a laboratory knockdown TOOL to probe endogenous Map1a function in rat Sertoli cell blood-testis-barrier biology/spermatogenesis (""Map1a KD was performed by RNAi using Sertoli cells cultured...""). It is not a therapeutic oligonucleotide under development; the exclusion-first rule rejects oligos used merely as lab knockdown tools. GATE 3 (off-target evidence): the v1 classifier false-accepte",,,,
167,166,significance,38402402,PMC10893712,10.1186/s12935-024-03233-4,Genome-wide CRISPR screen identifies ESPL1 limits the response of gastric cancer cells to apatinib.,off-target evidence,B,Abstract; paragraph 1,reject,none,False,False,NA,0.98,pmc_full_text,NONE,"v1 false-accept driven by keyword collision. The ""off-target effect"" in this paper is apatinib's (a small-molecule VEGFR2 TKI) off-target pharmacology against cancer cells, NOT oligonucleotide off-target hybridization. The study is a genome-wide CRISPR/Cas9 SAM gain-of-function screen identifying ESPL1/MDM2 in apatinib resistance in gastric cancer. The only oligos present (MDM2 siRNA, ESPL1 shRNA) are used purely as lab knockdown TOOLS to validate gene function — explicit Gate 1 exclusions (shRN",,,,
168,167,signaling,38291540,PMC10829393,10.1186/s40164-023-00468-1,GPR68-ATF4 signaling is a novel prosurvival pathway in glioblastoma activated by acidic extracellular microenvironment.,hybridization/mismatch off-target effect,A,Results > Identification of a highly specific GPR68 inhibitor; paragraph 30,reject,none,False,False,NA,0.97,pmc_full_text,NONE,"GATE 1 fails (exclusion-first). The agent under study is Ogremorphin (OGM), explicitly ""a novel highly specific small molecule inhibitor of GPR68"" — a small molecule, not a therapeutic oligonucleotide. The oligos appearing in the passage (morpholino oligonucleotides, GPR68 siRNA from Dharmacon, CRISPRi sgRNAs) are used solely as lab knockdown/validation TOOLS to confirm that OGM acts via GPR68, not as therapeutic agents. This is explicitly excluded (""an oligo used merely as a lab knockdown TOOL""",,,,
169,168,signatures,39719436,PMC11668898,10.1038/s41419-024-07316-y,Genomic and transcriptomic profiling of radioresistant prostate and head and neck cancers implicate a BAHD1-dependent modification of DNA damage at the heteroch,transcriptome-level off-target effect,B,Abstract; paragraph 1,reject,none,False,False,NA,0.98,pmc_full_text,NONE,"GATE 1 FAIL (molecule out of scope): no therapeutic oligonucleotide is the agent under study. The v1 ""molecule"" field (""signatures"") refers to COSMIC mutational signatures (SBS6/14/15/20) from WES of radioresistant cancer cells, not an oligo. The only oligonucleotide present is siBAHD1, an siRNA used purely as a laboratory knockdown TOOL (10 nM, Lipofectamine RNAiMAX, scrambled negative control) to confirm BAHD1's mechanistic role in heterochromatin/radioresistance — explicitly excluded (""an oli",,,,
170,169,siRNA,39611095,PMC11602746,10.3389/fmicb.2024.1432349,Virus-specific Dicer-substrate siRNA swarms inhibit SARS-CoV-2 infection in TMPRSS2-expressing Vero E6 cells.,off-target evidence,A,"3 Results > 3.4 Inhibition of the productive Fin-3 SARS-CoV-2 infection in VE6-T2 cells by the chimeric, 3′UTR, NSP1, NS",PENDING_RERUN,,,,,,,,needs v2 re-curation (workflow rate-limited; run via curate_v2_llm.py on HPC),,,,
171,170,siRNAs,39233852,PMC11372813,10.1016/j.omtn.2024.102291,Identification of selective and non-selective C9ORF72 targeting in vivo active siRNAs.,hybridization/mismatch off-target effect,A,Results > C9ORF72 repeat-containing and non-repeat-containing isoforms form nuclear clusters in astrocytes derived from ,reject,knockdown_potency,False,True,NA,0.93,pmc_full_text,NONE,"Molecule is in scope: a therapeutic, fully chemically stabilized divalent siRNA developed for C9ORF72-driven ALS/FTD (Gate 1 pass). Passage is rich in primary measured results (Gate 2 pass). However Gate 3 FAILS: every result is ON-TARGET — selective vs non-selective silencing of C9ORF72 isoforms, IC50/knockdown potency, reporter-vs-native efficacy, RNA foci and poly(GP) reduction. There is NO observed off-target effect (no RNA-seq, microarray, transcriptome-wide, seed-mediated, or mismatch/hybr",,,,
172,171,siRNA,39088581,PMC11293687,10.1371/journal.pone.0308075,Potentiation of anti-angiogenic eNOS-siRNA transfection by ultrasound-mediated microbubble destruction in ex vivo rat aortic rings.,off-target evidence,C,Abstract; paragraph 1,reject,knockdown_potency,False,True,NA,0.93,pmc_full_text,NONE,"GATE 1 passes: agent under study is eNOS-siRNA (a therapeutic siRNA/RNAi) delivered by cationic microbubbles + ultrasound (UMMD); CRISPR/shRNA/viral vectors appear only as background comparators. GATE 2 passes: full-text with measured Results (Figs 4-6). GATE 3 FAILS: the domain is offtarget, which requires an OBSERVED unintended/hybridization-dependent effect (seed-mediated, mismatch, RNA-seq/microarray transcriptome-wide). No such result exists. All measured outcomes are efficacy/knockdown pot",,,,
173,172,similar,37834294,PMC10573891,10.3390/ijms241914846,Antiviral Efficacy of RNase H-Dependent Gapmer Antisense Oligonucleotides against Japanese Encephalitis Virus.,transcriptome-level off-target effect,A,2. Results > 2.6. In Silico Analysis of the Sequence-Dependent Off-Target Effects of LNA Gapmers; paragraph 17,reject,computational_designonly,False,True,NA,0.96,pmc_full_text,"Using GGGenome, we assessed the off-target binding possibility of JEV RNA-targeted LNA gapmer sequences to the human genome and RNA (Table 2). The analysis revealed no complementary regions of human DNA and RNA perfectly matched to our LNA gapmer sequences.","GATE 1 passes: agent under study is a therapeutic LNA gapmer ASO targeting JEV 3' UTR RNA (in scope; ""ASO"" = antisense oligonucleotide). GATE 2 passes: section 2.6 reports a result, not intro/methods. GATE 3 FAILS: the entire off-target content is a computational/in silico sequence-complementarity screen via GGGenome against the human genome/RNA databases (confirmed by Methods 4.9), predicting numbers of complementary sequences with 0/1/2 mismatches. This is a design-only specificity prediction,",,,,
174,173,silencing,36576986,PMC10066779,10.1089/nat.2022.0043,Time Is a Critical Factor When Evaluating Oligonucleotide Therapeutics in hERG Assays.,off-target evidence,B,Abstract; paragraph 1,reject,other,False,False,NA,0.95,pmc_full_text,NONE,"Fails GATE 1 and GATE 3. GATE 1: the siRNA under study is explicitly a lab TOOL / positive control, not a therapeutic oligonucleotide under development (""hERG siRNA tool molecules (KCNH2 siRNA): the positive control""; ""The KCNH2 siRNA was used to specifically knockdown hERG expression and served as the positive control""; commercial Dharmacon pool of 4 siRNAs). The exclusion-first rule rejects an oligo used merely as a lab knockdown tool. GATE 3: every measured result is the ON-TARGET effect of K",,,,
175,174,siRNA,38087193,PMC10718025,10.1186/s12879-023-08870-0,An ncRNA transcriptomics-based approach to design siRNA molecules against SARS-CoV-2 double membrane vesicle formation and accessory genes.,transcriptome-level off-target effect,C,Methods > Off-target minimization; paragraph 17,reject,computational_designonly,False,True,NA,0.96,pmc_full_text,NONE,"Entirely in silico siRNA design study. The siRNA modality is in scope (GATE 1 pass), but the off-target assessment is purely computational/design-only and never observed: siDirect 2.0 was used ""to minimize any off-target effects,"" a Tm<21.5C heuristic was used ""to distinguish the seed sequences with minimized off-target effects,"" and the only off-target readout is a BLASTn specificity screen (""No off-target effects were found for target sequences of predicted siRNA molecules in BLASTn results ag",,,,
176,175,siRNA,37925520,PMC10625637,10.1038/s41467-023-42714-4,Rational design of a JAK1-selective siRNA inhibitor for the modulation of autoimmunity in the skin.,seed-mediated off-target effect,C,Results > Local administration of si3033 reduces skin infiltration of autoreactive CD8+ T cells and prevents skin depigm,reject,none,False,True,NA,0.9,pmc_full_text,NONE,"In-scope therapeutic siRNA (si3033, JAK1-selective, DCA-conjugated, fully chemically modified) - GATE 1 passes. But GATE 3 (off-target evidence) fails: the passage contains NO observed unintended off-target result. The v1 keyword classifier false-accepted on tokens whose sense is on-target, not off-target: (1) ""Selective silencing of JAK1... had no effect on JAK2, JAK3, and TYK2"" is on-target SELECTIVITY, not an off-target effect; (2) the ""seed region... is fully complementary to rat JAK1 mRNA"" ",,,,
177,176,siRNA,37224533,PMC10325888,10.1093/nar/gkad415,Targeted tissue delivery of RNA therapeutics using antibody-oligonucleotide conjugates (AOCs).,hybridization/mismatch off-target effect,A,RESULTS > AOC-mediated activity is amenable to various types of oligonucleotide chemistry; Figure 6. caption,reject,efficacy,False,True,NA,0.93,pmc_full_text,NONE,"In-scope therapeutic oligonucleotide (Gate 1 pass): AOCs deliver siRNA/ASO/PMO therapeutics, including clinical AOC 1001 (αTfR1-siDMPK). Primary results are present (Gate 2 pass). But Gate 3 FAILS: the domain is offtarget and the passage contains NO observed unintended off-target result. The v1 claim (""hybridization/mismatch off-target effect,"" Figure 6 caption) is wrong — Figure 6 reports ON-TARGET Dmpk mRNA knockdown/potency comparing αTfR1-siDmpk vs αTfR1-asoDmpk in muscle and liver, i.e. eff",,,,
178,177,siRNAs,37016578,PMC10188904,10.1016/j.ymthe.2023.03.036,Red blood cell extracellular vesicles deliver therapeutic siRNAs to skeletal muscles for treatment of cancer cachexia.,off-target evidence,A,Results > Intramuscular delivery of siRNAs using RBCEVs is non-toxic and non-inflammatory; paragraph 22,reject,none,False,True,NA,0.9,pmc_full_text,NONE,"In-scope therapeutic siRNA (Mstn/Mlycd siRNA in RBCEVs) with abundant primary results, so GATE 1 and GATE 2 pass. But GATE 3 (off-target evidence type) fails: the passage contains NO observed unintended-effect result. The only mentions of ""off-target"" are generic background/rationale (""to avoid toxicity and off-target effects caused by systemic administration of naked siRNAs at high doses"") and a statement about cross-reactivity of MSTN protein inhibitors (antibodies/peptibodies), not the siRNA.",,,,
179,178,sink,36342214,PMC9806573,10.1093/plcell/koac317,Cucumber STACHYOSE SYNTHASE is regulated by its cis-antisense RNA asCsSTS to balance source-sink carbon partitioning.,hybridization/mismatch off-target effect,B,Abstract; paragraph 1,reject,none,False,False,NA,0.99,pmc_full_text,NONE,"GATE 1 fails (out of scope). The agent under study is an endogenous cucumber cis-natural antisense noncoding RNA (asCsSTS) regulating its sense gene CsSTS (stachyose synthase) to control source-sink carbon partitioning in plants. ""antisense"" = endogenous lncRNA biology, not an antisense oligonucleotide therapeutic; ""RNAi""/""OE"" are agricultural plant gene-function tools; molecule=""sink"" is a botanical term (source-sink), not an oligo. No therapeutic ASO/siRNA/PMO/LNA/gapmer/aptamer is under study",,,,
180,179,siRNA,38095348,PMC9946312,10.1080/10717544.2023.2180112,Application of mPEG-CS-cRGD/Bmi-1RNAi-PTX nanoparticles in suppression of laryngeal cancer by targeting cancer stem cells.,off-target evidence,B,Abstract; paragraph 1,reject,none,False,False,NA,0.95,pmc_full_text,NONE,"Fails GATE 1 (molecule out of scope) and GATE 3 (no observed off-target result). The v1 ""siRNA"" claim is wrong: the full text shows the agent is a vector-based shRNA, not a synthetic therapeutic siRNA oligo. Methods: ""The siRNA targets were designed according to the general principles of shRNA design""; ""Preparation of pGenesil-Bmi-1RNAi plasmids""; ""double stranded oligonucleotide RNA with hairpin structure was designed and synthesized"" with ""Ligation of the interfering fragment to the expression",,,,
181,180,significant,37901602,PMC10603763manuscript-id: NIHMS1930666,10.3389/freae.2023.1187980,Targeted RNAi screen identifies transcriptional mechanisms that prevent premature degeneration of adult photoreceptors.,off-target evidence,A,Results: > Photoreceptor-specific targeted RNAi screen reveals transcription elongation factors are necessary for age-de,reject,offtarget_observed,False,False,NA,0.97,pmc_full_text,NONE,"GATE 1 FAIL (molecule out of scope): The agents under study are UAS-shRNA / long-dsRNA RNAi transgenes expressed via the Gal4/UAS system in Drosophila photoreceptors (""we could express UAS-shRNA against various target genes"", ""VALIUM20 lines are shRNA transgenes"", ""VALIUM1/10 and KK RNAi lines utilize long dsRNA hairpins""). These are endogenously expressed genetic knockdown TOOLS in an insect, explicitly excluded by the curation rules (shRNA, lab knockdown tool, insect RNAi). No therapeutic olig",,,,
182,181,situ,37745037,PMC10515118,10.3892/etm.2023.12186,lncRNA TINCR promotes the development of cervical cancer via the miRNA‑7/mTOR axis in vitro.,hybridization/mismatch off-target effect,B,Abstract; paragraph 1,reject,none,False,False,NA,0.97,pmc_full_text,NONE,"V1 false-accept. The study investigates endogenous lncRNA TINCR / miRNA-7 / mTOR axis biology in cervical cancer; the oligonucleotides present (si-TINCR siRNA, miRNA-7 antisense oligonucleotide as inhibitor, miRNA mimics, ISH probe) are used merely as lab knockdown/inhibitor TOOLS, which GATE 1 explicitly excludes (endogenous lncRNA/miRNA biology; oligo used as knockdown tool). No therapeutic oligonucleotide is the agent under study. The v1 'molecule'='situ' is a parsing artifact from 'in situ h",,,,
183,182,nusinersen,37724723,PMC10630883,10.15252/emmm.202317683,PRMT inhibitor promotes SMN2 exon 7 inclusion and synergizes with nusinersen to rescue SMA mice.,off-target evidence,B,PubMed abstract,reject,none,False,True,NA,0.9,pmc_full_text,NONE,"v1 false-accept on the keyword ""off-target"". Nusinersen IS an in-scope therapeutic ASO (Gate 1 pass) and the passage has primary in vivo results (Gate 2 pass), but Gate 3 fails: there is NO observed unintended hybridization-dependent / seed-mediated / mismatch off-target effect attributable to the oligonucleotide. Both ""off-target"" mentions concern the small molecule MS023 and the combination, not the ASO's antisense off-targets: (1) ""transcriptomic analysis revealed that MS023 treatment has min",,,,
184,183,silencing,37667354,PMC10476423,10.1186/s12943-023-01846-3,Identification of multidrug chemoresistant genes in head and neck squamous cell carcinoma cells.,off-target evidence,A,Results > Reversal of chemoresistance by siRNA gene silencing; paragraph 11,reject,none,False,False,NA,0.96,pmc_full_text,NONE,"v1 false-accept driven by keywords ""silencing""/""off-target"". GATE 1 FAIL: siRNA is used merely as a lab knockdown tool to validate candidate chemoresistance genes (TOP2A, DNMT1, INHBA, NEK2) in HNSCC cell lines, not as a therapeutic oligonucleotide under study; the actual therapeutic candidates advanced are small molecules (Sirodesmin A, Carfilzomib). GATE 3 FAIL: no observed unintended off-target result. The only ""off-target"" mention is a negative-control statement that the control siRNA did NO",,,,
185,184,sites,37552050,PMC10409502,10.7554/eLife.84792,Precision RNAi using synthetic shRNAmir target sites.,seed-mediated off-target effect,A,Results; paragraph 3,reject,offtarget_observed,False,False,NA,0.97,pmc_full_text,NONE,"GATE 1 fails decisively. The agent under study is a synthetic shRNA/shRNAmir (ARTi, micro-RNA embedded short-hairpin RNA in the miR-E backbone), expressed from retroviral/lentiviral Pol-II vectors as a genetically-encoded loss-of-function TOOL for therapeutic target validation. shRNA is explicitly out of scope (curation rules REJECT shRNA), and it is used here purely as a lab knockdown tool, not as a therapeutic oligonucleotide. The passage contains genuine observed transcriptome-wide off-target",,,,
186,185,silencing,37432453,PMC10517198,10.1093/plphys/kiad318,G-type receptor-like kinase AsNIP43 interacts with rhizobia effector nodulation outer protein P and is required for symbiosis.,off-target evidence,A,Results > AsNIP43 knockdown impaired rhizobial infection and nodulation while AsNIP43 overexpression increased nodule nu,reject,none,False,False,NA,0.97,pmc_full_text,NONE,"GATE 1 FAIL (out of scope): The agent is RNAi (hairpin RNA interference) used as a lab knockdown TOOL to study an endogenous plant gene (AsNIP43, a G-type lectin receptor-like kinase) in the Astragalus sinicus / Medicago truncatula legume-rhizobia symbiosis. Delivery is Agrobacterium hairy-root transformation (""RNA interference (RNAi) knockdown of AsNIP43 expression by hairy root transformation""). This is plant/agricultural gene-function biology, not a therapeutic oligonucleotide (no ASO/siRNA-t",,,,
187,186,signaling,37274069,PMC10237113,10.3748/wjg.v29.i18.2798,Calcitriol attenuates liver fibrosis through hepatitis C virus nonstructural protein 3-transactivated protein 1-mediated TGF β1/Smad3 and NF-κB signaling pathwa,hybridization/mismatch off-target effect,C,PubMed abstract,reject,none,False,False,NA,0.97,pmc_full_text,NONE,"GATE 1 FAIL: The therapeutic agent under study is calcitriol, a small-molecule vitamin D analog (""Calcitriol was purchased from MedChemExpress""), which is out of scope. The only oligonucleotide present, siRNA-NS3TP1 (""NS3TP1-siRNA was purchased from Gene Pharma""), is used purely as a laboratory gene-knockdown TOOL to interrogate NS3TP1 function in LX-2 cells (the ""NS3TP1 gene interference group""), not as a therapeutic oligonucleotide under study — explicitly excluded by the gate. GATE 3 FAIL: No",,,,
188,187,signaling,37251692,PMC10220282,10.1016/j.omtn.2023.04.028,Modified ASO conjugates encapsulated with cytidinyl/cationic lipids exhibit more potent and longer-lasting anti-HCC effects.,hybridization/mismatch off-target effect,A,Results > Transcriptomics and proteomics analysis of modified CT102s; paragraph 23,accept,offtarget_observed,True,True,A,0.82,pmc_full_text,"It was found that modified CT102s could decrease IGF1R mRNA expression levels in both the nucleus and cytoplasm (Figure 6F) and had a significant effect on the expression of GAS2 (GenBank: NM_001143830), POLA2 (GenBank: NM_002689), LGALS2 (GenBank: NM_006498), and IGFBP1 (GenBank: NM_000596), which have functional roles in the occurrence and development of tumors, possibly by imperfect base pairin","CT102/modified CT102s is a therapeutic phosphorothioate gapmer ASO targeting IGF1R mRNA (in scope, GATE 1 pass). The Transcriptomics and proteomics Results section reports an OBSERVED off-target result: transcriptome/proteome profiling showed thousands of altered mRNAs/proteins, with specific genes (GAS2, POLA2, LGALS2, IGFBP1) significantly affected and qPCR-validated (Figure 6G), attributed to imperfect base pairing / imperfect matches (hybridization-dependent mismatch off-target). This is a m",,,,
189,188,situ,36831000,PMC9953572,10.3390/biomedicines11020465,Micro Ribonucleic Acid-29a (miR-29a) Antagonist Normalizes Bone Metabolism in Osteogenesis Imperfecta (OI) Mice Model.,hybridization/mismatch off-target effect,B,Abstract; paragraph 1,reject,none,False,False,NA,0.95,pmc_full_text,NONE,"GATE 1 fail: the agent is a lentivirus-shuttled vector expressing miR-29a antisense oligonucleotide, constructed in pMIF-cGFP-zeo and pmiR-ZIP shRNA expression vectors and delivered by tail-vein lentivirus injection. This is a viral/shRNA-class genetically-encoded knockdown construct, explicitly excluded (REJECT if agent is shRNA/AAV/viral); it is not a synthetic therapeutic ASO/gapmer/siRNA drug. GATE 3 fail: no observed off-target evidence exists; the only results are efficacy (bone microarchi",,,,
190,189,signaling,36618268,PMC9813581,10.1016/j.omtn.2022.12.008,Chemically modified small interfering RNA targeting Hedgehog signaling pathway for rheumatoid arthritis therapy.,seed-mediated off-target effect,A,Results > Off-target effect analysis; paragraph 18,accept,offtarget_observed,True,True,A,0.9,pmc_full_text,"To determine the off-target effect of si-S1A3-Chol on RA-FLS treatment, RNA-seq was performed to recognize the expression of the transcripts. As microRNA-like off-target effects were sequence dependent, sequencing of si-S1A3-Chol was performed by nucleotide BLAST in NCBI databases to find the top 100 similar transcripts (listed in Table S4). Subsequently, the expression of these transcripts was ev","In-scope therapeutic siRNA (si-S1A3-Chol, chemically modified cholesterol-conjugated anti-SMO siRNA) is the agent under study (GATE 1 pass). The passage reports an observed primary result, not intro/methods (GATE 2 pass). The off-target evidence is hybridization/sequence-dependent and microRNA-like (seed-mediated): RNA-seq measured the expression of the top-100 sequence-similar transcripts and found four specific unintended transcripts (CCN4, UBE2G1, HELLS, PLXNC1) downregulated (Figure S10F) — ",,,,
191,190,siRNA,35917865,PMC10281028manuscript-id: NIHMS1882446,10.1016/j.jconrel.2022.07.041,Engineered ionizable lipid siRNA conjugates enhance endosomal escape but induce toxicity in vivo.,hybridization/mismatch off-target effect,A,Results > DLin-MC3-DMA conjugate enhances tissue retention and promotes broad distribution; paragraph 28,reject,safety_tox,False,True,NA,0.88,pmc_full_text,These findings suggest that the downregulation observed with DLin-MC3-DMA NTC siRNAs is not due to the sequence or to the chemical pattern of the siRNAs but due to the nature of the conjugate.,"Molecule is in scope (therapeutic lipid-conjugated siRNA targeting HTT/Ppib, fully chemically stabilized) and the passage reports a primary in vivo result (Figures 8-9, measured mRNA modulation). However the offtarget domain requires an OBSERVED hybridization-dependent off-target effect (seed-mediated/mismatch/transcriptome-wide/RNA-seq/microarray). The observed ""non-specific modulation of gene expression"" is explicitly attributed to the conjugate/lipid carrier, NOT to siRNA sequence or hybridiz",,,,
192,191,siRNA,35737426,PMC9516055,10.1093/toxsci/kfac067,"Preclinical Toxicological Assessment of A Novel siRNA, SLN360, Targeting Elevated Lipoprotein (a) in Cardiovascular Disease.",transcriptome-level off-target effect,C,RESULTS > SLN360 Specifically Downregulates LPA in Primary Hepatocytes; paragraph 28,reject,computational_designonly,False,True,NA,0.93,pmc_full_text,NONE,"Molecule (SLN360, GalNAc-siRNA) is in scope and the passage contains a primary Results result, but GATE 3 fails. The only ""off-target"" content is a candidate-gene RT-qPCR validation of 7 off-target loci that were preselected purely IN SILICO (""7 potential off-target genes were identified in silico""; ""Selected 19-mer oligonucleotides... aligned with transcriptomic databases""). This is a computational/design-only specificity screen plus a targeted confirmatory qPCR, NOT a transcriptome-wide/RNA-se",,,,
193,192,sites,36511872,PMC9825156,10.1093/nar/gkac1108,G-rich motifs within phosphorothioate-based antisense oligonucleotides (ASOs) drive activation of FXN expression through indirect effects.,transcriptome-level off-target effect,A,RESULTS > Indirect FXN activation is unlikely to be mediated by a mutual hybridization-dependent off-target transcript; ,accept,offtarget_observed,True,True,A,0.88,pmc_full_text,"RNA sequencing analyses showed that the two ASOs induced similar transcriptome-wide changes, which did not resemble the transcriptome of wild-type cells.","In-scope agent: PS-backbone 2'-MOE steric-blocker and gapmer ASOs (S10/S30) plus PMO analogs are therapeutic-class oligonucleotides under study (GATE 1 pass; v1 ""molecule""=sites is classifier garbage, ignored). GATE 2: full-text Results with measured data (RNA-seq, mismatch, genome-editing controls). GATE 3: contains an OBSERVED unintended/off-target effect, not just a computational screen — RNA-seq showed the ASOs drive a transcriptome-wide profile unlike WT cells (Fig 7), and the apparent FXN ",,,,
194,193,significantly,35795486,PMC9240963,10.1016/j.omtn.2022.06.005,"PK-modifying anchors significantly alter clearance kinetics, tissue distribution, and efficacy of therapeutics siRNAs.",hybridization/mismatch off-target effect,A,Results > PK-modifying anchors allow efficient modulation of blood circulating times and biodistribution of chemically d,reject,pk_biodistribution,False,True,NA,0.95,pmc_full_text,NONE,"v1 false-accept. The agent under study (PK-modifying oligonucleotide-anchor-conjugated asymmetric siRNA, including GalNAc-siRNA) is in scope (GATE 1 pass) and the passage reports primary measured results (GATE 2 pass). But GATE 3 fails: the domain is offtarget, which requires an OBSERVED unintended hybridization-/seed-/mismatch-mediated transcriptome effect. This paper is entirely about pharmacokinetics, clearance kinetics, tissue biodistribution, and ON-TARGET gene-silencing efficacy (Apoe knoc",,,,
195,194,significant,34743371,PMC8930565manuscript-id: NIHMS1754716,10.1002/hep.32233,"Melatonin receptor 1A, but not 1B, knockout decreases biliary damage and liver fibrosis during cholestatic liver injury.",hybridization/mismatch off-target effect,A,Results > Effects of MT1 and/or MT2 Vivo-Morpholino on liver phenotypes of BDL and Mdr2−/− mice; paragraph 22,reject,none,False,True,NA,0.93,pmc_full_text,NONE,"v1 false-accept driven by the keyword ""mismatch"" and entity ""significant"". The passage uses MT1/MT2 Vivo-Morpholino as a gene-knockdown reagent to phenocopy genetic KO mice in a study of melatonin-receptor biology in cholestatic liver injury. The ""mismatch Morpholino"" is a scrambled NEGATIVE CONTROL, not an observed mismatch-mediated off-target result. GATE 3 fails: every Vivo-Morpholino result is ON-TARGET efficacy (reduced MT1/MT2 immunoreactivity -> altered IBDM/fibrosis/senescence in BDL and",,,,
196,195,siRNA-Loaded,34683974,PMC8539450,10.3390/pharmaceutics13101681,Development of siRNA-Loaded Lipid Nanoparticles Targeting Long Non-Coding RNA LINC01257 as a Novel and Safe Therapeutic Approach for t(8;21) Pediatric Acute Mye,off-target evidence,A,3. Results > 3.6. LNP-si-LINC01257 Impairs Kasumi-1 Cell Proliferation without Affecting Healthy PBMCs; paragraph 29,reject,safety_tox,False,True,NA,0.9,pmc_full_text,NONE,"Molecule is in scope (therapeutic siRNA, LNP-si-LINC01257, Patisiran-based LNP). The passage has primary results, but there is NO observed off-target evidence as required by the offtarget domain. The only ""specificity/safety"" readout is that LNP-si-LINC01257 reduces Kasumi-1 proliferation/viability while leaving healthy PBMCs unaffected because PBMCs do not express the target LINC01257 — this is ON-TARGET selectivity plus a cell-viability/safety-tox readout, explicitly excluded by GATE 3 (on-tar",,,,
197,196,siRNA,33738134,PMC7937577,10.1016/j.omtn.2021.02.007,Selective suppression of polyglutamine-expanded protein by lipid nanoparticle-delivered siRNA targeting CAG expansions in the mouse CNS.,hybridization/mismatch off-target effect,A,Results > Screening the optimal UNA position in CAG-siRNAs with a luciferase-ATXN3 reporter assay; paragraph 7,reject,efficacy,False,True,NA,0.9,pmc_full_text,NONE,"In-scope therapeutic siRNA (UNA-modified CAG-targeting REPU910, LNP/LUNAR-delivered), and the passage contains primary measured results, so GATE 1 and GATE 2 pass. But GATE 3 (off-target evidence type) fails. The v1 keyword classifier mis-fired on ""mismatch""/""selectivity""/""hybridization."" Disambiguated by sense: the central ""mismatch"" is an ENGINEERED design feature deliberately introduced to gain mutant-allele selectivity, not an observed off-target hybridization event; and ""selectivity"" here m",,,,
198,197,signaling,34712254,PMC8546108,10.3389/fpls.2021.726881,Long-Term Efficacy and Safety of RNAi-Mediated Virus Resistance in 'HoneySweet' Plum.,transcriptome-level off-target effect,C,Results > Potential for Animal Off-Targeting by ‘HoneySweet’ sRNA Species; paragraph 39,reject,computational_designonly,False,False,NA,0.97,pmc_full_text,NONE,"Out of scope on two independent grounds. GATE 1 fail: the agent is not a therapeutic oligonucleotide. It is transgene-derived small RNAs produced by an RNAi hairpin cassette in 'HoneySweet', a genetically engineered virus-resistant plum crop. This is agricultural/plant RNAi and dietary-consumption biology, explicitly excluded (no ASO/siRNA-drug/PMO/LNA/gapmer/aptamer/GalNAc-siRNA under study). GATE 3 fail: the off-target section is a purely computational BLAST homology prediction of plant sRNA a",,,,
199,198,siRNA,34959463,PMC8703291,10.3390/pharmaceutics13122182,Non-Cationic RGD-Containing Protein Nanocarrier for Tumor-Targeted siRNA Delivery.,off-target evidence,A,3. Results > 3.5. Cellular Uptake and Subcellular Distribution of Dual-RGD Carrier; paragraph 26,reject,pk_biodistribution,False,True,NA,0.93,pmc_full_text,NONE,"Molecule is in scope (EGFR siRNA carried by a protein delivery vehicle) and the passage has primary results, but GATE 3 fails. Every occurrence of ""off-target"" is either background/introduction (cationic carriers ""suffer from off-target effects,"" ""cause off-target effects"") or refers to delivery/organ specificity, not an observed oligo off-target effect. The v1 claimed location (3.5 Cellular Uptake) only contains a speculative delivery statement (""dual-RGD-directed siRNA endocytosis is cell type",,,,
200,199,siRNAs,34918046,PMC8677541,10.1093/brain/awab354,Therapeutic reversal of Huntington's disease by in vivo self-assembled siRNAs.,hybridization/mismatch off-target effect,A,Results > Tracking and visualization of the delivery of self-assembled mHTT siRNA into the cortex and striatum; Figure 3,reject,pk_biodistribution,False,False,NA,0.9,pmc_full_text,NONE,"v1 false-accepted on the keyword ""hybridization."" In the passage, all ""hybridization signals"" are fluorescence in situ hybridization (FISH) used to DETECT and LOCALIZE the mHTT siRNA in liver/cortex/striatum (Fig 3D-E) — i.e., biodistribution/tracking, not a hybridization-dependent off-target effect. GATE 3 fails: the passage contains NO observed unintended/off-target result — no seed-mediated, mismatch-mediated unintended silencing, and no transcriptome-wide / RNA-seq / microarray off-target sc",,,,
201,200,siRNAs,33577685,PMC7969009,10.1093/nar/gkab050,siRNAs containing 2'-fluorinated Northern-methanocarbacyclic (2'-F-NMC) nucleotides: in vitro and in vivo RNAi activity and inability of mitochondrial polymeras,seed-mediated off-target effect,C,RESULTS AND DISCUSSION > On-target and off-target activities of siRNAs modified with 2′-F-NMC; paragraph 42,accept,offtarget_observed,True,True,A,0.82,pmc_full_text,"To test the impact of 2′-F-NMC in the seed region on on- and off-target activities of the siRNA guide strand, we utilized reporter plasmids containing either a single fully complementary site or four tandem seed-complementary sites in the 3′-UTR of Renilla luciferase (58–62). These reporter constructs co-expressed firefly luciferase with no siRNA binding sites as normalization control. Following t","GATE 1 PASS: agent under study is a therapeutic GalNAc-conjugated siRNA targeting mouse Ttr, chemically modified with 2′-F-NMC nucleotides, explicitly framed as an RNAi therapeutic (Alnylam). ASO/seed/mismatch acronyms used in correct oligo-hybridization sense. GATE 2 PASS: the cited section ""On-target and off-target activities of siRNAs modified with 2′-F-NMC"" reports measured dual-luciferase reporter results (Figure 5A/B), not intro/methods. GATE 3 PASS: domain offtarget requires an OBSERVED u",,,,
202,201,significantly,33068777,PMC7854280,10.1016/j.ymthe.2020.10.010,DUX4 Transcript Knockdown with Antisense 2'-O-Methoxyethyl Gapmers for the Treatment of Facioscapulohumeral Muscular Dystrophy.,transcriptome-level off-target effect,B,Abstract; paragraph 1,reject,none,False,True,NA,0.86,pmc_full_text,NONE,"Molecule IS in scope (therapeutic 2'-MOE antisense gapmer targeting DUX4; the v1 ""molecule""=significantly is a keyword artifact). Passage is the Abstract reporting primary results, so GATE 1 and GATE 2 pass. GATE 3 FAILS: the only off-target mention is the bare qualitative claim ""minimal off-target activity"" — a safety/specificity conclusion, not an OBSERVED unintended-effect result. No seed-mediated, mismatch, hybridization-dependent, or transcriptome-wide off-target hits are reported. The RNA-",,,,
203,202,siRNAs,34172725,PMC8233311,10.1038/s41467-021-24191-9,A smart multiantenna gene theranostic system based on the programmed assembly of hypoxia-related siRNAs.,off-target evidence,B,Abstract; paragraph 1,reject,efficacy,False,True,NA,0.93,pmc_full_text,NONE,"In-scope therapeutic siRNA (split twist/HIF-1alpha siRNAs reconstituted via HCR, delivered in EVs) and the passage is genuine full-text with primary results, so GATE 1 and GATE 2 pass. But GATE 3 fails: the domain is offtarget and requires an OBSERVED unintended-effect result (seed-mediated/mismatch/hybridization-dependent/transcriptome-wide/RNA-seq/microarray). The only mentions of ""off-target effects"" are in the Abstract/Introduction as background motivation (""RNAi is limited by the non-specif",,,,
204,203,silencing,34508350,PMC8501968,10.1093/nar/gkab724,Small circular interfering RNAs (sciRNAs) as a potent therapeutic platform for gene-silencing.,off-target evidence,B,Abstract; paragraph 1,reject,none,False,True,NA,0.9,pmc_full_text,NONE,"Molecule is in scope (GalNAc-conjugated sciRNA, a therapeutic RNAi/siRNA conjugate), so Gate 1 passes. But Gate 3 (observed off-target evidence) fails. The v1 accept was a keyword false-positive triggered by the abstract phrase ""off-target effects were eliminated,"" which is a conclusory design statement, not a measured result. Scanning the entire supplied full-text passage (enzymatic stability, plasma/liver metabolism, Tm/NMR/CD structural analysis, in vitro and in vivo Ttr/C5 potency, Ago2 load",,,,
205,204,significant,33742144,PMC8110762,10.1038/s41416-021-01297-x,Development of a rational strategy for integration of lactate dehydrogenase A suppression into therapeutic algorithms for head and neck cancer.,off-target evidence,B,PubMed abstract,reject,none,False,False,NA,0.97,pmc_full_text,NONE,"GATE 1 FAIL: the agent under study is a doxycycline-inducible short hairpin RNA (shRNA) system used to suppress LDHA in tumour models — shRNA is explicitly out of scope (it is a vector-expressed RNAi knockdown tool, not a therapeutic ASO/siRNA/PMO/LNA/gapmer/aptamer/GalNAc-siRNA). The v1 ""molecule"" field (""significant"") is a keyword-extraction artifact, not a real oligo. GATE 3 also fails: the only off-target mention is a generic concluding sentence (""without significant concomitant off-target t",,,,
206,205,siRNA,32127464,PMC8477605manuscript-id: NIHMS1567439,10.1158/1535-7163.MCT-19-0775,CDK9 Blockade Exploits Context-dependent Transcriptional Changes to Improve Activity and Limit Toxicity of Mithramycin for Ewing Sarcoma.,transcriptome-level off-target effect,A,Results > CDK9 Inhibition Leads to a Synergistic Loss of Ewing Sarcoma Cell Viability When Combined with Mithramycin; pa,reject,none,False,False,NA,0.96,pmc_full_text,NONE,"GATE 1 FAIL (molecule out of scope). The therapeutic agents under study are the small-molecule mithramycin (a natural-product antibiotic) plus small-molecule CDK9 inhibitors (PHA-767491, LDC000067, etc.) for Ewing sarcoma. siRNA appears only as a laboratory knockdown TOOL in two roles: (1) an Ambion Silencer Select druggable-genome siRNA screen to find mithramycin sensitizers, and (2) BTG2 siRNA silencing to dissect ROS/cytotoxicity mechanism. The Gate-1 exclusion list explicitly rejects an olig",,,,
207,206,Since,32180554,PMC7036698,10.1016/j.molmet.2020.01.010,Antisense oligonucleotide treatment produces a type I interferon response that protects against diet-induced obesity.,off-target evidence,A,Results > ASOs targeting human mRNAs can also induce a type I IFN response in cultured THP1 cells; paragraph 31,accept,offtarget_observed,True,True,A,0.97,pmc_full_text,"However, T39 knockout mice displayed a similar weight loss response when treated with T39 ASO, indicating an off-target effect. RNA-seq analysis of gWAT showed a widespread increase in type I interferon (IFN)-responsive genes","In-scope therapeutic oligo (T39/TTC39B 2'MOE and cET gapmer ASOs, plus LNA GapmeR LDLR ASOs) is the agent under study (GATE 1 pass; ""ASO"" = antisense oligonucleotide). Primary experimental results, not review/methods (GATE 2 pass). The passage reports a genuine OBSERVED, hybridization/sequence-class-dependent off-target effect, not a computational screen or efficacy/PK readout: the T39 ASO produced the same phenotype in T39 knockout mice (proving it is off-target), RNA-seq of gWAT showed widespr",,,,
208,207,silencing,32153567,PMC7046807,10.3389/fimmu.2020.00201,Key Components of the Complement Lectin Pathway Are Not Only Required for the Development of Inflammatory Arthritis but Also Regulate the Transcription of Facto,off-target evidence,A,Results > Liver-Targeted RNAi With GalNac-MASP-2 Duplex Robustly Silences C4b Deposition by the LP; paragraph 35,reject,efficacy,False,True,NA,0.9,pmc_full_text,NONE,"In-scope therapeutic GalNAc-siRNA duplexes (GalNAc-MASP-1/MASP-2-siRNA) are the agents under study (GATE 1 pass), and the passage reports observed measured results (GATE 2 pass). However GATE 3 (off-target evidence) FAILS: there is NO observed unintended hybridization-dependent / seed-mediated / mismatch / transcriptome-wide / RNA-seq / microarray off-target effect. Every use of ""off-target"" reports the ABSENCE of an off-target effect in negative controls (""no significant off-target effect on C4",,,,
209,208,siRNAs,32990754,PMC7544225,10.1093/nar/gkaa750,"Synthesis, chirality-dependent conformational and biological properties of siRNAs containing 5'-(R)- and 5'-(S)-C-methyl-guanosine.",off-target evidence,B,Abstract; paragraph 1,reject,none,False,True,NA,0.94,pmc_full_text,NONE,"v1 false-accept on the keyword ""off-target."" The molecule is in scope (therapeutic siRNAs under study), but the only ""off-target"" mention is the abstract's opening background sentence (""reduce off-target effects, immune stimulation, and toxicities of metabolites""), which is framing, not a measured result (GATE 2 fail). The 48k-char full text is almost entirely synthetic chemistry (compound syntheses, NMR/HRMS), plus nuclease/exonuclease resistance, polymerase-substrate testing, X-ray crystallogr",,,,
210,209,nusinersen,33060681,PMC7562719,10.1038/s41598-020-74346-9,Discovery of a CNS penetrant small molecule SMN2 splicing modulator with improved tolerability for spinal muscular atrophy.,off-target evidence,B,Abstract; paragraph 1,reject,offtarget_observed,False,False,NA,0.96,pmc_full_text,NONE,"GATE 1 FAILS. The agent under study is TEC-1 (RBS-001), a small-molecule SMN2 splicing modulator (a quinazolinone), benchmarked against the small molecules risdiplam and SMN-C3. All observed off-target/secondary-splice-target effects in the Results (FOXM1 mis-splicing, GALC and HTT cryptic-exon inclusion/NMD-mediated mRNA reduction confirmed by RT-PCR/qPCR/RNA-seq, micronucleus induction) are attributed to these SMALL MOLECULES, which GATE 1 and GATE 3 explicitly exclude. Nusinersen, a genuine t",,,,
211,210,Sirius,32142732,PMC7237830,10.1016/j.ajpath.2020.01.013,Amelioration of Large Bile Duct Damage by Histamine-2 Receptor Vivo-Morpholino Treatment.,hybridization/mismatch off-target effect,B,Abstract; paragraph 1,reject,efficacy,False,True,NA,0.93,pmc_full_text,NONE,"v1 false-accept driven by keyword ""mismatch"" and a misparsed molecule label ""Sirius"" (which is actually Sirius Red/Fast Green, a fibrosis histology stain, not an oligo). The real oligo agent is an H2HR vivo-morpholino (morpholino, in scope: Gate 1 passes). But the passage is an abstract reporting only on-target therapeutic efficacy (""Treatment with H2HR vivo-morpholino in Mdr2-/- mice decreased hepatic damage... fibrosis, angiogenesis""). The ""mismatch"" vivo-morpholino is the standard negative-co",,,,
212,211,unspecified CpG oligodeoxynucleotide,30622178,PMC6347720,10.1073/pnas.1813376116,Mesyl phosphoramidate antisense oligonucleotides as an alternative to phosphorothioates with improved biochemical and biological properties.,hybridization/mismatch off-target effect,A,Results > Hybridization Properties of µ-ODNs Targeting miR-21.; paragraph 11,reject,none,False,True,NA,0.9,pmc_full_text,NONE,"Molecule is in scope (mesyl phosphoramidate antisense oligodeoxynucleotide, µ-miR-21-ODN, a therapeutic ASO; v1 ""CpG ODN"" label is wrong but the agent under study is still an ASO). Primary results are present. However GATE 3 fails: the passage contains NO observed off-target evidence of the required type. The v1 ""claimed_location"" (Hybridization Properties of µ-ODNs Targeting miR-21) is ON-TARGET hybridization to the intended miR-21 target (gel retardation vs [32P]-miR-21), and the ""specificity""",,,,
213,212,siRNA,30940496,PMC6546539manuscript-id: NIHMS1526829,10.1016/j.jconrel.2019.03.028,"The valency of fatty acid conjugates impacts siRNA pharmacokinetics, distribution, and efficacy in vivo.",hybridization/mismatch off-target effect,A,Results > Impact of fatty acid conjugate valency on siRNA tissue distribution profile.; paragraph 20,reject,pk_biodistribution,False,True,NA,0.95,pmc_full_text,NONE,"GATE 1 passes (agent under study is a therapeutic fatty acid-conjugated, fully chemically stabilized siRNA targeting Htt mRNA). GATE 2 passes (observed in vivo results). GATE 3 FAILS: domain is offtarget, but the passage contains NO observed unintended/off-target effect. Every measured result is pharmacokinetics (blood t1/2, Tmax, AUC, MRT), tissue biodistribution (liver/kidney/skin accumulation quantified by PNA hybridization assay across 15 tissues), or on-target Htt mRNA silencing efficacy. T",,,,
214,213,siRNA,30544191,PMC6379722,10.1093/nar/gky1239,Diverse lipid conjugates for functional extra-hepatic siRNA delivery in vivo.,hybridization/mismatch off-target effect,A,RESULTS > Cy3 dye has no major impact on tissue distribution profile of lipid-conjugated siRNA; paragraph 25,reject,pk_biodistribution,False,True,NA,0.93,pmc_full_text,NONE,"In-scope therapeutic oligo (lipid-conjugated siRNA) under study, so GATE 1 passes and the passage has primary measured results (GATE 2 passes). But GATE 3 (off-target domain) FAILS: the study reports tissue distribution/biodistribution (liver-to-kidney profile, overall body retention, extra-hepatic accumulation) plus on-target functional silencing/efficacy (Htt, Ppib mRNA knockdown). There is NO observed unintended off-target effect anywhere — no seed-mediated, mismatch, hybridization-dependent,",,,,
215,214,siRNA-mediated,30097810,PMC6510885,10.1007/s10456-018-9638-1,CMTM4 regulates angiogenesis by promoting cell surface recycling of VE-cadherin to endothelial adherens junctions.,transcriptome-level off-target effect,A,Results > CMTM4 expression is essential for vascular growth in an in vitro 3D angiogenesis assay; paragraph 23,reject,none,False,False,NA,0.96,pmc_full_text,NONE,"v1 false-accept. GATE 1 FAIL: the siRNA (siCMTM4) is used merely as a laboratory knockdown tool to study CMTM4 function in angiogenesis/VE-cadherin biology, not as a therapeutic oligonucleotide under study — explicitly excluded (""an oligo used merely as a lab knockdown TOOL""). GATE 3 FAIL: the v1 claim of a ""transcriptome-level off-target effect"" is wrong; the only specificity-related result (Fig. 1c) shows the OPPOSITE — that CMTM4 siRNA did NOT downregulate other CMTM family members, i.e. an O",,,,
216,215,siRNAs,30112821,PMC7548314manuscript-id: NIHMS1627470,10.1002/anie.201809056,Customizable Lipid Nanoparticle Materials for the Delivery of siRNAs and mRNAs.,off-target evidence,B,article body; paragraph 2,reject,pk_biodistribution,False,True,NA,0.93,pmc_full_text,NONE,"The studied oligo is an anti-firefly-luciferase model siRNA delivered in diketopiperazine LNPs, so the modality is nominally in scope (GATE 1 pass) and the passage reports primary in vitro/in vivo results (GATE 2 pass). But GATE 3 fails: every observed result is either on-target silencing potency/efficacy (luciferase knockdown), LNP physicochemical/entrapment data, or PK/biodistribution (predominantly liver distribution, >85% spleen protein expression). There is NO observed off-target effect of ",,,,
217,216,significantly,30114557,PMC6092551,10.1016/j.omtn.2018.07.010,Splice-Modulating Oligonucleotide QR-110 Restores CEP290 mRNA and Function in Human c.2991+1655A>G LCA10 Models.,transcriptome-level off-target effect,A,"Results > QR-110 Treatment Reduces Aberrant Splicing, Increases Wild-Type CEP290 in Homozygous Retinal Organoids, and Sh",accept,offtarget_observed,True,True,A,0.9,pmc_full_text,We also performed RNA-sequencing (RNA-seq) to complement this sequence homology-based study with an unbiased approach and identify other potential hybridization-dependent off-targets. Transcriptome analysis was performed to assess the hybridization-dependent off-target effects using two untreated and two 1 μM QR-110-treated LCA10 retinal organoids. This dose was selected because it was effective a,"Agent under study is QR-110, a named therapeutic splice-modulating ASO (single-stranded, fully phosphorothioate, 2'-O-methyl RNA) for LCA10 — clearly in scope (v1 ""molecule"" field ""significantly"" is garbage; real molecule is QR-110). Passage is a primary Results result, not intro/methods/review. Off-target domain satisfied by an OBSERVED transcriptome-wide assay: an unbiased RNA-seq on untreated vs 1 μM QR-110-treated LCA10 retinal organoids measured 44 differentially expressed genes (2-fold cut",,,,
218,217,Single,28123102,PMC5414856,10.1093/toxsci/kfx025,From the Cover: The Minipig is a Suitable Non-Rodent Model in the Safety Assessment of Single Stranded Oligonucleotides.,hybridization/mismatch off-target effect,A,RESULTS > Gross and Anatomic Pathology; paragraph 42,reject,safety_tox,False,True,NA,0.93,pmc_full_text,NONE,"Molecule is in scope (genuine therapeutic LNA single-stranded oligonucleotides: 3 phosphorothioate antisense + 1 anti-miR-122, all under study), and the passage is full of primary results, so GATE 1 and GATE 2 pass. But GATE 3 (off-target evidence) FAILS. The domain is offtarget, which requires an OBSERVED sequence-specific/hybridization-dependent off-target (secondary pharmacology) result (seed-mediated, mismatch-attributed, transcriptome-wide, RNA-seq, or microarray). This paper reports the op",,,,
219,218,sites,28062574,PMC5336155,10.1074/jbc.M116.751685,Loss of N-Acetylgalactosaminyltransferase-4 Orchestrates Oncogenic MicroRNA-9 in Hepatocellular Carcinoma.,hybridization/mismatch off-target effect,B,Abstract; paragraph 1,reject,none,False,False,NA,0.98,pmc_full_text,NONE,"Out of scope. The passage is the abstract of a study on the O-glycosylation enzyme GALNT4 (N-acetylgalactosaminyltransferase-4) and endogenous microRNA-9 in hepatocellular carcinoma. No therapeutic oligonucleotide (ASO/siRNA/PMO/LNA/gapmer/aptamer/GalNAc-siRNA) is under study, failing GATE 1. The v1 keyword classifier was misled: ""GalNAc""/""GALNT4"" here is N-acetylgalactosamine glycosylation chemistry, NOT a GalNAc-conjugated siRNA therapeutic; ""hybridization"" refers to in situ hybridization hist",,,,
220,219,significant,27461380,PMC4961955,10.1038/srep30377,Ribonuclease H1-dependent hepatotoxicity caused by locked nucleic acid-modified gapmer antisense oligonucleotides.,transcriptome-level off-target effect,A,Results > Off-target knockdown by the Acsl1 gapmer; paragraph 15,accept,offtarget_observed,True,True,A,0.95,pmc_full_text,"We performed a microarray analysis using liver RNA isolated 24 h after injection of 20 mg/kg Acsl1 gapmer. ... only 16 probes for protein-coding gene showed a greater than two-fold significant decrease, while no probe showed significant increase (Fig. 6a). ... All of those genes had similar sequence (containing 3–5 mismatches) to Acsl1 gapmer-targeting site in intron of the pre-mRNA","In-scope therapeutic oligonucleotide (LNA-modified Acsl1 gapmer ASO) is the agent under study; siRNA/GalNAc3-siRNA appear only as comparators. GATE 2 met: the ""Off-target knockdown by the Acsl1 gapmer"" Results section reports a measured microarray experiment, not intro/methods/review. GATE 3 met: observed mismatch-mediated, transcriptome-wide off-target knockdown — 16 protein-coding probes >2-fold down, all sharing 3–5-mismatch sequence to the gapmer target site, confirmed by qRT-PCR and abolish",,,,
221,220,situ,27327137,PMC5022129,10.1038/mtna.2016.36,Pharmacokinetics and Pharmacodynamics of a 13-mer LNA-inhibitor-miR-221 in Mice and Non-human Primates.,hybridization/mismatch off-target effect,A,Results > LNA-i-miR-221 is detectable in xenografted tumors and mouse organs by in situ hybridization; paragraph 5,reject,pk_biodistribution,False,True,NA,0.93,pmc_full_text,NONE,"v1 false-accept: the keyword classifier latched onto ""hybridization"" from ""in situ hybridization"" (ISH) and ""specificity""/""off-target"" mentions. Verified against the full text, the molecule (LNA-i-miR-221, a 13-mer LNA-PS antisense miR-221 inhibitor) is in scope (GATE 1 pass), and the passage contains primary results (GATE 2 pass). But GATE 3 fails: the entire paper is a PK/pharmacodynamics/biodistribution and safety-tox study. The ""in situ hybridization"" section the v1 location points to is a T",,,,
222,221,significantly,27378237,PMC5023379,10.1038/mt.2016.111,Morpholino-mediated Knockdown of DUX4 Toward Facioscapulohumeral Muscular Dystrophy Therapeutics.,transcriptome-level off-target effect,A,Results; paragraph 9,accept,offtarget_observed,True,True,A,0.9,pmc_full_text,"RNA-seq analysis of FM10 myotube cultures from the two unaffected first-degree relatives provides another view of off-target effects, unclouded by DUX4 target genes, as unaffected cells express little if any DUX4-fl. For these cells, only three genes differed significantly between FM10 and the control PMO (P-value < 10–4), and this is roughly what one expects by chance when testing ~37,000 genes f","In-scope therapeutic oligo: the agent under study is antisense phosphorodiamidate morpholino oligonucleotide FM10 (a PMO/morpholino), passing GATE 1. The passage reports observed primary results (GATE 2). For GATE 3 (offtarget domain), the authors performed a transcriptome-wide RNA-seq off-target assessment of FM10 in unaffected control myotubes (which lack DUX4 targets, isolating true off-target signal): only three genes differed significantly between FM10 and control PMO at P<10^-4, consistent",,,,
223,222,silencing,25453815,PMC4263527,10.1016/j.bmcl.2014.10.045,Oligonucleotides conjugated with short chemically defined polyethylene glycol chains are efficient antisense agents.,hybridization/mismatch off-target effect,B,Abstract; paragraph 1,reject,none,False,True,NA,0.92,pmc_full_text,NONE,"In-scope therapeutic ASOs (anti-galectin-1/bcl-2 PS/PO PEG conjugates), so GATE 1 passes and GATE 2 has observed results. But GATE 3 fails: no observed off-target evidence exists. The v1 ""hybridization/mismatch off-target"" claim is a keyword artifact — every ""hybridization"" mention refers to ON-TARGET binding to the counter strand (CD spectra, melting temperatures), not off-target. The measured endpoints are on-target gene silencing efficacy (luciferase reporter for galectin-1/bcl-2) and a gener",,,,
224,223,Single,23982190,PMC3759741,10.1038/mtna.2013.46,Improved Performance of Anti-miRNA Oligonucleotides Using a Novel Non-Nucleotide Modifier.,hybridization/mismatch off-target effect,A,Results > AMO specificity; paragraph 33,reject,other,False,True,NA,0.88,pmc_full_text,NONE,"Molecule is in scope (steric-blocking anti-miRNA antisense oligonucleotides: 2'OMe, DNA/LNA chimera, antagomir, ZEN-AMO; SPC3469 is an explicit clinical candidate), and the passage contains a measured result (Figure 8b specificity test). However GATE 3 fails: the only ""specificity"" measurement is an ON-TARGET mismatch-DISCRIMINATION assay — AMOs with 1/2/3 deliberately introduced mismatches tested against the wild-type miR-21 reporter, reporting ""a single mismatch could be discriminated at lower",,,,
225,224,single-strand,22615794,PMC3351460,10.1371/journal.pone.0036697,Stable gene targeting in human cells using single-strand oligonucleotides with modified bases.,hybridization/mismatch off-target effect,A,Results > Mismatch-specific EGFP Correction; Figure 1 caption,reject,other,False,False,NA,0.93,pmc_full_text,NONE,"GATE 1 FAIL (out of scope): the agent under study is a ""single-strand oligonucleotide"" / ""targeting oligo"" used for oligo-mediated genome engineering — a mutation-encoding recombineering/gene-correction oligo that incorporates into the genome during DNA replication to restore a mutant EGFP start codon. This is a genome-EDITING tool, not a therapeutic gene-silencing oligonucleotide (ASO/antisense/siRNA/PMO/LNA/gapmer/aptamer/GalNAc-siRNA). The ""mismatch"" is the engineered correction base, not an ",,,,
226,225,single-stranded,41863245,,10.2174/0115665232388456251203140240,"Challenges in the Stability, Safety, and Efficacy of Antisense Oligonucleotide Therapeutics.",off-target evidence,B,PubMed abstract,reject,none,False,True,NA,0.97,pubmed_abstract,NONE,"Review-article abstract, not a primary result (passage states ""This review provides a comprehensive overview of the mechanisms of action of ASOs""). Molecule (ASO) is in scope, but off-target appears only as a generic safety concern (""safety concerns related to off-target effects and immunogenicity"") with no observed/measured off-target data (no seed-mediated, mismatch, RNA-seq, microarray, or transcriptome-wide result). GATE 2 and GATE 3 fail; no grounding span exists. v1 ""off-target evidence""/g",,,,
227,226,situ,41711123,,10.1177/21593337261417504,"Investigating the Biophysical Properties and In Vivo Activity of 7',5'-Alpha-Bicyclo-DNA Phosphodiester Backbone Gapmer Antisense Oligonucleotides.",hybridization/mismatch off-target effect,B,PubMed abstract sentence 5,abstain,none,False,False,NA,0.95,none,NONE,"The supplied passage is empty (passage="""", passage_kind=""none"", has_full_text=false), so none of the four gates can be applied. The molecule field ""situ"" is a parsing artifact (from ""in situ""), not a real molecule name, and the v1 claim of a ""hybridization/mismatch off-target effect"" at ""abstract sentence 5"" cannot be verified because no abstract or full-text passage is present. The title (7',5'-alpha-bicyclo-DNA gapmer ASO biophysical/in vivo activity study) suggests a PK/activity scope rather ",,,,
228,227,significantly,42102394,,10.1158/2767-9764.CRC-25-0511,Novel Mechanism of and Therapeutic Approach for Anthracycline-Induced Cardiotoxicity (AIC).,off-target evidence,B,PubMed abstract,reject,efficacy,False,True,NA,0.93,pubmed_abstract,NONE,"v1 false-accept driven by the keyword ""off-target"", which in this passage describes the small-molecule anthracycline/doxorubicin (""off-target inhibition of topoisomerase II beta (TOP2B)""), NOT the oligonucleotide. GATE 1 passes: a TOP2B ASO (antisense oligonucleotide) is genuinely under study. GATE 2 passes: observed primary results are reported in the abstract. GATE 3 FAILS: the only ASO result is an efficacy/prevention readout (""TOP2B ASO pretreatment can succussfully prevent the AIC in TOP2B ",,,,
229,228,siRNA,41708903,,10.1007/s13346-026-02076-y,Comparative analysis of clinically approved lipid nanoparticles for intranasal siRNA delivery against SARS-CoV-2.,off-target evidence,B,PubMed abstract,reject,safety_tox,False,True,NA,0.86,pubmed_abstract,NONE,"In-scope therapeutic siRNA (antiviral anti-SARS-CoV-2 siRNA, MC3 LNP-delivered) — GATE 1 passes — and the abstract reports observed results (GATE 2 passes). But GATE 3 fails: the only ""off-target"" phrasing is ""off-target immune activation, with no induction of interferon stimulated genes,"" which is an innate-immune/ISG immunostimulatory effect, NOT a hybridization-dependent / seed-mediated / mismatch / transcriptome-wide (RNA-seq/microarray) off-target silencing result as required by the offtarg",,,,
230,229,signatures,42085538,,10.1172/JCI196753,Protein phosphatase 2A regulates senescence and immunogenicity in medulloblastoma models.,off-target evidence,B,PubMed abstract,reject,knockdown_potency,False,True,NA,0.93,pubmed_abstract,NONE,"In-scope therapeutic oligo present (LNP-siPP2Ac, an siRNA targeting PPP2CA delivered by lipid nanoparticle). GATE 3 fails: no observed off-target result for the siRNA. The only ""off-target effects"" phrase in the passage describes the small-molecule PP2A inhibitor LB-100 (""Because the PP2A inhibitor LB-100 has limited potency and off-target effects""), not the oligo — this is the motivation to switch to siRNA, not an off-target characterization of the siRNA. The siRNA evidence is on-target knockdo",,,,
231,230,siRNA,42097228,,10.1016/j.jconrel.2026.114973,In vivo genetic circuit drives systemic PARP1 siRNA assembly into small extracellular vesicles for BRCA2-deficient breast cancer therapy.,off-target evidence,B,PubMed abstract,abstain,none,False,False,NA,0.95,none,NONE,"The supplied passage is empty (passage_kind=""none"", passage=""""). With no full-text span available, none of the gates can be applied: there is no text establishing an in-scope therapeutic oligonucleotide as the agent under study, no observed primary result, and no observed off-target evidence to quote. The v1 claim (""off-target evidence"", ""PubMed abstract"") and the article title (PARP1 siRNA in an in vivo genetic circuit / extracellular-vesicle delivery, BRCA2-deficient breast cancer) cannot be t",,,,
232,231,patisiran,42036903,,10.1097/CM9.0000000000004061,"Therapeutic siRNA: Mechanisms, challenges, strategies, and clinical translation.",off-target evidence,B,PubMed abstract,abstain,none,False,False,NA,0.95,none,NONE,"The supplied passage is empty (passage_kind=""none"", passage=""""). No full text is available to apply the gates: I cannot verify GATE 1 (molecule in scope as agent under study), GATE 2 (primary observed result), GATE 3 (observed off-target evidence type), or GATE 4 (verbatim grounding). The v1 claim (""off-target evidence"", PubMed abstract, patisiran) cannot be trusted and there is no text to verify it against. The title alone (""Therapeutic siRNA: Mechanisms, challenges, strategies, and clinical tr",,,,
233,232,siRNAs,41612090,,10.1208/s12248-026-01209-y,Industry Practices in Oligonucleotide Tissue Biodistribution Assessment: An IQ consortium Cross-Industry Survey of Current Approaches and Emerging Trends.,hybridization/mismatch off-target effect,C,PubMed abstract,abstain,none,False,False,NA,0.95,none,NONE,"No passage text was supplied (passage_kind=""none"", passage=""""), so the curation gates cannot be applied to any verbatim content. The only metadata available is the title, which describes an IQ-consortium cross-industry survey on oligonucleotide tissue BIODISTRIBUTION assessment — i.e., PK/biodistribution methodology, explicitly out of scope for the offtarget domain (Gate 3) and not a primary observed off-target result (Gate 2). The v1 claim of a ""hybridization/mismatch off-target effect"" cannot ",,,,
234,233,unspecified ASO,41919735,,10.1021/acsabm.5c02525,Alpha-Tocopherol-Conjugated DNA Tetrahedron with Enhanced Cellular Uptake and Cytotoxicity for Cancer Therapeutics.,off-target evidence,C,PubMed abstract,reject,none,False,False,NA,0.96,pubmed_abstract,NONE,"GATE 1 FAIL: The agent under study is a structural DNA tetrahedron (TD_αT) — a self-assembled DNA-nanostructure delivery scaffold carrying the small-molecule cytotoxin alpha-tocopherol succinate. It is NOT a therapeutic antisense/siRNA/PMO/LNA/aptamer/GalNAc oligonucleotide; the oligonucleotides serve only as architectural building blocks for a nanocarrier, and the actual therapeutic is a hydrophobic natural-product-derived small molecule. GATE 3 FAIL: the sole ""off-target"" mention — ""drug deliv",,,,
235,234,siRNA-Loaded,41832714,,10.2174/0113816128410562251204115232,Advances in siRNA-Loaded Nanocarriers: Harnessing Cutting-Edge Technologies for Precision Cancer Treatment.,off-target evidence,B,PubMed abstract,abstain,none,False,False,NA,0.95,none,NONE,"The supplied passage is empty (passage_kind=""none"", passage="""", has_full_text=false), so none of the four gates can be applied from text. The only available metadata is the title ""Advances in siRNA-Loaded Nanocarriers: Harnessing Cutting-Edge Technologies for Precision Cancer Treatment,"" which signals a review article rather than a primary observed off-target result, but a title is not a passage and cannot ground an accept. Per protocol, when the passage is missing/too thin to apply the gates, d",,,,
236,235,site-specific,41437666,,10.1002/anie.202524814,A Photoelectrocatalytic Platform for Sequence-Unrestricted Modification of Oligonucleotide Backbones.,hybridization/mismatch off-target effect,B,PubMed abstract,abstain,none,False,False,NA,0.95,none,NONE,"The loader returned an empty passage (passage_kind=""none"", has_full_text=false, passage=""""). There is no full-text or abstract content to apply GATE 1-4. Only the title is available (""A Photoelectrocatalytic Platform for Sequence-Unrestricted Modification of Oligonucleotide Backbones""), which describes an oligonucleotide backbone synthesis/chemistry method, not an observed off-target safety result — but a title cannot ground a decision and yields no verbatim span. Per the rule that a missing/too",,,,
237,236,YBX1,42154661,,10.1152/ajpheart.00135.2026,Myocardial YBX1 is dispensable for cardiac development and function.,transcriptome-level off-target effect,B,PubMed abstract,abstain,none,False,False,NA,0.95,none,NONE,"Passage is empty (passage_kind=""none"", passage=""""), so the gates cannot be applied to verify an in-scope oligo or an observed off-target result; per instructions, decision=abstain. Additionally, ""molecule""=YBX1 is a gene/protein and the title (""Myocardial YBX1 is dispensable for cardiac development and function"") describes endogenous YBX1 cardiac biology, not a therapeutic ASO/siRNA/PMO. The v1 claim of a ""transcriptome-level off-target effect"" cannot be substantiated from any supplied text, so ",,,,
238,237,situ,42119979,,10.1016/j.jbc.2026.113139,TIP60 acts as a wound-induced factor essential for efficient regeneration in planaria.,transcriptome-level off-target effect,C,PubMed abstract,abstain,none,False,False,NA,0.95,none,NONE,"The supplied passage is empty (passage_kind=""none""), so none of the four gates can be applied from passage text, forcing abstain. Secondary signals reinforce this: molecule=""situ"" is a spurious token (almost certainly extracted from ""in situ"", not a therapeutic oligonucleotide), and the source title ""TIP60 acts as a wound-induced factor essential for efficient regeneration in planaria"" is an endogenous developmental/regeneration biology study with no therapeutic ASO/siRNA/PMO under study. The v1",,,,
239,238,significant,42118205,,10.1007/s43630-026-00910-3,Formation and cellular uptake of Bleomycin saccharide decorated molecular spherical nucleic acids evaluated by time-resolved fluorescence spectroscopy.,hybridization/mismatch off-target effect,C,PubMed abstract,abstain,none,False,False,NA,0.95,none,NONE,"The loaded record for sid=238 / entity_id=239 has an empty passage (passage="""", passage_kind=""none""/null). With no supplied passage text, none of the gates can be verified: cannot confirm an in-scope therapeutic oligonucleotide, cannot confirm a primary/observed result, cannot confirm an observed off-target effect, and no verbatim grounding span exists. The v1 fields are unreliable artifacts (molecule=""significant""; claimed_evidence_type ""hybridization/mismatch off-target effect"" cannot be check",,,,
240,239,Since,42105839,,10.1016/j.brainres.2026.150375,Type-1 thyrotropin-releasing hormone receptor in the nucleus accumbens participates in the anorectic effect of the stimulation of central nucleus of the amygdal,hybridization/mismatch off-target effect,C,PubMed abstract,abstain,none,False,False,NA,0.95,none,NONE,"Supplied passage is empty (""""), so the gates cannot be applied -> abstain. The only available metadata (title: ""Type-1 thyrotropin-releasing hormone receptor in the nucleus accumbens participates in the anorectic effect of the stimulation of central nucleus of the amygdala"") is neuroscience/physiology with no therapeutic oligonucleotide as agent under study, and the v1 ""molecule"" value ""Since"" is a parsing artifact, not a real molecule. No verbatim span exists to ground an in-scope oligo or an o",,,,
241,240,significant,42090086,,10.1007/s12672-026-04384-8,Exosomal circVANGL1 promotes cisplatin resistance in osteosarcoma cells by regulating the miR-145-5p/E2F3 axis.,hybridization/mismatch off-target effect,C,PubMed abstract,abstain,none,False,False,NA,0.95,none,NONE,"The supplied passage is empty (passage_kind=""none"", passage=""""), so the four gates cannot be applied to any verbatim text — per protocol this forces abstain. Independently, the only available metadata (title) concerns exosomal circVANGL1 and the miR-145-5p/E2F3 axis in osteosarcoma cisplatin resistance, i.e. endogenous circRNA/miRNA biology, with no therapeutic oligonucleotide under study; the v1 ""molecule"" value is the junk token ""significant"" and the v1 claim of a hybridization/mismatch off-ta",,,,
242,241,significantly,42061632,,10.1016/j.fsi.2026.111384,Identification of the inhibitors of apoptosis proteins (IAPs) gene family in Portunus trituberculatus and its immune defense under Vibrio parahaemolyticus stres,hybridization/mismatch off-target effect,C,PubMed abstract,abstain,none,False,False,NA,0.95,none,NONE,"The supplied passage is empty (passage="""", passage_kind=""none""), so the gates cannot be applied and no verbatim grounding span can be copied -> abstain per the missing/too-thin rule. Additional disqualifiers: molecule=""significantly"" is a v1 keyword-classifier artifact, not a molecule; the article title concerns the IAP gene family in the crab Portunus trituberculatus and its immune defense under Vibrio parahaemolyticus stress (invertebrate immunology), with no therapeutic oligonucleotide (ASO/s",,,,
243,242,siRNA,41962054,,10.1158/2326-6066.CIR-25-1073,DDR1 Promotes Immune Evasion in Colorectal Cancer by Orchestrating IL-33-Mediated M2-like Polarization of Tumor-Associated Macrophages.,hybridization/mismatch off-target effect,B,PubMed abstract,abstain,none,False,False,NA,0.95,none,NONE,"Loaded record 242 (entity_id 243) prints passage_kind=""none"" and passage="""" — there is no supplied passage text to apply the gates against and no verbatim span to ground an accept, so I abstain per the missing/too-thin rule. The only available text (the title: ""DDR1 Promotes Immune Evasion in Colorectal Cancer by Orchestrating IL-33-Mediated M2-like Polarization of Tumor-Associated Macrophages"") describes endogenous DDR1/IL-33/macrophage tumor biology with no mention of any therapeutic oligonucl",,,,
244,243,single,41838744,,10.3791/69788,Lumbar Intrathecal Injection of SOD1-ASOs for Precise CNS Targeting and Predictive Efficacy in Human SOD1-G93A ALS Mice.,off-target evidence,B,PubMed abstract,abstain,none,False,False,NA,0.95,none,NONE,"The loaded record supplies an empty passage (passage_kind=""none"", passage=""""). With no full-text or abstract text, none of the four gates can be applied: there is no passage span establishing an in-scope oligo nor any observed off-target result. The title alone (""Lumbar Intrathecal Injection of SOD1-ASOs..."") names an ASO (likely in scope) but is not a passage, contains no measured off-target finding, and cannot ground an accept. Per the protocol, when the passage is missing/too thin to apply th",,,,
245,244,silica,41783937,,10.1039/d5tb02754c,Ionizable mesoporous silica nanoparticle-mediated siAURKB delivery for colorectal cancer therapy.,off-target evidence,B,PubMed abstract,reject,efficacy,False,True,NA,0.93,pubmed_abstract,NONE,"In-scope therapeutic siRNA (siAURKB) carried by an ionizable mesoporous silica nanoparticle (MPMNC) — GATE 1 passes. The abstract reports primary measured results — GATE 2 passes. But GATE 3 fails: the domain is off-target and the passage contains NO observed unintended-effect result (no seed-mediated, mismatch, hybridization-dependent, or transcriptome-wide/RNA-seq/microarray off-target measurement). The actual readouts are efficacy (tumor growth inhibition rate 64.9%), on-target knockdown/sile",,,,
246,245,signature,41747415,,10.1016/j.compbiolchem.2026.108981,Prognostic signature and immune microenvironment characterization in colorectal cancer based on interleukin-related genes.,hybridization/mismatch off-target effect,B,PubMed abstract,reject,none,False,False,NA,0.98,pubmed_abstract,NONE,"v1 false-accept driven by keywords ""mismatch"" and ""siRNA"". GATE 1 FAIL: no therapeutic oligonucleotide under study. This is a CRC interleukin-related-gene prognostic signature paper; the only oligo is ""small interfering RNA (siRNA)-mediated knockdown"" used purely as a lab tool to probe IL20RB function, not a therapeutic agent. Acronym disambiguation FAIL: ""mismatch"" = mismatch repair-deficient (dMMR/MSI-H), not oligo hybridization mismatch. GATE 3 FAIL: no observed off-target/seed-mediated/trans",,,,
247,246,situ,41605397,,10.1016/j.ijbiomac.2026.150532,Molecular mechanisms of melanin-mediated shell pigmentation in Mytilus coruscus: Functional characterization of Tyr family genes and regulatory pathways.,transcriptome-level off-target effect,C,PubMed abstract,abstain,none,False,False,NA,0.97,none,NONE,"Passage is empty (passage_kind=""none"", passage=""""), so the ACCEPT gates cannot be applied to any supplied text and no verbatim grounding span exists -> abstain per the missing/thin-passage rule. Independently, the record is out of scope: the title concerns melanin-mediated shell pigmentation in the mussel Mytilus coruscus and Tyr family genes (mollusk developmental/pigmentation biology), with no therapeutic oligonucleotide (ASO/siRNA/PMO/LNA/gapmer/aptamer/GalNAc-siRNA) as the agent under study.",,,,
248,247,siRNA,41468644,,10.1016/j.bbrc.2025.153176,"Leveraging genomic conservation in emerging SARS-CoV-2 variants for precision diagnostics, vaccines, and RNAi therapeutics.",transcriptome-level off-target effect,B,PubMed abstract,abstain,none,False,False,NA,0.95,none,NONE,"The loaded record has an empty passage (passage_kind=""none"", passage=""""). With no supplied text, none of the four gates can be applied: I cannot verify the molecule is an in-scope therapeutic oligonucleotide under study, cannot confirm a primary observed result, cannot confirm an observed off-target effect, and cannot extract a verbatim grounding quote. The v1 claim (siRNA, ""transcriptome-level off-target effect"", PubMed abstract) is untrustworthy by design and unverifiable here. The title alone",,,,
249,248,simultaneously,41344487,,10.1016/j.jconrel.2025.114493,Immunological conversion of triple-negative breast cancer by engineered extracellular vesicle-mediated pyroptosis.,off-target evidence,B,PubMed abstract,abstain,none,False,False,NA,0.95,none,NONE,"Passage is empty (passage_kind=""none"", passage=""""), so the four gates cannot be applied from any supplied text. The loaded record is also implausible as an in-scope oligo row: the v1 ""molecule"" token is the nonsense word ""simultaneously"" (classifier artifact), and the title — ""Immunological conversion of triple-negative breast cancer by engineered extracellular vesicle-mediated pyroptosis"" — concerns engineered EVs and pyroptosis, with no indication of a therapeutic ASO/siRNA/PMO/LNA/gapmer/apta",,,,
250,249,situ,41297216,,10.1016/j.theriogenology.2025.117772,circKANSL1 promotes immature porcine Sertoli cell growth via recruiting the Vimentin to enhance its parental gene KANSL1 expression.,transcriptome-level off-target effect,C,PubMed abstract,abstain,none,False,False,NA,0.95,none,NONE,"Passage is empty (passage_kind=""none""), so the gates cannot be applied to any supplied text -> abstain per the missing/too-thin rule. Independently, the record is out of scope: the title concerns circKANSL1, an endogenous circRNA promoting porcine Sertoli cell growth and regulating its parental gene KANSL1 - this is endogenous circRNA biology, not a therapeutic ASO/siRNA/PMO/LNA/aptamer under study. The ""molecule"" field ""situ"" is a tokenization fragment (likely from ""in situ""), not a real oligon",,,,
251,250,unspecified CpG oligodeoxynucleotide,41221596,,10.1039/d5mh01849h,Development of a whole cell vaccine to activate dendritic cells using polyvalent CpG.,hybridization/mismatch off-target effect,C,PubMed abstract sentence 2,abstain,none,False,False,NA,0.9,none,NONE,"The loaded record has passage_kind=""none"" and an empty passage, so there is no supplied text against which to apply Gates 1-4; per the rule, a missing/too-thin passage forces abstain. Separately, the title indicates a CpG oligodeoxynucleotide used as an immunostimulatory whole-cell vaccine adjuvant to activate dendritic cells — that is a TLR9 agonist adjuvant, not a therapeutic antisense/siRNA/PMO/LNA/gapmer/aptamer/GalNAc-siRNA, so even if text existed it would fail Gate 1 (molecule not in scop",,,,
252,251,single,41167182,,10.1515/cclm-2025-0824,A robust ddPCR assay for the absolute quantification of miR-192-5p in hepatocellular carcinoma liquid biopsies.,hybridization/mismatch off-target effect,B,PubMed abstract,abstain,none,False,False,NA,0.9,none,NONE,"The loader returned an empty passage (passage="""", passage_kind=""none""), so there is no full-text content to apply GATE 2-4 against; per instructions, a missing/too-thin passage forces decision=abstain. Independently, the title (""A robust ddPCR assay for the absolute quantification of miR-192-5p in hepatocellular carcinoma liquid biopsies"") indicates a ddPCR detection/quantification assay for an endogenous miRNA biomarker in liquid biopsy diagnostics, not a therapeutic oligonucleotide under study",,,,
253,252,signaling,36786145,,10.2174/1871520623666230214093122,Targeting SHP2 Reverses BRAF Inhibitor Tolerance in Anaplastic Thyroid Carcinoma.,off-target evidence,B,PubMed abstract,abstain,none,False,False,NA,0.95,none,NONE,"The supplied passage is empty (passage="""" , passage_kind=""none""), so no verbatim span exists to apply the gates against — per protocol this forces abstain. Independently, the available metadata is disqualifying: the title ""Targeting SHP2 Reverses BRAF Inhibitor Tolerance in Anaplastic Thyroid Carcinoma"" describes small-molecule kinase/phosphatase signaling pharmacology, and the molecule field is the meaningless token ""signaling"" — no therapeutic oligonucleotide (ASO/siRNA/PMO/LNA/gapmer/aptamer/",,,,
254,253,signaling,41545031,,10.1152/ajprenal.00336.2025,Loss of transcription factor ATOH8 activates TGF-β signaling and exacerbates glomerulosclerosis in podocytes.,transcriptome-level off-target effect,C,PubMed abstract,abstain,none,False,False,NA,0.95,none,NONE,"Passage is empty (passage_kind=""none"", passage=""""), so the gates cannot be applied to any text — decision is abstain. Even on available metadata, the title (""Loss of transcription factor ATOH8 activates TGF-β signaling and exacerbates glomerulosclerosis in podocytes"") describes endogenous transcription-factor / TGF-β signaling biology with no therapeutic oligonucleotide as the agent under study. The v1 molecule ""signaling"" and claimed ""transcriptome-level off-target effect"" are keyword-classifie",,,,
255,254,silencing,40946728,,10.1016/j.jconrel.2025.114233,Ultraviolet-tyrosinase cascade caged antisense oligonucleotide for precise treatment of hyperpigmentation.,off-target evidence,B,PubMed abstract,abstain,none,False,False,NA,0.95,none,NONE,"The loaded record for sid=254 / entity_id=255 (PMID 40946728, ""Ultraviolet-tyrosinase cascade caged antisense oligonucleotide for precise treatment of hyperpigmentation"") has passage_kind=""none"" and an empty passage (""""). No text is supplied to apply the gates against. Per the protocol, when the passage is missing/too thin to apply Gates 1-4, the decision must be abstain. No grounding quote can be copied verbatim from an empty passage, so grounding_quote=""NONE"". The v1 ""off-target evidence"" clai",,,,
256,255,situ,40699429,,10.1007/978-1-0716-4726-4_12,Design and Evaluation of a Truncated Protein Induction Strategy by Antisense Oligonucleotide-Mediated Exon Skipping.,off-target evidence,B,PubMed abstract,abstain,none,False,False,NA,0.9,none,NONE,"The supplied passage is empty (passage="""", passage_kind=""none""), so none of the four gates can be applied and no verbatim grounding span can be extracted. The title (""Design and Evaluation of a Truncated Protein Induction Strategy by Antisense Oligonucleotide-Mediated Exon Skipping"") suggests an in-scope ASO exon-skipping study, but a title is not the supplied passage and cannot establish an OBSERVED off-target result (GATE 3) or a verbatim grounding quote (GATE 4). The v1 claim (""off-target evi",,,,
257,256,size,40540297,,10.1021/jacs.5c04234,Structurally Dynamic Polyplexes Enhance Sentinel Lymph Node Delivery of Antisense Oligonucleotides to Inhibit Breast Cancer Recurrence and Metastasis.,off-target evidence,C,PubMed abstract sentence 4,reject,pk_biodistribution,False,True,NA,0.93,pubmed_abstract,NONE,"Molecule is in scope (a therapeutic TGF-β1 ASO delivered by a PEG-(GK)10 polyplex), and the abstract reports primary results. However GATE 3 fails: the only ""off-target"" mention is ""limiting off-target organ distribution by tuning the size of the PEG (3-80 kDa)"", which is biodistribution/PK, NOT a hybridization-dependent, seed-mediated, mismatch, or transcriptome-wide off-target effect. The remainder of the abstract is efficacy (gene silencing, reduced tumor relapse and lung metastasis, CD8+ T c",,,,
258,257,after ASO,39937881,,10.1126/scitranslmed.adn4600,Antisense oligonucleotide-mediated MSH3 suppression reduces somatic CAG repeat expansion in Huntington's disease iPSC-derived striatal neurons.,transcriptome-level off-target effect,B,PubMed abstract,abstain,none,False,False,NA,0.95,none,NONE,"The loaded record has passage_kind=""none"" and an empty passage (""""), so there is no SUPPLIED PASSAGE text against which to apply the gates. Although the title (""Antisense oligonucleotide-mediated MSH3 suppression..."") indicates an in-scope therapeutic ASO, I cannot verify GATE 2 (primary observed result), GATE 3 (an OBSERVED off-target/transcriptome-wide effect vs. on-target efficacy), or GATE 4 (extract a verbatim grounding quote) without any passage text. The v1 claim of a ""transcriptome-level",,,,
259,258,site,39882764,,10.1177/01926233241311277,Characterizing Antisense Oligonucleotide-Induced Histopathology Findings in Spinal Cord of Mauritius Cynomolgus Monkeys by Molecular Localization Investigation.,hybridization/mismatch off-target effect,B,PubMed abstract,abstain,none,False,False,NA,0.95,none,NONE,"The loaded record for sid=258 (entity_id=259, PMID 39882764) has passage_kind=""none"" and an empty passage string. There is no supplied passage text to apply GATE 1 (molecule in scope), GATE 2 (primary result), GATE 3 (off-target evidence type), or GATE 4 (grounding). The v1 claims (""hybridization/mismatch off-target effect"", molecule ""site"") cannot be trusted and cannot be verified against any text. The title alone (ASO-induced histopathology in monkey spinal cord) suggests safety/tox localizati",,,,
260,259,simulations,40912822,,10.1016/j.carbpol.2025.124049,"Novel antibacterial, antioxidant, and anti-inflammatory aminated chitosan hybrid quinoline Schiff base as multi-target agent: Design, molecular docking, and tox",hybridization/mismatch off-target effect,C,PubMed abstract,reject,none,False,False,NA,0.99,pubmed_abstract,NONE,"GATE 1 fails: the agent under study is a 7-ethoxy-3-formyl-2-morpholino quinoline (MQ) derivative hybridized with aminated chitosan to form an AMCH-MQ Schiff base — a small-molecule/polysaccharide hybrid, not a therapeutic oligonucleotide. No ASO/siRNA/PMO/LNA/gapmer/aptamer/GalNAc-siRNA is present. The v1 keyword classifier false-accepted on the words ""hybridization"" (here = covalent chemical conjugation of chitosan with quinoline, not oligo hybridization), ""mismatch"" (absent), and ""simulations",,,,
261,260,side,40960849,,10.1021/acs.jmedchem.5c01893,Targeted Delivery of Oligonucleotide-Peptide Conjugates for Enhanced Kidney-Specific Therapy.,off-target evidence,B,PubMed abstract,reject,pk_biodistribution,False,True,NA,0.93,pubmed_abstract,NONE,"The agent is an anti-HIF-1alpha oligonucleotide conjugated to a kidney-targeting peptide (in scope, GATE 1 pass; primary results present, GATE 2 pass). But GATE 3 fails: the passage reports PK/biodistribution (10-fold kidney accumulation, radiolabeled peptide biodistribution) and on-target efficacy (preserved HIF-1alpha repression), not any observed unintended off-target effect. The only ""off-target"" mention is background framing in the intro (""minimize side effects from off-target interactions""",,,,
262,261,siRNA,39631700,,10.1016/j.jconrel.2024.11.073,Corosolic acid derivative-based lipid nanoparticles for efficient RNA delivery.,off-target evidence,B,PubMed abstract,reject,pk_biodistribution,False,False,NA,0.9,pubmed_abstract,NONE,"v1 keyword false-accept. The ""off-target"" in this passage means off-target HEPATIC TRANSFECTION (organ tropism / biodistribution of the lipid nanoparticle), not a sequence-dependent oligonucleotide off-target effect. GATE 3 fails: this is a PK/biodistribution readout, not an observed seed-mediated/mismatch/hybridization-dependent/transcriptome-wide off-target result. GATE 1 also weak: the agent under study is the corosolic-acid LNP delivery carrier; the cargo is generic ""mRNA/siRNA"" with no name",,,,
263,262,significance,41340590,,10.33594/000000833,Identifying Circ-RNF216 as a Regulator of Renal Tubular Epithelial Cell Proliferation Via the TGF-Β1/Smad3-Mediated Pathway in Chronic Kidney Disease.,transcriptome-level off-target effect,C,PubMed abstract,reject,none,False,False,NA,0.98,pubmed_abstract,NONE,"GATE 1 FAIL: agent under study is the endogenous circular RNA circ-RNF216, knocked down via shRNA (""Circ-RNF216-shRNA was used to establish stable knockdown mTEC cell lines""). Both endogenous circRNA biology and shRNA are explicit GATE-1 exclusions; no therapeutic ASO/siRNA/PMO/LNA/gapmer/aptamer/GalNAc-siRNA is the agent under study. The v1 ""molecule"" field (""significance"") is a keyword-classifier artifact. GATE 3 also fails: the RNA-seq characterizes the intended downstream transcriptome of ci",,,,
264,263,signaling-particularly,41398520,,10.1007/s13346-025-02020-6,Adenosine and guanosine-based oligonucleotides-loaded PLGA nanoparticles attenuates progression of surgically induced osteoarthritis.,off-target evidence,C,PubMed abstract,abstain,none,False,False,NA,0.95,none,NONE,"The loaded record has an empty passage (passage="""", passage_kind=""none""), so there is no full-text content against which to apply any of the four gates. The v1 molecule field ""signaling-particularly"" is garbage tokenization from the keyword classifier, and the title (adenosine/guanosine-based oligonucleotides in PLGA nanoparticles for surgically induced osteoarthritis) neither confirms a therapeutic antisense/siRNA/PMO agent under study nor provides any observed off-target result. With no passag",,,,
265,264,siRNA-treated,40482891,,10.1016/j.antiviral.2025.106210,Residual viral expression in siRNA-treated HBV-replicating cell and mouse models.,hybridization/mismatch off-target effect,B,PubMed abstract,abstain,none,False,False,NA,0.95,none,NONE,"The loader returned passage_kind=""none"" and an empty passage (has_full_text=false); only the article title is available. With no supplied passage body, the gates cannot be applied: there is no text to establish an in-scope therapeutic oligo as the agent under study, no observed primary result, and no observed off-target evidence to ground. The title alone (""Residual viral expression in siRNA-treated HBV-replicating cell and mouse models"") describes residual on-target viral expression (an efficac",,,,
266,265,siRNA,40163299,,10.1007/978-1-0716-4418-8_5,A Robust siRNA Screening Approach with Optimized Conditions for Large-Scale Transfection in Multiple Human Cancer Cell Lines.,off-target evidence,B,PubMed abstract,abstain,none,False,False,NA,0.95,none,NONE,"The loaded record has passage_kind=""none"" and an empty passage string, so there is no full-text content against which to apply the curation gates or extract a verbatim grounding span. Per protocol, a missing/too-thin passage forces abstain. Note also that the title (""A Robust siRNA Screening Approach with Optimized Conditions for Large-Scale Transfection..."") points to a methods/screening-optimization study using siRNA as a laboratory knockdown TOOL rather than a therapeutic oligonucleotide unde",,,,
267,266,siRNA,40024424,,10.1016/j.actbio.2025.02.061,Neutrophil-like cell membrane-coated metal-organic frameworks for siRNA delivery targeting NOX4 to alleviate oxidative stress in acute ischemic injury.,off-target evidence,B,PubMed abstract,abstain,none,False,False,NA,0.95,none,NONE,"The loaded record returns an empty passage (passage="""" and passage_kind=""none""). With no supplied text, none of the four gates can be evaluated and no verbatim grounding span can be copied. Per the rule ""If the passage is missing/too thin to apply the gates, decision=abstain."" The title alone (neutrophil-like cell membrane-coated MOFs for siRNA delivery targeting NOX4 in acute ischemic injury) suggests a delivery/efficacy study, not an observed off-target result, but a title is not a primary-res",,,,
268,267,siRNA,39798472,,10.1016/j.intimp.2024.113980,"Advancing siRNA Therapeutics targeting MCT-4: A Multifaceted approach integrating Arithmetical Designing, Screening, and molecular dynamics validation.",off-target evidence,C,PubMed abstract,abstain,none,False,False,NA,0.9,none,NONE,"The loaded record has passage_kind=""none"" and an empty passage string, so there is no full-text content against which to apply the four gates. With no supplied passage, no grounding_quote can be copied verbatim and no observed off-target result can be verified, so the gates cannot be evaluated and decision must be abstain. Note the title (""Arithmetical Designing, Screening, and molecular dynamics validation"") signals a computational design-only specificity workflow, which would fail GATE 3 even ",,,,
269,268,significant,41249096,,10.1021/acsinfecdis.5c00721,In Vivo MicroRNA-Based Inhibition of Experimental Cestode Infection.,hybridization/mismatch off-target effect,C,PubMed abstract,abstain,none,False,False,NA,0.9,none,NONE,"The loaded record supplies NO passage (passage_kind=""none"", passage=""""), so no gate can be applied against verbatim text. Decision must be abstain. Independently, the strong signals against acceptance: molecule field is the non-molecule token ""significant"" (v1 keyword-classifier artifact), and the title ""In Vivo MicroRNA-Based Inhibition of Experimental Cestode Infection"" points to endogenous/parasite microRNA biology, not a therapeutic ASO/siRNA/PMO/LNA/aptamer under study (GATE 1 fail). No obs",,,,
270,269,silencing,41094015,,10.1038/s41551-025-01515-4,Staple oligomers induce a stable RNA G-quadruplex structure for protein translation inhibition in therapeutics.,off-target evidence,B,PubMed abstract,abstain,none,False,False,NA,0.9,none,NONE,"The supplied passage is empty (passage_kind=""none""), so the gates cannot be applied to any passage text — the rubric mandates abstain when the passage is missing/too thin. Independently, the only available signal (the title: ""Staple oligomers induce a stable RNA G-quadruplex structure for protein translation inhibition in therapeutics"") points OUT of scope: ""staple oligomers"" forming an RNA G-quadruplex is not a therapeutic ASO/siRNA/PMO/LNA/gapmer/aptamer or GalNAc-siRNA agent under study, and ",,,,
271,270,siRNAs,41093250,,10.1016/j.slasd.2025.100283,Comparative analysis of antibody-mediated loss-of-function versus gene knock-out and knock-down.,transcriptome-level off-target effect,B,PubMed abstract,abstain,none,False,False,NA,0.9,none,NONE,"The loaded record (sid=270, entity_id=271) has passage_kind=""none"" and an empty passage string. There is no supplied text against which to apply GATE 1-4. Per the rule ""If the passage is missing/too thin to apply the gates, decision=abstain"", I abstain. The title (""Comparative analysis of antibody-mediated loss-of-function versus gene knock-out and knock-down"") raises doubt that a therapeutic oligonucleotide is the agent under study and that any observed transcriptome-wide off-target result exis",,,,
272,271,situ,40840014,,10.1016/j.cancergen.2025.08.005,High YEATS4 expression characterizes MDM2-amplified liposarcoma.,hybridization/mismatch off-target effect,C,PubMed abstract,abstain,none,False,False,NA,0.95,none,NONE,"Passage is empty (passage_kind=""none"", passage=""""), so the gates cannot be applied to any text -> abstain per missing/thin-passage rule. Independently, the record is clearly not in scope: the title ""High YEATS4 expression characterizes MDM2-amplified liposarcoma"" is a tumor-biology study with no therapeutic oligonucleotide. The v1 ""molecule"" token ""situ"" is a spurious fragment of ""in situ"", not an ASO/siRNA/PMO/etc., and the claimed_evidence_type ""hybridization/mismatch off-target effect"" is an ",,,,
273,272,significant,40812551,,10.1016/j.jconrel.2025.114125,Adenosine triphosphate-triggered aggregable DNA micelles for triple enhanced photothermal therapy in the second near-infrared window.,hybridization/mismatch off-target effect,B,PubMed abstract,abstain,none,False,False,NA,0.9,none,NONE,"The loader returned an empty passage (passage_kind=""none"", passage=""""), so the gates cannot be applied against any verbatim text — per instructions this forces abstain. Independently, the available metadata is disqualifying: the title (""Adenosine triphosphate-triggered aggregable DNA micelles for triple enhanced photothermal therapy in the second near-infrared window"") describes ATP-triggered DNA micelles as a photothermal-therapy nanomaterial, not a therapeutic antisense/siRNA/PMO/aptamer oligo",,,,
274,273,significantly,40785358,,10.1111/pce.70109,CmPLL16a and CmPLL16b Regulate Cell Wall Remodelling and Somatic Embryogenesis in Castanea mollissima.,off-target evidence,C,PubMed abstract,abstain,none,False,False,NA,0.95,none,NONE,"Passage is empty (passage_kind=""none"", passage="""") so the gates cannot be applied to any supplied text -> abstain per instructions. Independently, the source (PMID 40785358) is a plant biology paper on CmPLL16a/b regulating cell wall remodelling and somatic embryogenesis in Castanea mollissima (Chinese chestnut); no therapeutic oligonucleotide is under study. The v1 ""molecule"" value ""significantly"" is a keyword-classifier artifact, not a molecule, and ""claimed_evidence_type=off-target evidence"" ",,,,
275,274,nusinersen,34445083,PMC8395096,10.3390/ijms22168378,High Concentration of an ISS-N1-Targeting Antisense Oligonucleotide Causes Massive Perturbation of the Transcriptome.,transcriptome-level off-target effect,B,PubMed abstract,abstain,none,False,True,NA,0.9,none,NONE,"The loaded record contains no passage text (passage_kind=""none"", passage=""""). With no supplied passage, the four gates cannot be applied and no verbatim grounding span can be copied, so grounding is impossible and accept is not permitted. The title (""High Concentration of an ISS-N1-Targeting Antisense Oligonucleotide Causes Massive Perturbation of the Transcriptome."", PMID 34445083) strongly suggests an in-scope ASO with an observed transcriptome-wide off-target effect, but a title is not the su",,,,
276,275,sli-siRNA,29718312,PMC6061797,10.1093/nar/gky287,Differences in silencing of mismatched targets by sliced versus diced siRNAs.,hybridization/mismatch off-target effect,C,PubMed abstract sentence 4,abstain,none,False,False,NA,0.9,none,NONE,"The supplied passage is empty (passage="""", passage_kind=""none""); only title/metadata are present. With no passage text, the gates cannot be applied: cannot verify an in-scope therapeutic oligo under study, cannot confirm a primary observed off-target result, and no verbatim grounding span can be copied. Per the rule ""If the passage is missing/too thin to apply the gates, decision=abstain."" Note the title (""Differences in silencing of mismatched targets by sliced versus diced siRNAs"") suggests me",,,,
277,276,CCR5 siRNA,28542329,PMC5443530,10.1371/journal.pone.0177935,Novel AgoshRNA molecules for silencing of the CCR5 co-receptor for HIV-1 infection.,off-target evidence,B,PubMed abstract,abstain,none,False,False,NA,0.9,none,NONE,"The loaded record for sid=276 (entity_id=277) has an EMPTY passage (passage="""", passage_kind=""none""). There is no supplied text against which to apply Gates 1-4, so no verbatim grounding span can be extracted and no accept is possible. The only available signal is the title, ""Novel AgoshRNA molecules for silencing of the CCR5 co-receptor for HIV-1 infection,"" which describes AgoshRNA (an shRNA/Dicer-independent RNAi construct) used as a silencing tool — likely out of scope (GATE 1) and not an ob",,,,
278,277,hAgo2-siRNA,27387838,PMC4962782manuscript-id: NIHMS803700,10.1021/jacs.6b06137,Structure-Guided Control of siRNA Off-Target Effects.,off-target evidence,C,PubMed abstract,abstain,none,False,False,NA,0.95,none,NONE,"The loaded record for sid=277 (entity_id=278) has passage_kind=""none"" and an empty passage string. With no supplied full-text passage, none of the four gates (molecule in scope, primary result, off-target evidence type, grounding) can be applied. The title alone (""Structure-Guided Control of siRNA Off-Target Effects"") suggests a relevant topic, but the curation rule forbids judging from anything other than the SUPPLIED PASSAGE and requires a verbatim grounding span, which cannot exist here. Per ",,,,
279,278,e8-siRNA,26625198,PMC4811489,10.18632/oncotarget.6423,Apoptosis induced by a HIPK2 full-length-specific siRNA is due to off-target effects rather than prevalence of HIPK2-Δe8 isoform.,seed-mediated off-target effect,B,PubMed abstract,abstain,none,False,False,NA,0.95,none,NONE,"The loaded record has passage_kind=""none"" and an empty passage string. With no supplied passage text, none of the four gates (molecule-in-scope, primary result, observed off-target evidence type, verbatim grounding) can be applied. The v1 claim (""seed-mediated off-target effect"" on e8-siRNA, PMID 26625198) cannot be trusted per instructions and cannot be verified against any text. The title alone is suggestive of off-target evidence but is not the supplied passage and is insufficient to verify a",,,,
280,279,DICER siRNA,26041815,PMC4527486,10.1093/hmg/ddv206,DICER/AGO-dependent epigenetic silencing of D4Z4 repeats enhanced by exogenous siRNA suggests mechanisms and therapies for FSHD.,seed-mediated off-target effect,C,PubMed abstract,abstain,none,False,False,NA,0.95,none,NONE,"The loader returned an empty passage (passage_kind=""none"", passage=""""). With no supplied full-text passage, none of the four gates can be evaluated and no verbatim grounding span can be copied. Per protocol, a missing/too-thin passage forces abstain. Separately, the v1 metadata is a red flag: the title describes DICER/AGO-dependent epigenetic silencing of D4Z4 repeats with ""exogenous siRNA"" used as a mechanistic/lab knockdown tool in FSHD biology, not a therapeutic ASO/siRNA drug under study wit",,,,
281,280,bulge-siRNA,21673662,PMC3182346,10.1038/mt.2011.109,Modified siRNA structure with a single nucleotide bulge overcomes conventional siRNA-mediated off-target silencing.,seed-mediated off-target effect,C,PubMed abstract,abstain,none,False,False,NA,0.95,none,NONE,"The loaded record for sid=280 (entity_id=281) has passage_kind=""none"" and an empty passage string. The title alone (""Modified siRNA structure with a single nucleotide bulge overcomes conventional siRNA-mediated off-target silencing"") suggests plausibly in-scope therapeutic siRNA off-target content, but no SUPPLIED PASSAGE text is present to apply the four gates against. Per instructions, when the passage is missing/too thin to apply the gates, decision=""abstain"" and grounding_quote=""NONE"". No ve",,,,
282,281,P2Y siRNA,19521552,PMC2695252,,Silencing of P2Y2 receptor delays Ap4A-corneal re-epithelialization process.,off-target evidence,B,PubMed abstract,abstain,none,False,False,NA,0.95,none,NONE,"The loaded record for sid=281 / entity_id=282 has passage_kind=""none"" and an empty passage string. With no supplied full-text passage, none of the four gates (molecule-in-scope, primary result, off-target evidence type, grounding) can be verified, and no verbatim grounding_quote can be extracted. Per the curation rule, when the passage is missing/too thin to apply the gates, the decision must be abstain. The v1 claim (""off-target evidence"", grade B, from a PubMed abstract on P2Y2 receptor silenc",,,,
283,282,GFP siRNA,18577207,PMC2443166,10.1186/1471-2199-9-60,Off-target effects of siRNA specific for GFP.,transcriptome-level off-target effect,C,PubMed abstract,abstain,none,False,False,NA,0.95,none,NONE,"The supplied passage is empty (passage_kind=""none"", passage=""""). With no passage text, none of the four gates can be applied: there is no verbatim span establishing an in-scope therapeutic oligonucleotide, no observed primary result, no off-target evidence, and no possible grounding quote. The v1 claim (GFP siRNA, ""transcriptome-level off-target effect"") and the title (""Off-target effects of siRNA specific for GFP"") cannot be trusted or substituted for the passage, and a GFP-targeting siRNA is i",,,,
284,283,TNFR1 siRNA,18096615,PMC2275081,10.1093/nar/gkm630,Knockdown of TNFR1 by the sense strand of an ICAM-1 siRNA: dissection of an off-target effect.,hybridization/mismatch off-target effect,C,PubMed abstract,abstain,none,False,False,NA,0.9,none,NONE,"The loaded record has passage_kind=""none"" and an empty passage string. With no supplied passage text, none of the four gates can be applied and no verbatim grounding span can be copied. Although the title (""Knockdown of TNFR1 by the sense strand of an ICAM-1 siRNA: dissection of an off-target effect"") is suggestive of an in-scope siRNA off-target result, the title is not part of a supplied Results/passage and cannot serve as grounding. Per the rule that a missing/too-thin passage forces decision",,,,
285,284,siCD46,15781493,PMC1069010,10.1093/nar/gki312,A systematic analysis of the silencing effects of an active siRNA at all single-nucleotide mismatched target sites.,hybridization/mismatch off-target effect,C,PubMed abstract sentence 3,abstain,none,False,False,NA,0.95,none,NONE,"The supplied passage is empty (passage_kind=""none"", passage=""""). With no full-text span available, none of the four gates can be applied: I cannot verify the in-scope therapeutic oligo, the primary-result status, the off-target evidence type, or produce a verbatim grounding quote. The v1 claim points to PMID 15781493 (a single-nucleotide-mismatch siRNA silencing study), which could plausibly be in-scope, but the curation rule forbids grounding on anything outside the supplied passage and forbids",,,,
286,285,MED-siRNA,31509065,,10.1080/15257770.2019.1663384,Design of 2'-O-methyl RNA and DNA double-stranded oligonucleotides: naturally-occurring nucleotide components with strong RNA interference gene expression inhib,off-target evidence,C,PubMed abstract,abstain,none,False,False,NA,0.95,none,NONE,"The loaded record has passage_kind=""none"" and an empty passage (""""). With no supplied text, none of the four gates can be applied: there is no verbatim span establishing an in-scope therapeutic oligonucleotide or any observed off-target result. The v1 claim (off-target evidence, grade C, from a PubMed abstract on 2'-O-methyl RNA/DNA dsRNA RNAi design) cannot be trusted or verified without text. Per protocol, a missing/too-thin passage mandates abstain with grounding_quote=""NONE"".",,,,
287,286,HBV siRNA,32738016,,10.1111/hepr.13552,Screening siRNAs against host glycosylation pathways to develop novel antiviral agents against hepatitis B virus.,off-target evidence,C,PubMed abstract,abstain,none,False,False,NA,0.95,none,NONE,"The loaded record for sid=286 (entity_id=287) has passage_kind=""none"" and an empty passage string. There is no full-text or abstract content supplied to evaluate against the gates. The v1 claim (HBV siRNA, ""off-target evidence"", PubMed abstract) cannot be verified because no passage was provided. Per the curation protocol, when the passage is missing or too thin to apply GATE 1-4, the decision must be abstain. No verbatim grounding span can be copied, so grounding_quote=""NONE"". The title alone (",,,,
288,287,SNCG siRNA,27033537,,10.1007/s10295-016-1759-1,A novel conditional gene silencing method using a tumor-specific and heat-inducible siRNA system.,off-target evidence,C,PubMed abstract,abstain,none,False,False,NA,0.95,none,NONE,"The supplied passage is empty (passage="""", passage_kind=""none"", has_full_text=false). With no text, none of the four gates can be applied: I cannot verify the molecule is an in-scope therapeutic oligo, cannot confirm a primary observed result, cannot confirm an observed off-target effect, and cannot extract any verbatim grounding span. The title alone (""A novel conditional gene silencing method using a tumor-specific and heat-inducible siRNA system"") suggests a method/efficacy paper with no off-",,,,
289,288,siDirect2,23027045,,10.1007/978-1-62703-119-6_3,Designing functional siRNA with reduced off-target effects.,seed-mediated off-target effect,B,PubMed abstract,abstain,none,False,False,NA,0.9,none,NONE,"The loader returned an empty passage (passage_kind=""none"", passage=""""). With no supplied full-text/abstract span, none of the four gates can be applied and no verbatim grounding_quote can be copied, so per instruction the decision must be abstain. Separately, the v1 record points to PMID 23027045 ""Designing functional siRNA with reduced off-target effects"" describing siDirect2, which is a computational siRNA DESIGN tool — even if a passage were present, this is a design/algorithm context (not a ",,,,
290,289,siMek1s,23682837,,10.1021/bc300642u,Effects of conformational alteration induced by D-/L-isonucleoside incorporation in siRNA on their stability in serum and silencing activity.,off-target evidence,B,PubMed abstract sentence 5,abstain,none,False,False,NA,0.95,none,NONE,"The loaded record has passage_kind=""none"" and an empty passage (""""), so there is no supplied text against which to apply any gate. The v1 claim (""off-target evidence"" for siMek1s) cannot be verified from the passage, and the title alone (""Effects of conformational alteration induced by D-/L-isonucleoside incorporation in siRNA on their stability in serum and silencing activity"") describes siRNA serum stability and silencing activity, not an observed off-target/transcriptome-wide unintended-effec",,,,
291,290,EGFP siRNA,22612256,,10.1042/CBI20110662,Cell-selective gene silencing in prostate cancer LNCap cells using prostate-specific membrane antigen promoter and enhancer in vitro and in vivo.,off-target evidence,B,PubMed abstract,abstain,none,False,False,NA,0.9,none,NONE,"The supplied passage is empty (passage="""", passage_kind=""none""), so the ACCEPT gates cannot be applied and decision must be abstain. Independently, the molecule ""EGFP siRNA"" is a reporter/lab knockdown tool, not a therapeutic oligonucleotide, which would fail GATE 1 (molecule in scope) if forced to judge. The v1 ""off-target evidence"" claim and the title (cell-selective gene silencing via PSMA promoter/enhancer) point to on-target/efficacy specificity, not an observed unintended off-target result",,,,
292,291,RTP801 siRNA,22304497,,10.1089/jop.2011.0116,"Retina expression and cross-species validation of gene silencing by PF-655, a small interfering RNA against RTP801 for the treatment of ocular disease.",hybridization/mismatch off-target effect,B,PubMed abstract,abstain,none,False,False,NA,0.95,none,NONE,"The loaded record has passage_kind=""none"" and an empty passage string, so there is no SUPPLIED PASSAGE against which to apply Gates 1-4. The v1 claimed_evidence_type (""hybridization/mismatch off-target effect"") is explicitly not to be trusted and cannot be verified. The title alone (PF-655 siRNA against RTP801, ""gene silencing"" and ""cross-species validation"") suggests an efficacy/on-target characterization rather than an observed off-target result, and title text is not the passage. With no text",,,,
293,292,fork-siRNA,21028964,,10.1089/oli.2010.0246,2'-O-methyl-modified anti-MDR1 fork-siRNA duplexes exhibiting high nuclease resistance and prolonged silencing activity.,hybridization/mismatch off-target effect,C,PubMed abstract,abstain,none,False,True,NA,0.95,none,NONE,"The supplied passage is empty (passage="""", passage_kind=""none"", has_full_text=false); only the article title is available. With no passage text, GATES 2-4 cannot be applied: there is no observed off-target result to verify and no verbatim span to ground an accept. The title alone (""anti-MDR1 fork-siRNA duplexes exhibiting high nuclease resistance and prolonged silencing activity"") describes an in-scope therapeutic siRNA but reports nuclease resistance and silencing duration, not a transcriptome-",,,,
294,293,fork-siRNA,15737617,,10.1016/j.bbrc.2005.02.012,Influence of assembly of siRNA elements into RNA-induced silencing complex by fork-siRNA duplex carrying nucleotide mismatches at the 3'- or 5'-end of the sense,hybridization/mismatch off-target effect,C,PubMed abstract sentence 2,abstain,none,False,False,NA,0.95,none,NONE,"The supplied passage is empty (passage_kind=""none"", passage="""") so none of the gates can be evaluated against any verbatim text. Only the title is available, which describes RISC-assembly/mechanism of fork-siRNA duplexes with engineered 3'/5' mismatches — a design/mechanism study, not an observed transcriptome-wide off-target result. With no passage to apply the gates and no verbatim span to quote, the strict policy mandates abstain (grounding_quote=""NONE"").",,,,
295,294,SARS- siRNA,37272117,PMC10243379,10.1080/15476286.2023.2217400,Biochemistry-informed design selects potent siRNAs against SARS-CoV-2.,hybridization/mismatch off-target effect,B,PubMed abstract,abstain,none,False,True,NA,0.9,none,NONE,"The loaded record has passage_kind=""none"", passage="""" and has_full_text=false. No SUPPLIED PASSAGE text exists to apply the gates, and no verbatim span can be copied to ground an accept, so grounding_quote=NONE. The only available text is the title (""Biochemistry-informed design selects potent siRNAs against SARS-CoV-2""), which signals on-target potency/design (efficacy), not an observed off-target/transcriptome-wide result; it is also a title, not a primary Results passage. Per instructions, wh",,,,
296,295,PE- siRNA,38203580,PMC10778708,10.3390/ijms25010401,YB-1 Is a Novel Target for the Inhibition of α-Adrenergic-Induced Hypertrophy.,seed-mediated off-target effect,B,PubMed abstract,abstain,none,False,False,NA,0.95,none,NONE,"The loaded record has passage_kind=""none"" and an empty passage string (""""). There is no full-text content to apply any of the four gates against. Per the curation protocol, when the passage is missing or too thin to apply the gates, the decision must be abstain. The v1 claim (""seed-mediated off-target effect"", PubMed abstract, PE-siRNA) cannot be verified or refuted because no passage text was supplied. No verbatim grounding span exists, so grounding_quote=""NONE"" and no accept is possible.",,,,
297,296,SNRPD3 siRNA,34703654,PMC8517100,10.1016/j.omtn.2021.09.004,Non-targeting control for MISSION shRNA library silences SNRPD3 leading to cell death or permanent growth arrest.,off-target evidence,C,PubMed abstract,abstain,none,False,False,NA,0.9,none,NONE,"Supplied passage is empty (passage_kind=""none"", passage=""""), so the gates cannot be applied to verbatim text -> abstain per instructions. Additionally, the only available metadata (title) describes a non-targeting control for a MISSION shRNA library silencing SNRPD3; shRNA is explicitly out of scope (GATE 1), and a non-targeting control is not a therapeutic oligonucleotide under study, so even if text existed this would likely reject. No passage span exists to ground an accept.",,,,
298,297,PCBP2 siRNA,34095140,PMC8172583,10.3389/fcell.2021.671806,Knockdown of Splicing Complex Protein PCBP2 Reduces Extravillous Trophoblast Differentiation Through Transcript Switching.,transcriptome-level off-target effect,B,PubMed abstract,abstain,none,False,False,NA,0.9,none,NONE,"The loaded record for sid=297 (entity_id 298) has an empty passage (""passage"": """", passage_kind=""none""), so there is no supplied text to which the four gates can be applied. Per instructions, a missing/too-thin passage mandates abstain. Separately, the title (""Knockdown of Splicing Complex Protein PCBP2 Reduces Extravillous Trophoblast Differentiation Through Transcript Switching"") indicates a basic-biology siRNA knockdown used as a lab tool to study trophoblast differentiation, not a therapeuti",,,,
299,298,INCENP siRNA,31416840,PMC6774870manuscript-id: NIHMS1537537,10.1158/0008-5472.CAN-19-0695,"Targeting the Chromosomal Passenger Complex Subunit INCENP Induces Polyploidization, Apoptosis, and Senescence in Neuroblastoma.",off-target evidence,B,PubMed abstract,abstain,none,False,False,NA,0.95,none,NONE,"The loader returned an empty passage (passage_kind=""none"", passage=""""), so there is no source text to apply the gates against and no verbatim span to ground any accept. Per protocol, a missing/too-thin passage forces abstain. Independent of that, the v1 claim is also unsupportable: ""INCENP siRNA"" reads as a research/lab knockdown tool against a cell-cycle gene (chromosomal passenger complex) in a neuroblastoma functional study, not a therapeutic oligonucleotide under study (fails GATE 1), and th",,,,
300,299,HCV siRNA,27441640,PMC4956106,10.1371/journal.pone.0159211,In Silico Design and Experimental Validation of siRNAs Targeting Conserved Regions of Multiple Hepatitis C Virus Genotypes.,off-target evidence,B,PubMed abstract,abstain,none,False,False,NA,0.95,none,NONE,"The loader returned an empty passage (passage_kind=""none"", passage=""""). With no full-text content, none of the four gates can be applied: there is no text establishing the in-scope oligo nor any observed off-target result, and no verbatim span can be copied. Title/molecule fields (""HCV siRNA"", in-silico design + experimental validation) are insufficient and the v1 claim cannot be trusted. Per the rule that a missing/too-thin passage forces abstain, decision=abstain. grounding_quote=NONE.",,,,
301,300,dicer-substrate-siRNA,27306408,PMC4956154,10.1177/1744806916653969,Functional inhibition of chemokine receptor CCR2 by dicer-substrate-siRNA prevents pain development.,hybridization/mismatch off-target effect,B,PubMed abstract,abstain,none,False,False,NA,0.95,none,NONE,"The loaded record has an empty passage (passage="""" and passage_kind=""none""), so there is no full-text content to apply the gates against. The title concerns a dicer-substrate-siRNA against CCR2 for pain prevention (an efficacy/functional-inhibition context), but no passage text is supplied to verify an in-scope oligo OR an observed off-target (seed/mismatch/hybridization/transcriptome-wide) result. With no quotable verbatim span available, GATE 4 grounding cannot be satisfied and the off-target ",,,,
302,301,rnd-siRNA,26516083,PMC4647466,10.1261/rna.053637.115,Properties of short double-stranded RNAs carrying randomized base pairs: toward better controls for RNAi experiments.,seed-mediated off-target effect,B,PubMed abstract sentence 6,abstain,none,False,False,NA,0.95,none,NONE,"The loaded record has has_full_text=false and passage="""" (passage_kind=""none""). No passage text is supplied, so GATE 1-4 cannot be applied and no verbatim grounding span exists. Per the rule ""If the passage is missing/too thin to apply the gates, decision=abstain"", I abstain. The v1 claim (seed-mediated off-target, grade B, ""PubMed abstract sentence 6"") cannot be verified because the abstract/full-text passage was not provided. The title alone (""...randomized base pairs: toward better controls f",,,,
303,302,RAS siRNA,25100204,PMC4184972manuscript-id: NIHMS620732,10.1158/2159-8290.CD-13-0900,Development of siRNA payloads to target KRAS-mutant cancer.,off-target evidence,B,PubMed abstract,abstain,none,False,False,NA,0.95,none,NONE,"The loaded record for sid=302 (entity_id=303) supplies no passage: passage_kind=""none"" and passage="""" (empty string). With zero full-text content there is nothing against which to apply GATE 1 (molecule in scope), GATE 2 (primary result), GATE 3 (observed off-target evidence type), or GATE 4 (verbatim grounding). The v1 claim (RAS siRNA / ""off-target evidence"" / ""PubMed abstract"", PMID 25100204) cannot be trusted or verified absent the text, and no exact verbatim span can be quoted, so an accept",,,,
304,303,Peptide-siRNA,25157820,PMC4191028,10.1172/JCI75673,Peptide-siRNA nanocomplexes targeting NF-κB subunit p65 suppress nascent experimental arthritis.,off-target evidence,C,PubMed abstract,abstain,none,False,False,NA,0.95,none,NONE,"The loaded record for sid=303 (entity_id=304) has passage_kind=""none"" and an empty passage string. No full-text content was supplied, so none of the four gates can be evaluated against an actual passage. The title alone (""Peptide-siRNA nanocomplexes targeting NF-kB subunit p65 suppress nascent experimental arthritis"") suggests an efficacy/tumor-or-disease-suppression readout, not an observed off-target result, and provides no verbatim span establishing both an in-scope therapeutic oligo and an o",,,,
305,304,ss-siRNA,22939619,PMC3444165manuscript-id: NIHMS400047,10.1016/j.cell.2012.08.002,Single-stranded RNAs use RNAi to potently and allele-selectively inhibit mutant huntingtin expression.,hybridization/mismatch off-target effect,B,PubMed abstract,abstain,none,False,False,NA,0.95,none,NONE,"The loaded record for sid=304 (entity_id=305) has an empty passage (passage_kind=""none"", passage=""""). With no full-text content available, none of the four gates can be evaluated and no exact verbatim grounding span can be copied. Although the title (""Single-stranded RNAs use RNAi to potently and allele-selectively inhibit mutant huntingtin expression"") suggests a plausibly in-scope ss-siRNA/RNAi-therapeutic agent, the v1 claim of a ""hybridization/mismatch off-target effect"" cannot be verified a",,,,
306,305,PARP1 siRNA,22761791,PMC3384639,10.1371/journal.pone.0039419,A magnetic bead-integrated chip for the large scale manufacture of normalized esiRNAs.,off-target evidence,C,PubMed abstract,abstain,none,False,False,NA,0.9,none,NONE,"The loader returned an empty passage (passage="""" , passage_kind=""none""), so there is no supplied text against which to apply the gates and no verbatim span to ground either an in-scope therapeutic oligonucleotide or an observed off-target result. Per protocol, a missing/too-thin passage yields abstain. Separately, the title (""A magnetic bead-integrated chip for the large scale manufacture of normalized esiRNAs"") suggests a manufacturing/method paper about esiRNAs as research knockdown reagents r",,,,
307,306,NET1 siRNA,21284875,PMC3041777,10.1186/1471-2407-11-50,A functional and transcriptomic analysis of NET1 bioactivity in gastric cancer.,transcriptome-level off-target effect,B,PubMed abstract,abstain,none,False,False,NA,0.9,none,NONE,"The loader returns an empty passage (passage_kind=""none"", has_full_text=false, passage=""""). With no supplied passage text, GATES 1-4 cannot be applied and no verbatim grounding span can be copied, so per instructions decision=abstain. On the available metadata alone the record also looks out of scope: the title ""A functional and transcriptomic analysis of NET1 bioactivity in gastric cancer"" indicates NET1 siRNA used as a lab knockdown TOOL (not a therapeutic oligonucleotide under study), and the",,,,
308,307,SNF2H siRNA,21249171,PMC3023163,10.1128/mBio.00330-10,Cellular SNF2H chromatin-remodeling factor promotes herpes simplex virus 1 immediate-early gene expression and replication.,off-target evidence,C,PubMed abstract,abstain,none,False,False,NA,0.9,none,NONE,"Supplied passage is empty (passage_kind=""none"", passage=""""), so the gates cannot be applied against any verbatim text and grounding is impossible; per the missing/too-thin rule, decision=abstain. Independently, the metadata indicates SNF2H siRNA is used as a laboratory knockdown TOOL to probe a host chromatin-remodeling factor's role in HSV-1 immediate-early gene expression/replication (title: ""Cellular SNF2H chromatin-remodeling factor promotes herpes simplex virus 1 immediate-early gene expres",,,,
309,308,E6 siRNA,20885450,PMC2994641,10.1038/cgt.2010.38,Highly potent and specific siRNAs against E6 or E7 genes of HPV16- or HPV18-infected cervical cancers.,off-target evidence,B,PubMed abstract,abstain,none,False,True,NA,0.95,none,NONE,"The loaded record has an empty passage (passage="""", passage_kind=""none"", has_full_text=false); only a title is present. Per protocol, when the passage is missing/too thin to apply the gates, the decision is abstain. Although the title names an in-scope therapeutic siRNA against HPV16/18 E6/E7, there is no supplied passage to establish GATE 2 (primary observed result), GATE 3 (an OBSERVED unintended off-target/transcriptome-wide effect — the title's ""specific"" denotes on-target/efficacy specifici",,,,
310,309,RANK siRNA,20333451,PMC2885461manuscript-id: NIHMS196456,10.1007/s11095-010-0099-5,siRNA knock-down of RANK signaling to control osteoclast-mediated bone resorption.,off-target evidence,C,PubMed abstract sentence 8,abstain,none,False,False,NA,0.95,none,NONE,"The supplied passage is empty (passage="""", passage_kind=""none""), so there is no verbatim source text against which to apply the four gates. Per protocol, a missing/too-thin passage forces abstain. The v1 claim (""off-target evidence"", grade C) cannot be verified or refuted without text, and grounding requires an exact span that does not exist here. The molecule name ""RANK siRNA"" plus the title (""siRNA knock-down of RANK signaling to control osteoclast-mediated bone resorption"") suggests an effica",,,,
311,310,NR1 siRNA,19185544,PMC2699265manuscript-id: NIHMS110850,10.1016/j.jpain.2008.09.013,siRNA-mediated knockdown of the NR1 subunit gene of the NMDA receptor attenuates formalin-induced pain behaviors in adult rats.,hybridization/mismatch off-target effect,B,PubMed abstract,abstain,none,False,False,NA,0.95,none,NONE,"The loaded record for sid=310 (entity_id=311) contains NO passage: passage="""" , passage_kind=""none"", has_full_text=false. There is no SUPPLIED PASSAGE against which to apply the gates, and no verbatim span can be copied for grounding, so per the rule ""If the passage is missing/too thin to apply the gates, decision=abstain."" Independently, the title alone (""siRNA-mediated knockdown of the NR1 subunit ... attenuates formalin-induced pain behaviors in adult rats"") indicates an siRNA used as a resea",,,,
312,311,MEK siRNA,19919690,PMC2781803,10.1186/1476-4598-8-104,Expression and function of hypoxia inducible factor-1 alpha in human melanoma under non-hypoxic conditions.,off-target evidence,C,PubMed abstract,abstain,none,False,False,NA,0.95,none,NONE,"The supplied passage is empty (passage_kind=""none"", passage=""""), so no gate can be verified against full text. Per instructions, a missing/too-thin passage requires abstain. The title alone (""Expression and function of HIF-1 alpha in human melanoma under non-hypoxic conditions"") indicates HIF-1alpha melanoma biology; the v1 ""MEK siRNA"" is, on the available metadata, a laboratory knockdown tool rather than a therapeutic oligonucleotide under study, but with no passage I cannot confirm scope, prim",,,,
313,312,short ASO,19430205,PMC2734876manuscript-id: NIHMS116332,10.4161/rna.6.3.8723,A short antisense oligonucleotide masking a unique intronic motif prevents skipping of a critical exon in spinal muscular atrophy.,off-target evidence,B,PubMed abstract,abstain,none,False,True,NA,0.9,none,NONE,"The loaded record has passage="""" and passage_kind=""none"" — there is no supplied passage text to apply the four gates against. With no full-text span available, none of the gates (PRIMARY RESULT, OFF-TARGET EVIDENCE TYPE, GROUNDING) can be adjudicated and no verbatim grounding span can be copied. The title alone (""a short antisense oligonucleotide masking a unique intronic motif prevents skipping of a critical exon in spinal muscular atrophy"") describes an in-scope therapeutic ASO but an on-targe",,,,
314,313,HBV siRNA,18378325,PMC7112819,10.1016/j.jviromet.2008.02.008,Inhibition of hepatitis B virus gene expression and replication by endoribonuclease-prepared siRNA.,off-target evidence,C,PubMed abstract,abstain,none,False,True,NA,0.9,none,NONE,"The loader returned passage_kind=""none"" and an empty passage (has_full_text=false); only the article title is available. With no passage body, GATEs 2-4 cannot be applied: there is no observed primary result, no off-target text, and no verbatim span to ground an accept. The title alone (""Inhibition of hepatitis B virus gene expression and replication by endoribonuclease-prepared siRNA"") describes on-target knockdown/efficacy, not an observed off-target/seed/mismatch/transcriptome-wide effect, so",,,,
315,314,LEDGF siRNA,16439544,PMC1367129,10.1128/JVI.80.4.1886-1896.2006,Transient and stable knockdown of the integrase cofactor LEDGF/p75 reveals its role in the replication cycle of human immunodeficiency virus.,hybridization/mismatch off-target effect,C,PubMed abstract,abstain,none,False,False,NA,0.95,none,NONE,"The loader returned an empty passage (passage_kind=""none"", passage=""""). With no supplied text I cannot verify any gate: molecule scope, primary-result status, off-target evidence type, or extract a verbatim grounding quote. Per the abstain rule for missing/too-thin passages, decision=abstain. Note: the v1 claim (""LEDGF siRNA"", title about LEDGF/p75 knockdown in HIV replication) suggests an oligo used as a laboratory knockdown TOOL to study a host cofactor, not a therapeutic ASO/siRNA under safet",,,,
316,315,siRNA-4,15681418,PMC546545,10.1128/JVI.79.4.2151-2159.2005,Inhibition of coxsackievirus B3 replication by small interfering RNAs requires perfect sequence match in the central region of the viral positive strand.,hybridization/mismatch off-target effect,C,PubMed abstract,abstain,none,False,False,NA,0.9,none,NONE,"The loaded record for sid=315 (entity_id=316) has passage_kind=""none"", an empty passage, and has_full_text=false. There is no supplied passage text against which to apply the gates, and no verbatim span can be copied to satisfy GATE 4 (grounding), so grounding_quote=""NONE"". Per the rule ""If the passage is missing/too thin to apply the gates, decision=abstain."" Metadata alone (title: siRNAs vs coxsackievirus B3 requiring perfect central-region sequence match) is non-grounding and, even if used, d",,,,
317,316,apoCIII-siRNA,36039858,,10.1002/biof.1885,Treatment of the metabolic syndrome by siRNA targeting apolipoprotein CIII.,off-target evidence,B,PubMed abstract,abstain,none,False,False,NA,0.95,none,NONE,"The supplied passage is empty (passage="""", passage_kind=""none""). With no full-text content, none of the four gates can be applied: I cannot verify the molecule is an in-scope therapeutic oligonucleotide under study, cannot confirm a primary observed result, cannot identify an observed off-target (seed/mismatch/hybridization/transcriptome-wide) effect, and cannot extract any verbatim grounding span. The v1 claim (off-target evidence, B, PubMed abstract) is unverifiable and not trusted. Per the mi",,,,
318,317,siRNA-7,37478121,,10.1002/biot.202300060,Multiple suppressing small interfering RNA for cancer treatment-Application to triple-negative breast cancer.,transcriptome-level off-target effect,C,PubMed abstract sentence 4,abstain,none,False,False,NA,0.95,none,NONE,"The loader returned an empty passage (passage_kind=""none"", has_full_text=false). Only a title and an unverifiable v1 claim (""transcriptome-level off-target effect"" from ""PubMed abstract sentence 4"") exist; neither the abstract nor any full-text Results span is present in the record. With no supplied passage, none of the four gates can be applied: there is no observed off-target result text and no verbatim span to ground an in-scope oligo plus an unintended-effect finding. The title alone (""Multi",,,,
319,318,BRAFV600E siRNA,29326440,,10.1038/s41388-017-0063-5,BRAF inhibition upregulates a variety of receptor tyrosine kinases and their downstream effector Gab2 in colorectal cancer cell lines.,off-target evidence,B,PubMed abstract,abstain,none,False,False,NA,0.95,none,NONE,"The loaded record has passage_kind=""none"" and an empty passage (""""). With no supplied passage text, none of the four gates can be applied: there is no content to verify the in-scope oligo (GATE 1), no observed/measured primary result (GATE 2), no observed off-target evidence type (GATE 3), and no verbatim span available to ground an accept (GATE 4), so grounding_quote=""NONE"". The only available metadata (title: ""BRAF inhibition upregulates a variety of receptor tyrosine kinases and their downstr",,,,
320,319,EV siRNA,22921338,,10.1016/j.antiviral.2012.08.003,A novel minicircle vector based system for inhibting the replication and gene expression of enterovirus 71 and coxsackievirus A16.,off-target evidence,B,PubMed abstract,abstain,none,False,False,NA,0.95,none,NONE,"The loader returned an empty passage (passage_kind=""none"", has_full_text=false); only the article title is available. With no supplied full-text passage, GATES 1-4 cannot be applied and no verbatim grounding span can be copied, so per the rule ""passage missing/too thin -> abstain"". Note (title-only, non-binding): the title describes a minicircle DNA-vector-based system inhibiting EV71/CVA16 replication/gene expression, i.e. a vector-expressed RNAi/shRNA tool rather than a synthetic therapeutic o",,,,
321,320,ALS- siRNA,21362317,,,Design of functional small interfering RNAs targeting amyotrophic lateral sclerosis-associated mutant alleles.,hybridization/mismatch off-target effect,B,PubMed abstract,abstain,none,False,False,NA,0.95,none,NONE,"The loaded record for sid=320 (entity_id=321) supplies an EMPTY passage (passage_kind=""none"", passage=""""). With no full-text span available, none of the four gates can be evaluated against actual content. The v1 claim (""hybridization/mismatch off-target effect"" from a PubMed abstract on siRNAs targeting ALS-associated mutant alleles, PMID 21362317) cannot be trusted or verified per instructions, and the title alone describes allele-selective design rather than an OBSERVED transcriptome-wide/seed",,,,
322,321,siRNA45,18839783,,,Inhibition of human metapneumovirus replication by small interfering RNA.,hybridization/mismatch off-target effect,B,PubMed abstract,abstain,none,False,False,NA,0.9,none,NONE,"The loaded record has passage_kind=""none"" and an empty passage string. There is no supplied passage text against which to apply the gates. The title (""Inhibition of human metapneumovirus replication by small interfering RNA"") suggests an antiviral efficacy study rather than an observed off-target result, but the title alone is insufficient evidence and is not the supplied passage. Per the rule that a missing/too-thin passage requires abstain, and since no verbatim grounding quote establishing bo",,,,
323,322,EV71 siRNA,17316836,,10.1016/j.antiviral.2007.01.004,Enhanced potency and efficacy of 29-mer shRNAs in inhibition of Enterovirus 71.,off-target evidence,C,PubMed abstract,abstain,none,False,False,NA,0.9,none,NONE,"The supplied passage is empty (passage_kind=""none"", passage=""""). With no full-text content I cannot apply GATEs 1-4 to verify any in-scope therapeutic oligo or any observed off-target result, so per the missing/too-thin rule the decision is abstain. Note the title (""29-mer shRNAs in inhibition of Enterovirus 71"", PMID 17316836) signals shRNA, which is explicitly out of scope under GATE 1, but I cannot ground a reject on title alone with no passage. grounding_quote=NONE.",,,,
324,323,GFP siRNA,18066915,,10.1080/15257770701504033,RNAi activity of siRNAs modified with 2'-aminoalkyl-substituted fluorinated nucleobases.,hybridization/mismatch off-target effect,C,PubMed abstract,abstain,none,False,False,NA,0.95,none,NONE,"The loaded record has passage_kind=""none"" and an empty passage (""""). With no supplied full-text passage, none of the four gates can be applied: there is no text to verify the molecule is an in-scope therapeutic oligonucleotide, no observed primary result, no off-target evidence, and no verbatim span to ground an accept. The v1 claim (""hybridization/mismatch off-target effect"", GFP siRNA, from PubMed abstract) cannot be trusted and cannot be verified against absent text. Furthermore, ""GFP siRNA"" ",,,,
325,324,TAK1 siRNA,16843436,,10.1016/j.bbrc.2006.06.121,Small interfering RNAs generated by recombinant dicer induce inflammatory gene expression independent from the TAK1-NFkappaB-MAPK signaling pathways.,transcriptome-level off-target effect,B,PubMed abstract,abstain,none,False,False,NA,0.95,none,NONE,"The loaded record for sid=324 (entity_id 325) has an empty passage field (""passage"": """") and passage_kind=""none"". With no supplied passage text, none of the four gates can be applied: there is no verbatim span to establish either an in-scope therapeutic oligonucleotide under study or an observed off-target result. The v1 claim (""transcriptome-level off-target effect"", molecule ""TAK1 siRNA"") cannot be trusted or verified without text, and the v1 location was only a ""PubMed abstract"" that was not ",,,,
326,325,siRNA-M184V,16290277,,10.1016/j.antiviral.2005.10.001,Inhibition of drug-resistant HIV-1 by RNA interference.,hybridization/mismatch off-target effect,C,PubMed abstract,abstain,none,False,False,NA,0.95,none,NONE,"The loader returned an empty passage (passage_kind=""none"", passage=""""). With no supplied passage text, none of the four gates can be applied: there is no text to confirm the in-scope oligo, no observed result to verify, and no verbatim span to ground a quote. The v1 claim (hybridization/mismatch off-target effect for siRNA-M184V from PMID 16290277, an HIV-1 RNAi paper) cannot be trusted or verified without the full-text passage. Per the abstain rule for missing/too-thin passages, decision=abstai",,,,
327,326,WNV siRNA,16870272,,10.1016/j.antiviral.2006.06.005,Expression of vector-based small interfering RNA against West Nile virus effectively inhibits virus replication.,hybridization/mismatch off-target effect,C,PubMed abstract,abstain,none,False,False,NA,0.9,none,NONE,"The supplied passage is empty (passage_kind=""none"", passage=""""), so the gates cannot be applied to any verbatim text -> abstain. Even the metadata signals an out-of-scope/efficacy record: the molecule is ""vector-based small interfering RNA"" (expressed shRNA/viral-vector RNAi against West Nile virus, not a synthetic therapeutic oligonucleotide), and the title reports efficacy (""effectively inhibits virus replication""), not any observed off-target/seed/hybridization-dependent transcriptome result.",,,,
328,327,DNP-siRNA,16201907,,10.1089/oli.2005.15.196,Biomembrane-permeable and Ribonuclease-resistant siRNA with enhanced activity.,hybridization/mismatch off-target effect,C,PubMed abstract,abstain,none,False,False,NA,0.95,none,NONE,"The supplied passage is empty (passage_kind=""none"", passage=""""). There is no full-text span to apply any of the four gates against, and the v1 claim (""hybridization/mismatch off-target effect"", grade C, from a PubMed abstract) cannot be verified without text. The molecule ""DNP-siRNA"" is nominally an siRNA modality, but with zero passage content I cannot confirm it is the agent under study, cannot confirm a primary observed result, and cannot confirm any observed off-target effect. Per the rule """,,,,
329,328,EV71 siRNA,16083932,,10.1016/j.virol.2005.06.047,RNA interference against enterovirus 71 infection.,off-target evidence,C,PubMed abstract,abstain,none,False,False,NA,0.9,none,NONE,"The loaded record has passage_kind=""none"" and an empty passage string, so there is no supplied text against which to apply Gates 1-4. With no full-text passage, the gates cannot be evaluated and no verbatim grounding span can be extracted, so per the rules the decision is abstain. Note (not relied upon): the v1 metadata (""EV71 siRNA"", title ""RNA interference against enterovirus 71 infection"") indicates an antiviral/efficacy siRNA context rather than an observed off-target result, which would not",,,,
330,329,GFP siRNA,15707982,,10.1016/j.bbrc.2005.01.066,Transient strong reduction of PTEN expression by specific RNAi induces loss of adhesion of the cells.,transcriptome-level off-target effect,B,PubMed abstract,abstain,none,False,False,NA,0.95,none,NONE,"The loaded record for sid=329 (entity_id 330) has an empty passage field and passage_kind=""none"". No full-text or abstract text was supplied, so GATE 1-4 cannot be applied and no verbatim grounding span can be extracted. Per the rule ""If the passage is missing/too thin to apply the gates, decision=abstain"". The v1 claim (GFP siRNA, transcriptome-level off-target, title about PTEN RNAi) is unverifiable without the passage; GFP siRNA is also a non-therapeutic laboratory reporter knockdown reagent,",,,,
331,330,F7-1 siRNA,22258146,PMC3342946,10.4161/rna.9.1.18121,Single base mismatches in the mRNA target site allow specific seed region-mediated off-target binding of siRNA targeting human coagulation factor 7.,seed-mediated off-target effect,B,Results > Enrichment analysis of seed region matches in F7-1 off-target genes; paragraph 13,abstain,none,False,False,NA,0.9,none,NONE,"The supplied passage is empty (passage="""" , passage_kind=""none""), so none of the gates can be applied from source text. Per protocol I do not trust the v1 claimed_evidence_type (""seed-mediated off-target effect"") or the title alone. With no verbatim text I cannot confirm an in-scope therapeutic oligo as agent under study (GATE 1), a primary observed result (GATE 2), an observed off-target effect vs computational/design-only (GATE 3), or produce a grounding quote (GATE 4). Passage missing/too thi",,,,
332,331,DNA-modified siRNA,18267968,PMC2367719,10.1093/nar/gkn042,Functional dissection of siRNA sequence by systematic DNA substitution: modified siRNA with a DNA seed arm is a powerful tool for mammalian gene silencing with ,seed-mediated off-target effect,B,RESULTS > Genome-wide analysis of off-target effects due to DNA-modified-siRNA-dependent gene silencing; paragraph 35,abstain,none,False,False,NA,0.9,none,NONE,"The SUPPLIED PASSAGE is empty (passage="""" and passage_kind=""none""). With no full-text passage to read, none of the four gates can be applied: I cannot verify the in-scope oligo, cannot confirm an observed primary result, cannot confirm an observed off-target (non-computational) evidence type, and cannot copy a verbatim grounding span. The title and v1 claimed_location suggest a DNA-modified-siRNA genome-wide off-target study (potentially in scope), but the rules forbid trusting v1 claims or inve",,,,
333,332,ATXN3-AON,41066632,PMC12581821,10.1093/hmg/ddaf153,Determining off-target effects of splice-switching antisense oligonucleotides using short read RNAseq in neuronally differentiated human induced pluripotent ste,hybridization/mismatch off-target effect,B,Results > Hybridization-dependent off-target splicing events do not play a major role after transfection; paragraph 19,accept,offtarget_observed,True,True,A,0.93,pmc_full_text,"For ATXN3-AON, the genes showing potentially hybridization-dependent events were mainly related to cellular component organization, neurogenesis and RNA processing, and included the splice regulating genes HNRNPA1, HNRNPC, SF3A3 and SUPT6H.","In-scope therapeutic splice-switching AON (ATXN3-AON, 2'-MOE/PS) is the agent under study. Passage reports observed, transcriptome-wide (short-read RNAseq via rMATS+Whippet) hybridization-dependent off-target splicing events specific to ATXN3-AON — 117 potential hybridization-dependent events, 19 with larger dPSI than the intended ATXN3 exon-10 skip, 5 reproduced across cell lines (GOLGA3, FLOT1, RFX4) and validated by RT-PCR. This is an observed unintended-effect/off-target result (not computat",,,,
334,333,modified duplex,41994868,PMC13096799,10.1093/nar/gkag345,Acyclic serinol nucleic acid modification of siRNAs overcomes seed region mediated off-target effects while maintaining potency.,seed-mediated off-target effect,B,Results > In vitro gene silencing of modified siRNA containing SNA modifications; paragraph 28,accept,offtarget_observed,True,True,A,0.9,pmc_full_text,"This GalNAc–siRNA was also chosen because it has shown robust miRNA-like off-target behavior, resulting in a strong signal in the dual-luciferase off-target reporter assay, substantial transcriptome dysregulation in RNA sequencing of treated hepatocytes, and toxicity in rats when administered at supratherapeutic doses [21].","Agent under study is a GalNAc-conjugated siRNA (RNAi therapeutic) modified with SNA — clearly in scope (GATE 1 pass). Passage is full-text Results (""Analysis of miRNA-like off-target activity in a luciferase reporter assay""), reporting observed measurements, not background/methods (GATE 2 pass). The evidence is an OBSERVED seed-mediated/miRNA-like off-target effect: the parent GalNAc-siRNA shows robust miRNA-like off-target behavior with a strong dual-luciferase off-target reporter signal and su",,,,
335,334,E6 siRNA,33664996,PMC7900643,10.1016/j.omtn.2021.01.018,AGO-accessible anticancer siRNAs designed with synergistic miRNA-like activity.,seed-mediated off-target effect,B,Results > Transcriptome-wide analyses of mi/siRNAs targeting E6/E7; paragraph 17,accept,offtarget_observed,True,True,A,0.9,pmc_full_text,"Notably, E6 siRNA inadvertently repressed its own off-targets through the seed sequences (E6 seed sites in the 3ʹ UTRs; Figure S3C), implicating widespread miRNA-like off-target activity and highlighting the risks in using siRNAs.","In-scope therapeutic siRNA (E6 siRNA, an RNAi therapeutic; mi/siRNAs 206/E7 and 218/E7 are RNAi-medicine candidates delivered in vivo via PEI). GATE 2 met: the cited span sits in the Results ""Transcriptome-wide analyses of mi/siRNAs targeting E6/E7"" section reporting measured RNA-seq outcomes (RPKM ratios, KS tests, DEG counts), not intro/methods. GATE 3 met: the grounding quote reports an OBSERVED seed-mediated, transcriptome-wide (RNA-seq) off-target effect of the therapeutic E6 siRNA (""inadve",,,,
336,335,sli-siRNA,29718312,PMC6061797,10.1093/nar/gky287,Differences in silencing of mismatched targets by sliced versus diced siRNAs.,seed-mediated off-target effect,B,RESULTS > Reporters to test the silencing efficiency of RNAi triggers against mismatched targets; paragraph 20,abstain,none,False,False,NA,0.95,none,NONE,"The loader returned an empty passage (passage_kind=""none"", passage=""""). With no supplied text I cannot apply Gates 1-4 or verify the v1 claims (claimed_evidence_type ""seed-mediated off-target effect"", claimed_location RESULTS paragraph 20). No verbatim span exists to ground an accept, and the title alone (""Differences in silencing of mismatched targets by sliced versus diced siRNAs"") suggests an on-target mismatched-target silencing-efficiency study rather than an observed transcriptome-wide off",,,,
337,336,UNA-T siRNA,21047800,PMC3061082,10.1093/nar/gkq961,Improved specificity of gene silencing by siRNAs containing unlocked nucleobase analogs.,seed-mediated off-target effect,B,RESULTS > Global off-target analysis; paragraph 23,abstain,none,False,False,NA,0.95,none,NONE,"The loaded record has an empty passage (passage="""" and passage_kind=""none""). With no full-text content supplied, none of the four gates can be verified: I cannot confirm the in-scope therapeutic oligo, cannot confirm a primary/observed result, cannot confirm an observed off-target effect, and cannot extract any verbatim grounding span. The v1 claim (UNA-T siRNA, seed-mediated off-target, PMID 21047800) is plausible on its face but instructions forbid trusting the v1 claim and require judging str",,,,
338,337,siCD46 siRNA,18420656,PMC2396434,10.1093/nar/gkn190,Analysis of siRNA specificity on targets with double-nucleotide mismatches.,hybridization/mismatch off-target effect,B,RESULTS > Comparison of site-specific alterations in siRNA or target sequence; paragraph 15,abstain,none,False,False,NA,0.95,none,NONE,"The loaded record has passage_kind=""none"" and an empty passage string. With no supplied passage text, none of the four gates can be evaluated against verbatim content, and no grounding_quote can be copied. Although the title (""Analysis of siRNA specificity on targets with double-nucleotide mismatches."", PMID 18420656) and v1 metadata suggest a plausible mismatch/hybridization off-target siRNA study, the curation rule requires judging strictly from the SUPPLIED PASSAGE and forbids inventing conte",,,,
339,338,BTK siRNA,16091630,PMC1184219,10.1093/nar/gki762,siRNA-mediated off-target gene silencing triggered by a 7 nt complementation.,seed-mediated off-target effect,B,RESULTS > A 7 nt complementation between the original GRK4(O)/BTK(O) siRNAs and the hif-1α mRNA triggers the degradation,abstain,none,False,False,NA,0.95,none,NONE,"The loaded record has passage_kind=""none"" and an empty passage (""""), so there is no supplied full-text span against which to apply Gates 1-4. The v1 metadata (BTK siRNA, ""seed-mediated off-target effect"", 7 nt complementation triggering hif-1alpha degradation, PMID 16091630) cannot be trusted per instructions and cannot substitute for the missing passage. With no verbatim text to ground either an in-scope therapeutic oligo or an observed off-target result, the gates cannot be evaluated; per the ",,,,
340,339,GR18-3 ASO,34994962,PMC8766371,10.1007/s40291-021-00573-z,Reduction of Off-Target Effects of Gapmer Antisense Oligonucleotides by Oligonucleotide Extension.,hybridization/mismatch off-target effect,B,Results > Comparative Analysis of Off-Target Effects; paragraph 23,abstain,none,False,False,NA,0.95,none,NONE,"The loaded record for sid=339 (entity_id=340) has an empty passage (""passage"": """", passage_kind=""none""). The title alone (""Reduction of Off-Target Effects of Gapmer Antisense Oligonucleotides by Oligonucleotide Extension"", PMID 34994962) suggests an in-scope gapmer ASO topic, but the curation rules require judging strictly from the SUPPLIED PASSAGE and extracting an EXACT verbatim span establishing both the in-scope oligo and an observed off-target result. With no passage text, GATE 2 (primary r",,,,
341,340,PCSK9 siRNA,41541269,PMC12800395,10.1016/j.omtn.2025.102801,Ribofuranose-based GalNAc-conjugated siRNA enhances the liver-targeted delivery and elicits robust RNAi-mediated gene silencing.,off-target evidence,B,Results > The tissue pharmacokinetic parameters of GalNAc-siRNA conjugates in Sprague-Dawley rats; paragraph 12,reject,pk_biodistribution,False,True,NA,0.94,pmc_full_text,NONE,"In-scope therapeutic GalNAc-siRNA (PCSK9-targeting inc-G5/inc-G1/inc-L96), and the passage reports primary measured results — so Gates 1 and 2 pass. But Gate 3 (off-target evidence type) fails: the passage contains only on-target efficacy (serum/liver PCSK9 knockdown via ELISA/qPCR), biodistribution (liver/kidney fluorescence, liver-to-kidney ratio), and tissue PK parameters (T1/2, Cmax, AUC0-last). The v1 'claimed_location' points to Table 2 PK parameters, which is PK/biodistribution, NOT an of",,,,
342,341,ss-siRNA,26433227,PMC4627093,10.1093/nar/gkv964,A cytoplasmic pathway for gapmer antisense oligonucleotide-mediated gene silencing in mammalian cells.,off-target evidence,B,RESULTS > Ago-2 modulates PSL-ASO function; Figure 4. caption,abstain,none,False,False,NA,0.95,none,NONE,"The loaded record for sid=341 (entity_id=342) has an empty passage (""passage"": """", passage_kind=""none""). There is no full-text content to apply the curation gates against. The v1 claim cannot be verified or grounded: no verbatim span exists to establish either an in-scope therapeutic oligonucleotide or an observed off-target result. Per instructions, when the passage is missing/too thin to apply the gates, the decision must be abstain. grounding_quote=NONE.",,,,
343,342,SOD-1,25072142,PMC4114480,10.1371/journal.pone.0101752,Defining the factors that contribute to on-target specificity of antisense oligonucleotides.,hybridization/mismatch off-target effect,B,Results > Higher order structure of the SOD-1 minigene mRNA significantly influences ASO binding; paragraph 27,abstain,none,False,False,NA,0.95,none,NONE,"The loaded record returned an empty passage (passage_kind=""none"", passage=""""). With no full-text span supplied, none of the four gates can be verified and no verbatim grounding quote can be copied. The v1 claim (hybridization/mismatch off-target on SOD-1 ASO) cannot be trusted without the passage. Per the rule that a missing/too-thin passage forces abstain, I abstain.",,,,
344,343,VIR-2218,35736224,PMC9262600,10.1093/nar/gkac539,From bench to bedside: Improving the clinical safety of GalNAc-siRNA conjugates using seed-pairing destabilization.,seed-mediated off-target effect,B,RESULTS > Application of ESC+ design to improve the specificity and safety of ALN-HBV; paragraph 46,accept,offtarget_observed,True,True,A,0.9,pmc_full_text,"A significant reduction in the total number of differentially expressed gene transcripts and a shifted distribution with loss of seed-type statistical significance were observed with ALN-HBV02 relative to ALN-HBV in the log2 fold change (MA) and CDF plots, respectively (Figure 5B, and Supplementary Tables S11 and S12).","Re-judged from full text. GATE 1 PASS: ALN-HBV02 (VIR-2218) is a GalNAc-siRNA conjugate under study, explicitly in scope. GATE 2 PASS: this is a Results-section observed measurement in ""Application of ESC+ design to improve the specificity and safety of ALN-HBV"", not intro/methods. GATE 3 PASS: the grounding quote reports an OBSERVED transcriptome-wide RNA-seq off-target result for the in-scope molecule — a significant reduction in differentially expressed transcripts and loss of seed-type stati",,,,
345,344,siRNA-5,29459660,PMC5818625,10.1038/s41467-018-02989-4,Selection of GalNAc-conjugated siRNAs with limited off-target-driven rat hepatotoxicity.,seed-mediated off-target effect,B,Results > siRNA off-targets are enriched for seed complementarity; paragraph 17,accept,offtarget_observed,True,True,A,0.95,pmc_full_text,"The incorporation of GNA in the antisense strand seed region reduced the off-target signature compared to the parent siRNA when transfected into rat hepatocytes at a high dose of 10 nM (Fig. 6b), while maintaining on-target activity","In-scope therapeutic oligo: GalNAc-conjugated siRNA (siRNA-5), an Alnylam development-class RNAi therapeutic — not CRISPR/shRNA/AAV/mRNA/small molecule, and not a mere lab knockdown tool. GATE 2 passes: full-text Results with observed data. GATE 3 passes: the passage reports an OBSERVED hybridization/seed-mediated transcriptome-wide off-target result via RNAseq — ""Downregulated transcripts were enriched for perfect complementarity to the antisense seed region (nucleotides 2-8)... No such pattern",,,,
346,345,LNA-PS ASO,26338776,PMC4605310,10.1093/nar/gkv857,In silico and in vitro evaluation of exonic and intronic off-target effects form a critical element of therapeutic ASO gapmer optimization.,hybridization/mismatch off-target effect,B,RESULTS > Intronic regions are markedly more susceptible to ASO-silencing than exonic sequence; paragraph 24,accept,offtarget_observed,True,True,A,0.95,pmc_full_text,Here we show an unexpectedly high OTEs confirmation rate during screening of fully phosphorothioated (PS)-LNA gapmer ASOs designed against the BACH1 transcript. We demonstrate in vitro mRNA and protein knockdown of off-targets with a wide range of mismatch (MM) and gap patterns.,"In-scope therapeutic oligo = fully phosphorothioated PS-LNA gapmer ASOs against BACH1 (GATE 1 pass; ASO disambiguated as antisense oligonucleotide, not dMMR/MSI). Passage is primary Results (qPCR/bDNA/Western dose-response data with EC50s, named figures/tables), not intro/methods/review (GATE 2 pass). Off-target evidence is OBSERVED hybridization/mismatch-dependent unintended knockdown: confirmed mRNA and protein knockdown of off-targets (PHF6, USP9X, MAGI2, HDAC9, etc.) across mismatch/gap patt",,,,
347,346,SCR ASO,24440078,PMC3943878manuscript-id: NIHMS552459,10.1016/j.chembiol.2013.12.007,Detection of miRNA expression in intact cells using activatable sensor oligonucleotides.,seed-mediated off-target effect,B,Results; paragraph 7,abstain,none,False,False,NA,0.95,none,NONE,"The loader returned an empty passage (passage="""", passage_kind=""none"", has_full_text=false), so there is no supplied text against which to apply the gates; per instructions the decision is abstain. Even on metadata alone this would not accept: the source (PMID 24440078, ""Detection of miRNA expression in intact cells using activatable sensor oligonucleotides"") concerns a diagnostic/imaging miRNA-SENSING oligonucleotide, and ""SCR ASO"" denotes a scrambled CONTROL sensor reagent, not a therapeutic A",,,,
348,347,siRNA-604,19815667,PMC2794185,10.1093/nar/gkp835,Profiling of mismatch discrimination in RNAi enabled rational design of allele-specific siRNAs.,hybridization/mismatch off-target effect,B,RESULTS > Rational design of allele-specific siRNA using the mismatch discrimination model as a guide; paragraph 20,abstain,none,False,False,NA,0.95,none,NONE,"The loaded record for sid=347 / entity_id=348 has passage_kind=""none"" and an empty passage string. With no supplied passage text, none of the four gates can be applied: I cannot verify that the agent under study is an in-scope therapeutic oligonucleotide, cannot confirm a primary observed result, cannot confirm an observed off-target (seed/mismatch/hybridization/transcriptome-wide) effect, and cannot extract any verbatim grounding span. The v1 claim (hybridization/mismatch off-target effect, mol",,,,
349,348,DCA-siRNA,41634015,PMC12976281,10.1038/s41467-026-68993-1,Intradermal delivery of lipophilic siRNAs enables prolonged skin retention and sustained gene silencing in a porcine model.,hybridization/mismatch off-target effect,B,Results > Intradermal administration of conjugated JAK13033 siRNAs in pigs demonstrates durable skin retention for at le,reject,safety_tox,False,True,NA,0.92,pmc_full_text,NONE,"Molecule is in scope (DCA-siRNA, a lipophilic docosanoic-acid-conjugated therapeutic siRNA targeting JAK1) and the passage reports primary in vivo/ex vivo results, so GATE 1 and GATE 2 pass. But GATE 3 (off-target evidence type) FAILS: there is no observed seed-mediated, mismatch-dependent, hybridization-dependent, transcriptome-wide, RNA-seq, or microarray off-target result anywhere in the passage. The v1 claim of a ""hybridization/mismatch off-target effect"" is a keyword artifact: (1) ""hybridiz",,,,
350,349,THP-1,41898774,PMC13026121,10.3390/ijms27062915,Functional siRNA Delivery via Jet Nebulization: Proof-of-Concept IL-1ß Silencing in Macrophage-like THP-1 Cells.,seed-mediated off-target effect,B,2. Results > 2.1. Design of siRNAs Targeting IL-1β and Evaluation of Silencing Efficiency; paragraph 7,PENDING_RERUN,,,,,,,,needs v2 re-curation (workflow rate-limited; run via curate_v2_llm.py on HPC),,,,
351,350,siVIM-270,41467115,PMC12744844,10.1016/j.omtn.2025.102693,An siRMSD parameter of structural distortion induced by chemical modification is predictive of the off-target effect of siRNA.,seed-mediated off-target effect,B,Results > RNAi and off-target activities of siRNAs with chemical modifications; paragraph 10,accept,offtarget_observed,True,True,A,0.9,pmc_full_text,"siVIM-270_DNA_2 and siVIM-270_Fluoro_2 had off-target effects at similar magnitude with unmodified siVIM-270, whereas siVIM-270_MOE_2 had a negligible off-target effect, and siVIM-270_OMe_2 and siVIM-270_FA_2 had reduced but weak off-target effects (Figure 3H), in agreement with the results of reporter assays (Figure 2E).","In-scope therapeutic siRNA (siVIM-270 targeting vimentin, explicitly framed as siRNA therapeutics with FDA-approved siRNA precedent) is the agent under study. GATE 3 is satisfied by OBSERVED, experimentally measured seed-mediated off-target effects, not merely the computational siRMSD simulation: a genome-wide microarray (1185 SM off-target transcripts vs 11,919 non-target transcripts) plus RT-qPCR of endogenous off-target genes (VAPA, MTPN, PTPRF) directly measure differential off-target activi",,,,
352,351,RAB18,39380712,PMC11458997,10.1016/j.omtn.2024.102335,RAB18 regulates extrahepatic siRNA-mediated gene silencing efficacy.,transcriptome-level off-target effect,B,Results > Knocking down Rab18 in mouse liver enhances the target gene silencing effect of GalNAc-HPRT1 siRNA; paragraph ,accept,offtarget_observed,True,True,A,0.82,pmc_full_text,"Rab18 siRNA treatment, however, elicited a much stronger transcriptomic response (Figures 3D, 3E, and S4C). The data revealed more transcriptomic changes in samples treated with Rab18 siRNA triggers. However, the level of response did not correlate with the degree of Rab18 knockdown, indicating trigger-sequence-specific contributions in addition to Rab18 gene function-related changes.","GATE 1 (molecule in scope): PASS. The agents under study include GalNAc-conjugated Rab18 siRNA triggers (64131-1, 64137-1, etc.) and GalNAc-HPRT1 siRNA/ASO — therapeutic oligonucleotides (GalNAc-siRNA), explicitly in scope. (RAB18 itself is the modulator gene knocked out via CRISPR-Cas9, but the siRNA triggers are the in-scope oligos and source of the off-target signal.) GATE 2 (primary result): PASS. In vivo RNA-seq differential-expression result reported in Results / Figure 3, not intro/method",,,,
353,352,SOD1,38979291,PMC11230209,10.1101/2024.06.20.599943,RNAi-mediated silencing of SOD1 profoundly extends survival and functional outcomes in ALS mice.,hybridization/mismatch off-target effect,B,RESULTS > Chemical optimization of di-siRNASOD_123 improves compound durability.; paragraph 20,reject,efficacy,False,True,NA,0.93,pmc_full_text,NONE,"GATE 1 passes: the agent under study is di-siRNASOD1_123, a chemically stabilized divalent siRNA (RNAi therapeutic) targeting SOD1, benchmarked against tofersen (a GapmeR ASO) — both in-scope therapeutic oligonucleotides. GATE 2 passes: the passage is full of observed primary results. GATE 3 FAILS: there is NO observed off-target / unintended-effect result anywhere — no transcriptome-wide analysis, RNA-seq, microarray, or seed-mediated/hybridization-dependent off-target screen. The v1 'hybridiza",,,,
354,353,STAT3,38549376,PMC11184339,10.1016/j.ymthe.2024.03.035,RNAi mediated silencing of STAT3/PD-L1 in tumor-associated immune cells induces robust anti-tumor effects in immunotherapy resistant tumors.,hybridization/mismatch off-target effect,B,Results > RNAi-lipid conjugates mediate target mRNA silencing in the TME; paragraph 9,reject,efficacy,False,True,NA,0.9,pmc_full_text,NONE,"Molecule is in scope (therapeutic lipid-conjugated, chemically stabilized siRNA / RNAi therapeutic: RNAi-STAT3, RNAi-ALDH2, RNAi-PDL1). Primary results are present. However GATE 3 fails: the passage contains NO observed off-target evidence — no RNA-seq/microarray transcriptome-wide screen, no seed-mediated or mismatch/hybridization-dependent off-target observation, no reported unintended gene silencing. All reported data are on-target knockdown potency (qPCR Stat3/Aldh2/Cd274 KD%), efficacy (tum",,,,
355,354,DM1,37200862,PMC10185704,10.1016/j.omtn.2023.04.010,Block or degrade? Balancing on- and off-target effects of antisense strategies against transcripts with expanded triplet repeats in DM1.,transcriptome-level off-target effect,B,Results > The repeat-blocking ASO and both gapmers lead to downregulation of DMPK RNA; paragraph 8,accept,offtarget_observed,True,True,A,0.95,pmc_full_text,"The repeat gapmer, on the other hand, led to downregulation of many other CUG repeat-containing transcripts: 28 of the 48 genes were knocked down by more than 50%.","In-scope therapeutic ASOs/gapmers (2'-O-Me PS) against DMPK for DM1 are the agents under study (GATE 1 pass; ""ASO"" = antisense oligonucleotide, ""repeat"" = CUG hybridization target, not dMMR). The passage is full-text Results with measured RNA-seq data, named Figure 3 / Table 4 (GATE 2 pass). The off-target evidence is OBSERVED and hybridization/seed-mediated transcriptome-wide: the repeat gapmer downregulated ~1,500 genes and knocked down 28/48 other CUG-repeat-containing transcripts by >50%, pl",,,,
356,355,199-401,37315786,PMC10362152,10.1016/j.jbc.2023.104916,Disruption of Golgi markers by two RILP-directed shRNAs in neurons: A new role for RILP or a neuron-specific off-target phenotype?,seed-mediated off-target effect,B,Results > Two published sh plasmids targeting rat RILP give different phenotypes with respect to NSG2 degradation; parag,reject,offtarget_observed,False,False,NA,0.98,pmc_full_text,NONE,"GATE 1 fails: the agent under study is shRNA expressed from plasmids (shRILP#1/#2), which is explicitly excluded from scope (no therapeutic ASO/siRNA/PMO/LNA/gapmer/aptamer/GalNAc-siRNA). The study is a basic-research reagent-validation paper showing that two RILP-directed shRNA plasmids cause a neuron-specific Golgi off-target phenotype; siRNA and CRISPR/Cas9 appear only as negative-control tools, not as therapeutic oligos under study. None of the agents is a therapeutic oligonucleotide. The v1",,,,
357,356,RILP shRNA,36945482,PMC10028860,10.1101/2023.03.08.531742,"""Disruption of Golgi markers by two RILP-directed shRNAs in neurons: a new role for RILP or a neuron-specific off-target phenotype?"".",seed-mediated off-target effect,B,Results > Two published short hairpin plasmids targeting rat RILP give different phenotypes with respect to NSG2 degrada,reject,offtarget_observed,False,False,NA,0.97,pmc_full_text,NONE,"GATE 1 fails (molecule out of scope). The agent under study is shRNA expression plasmids (shRILP#1/#2), with comparator siRNA and gRNA/Cas9 — all used purely as laboratory loss-of-function knockdown tools to probe neuronal RILP biology. shRNA is explicitly excluded from the therapeutic-oligonucleotide scope, and no ASO/gapmer/PMO/LNA/aptamer/GalNAc-siRNA or therapeutic siRNA is under study. The siRNA referenced is also a research knockdown reagent, not a therapeutic candidate. Although the paper",,,,
358,357,siNT-1,37554515,PMC10404560,10.1016/j.omtn.2023.06.021,An unbiased seed-based RNAi selection screen identifies small RNAs that inhibit androgen signaling and prostate cancer cell growth.,seed-mediated off-target effect,B,Results > Depleted shRNAs reduce viability and growth of PCa cells and xenografts; paragraph 11,reject,none,False,False,NA,0.9,pmc_full_text,NONE,"GATE 1 fails: the agent under study is an shRNA library (lentiviral, Dox-inducible) plus siRNA mimics of the toxic shRNAs (siGUGUGUA, siUGUUUGC) deployed as an RNAi therapeutic strategy for prostate cancer. shRNA and viral/lentiviral-vectored agents are explicitly out of scope. The molecule named in the v1 row, siNT-1, is merely a non-target negative-control siRNA (""Two non-target siRNAs (siNT-1 and siNT-2)... were used as negative controls""), not an in-scope therapeutic oligonucleotide under st",,,,
359,358,siVwf5,37467023,PMC10582391,10.1182/bloodadvances.2023010643,Small interfering RNA-mediated allele-selective silencing of von Willebrand factor in vitro and in vivo.,seed-mediated off-target effect,B,Results > In-silico design and in vitro selection of mouse strain-selective siRNAs targeting Vwf; paragraph 18,abstain,none,False,False,NA,0.95,none,NONE,"The supplied passage is empty (passage="""", passage_kind=""none""), so there is no full-text content against which to apply Gates 1-4. The v1 record claims molecule siVwf5 (an siRNA targeting Vwf) with a ""seed-mediated off-target effect"" in PMID 37467023, but I cannot verify the molecule scope, primary-result status, or any observed off-target finding because no passage text was loaded. Per the rule that a missing/too-thin passage requires decision=""abstain"", I abstain. grounding_quote=NONE since n",,,,
360,359,shS1,35356684,PMC8933642,10.1016/j.omtn.2022.02.019,VEGFA-targeting miR-agshRNAs combine efficacy with specificity and safety for retinal gene therapy.,seed-mediated off-target effect,B,"Results > Characterization of two VEGFA-targeting agshRNA-shRNAs pairs, Pol II-driven miR-agshRNAs, and their competitio",reject,offtarget_observed,True,False,NA,0.95,pmc_full_text,NONE,"GATE 1 FAIL (molecule out of scope). The agent under study is shS1 — a classical short hairpin RNA (shRNA) non-targeting control — alongside VEGFA-targeting agshRNAs (Ago2-dependent shRNAs) and miR-embedded agshRNAs, all expressed from lentiviral vectors (LVs) for retinal gene therapy. shRNA and AAV/viral-vectored RNAi effectors are EXPLICITLY on the curation exclusion list; none of these are synthetic therapeutic oligonucleotides (ASO/siRNA/PMO/LNA/gapmer/aptamer/GalNAc-siRNA). The passage does",,,,
361,360,siCtle1,36445136,PMC9753735,10.1128/mcb.00271-22,Small Interfering RNAs Targeting a Chromatin-Associated RNA Induce Its Transcriptional Silencing in Human Cells.,transcriptome-level off-target effect,B,RESULTS > Repression of transcription by VINK siRNA is dependent on base-pairing to its target site.; FIG 4 caption,abstain,none,False,False,NA,0.97,none,NONE,"The loader returned an empty passage (passage="""", passage_kind=""none"", has_full_text=false). With no supplied full-text text, none of the four gates can be verified against verbatim content and no grounding_quote can be copied. Per the curation rule ""If the passage is missing/too thin to apply the gates, decision=abstain."" The v1 claim (transcriptome-level off-target in siCtle1, FIG 4) cannot be trusted or confirmed without the passage. molecule_in_scope/primary_result/domain_match set false bec",,,,
362,361,70 siRNA,33321203,PMC7832576,10.1016/j.ygeno.2020.12.021,A computational approach to design potential siRNA molecules as a prospective tool for silencing nucleocapsid phosphoprotein and surface glycoprotein gene of SA,seed-mediated off-target effect,B,Results > Off-target binding exclusion using blast; paragraph 18,abstain,none,False,False,NA,0.9,none,NONE,"The supplied passage is empty (passage="""", passage_kind=""none""), so the gates cannot be applied against any verbatim text and no grounding quote can be copied. Per the protocol, a missing/too-thin passage forces abstain. Independently, the metadata strongly disfavors accept: the title (""A computational approach to design potential siRNA molecules..."") and the v1 claimed_location (""Off-target binding exclusion using blast"") indicate a computational design-only specificity screen (BLAST exclusion)",,,,
363,362,siSdf1,33020600,PMC7655681manuscript-id: NIHMS1626519,10.1038/s41551-020-00623-7,Nanoparticle-encapsulated siRNAs for gene silencing in the haematopoietic stem-cell niche.,transcriptome-level off-target effect,B,Results > Sdf1/Mcp1 target screening; paragraph 10,abstain,none,False,False,NA,0.95,none,NONE,"The loaded record has passage_kind=""none"" and an empty passage string. With no full-text content supplied, none of the four gates can be evaluated: I cannot verify that siSdf1 is the therapeutic oligo under study (GATE 1), that the result is primary/observed (GATE 2), that an OBSERVED off-target/transcriptome-wide effect is reported as opposed to the v1 keyword-classifier claim (GATE 3), nor can I extract a verbatim grounding span (GATE 4). The v1 claimed_evidence_type ""transcriptome-level off-t",,,,
364,363,siCdc2,29246303,PMC5675723,10.1016/j.omtn.2017.10.003,Site-Specific Modification Using the 2'-Methoxyethyl Group Improves the Specificity and Activity of siRNAs.,off-target evidence,B,Results > Combination of MOE at Positions 9 and 10 with OMe at Position 14 Diminished or Eliminated Off-Target Effects; ,accept,offtarget_observed,True,True,B,0.72,pmc_full_text,"we examined the siRNA active against intercellular adhesion molecule 1 (ICAM), which has been shown to reduce ICAM expression (on-target) in human umbilical vein endothelial cells (HUVECs) but exhibits unintended knockdown of tumor necrosis factor receptor (TNFR) (off-target) via its passenger strand.26 So we transfected unmodified siICAM-um and its modified counterparts into cultured HUVECs (Figu","GATE 1 PASS: agent under study is a therapeutic siRNA (RNAi therapeutic), explicitly framed for ""therapeutic applications"" — in scope. GATE 2 PASS: measured Results (dual-luciferase + qPCR), not intro/methods/review. GATE 3 PASS: the passage contains an OBSERVED hybridization/passenger-strand-mediated off-target knockdown of an endogenous unintended transcript — siICAM ""exhibits unintended knockdown of TNFR (off-target) via its passenger strand,"" measured by qPCR in HUVECs (Figure 8), and MOE/OM",,,,
365,364,RIsearch2,28108657,PMC5416843,10.1093/nar/gkw1325,RIsearch2: suffix array-based large-scale prediction of RNA-RNA interactions and siRNA off-targets.,seed-mediated off-target effect,B,RESULTS > Computational complexity; paragraph 50,PENDING_RERUN,,,,,,,,needs v2 re-curation (workflow rate-limited; run via curate_v2_llm.py on HPC),,,,
366,365,shR6,29063830,PMC5655136,10.7554/eLife.29702,Many si/shRNAs can kill cancer cells by targeting multiple survival genes through an off-target mechanism.,seed-mediated off-target effect,B,Results > Involvement of canonical RNAi; Figure 3. caption,abstain,none,False,False,NA,0.9,none,NONE,"The loaded record has passage_kind=""none"" and an empty passage string, so there is no source text to apply the gates against — decision must be abstain per the missing/too-thin rule. Separately, even on the metadata alone this record looks out of scope: the molecule ""shR6"" and the paper title (""Many si/shRNAs can kill cancer cells..."") indicate an shRNA used as a research/knockdown tool, which is explicitly excluded by GATE 1 (shRNA is not a therapeutic oligonucleotide under study). But the cont",,,,
367,366,CDCA7L shRNA,26197079,PMC4511418,10.1371/journal.pone.0131370,Morphological Profiles of RNAi-Induced Gene Knockdown Are Highly Reproducible but Dominated by Seed Effects.,seed-mediated off-target effect,B,Results > The off-target seed effect is stronger than the on-target effect; paragraph 19,abstain,none,False,False,NA,0.95,none,NONE,"Supplied passage is empty (passage_kind=""none"", passage=""""), so the gates cannot be applied to any verbatim text — per instructions this forces abstain. Independently, the molecule ""CDCA7L shRNA"" is out of scope: shRNA is explicitly excluded under GATE 1 (not a therapeutic ASO/siRNA/PMO/LNA/gapmer/aptamer/GalNAc-siRNA), and the source (PMID 26197079, ""Morphological Profiles of RNAi-Induced Gene Knockdown...Seed Effects"") describes shRNA/RNAi screening reagents used as lab knockdown tools, not a ",,,,
368,367,27-32,26057633,PMC4673289,10.18632/oncotarget.4269,siRNAs with decreased off-target effect facilitate the identification of essential genes in cancer cells.,hybridization/mismatch off-target effect,B,RESULTS > Match-Mismatch siRNA assays discriminate the siRNA target effect from the off-target effect; paragraph 7,PENDING_RERUN,,,,,,,,needs v2 re-curation (workflow rate-limited; run via curate_v2_llm.py on HPC),,,,
369,368,AF9,24517546,PMC3924703,10.1186/1476-4598-13-27,RNAi-mediated silencing of MLL-AF9 reveals leukemia-associated downstream targets and processes.,off-target evidence,B,Results > Specific siRNA knockdown of MLL-AF9; paragraph 8,PENDING_RERUN,,,,,,,,needs v2 re-curation (workflow rate-limited; run via curate_v2_llm.py on HPC),,,,
370,369,60 siRNA,24875475,PMC4081087,10.1093/nar/gku480,siPools: highly complex but accurately defined siRNA pools eliminate off-target effects.,seed-mediated off-target effect,B,RESULTS > siPools affect global transcript levels less than single siRNAs; Figure 4. caption,PENDING_RERUN,,,,,,,,needs v2 re-curation (workflow rate-limited; run via curate_v2_llm.py on HPC),,,,
371,370,DNA-modified siRNA,24561616,PMC4005638,10.1093/nar/gku153,"Interactions between the non-seed region of siRNA and RNA-binding RLC/RISC proteins, Ago and TRBP, in mammalian cells.",seed-mediated off-target effect,B,RESULTS > Difference in RNAi properties of an authentic siRNA and dsDNA-substituted siRNA; paragraph 14,PENDING_RERUN,,,,,,,,needs v2 re-curation (workflow rate-limited; run via curate_v2_llm.py on HPC),,,,
372,371,HoxA1,24382894,PMC5546412manuscript-id: NIHMS690470,10.1126/scitranslmed.3007048,Silencing HoxA1 by intraductal injection of siRNA lipidoid nanoparticles prevents mammary tumor progression in mice.,transcriptome-level off-target effect,B,RESULTS > Silencing HoxA1 in human breast cancer; paragraph 12,PENDING_RERUN,,,,,,,,needs v2 re-curation (workflow rate-limited; run via curate_v2_llm.py on HPC),,,,
373,372,353 siRNA,24972830,PMC4117740,10.1093/nar/gku306,Computational detection and suppression of sequence-specific off-target phenotypes from whole genome RNAi screens.,seed-mediated off-target effect,B,RESULTS; Figure 3. caption,PENDING_RERUN,,,,,,,,needs v2 re-curation (workflow rate-limited; run via curate_v2_llm.py on HPC),,,,
374,373,IDH1 siRNA,23484018,PMC3590146,10.1371/journal.pone.0058326,Whole-genome thermodynamic analysis reduces siRNA off-target effects.,off-target evidence,B,Results > Check the Potential Off-target Genes of siRNAs; Figure 3 caption,PENDING_RERUN,,,,,,,,needs v2 re-curation (workflow rate-limited; run via curate_v2_llm.py on HPC),,,,
375,374,ss-siRNA,23935115,PMC3814390,10.1093/nar/gkt693,ss-siRNAs allele selectively inhibit ataxin-3 expression: multiple mechanisms for an alternative gene silencing strategy.,hybridization/mismatch off-target effect,B,RESULTS > Effect of altering chemical modifications; paragraph 29,PENDING_RERUN,,,,,,,,needs v2 re-curation (workflow rate-limited; run via curate_v2_llm.py on HPC),,,,
376,375,siR-04,23145149,PMC3493533,10.1371/journal.pone.0049309,siRNA has greatly elevated mismatch tolerance at 3'-UTR sites.,hybridization/mismatch off-target effect,B,Results > Mismatch Tolerance of siRNA had Greatly Elevated in the 3′-UTR than Coding Region; Figure 1 caption,PENDING_RERUN,,,,,,,,needs v2 re-curation (workflow rate-limited; run via curate_v2_llm.py on HPC),,,,
377,376,si2A-AF555,22064859,PMC3287199,10.1093/nar/gkr891,Direct evidence of nuclear Argonaute distribution during transcriptional silencing links the actin cytoskeleton to nuclear RNAi machinery in human cells.,hybridization/mismatch off-target effect,B,RESULTS > siPromA suppresses HIV-1 virus replication; paragraph 19,PENDING_RERUN,,,,,,,,needs v2 re-curation (workflow rate-limited; run via curate_v2_llm.py on HPC),,,,
378,377,H1-shRNA,22827812,PMC3424168,10.1186/1472-6750-12-42,Optimization and comparison of knockdown efficacy between polymerase II expressed shRNA and artificial miRNA targeting luciferase and Apolipoprotein B100.,hybridization/mismatch off-target effect,B,Results > Quantification of siRNA molecules processed from the different shRNA and miRNA scaffolds; paragraph 15,PENDING_RERUN,,,,,,,,needs v2 re-curation (workflow rate-limited; run via curate_v2_llm.py on HPC),,,,
379,378,EIF-5A-siRNA,22694849,PMC3438091,10.1186/1471-2180-12-107,"In vitro and in vivo silencing of plasmodial dhs and eIf-5a genes in a putative, non-canonical RNAi-related pathway.",off-target evidence,B,Results > Monitoring in vivo silencing of eIF-5A and DHS in erythrocytic stages after infection of NMRI mice with transg,PENDING_RERUN,,,,,,,,needs v2 re-curation (workflow rate-limited; run via curate_v2_llm.py on HPC),,,,
380,379,shRNA18,22174890,PMC3236221,10.1371/journal.pone.0028753,An off-target nucleostemin RNAi inhibits growth in human glioblastoma-derived cancer stem cells.,off-target evidence,B,Results > Characterization of the shRNAs designed to target human nucleostemin; paragraph 8,PENDING_RERUN,,,,,,,,needs v2 re-curation (workflow rate-limited; run via curate_v2_llm.py on HPC),,,,
381,380,000 siRNA,21443765,PMC3073923,10.1186/1471-2164-12-162,A cell spot microarray method for production of high density siRNA transfection microarrays.,transcriptome-level off-target effect,B,Results > Validation of the screening results; paragraph 20,PENDING_RERUN,,,,,,,,needs v2 re-curation (workflow rate-limited; run via curate_v2_llm.py on HPC),,,,
382,381,TGFBR2,21401928,PMC3068080,10.1186/1758-907X-2-3,Off-target effects dominate a large-scale RNAi screen for modulators of the TGF-β pathway and reveal microRNA regulation of TGFBR2.,seed-mediated off-target effect,B,Results > Off-target effects are mediated by miRNA-like target sites > Heptamer seed motifs in TGFBR2 are enriched in sc,PENDING_RERUN,,,,,,,,needs v2 re-curation (workflow rate-limited; run via curate_v2_llm.py on HPC),,,,
383,382,siEGFP1,20453030,PMC2943616,10.1093/nar/gkq341,A screen of chemical modifications identifies position-specific modification by UNA to most potently reduce siRNA off-target effects.,seed-mediated off-target effect,B,RESULTS > siRNA titrations reveal reduced off-targeting by siRNA UNA modification; paragraph 13,PENDING_RERUN,,,,,,,,needs v2 re-curation (workflow rate-limited; run via curate_v2_llm.py on HPC),,,,
384,383,Ago2; Ago1,19767612,PMC2777430,10.1093/nar/gkp735,Off-target and a portion of target-specific siRNA mediated mRNA degradation is Ago2 'Slicer' independent and can be mediated by Ago1.,seed-mediated off-target effect,B,RESULTS > Ago2 is not required for PIK3CB off-target and some on-target siRNA activity; paragraph 15,PENDING_RERUN,,,,,,,,needs v2 re-curation (workflow rate-limited; run via curate_v2_llm.py on HPC),,,,
385,384,MBD6 siRNA,19061642,PMC2741319manuscript-id: NIHMS83647,10.1016/j.molcel.2008.11.009,Multimegabase silencing in nucleolar dominance involves siRNA-directed DNA methylation and specific methylcytosine-binding proteins.,transcriptome-level off-target effect,B,"Results > Evidence for DRM2, DCL3 and RDR2-dependent methylation of rRNA genes; paragraph 16",PENDING_RERUN,,,,,,,,needs v2 re-curation (workflow rate-limited; run via curate_v2_llm.py on HPC),,,,
386,385,TNFR1,18096615,PMC2275081,10.1093/nar/gkm630,Knockdown of TNFR1 by the sense strand of an ICAM-1 siRNA: dissection of an off-target effect.,seed-mediated off-target effect,B,RESULTS > 736 SENSE STRAND ACTIVITY IS INHIBITED BY CHEMICAL AND SEQUENCE MODIFICATION; paragraph 30,PENDING_RERUN,,,,,,,,needs v2 re-curation (workflow rate-limited; run via curate_v2_llm.py on HPC),,,,
387,386,siGL3,16410612,PMC1331994,10.1093/nar/gkj439,Insights into the kinetics of siRNA-mediated gene silencing from live-cell and live-animal bioluminescent imaging.,off-target evidence,B,RESULTS > Kinetics of luciferase knockdown by siRNA in subcutaneous tumors; paragraph 24,PENDING_RERUN,,,,,,,,needs v2 re-curation (workflow rate-limited; run via curate_v2_llm.py on HPC),,,,
388,387,14-8 siRNA,19771225,PMC2737221,,Minimizing off-target effects by using diced siRNAs for RNA interference.,seed-mediated off-target effect,B,RESULTS > Secondary effects and off-target effects; paragraph 44,PENDING_RERUN,,,,,,,,needs v2 re-curation (workflow rate-limited; run via curate_v2_llm.py on HPC),,,,
389,388,10-5,42112101,PMC13156736,10.1016/j.omtn.2026.102933,ClinASO: An open-source platform for rapid drug discovery of gapmer antisense oligonucleotides.,hybridization/mismatch off-target effect,B,Results > ClinASO enables efficient identification of potent ASO against PCSK9; paragraph 12,PENDING_RERUN,,,,,,,,needs v2 re-curation (workflow rate-limited; run via curate_v2_llm.py on HPC),,,,
390,389,TS1-ASO,35801870,PMC9303313,10.1093/nar/gkac562,Identification of nucleobase chemical modifications that reduce the hepatotoxicity of gapmer antisense oligonucleotides.,hybridization/mismatch off-target effect,B,RESULTS > Identification of potential nucleobase modifications that reduce LNA gapmer hepatotoxicity; Figure 2. caption,PENDING_RERUN,,,,,,,,needs v2 re-curation (workflow rate-limited; run via curate_v2_llm.py on HPC),,,,
391,390,S10-1,36511872,PMC9825156,10.1093/nar/gkac1108,G-rich motifs within phosphorothioate-based antisense oligonucleotides (ASOs) drive activation of FXN expression through indirect effects.,hybridization/mismatch off-target effect,B,RESULTS > Indirect FXN activation is unlikely to be mediated by a mutual hybridization-dependent off-target transcript; ,PENDING_RERUN,,,,,,,,needs v2 re-curation (workflow rate-limited; run via curate_v2_llm.py on HPC),,,,
392,391,LNA ASO,26553810,PMC4797265,10.1093/nar/gkv1210,Hepatotoxicity of high affinity gapmer antisense oligonucleotides is mediated by RNase H1 dependent promiscuous reduction of very long pre-mRNA transcripts.,hybridization/mismatch off-target effect,B,RESULTS > Hepatotoxicity of LNA ASOs is RNase H1 dependent; paragraph 35,PENDING_RERUN,,,,,,,,needs v2 re-curation (workflow rate-limited; run via curate_v2_llm.py on HPC),,,,
393,392,SNA2-ASO,40034209,PMC11875678,10.1016/j.omtn.2025.102476,SNA-modified antisense oligonucleotides: A new pathway for renal targeting?,off-target evidence,B,Main text; paragraph 4,PENDING_RERUN,,,,,,,,needs v2 re-curation (workflow rate-limited; run via curate_v2_llm.py on HPC),,,,
394,393,TMEM16a,40926414,PMC12703169,10.1016/j.ymthe.2025.08.045,Restoring chloride efflux in cystic fibrosis with TMEM16a antisense oligonucleotides.,off-target evidence,B,Results > TMEM16a ASO is specific and not toxic; paragraph 12,PENDING_RERUN,,,,,,,,needs v2 re-curation (workflow rate-limited; run via curate_v2_llm.py on HPC),,,,
395,394,JQ1-ASO,40758869,PMC12356583,10.1021/jacs.5c09544,Harnessing BET-Bromodomain Assisted Nuclear Import for Targeted Subcellular Localization and Enhanced Efficacy of Antisense Oligonucleotides.,hybridization/mismatch off-target effect,B,Results; paragraph 8,PENDING_RERUN,,,,,,,,needs v2 re-curation (workflow rate-limited; run via curate_v2_llm.py on HPC),,,,
396,395,SNORA13,40529507,PMC12171199,10.3389/fphar.2025.1564682,SNORA13 antisense oligonucleotides enhances the therapeutical effects of 5-fluorouracil in colon adenocarcinoma.,transcriptome-level off-target effect,B,Results > Knockdown of SNORA13 represses nicotinamide N-methyltransferase levels; FIGURE 5 caption,PENDING_RERUN,,,,,,,,needs v2 re-curation (workflow rate-limited; run via curate_v2_llm.py on HPC),,,,
397,396,SARM1,40473123,PMC7617922manuscript-id: EMS207275,10.1016/j.nbd.2025.106986,SARM1 activation induces reversible mitochondrial dysfunction and can be prevented in human neurons by antisense oligonucleotides.,off-target evidence,B,Results > ASOs targeting human SARM1 rescue human iPSC-derived dopamine neurons from vacor toxicity; paragraph 18,PENDING_RERUN,,,,,,,,needs v2 re-curation (workflow rate-limited; run via curate_v2_llm.py on HPC),,,,
398,397,GNAO1-neurodevelopmental,39897576,PMC11787015,10.1016/j.omtn.2024.102432,Personalized allele-specific antisense oligonucleotides for GNAO1-neurodevelopmental disorder.,hybridization/mismatch off-target effect,B,Results > Screening allele-specific ASOs targeting c.736_738delinsAAA; paragraph 9,PENDING_RERUN,,,,,,,,needs v2 re-curation (workflow rate-limited; run via curate_v2_llm.py on HPC),,,,
399,398,SSR-5,39027419,PMC11255113,10.1016/j.omtn.2024.102246,Preclinical evaluation of stereopure antisense oligonucleotides for allele-selective lowering of mutant HTT.,hybridization/mismatch off-target effect,B,Results > Stereochemistry impacts allele selectivity for HTT SNPs; paragraph 10,PENDING_RERUN,,,,,,,,needs v2 re-curation (workflow rate-limited; run via curate_v2_llm.py on HPC),,,,
400,399,APOE-1 ASO,38654375,PMC11040766,10.1186/s13024-024-00725-9,Regulation of human microglial gene expression and function via RNAase-H active antisense oligonucleotides in vivo in Alzheimer's disease.,transcriptome-level off-target effect,B,Results > Safety profiles of the lead APOE and TREM2 ASOs; paragraph 65,PENDING_RERUN,,,,,,,,needs v2 re-curation (workflow rate-limited; run via curate_v2_llm.py on HPC),,,,
401,400,MeCP2,39379106,PMC11571808,10.1261/rna.080220.124,Site-blocking antisense oligonucleotides as a mechanism to fine-tune MeCP2 expression.,seed-mediated off-target effect,B,RESULTS > MECP2-targeted sbASO design; FIGURE 2. caption,PENDING_RERUN,,,,,,,,needs v2 re-curation (workflow rate-limited; run via curate_v2_llm.py on HPC),,,,
402,401,L858R ASO,39303667,PMC11437961,10.1016/j.ebiom.2024.105356,Customised design of antisense oligonucleotides targeting EGFR driver mutants for personalised treatment of non-small cell lung cancer.,off-target evidence,B,Results > Specific knockdown of mutant genes in NSCLC using ASO-loaded RBCEVs; paragraph 45,abstain,none,False,False,NA,0.95,none,NONE,"The loaded record for sid=401 (entity_id=402) has passage_kind=""none"" and an empty passage (""""). With no full-text content supplied, none of the four gates can be evaluated: I cannot verify that an in-scope therapeutic oligo is the agent under study (GATE 1), cannot confirm a primary observed result (GATE 2), cannot identify an observed off-target/seed/mismatch/transcriptome-wide effect (GATE 3), and cannot extract a verbatim grounding quote (GATE 4). The v1 claim (""off-target evidence"", an L858",,,,
403,402,STAT6-targeting,38511173,PMC10950871,10.1016/j.omtn.2024.102154,STAT6-targeting antisense oligonucleotides against solitary fibrous tumor.,hybridization/mismatch off-target effect,B,Results > In vivo tolerability testing of STAT6 3′ UTR-targeting ASOs; paragraph 15,PENDING_RERUN,,,,,,,,needs v2 re-curation (workflow rate-limited; run via curate_v2_llm.py on HPC),,,,
404,403,PC-3,37588686,PMC10425675,10.1016/j.omtn.2023.07.022,Cathepsin B-activatable cyclic antisense oligonucleotides for cell-specific target gene knockdown in vitro and in vivo.,off-target evidence,B,Results > In vivo TCTP gene silencing and antitumor effect with cASOTCTP-CBs in a xenograft tumor model; paragraph 15,PENDING_RERUN,,,,,,,,needs v2 re-curation (workflow rate-limited; run via curate_v2_llm.py on HPC),,,,
405,404,STAT6,36700864,PMC10099280manuscript-id: NIHMS1870081,10.1158/2326-6066.CIR-22-0547,Inhibition of STAT6 with Antisense Oligonucleotides Enhances the Systemic Antitumor Effects of Radiotherapy and Anti-PD-1 in Metastatic Non-Small Cell Lung Canc,off-target evidence,B,Results > STAT6 ASOs inhibit target mRNA expression in macrophages in vitro and in vivo; paragraph 26,PENDING_RERUN,,,,,,,,needs v2 re-curation (workflow rate-limited; run via curate_v2_llm.py on HPC),,,,
406,405,nusinersen,36516128,PMC9940807,10.1089/nat.2022.0060,Consensus Guidelines for the Design and In Vitro Preclinical Efficacy Testing N-of-1 Exon Skipping Antisense Oligonucleotides.,transcriptome-level off-target effect,B,Designing Exon Skipping ASOs; paragraph 18,PENDING_RERUN,,,,,,,,needs v2 re-curation (workflow rate-limited; run via curate_v2_llm.py on HPC),,,,
407,406,PS ASO,35858356,PMC9304022,10.1073/pnas.2113180119,Targeting oncogenic KRAS with molecular brush-conjugated antisense oligonucleotides.,hybridization/mismatch off-target effect,B,"Results > Cellular Uptake, KRAS Depletion, and Cell Viability.; paragraph 13",PENDING_RERUN,,,,,,,,needs v2 re-curation (workflow rate-limited; run via curate_v2_llm.py on HPC),,,,
408,407,T0 ASO,34521352,PMC8439024,10.1186/s12863-021-00992-1,The choice of negative control antisense oligonucleotides dramatically impacts downstream analysis depending on the cellular background.,transcriptome-level off-target effect,B,Results > Negative control B causes deregulation of genes associated with LEC proliferation; paragraph 11,PENDING_RERUN,,,,,,,,needs v2 re-curation (workflow rate-limited; run via curate_v2_llm.py on HPC),,,,
409,408,STAT3,33203730,PMC7888537manuscript-id: NIHMS1643398,10.1158/1535-7163.MCT-20-0599,Targeting STAT3 with Proteolysis Targeting Chimeras and Next-Generation Antisense Oligonucleotides.,hybridization/mismatch off-target effect,B,Antisense Oligonucleotides; paragraph 22,PENDING_RERUN,,,,,,,,needs v2 re-curation (workflow rate-limited; run via curate_v2_llm.py on HPC),,,,
410,409,TGFBR2-A,32178467,PMC7139664,10.3390/ijms21061952,Antisense Oligonucleotide in LNA-Gapmer Design Targeting TGFBR2-A Key Single Gene Target for Safe and Effective Inhibition of TGFβ Signaling.,hybridization/mismatch off-target effect,B,2. Results > 2.4. LNA Pattern Modifications Changed Activity of Antisense Oligonucleotides against TGFBR2; paragraph 12,PENDING_RERUN,,,,,,,,needs v2 re-curation (workflow rate-limited; run via curate_v2_llm.py on HPC),,,,
411,410,PS-ASO,29390093,PMC5861398,10.1093/nar/gky060,Acute hepatotoxicity of 2' fluoro-modified 5-10-5 gapmer phosphorothioate oligonucleotides in mice correlates with intracellular protein binding and the loss of,hybridization/mismatch off-target effect,B,RESULTS > Hybridization-dependent toxicity is not likely to account for the 2′ F PS-ASO-induced hepatotoxicity; Figure 5,PENDING_RERUN,,,,,,,,needs v2 re-curation (workflow rate-limited; run via curate_v2_llm.py on HPC),,,,
412,411,PS ASO,28080221,PMC5372764,10.1089/nat.2016.0656,Molecular Mechanisms of Antisense Oligonucleotides.,hybridization/mismatch off-target effect,B,Hybridization; paragraph 13,PENDING_RERUN,,,,,,,,needs v2 re-curation (workflow rate-limited; run via curate_v2_llm.py on HPC),,,,
413,412,45-47,27285612,PMC4927712,10.3791/53776,Multi-exon Skipping Using Cocktail Antisense Oligonucleotides in the Canine X-linked Muscular Dystrophy.,off-target evidence,B,Protocol > 1. Design of Antisense Oligos; paragraph 8,PENDING_RERUN,,,,,,,,needs v2 re-curation (workflow rate-limited; run via curate_v2_llm.py on HPC),,,,
414,413,CD-1,24550163,PMC4005641,10.1093/nar/gku142,Sequence motifs associated with hepatotoxicity of locked nucleic acid--modified antisense oligonucleotides.,off-target evidence,B,RESULTS > Evaluation of hepatotoxicity in mice; paragraph 14,PENDING_RERUN,,,,,,,,needs v2 re-curation (workflow rate-limited; run via curate_v2_llm.py on HPC),,,,
415,414,WRN-108,42095135,PMC13140060,10.1016/j.omtn.2026.102930,Development of an exon 27-skipping antisense oligonucleotide as a targeted therapy for refractory skin ulcers in Werner syndrome.,hybridization/mismatch off-target effect,B,Results > Translational activity in non-human primates; paragraph 29,PENDING_RERUN,,,,,,,,needs v2 re-curation (workflow rate-limited; run via curate_v2_llm.py on HPC),,,,
416,415,KCNT1,41981306,PMC13099374,10.1038/s41591-026-04314-9,Antisense oligonucleotide-mediated knockdown therapy in two infants with severe KCNT1 epileptic encephalopathy.,transcriptome-level off-target effect,B,Results > KCNT1-knockdown-ASO screening in cell lines and patient iPSC-derived neurons; paragraph 8,PENDING_RERUN,,,,,,,,needs v2 re-curation (workflow rate-limited; run via curate_v2_llm.py on HPC),,,,
417,416,HIV-1,41704705,PMC12907196,10.3389/fmed.2026.1719202,Investigation of the activity of phosphothioate and phosphothioate-LNA-modified oligonucleotides against HIV-1.,hybridization/mismatch off-target effect,B,Results > Study of antiretroviral activity; paragraph 38,PENDING_RERUN,,,,,,,,needs v2 re-curation (workflow rate-limited; run via curate_v2_llm.py on HPC),,,,
418,417,PS-ASO,41630988,PMC12860984,10.1016/j.omtn.2026.102832,Identification and functional validation of intracellular protein partners of phosphorothioate splice-switching oligonucleotides using AP-MS.,hybridization/mismatch off-target effect,B,Results > Knockdown of selected candidates is associated with a decrease in exon skipping efficacy in muscle cells; para,PENDING_RERUN,,,,,,,,needs v2 re-curation (workflow rate-limited; run via curate_v2_llm.py on HPC),,,,
419,418,BLOC1S1,41383013,PMC12974195,10.1016/j.ymthe.2025.12.026,BLOC1S1 depletion via splice-switching oligonucleotides improves mitochondrial respiration and rescues ALS phenotypes.,off-target evidence,B,Results > BLOC1S1 SSO extends disease-free survival in SOD1 mice; paragraph 17,PENDING_RERUN,,,,,,,,needs v2 re-curation (workflow rate-limited; run via curate_v2_llm.py on HPC),,,,
420,419,siRNA-3,41012491,PMC12472881,10.3390/pharmaceutics17091154,Whole-Body Physiologically Based Pharmacokinetic-Pharmacodynamic Modeling for Interspecies Translation and Mechanistic Characterization of Plasma and Tissue Dis,off-target evidence,B,4. Results > 4.4. Sensitivity Analysis; paragraph 29,PENDING_RERUN,,,,,,,,needs v2 re-curation (workflow rate-limited; run via curate_v2_llm.py on HPC),,,,
421,420,DFNA2,40898620,PMC12703183,10.1016/j.ymthe.2025.08.044,Antisense oligonucleotide therapy mitigates autosomal dominant progressive hearing loss in a murine model of human DFNA2.,hybridization/mismatch off-target effect,B,Results > In vitro screening of candidate allele-specific ASOs targeting the Kcnq4 p.W277S mutation; paragraph 10,PENDING_RERUN,,,,,,,,needs v2 re-curation (workflow rate-limited; run via curate_v2_llm.py on HPC),,,,
422,421,NRAS ASO,40473796,PMC12141655,10.1038/s43856-025-00932-5,Suppression of NRAS-mutant melanoma growth with NRAS-targeting Antisense Oligonucleotide treatment reveals therapeutically relevant kinase co-dependencies.,hybridization/mismatch off-target effect,B,Results > NRAS ASO treatment significantly induced apoptosis and reduced cell and tumor growth in NRAS-mutant melanoma; ,PENDING_RERUN,,,,,,,,needs v2 re-curation (workflow rate-limited; run via curate_v2_llm.py on HPC),,,,
423,422,ASO-1570,39955311,PMC11829967,10.1038/s41467-025-56913-8,Antisense oligonucleotide-mediated TRA2β poison exon inclusion induces the expression of a lncRNA with anti-tumor effects.,transcriptome-level off-target effect,B,Results > ASO-mediated inclusion of the TRA2β-PE causes toxicity across multiple tumor types; paragraph 8,PENDING_RERUN,,,,,,,,needs v2 re-curation (workflow rate-limited; run via curate_v2_llm.py on HPC),,,,
424,423,1504-818,39292801,PMC12038428manuscript-id: NIHMS2073408,10.1126/scitranslmed.adk0845,A deep intronic splice-altering AIRE variant causes APECED syndrome through antisense oligonucleotide-targetable pseudoexon inclusion.,hybridization/mismatch off-target effect,B,RESULTS > ASO treatment reverses the pseudoexon inclusion caused by AIRE c.1504-818 G>A; paragraph 18,PENDING_RERUN,,,,,,,,needs v2 re-curation (workflow rate-limited; run via curate_v2_llm.py on HPC),,,,
425,424,MECP2,39277796,PMC11555823,10.1093/hmg/ddae135,Modeling antisense oligonucleotide therapy in MECP2 duplication syndrome human iPSC-derived neurons reveals gene expression programs responsive to MeCP2 levels.,transcriptome-level off-target effect,B,Results > Analysis of global gene dysregulation in MDS iNeurons; paragraph 14,abstain,none,False,False,NA,0.95,none,NONE,"The loaded record for sid=424 (entity_id 425) has passage_kind=""none"" and an empty passage (""""). No full-text span is supplied, so none of the four gates can be applied: there is no text to verify that an in-scope therapeutic oligonucleotide is the agent under study (the v1 title mentions ASO therapy in MECP2 duplication syndrome iPSC neurons, but title-only is not a usable passage), no text to confirm a primary observed result, no text establishing an observed off-target/transcriptome-wide effe",,,,
426,425,CALM2 ASO,39155863,PMC11747850manuscript-id: NIHMS2014126,10.1161/CIRCULATIONAHA.123.068111,Antisense Oligonucleotide Therapy for Calmodulinopathy.,hybridization/mismatch off-target effect,B,RESULTS > Selective transcript depletion by CALM1-targeting ASO; paragraph 20,PENDING_RERUN,,,,,,,,needs v2 re-curation (workflow rate-limited; run via curate_v2_llm.py on HPC),,,,
427,426,siTie2,38973655,PMC11823468manuscript-id: NIHMS2006301,10.1002/adma.202313791,"Expanding RNAi to Kidneys, Lungs, and Spleen via Selective ORgan Targeting (SORT) siRNA Lipid Nanoparticles.",transcriptome-level off-target effect,B,Results > SORT LNPs target major cell types in liver and extrahepatic tissues.; paragraph 15,PENDING_RERUN,,,,,,,,needs v2 re-curation (workflow rate-limited; run via curate_v2_llm.py on HPC),,,,
428,427,IGF-1,38189760,PMC10977368,10.3233/JND-230118,Antisense Oligonucleotide-Mediated Downregulation of IGFBPs Enhances IGF-1 Signaling.,transcriptome-level off-target effect,B,RESULTS > Differentially expressed genes in response to IGFBP3 downregulation; Fig. 4 caption,PENDING_RERUN,,,,,,,,needs v2 re-curation (workflow rate-limited; run via curate_v2_llm.py on HPC),,,,
429,428,ABCA4,36910710,PMC9999166,10.1016/j.omtn.2023.02.020,Antisense oligonucleotide therapy corrects splicing in the common Stargardt disease type 1-causing variant ABCA4 c.5461-10T>C.,transcriptome-level off-target effect,B,Results > Selection of lead AON candidates in ABCA4 minigene and midigene model; paragraph 8,PENDING_RERUN,,,,,,,,needs v2 re-curation (workflow rate-limited; run via curate_v2_llm.py on HPC),,,,
430,429,nusinersen,36669889,PMC10019362,10.1261/rna.079540.122,"Development of tailored splice-switching oligonucleotides for progressive brain disorders in Europe: development, regulation, and implementation considerations.",hybridization/mismatch off-target effect,B,LESSONS FROM REGULATORY INTERACTIONS FOR INDIVIDUALIZED ASO DEVELOPMENT IN THE EUROPEAN UNION > Safety studies; paragrap,PENDING_RERUN,,,,,,,,needs v2 re-curation (workflow rate-limited; run via curate_v2_llm.py on HPC),,,,
431,430,PRNP ASO,36824749,PMC9948956,10.1101/2023.02.14.528473,A single-cell map of antisense oligonucleotide activity in the brain.,transcriptome-level off-target effect,B,RESULTS > Generation and cell type classification of single nucleus transcriptomes.; paragraph 14,PENDING_RERUN,,,,,,,,needs v2 re-curation (workflow rate-limited; run via curate_v2_llm.py on HPC),,,,
432,431,shRPL9,37552050,PMC10409502,10.7554/eLife.84792,Precision RNAi using synthetic shRNAmir target sites.,seed-mediated off-target effect,B,Results; paragraph 3,PENDING_RERUN,,,,,,,,needs v2 re-curation (workflow rate-limited; run via curate_v2_llm.py on HPC),,,,
433,432,MALAT1,37235843,PMC10219656,10.18632/oncotarget.28447,Deconstructing the role of MALAT1 in MAPK-signaling in melanoma: insights from antisense oligonucleotide treatment.,hybridization/mismatch off-target effect,B,RESULTS > ASO-mediated targeting of MALAT1 has high “on-target” and low “off-target” specificity.; paragraph 6,PENDING_RERUN,,,,,,,,needs v2 re-curation (workflow rate-limited; run via curate_v2_llm.py on HPC),,,,
434,433,11-15,37043556,PMC10263181manuscript-id: NIHMS1897836,10.1126/scitranslmed.add8280,Antisense oligonucleotide therapy for H3.3K27M diffuse midline glioma.,hybridization/mismatch off-target effect,B,Results > Gapmer ASO screen to reduce mutant H3-3A mRNA and H3.3K27M protein; paragraph 8,PENDING_RERUN,,,,,,,,needs v2 re-curation (workflow rate-limited; run via curate_v2_llm.py on HPC),,,,
435,434,nusinersen,37193356,PMC10174585manuscript-id: NIHMS1854175,10.1016/j.cotox.2022.100373,Nephrotoxicity of marketed antisense oligonucleotide drugs.,off-target evidence,B,Possible molecular mechanisms of ASO drug-induced nephrotoxicity; paragraph 31,PENDING_RERUN,,,,,,,,needs v2 re-curation (workflow rate-limited; run via curate_v2_llm.py on HPC),,,,
436,435,ASO-001933,36090761,PMC9424863,10.1016/j.omtn.2022.07.027,Identification and characterization of a MAPT-targeting locked nucleic acid antisense oligonucleotide therapeutic for tauopathies.,seed-mediated off-target effect,B,Results > Initial tiling screen identified a parental ASO targeting the 3′ UTR of MAPT with high cross-species reactivit,PENDING_RERUN,,,,,,,,needs v2 re-curation (workflow rate-limited; run via curate_v2_llm.py on HPC),,,,
437,436,siRNA-3,35037525,PMC8765274,10.1080/10717544.2022.2026532,Utilizing RNA nanotechnology to construct negatively charged and ultrasound-responsive nanodroplets for targeted delivery of siRNA.,hybridization/mismatch off-target effect,B,Results > Construction and characterization of Chol/A10-3.2/siCAT-1/3WJ-pRNA nanoparticles; paragraph 21,PENDING_RERUN,,,,,,,,needs v2 re-curation (workflow rate-limited; run via curate_v2_llm.py on HPC),,,,
438,437,GAAA-3,35327991,PMC8952432,10.3390/genes13030436,The Effect of Dicer Knockout on RNA Interference Using Various Dicer Substrate Small Interfering RNA (DsiRNA) Structures.,hybridization/mismatch off-target effect,B,3. Results > 3.1. Design of DsiRNAs Targeting hnRNPH1; paragraph 14,PENDING_RERUN,,,,,,,,needs v2 re-curation (workflow rate-limited; run via curate_v2_llm.py on HPC),,,,
439,438,WT siRNA,34492058,PMC8423273,10.1371/journal.pone.0256863,Beyond identity: Understanding the contribution of the 5' nucleotide of the antisense strand to RNAi activity.,hybridization/mismatch off-target effect,B,Results > RNAi effects by siRNAs variants in protoplasts; paragraph 31,PENDING_RERUN,,,,,,,,needs v2 re-curation (workflow rate-limited; run via curate_v2_llm.py on HPC),,,,
440,439,BCL-2,33978760,PMC8266634,10.1093/nar/gkab334,Beyond small molecules: targeting G-quadruplex structures with oligonucleotides and their analogues.,hybridization/mismatch off-target effect,B,G4-STABILIZATION AND OTHER APPROACHES NOT INVOLVING INTERMOLECULAR QUADRUPLEX FORMATION: TARGETING QUADRUPLEX LOOPS AND ,PENDING_RERUN,,,,,,,,needs v2 re-curation (workflow rate-limited; run via curate_v2_llm.py on HPC),,,,
441,440,T39 ASO,32180554,PMC7036698,10.1016/j.molmet.2020.01.010,Antisense oligonucleotide treatment produces a type I interferon response that protects against diet-induced obesity.,off-target evidence,B,Results > ASOs targeting human mRNAs can also induce a type I IFN response in cultured THP1 cells; paragraph 31,PENDING_RERUN,,,,,,,,needs v2 re-curation (workflow rate-limited; run via curate_v2_llm.py on HPC),,,,
442,441,NR2E3-Associated,31083481,PMC6562693,10.3390/genes10050363,Antisense Oligonucleotide-Based Downregulation of the G56R Pathogenic Variant Causing NR2E3-Associated Autosomal Dominant Retinitis Pigmentosa.,hybridization/mismatch off-target effect,B,3. Results > 3.1. AON Design; paragraph 14,PENDING_RERUN,,,,,,,,needs v2 re-curation (workflow rate-limited; run via curate_v2_llm.py on HPC),,,,
443,442,SSO-1,29858079,PMC5992345,10.1016/j.omtn.2018.02.005,Liver-Targeted Anti-HBV Single-Stranded Oligonucleotides with Locked Nucleic Acid Potently Reduce HBV Gene Expression In Vivo.,hybridization/mismatch off-target effect,B,Results > A Pan-genotypic HBV LNA-SSO that Potently Inhibits HBsAg Production; paragraph 9,PENDING_RERUN,,,,,,,,needs v2 re-curation (workflow rate-limited; run via curate_v2_llm.py on HPC),,,,
444,443,CTGTAGGCACCATCAAT-3,23217017,PMC3556230manuscript-id: NIHMS426223,10.1111/mmi.12117,The structure and repertoire of small interfering RNAs in Leishmania (Viannia) braziliensis reveal diversification in the trypanosomatid RNAi pathway.,hybridization/mismatch off-target effect,B,Results > The siRNA repertoire; paragraph 12,PENDING_RERUN,,,,,,,,needs v2 re-curation (workflow rate-limited; run via curate_v2_llm.py on HPC),,,,
445,444,F5-3,22615794,PMC3351460,10.1371/journal.pone.0036697,Stable gene targeting in human cells using single-strand oligonucleotides with modified bases.,hybridization/mismatch off-target effect,B,Results > Mismatch-specific EGFP Correction; Figure 1 caption,PENDING_RERUN,,,,,,,,needs v2 re-curation (workflow rate-limited; run via curate_v2_llm.py on HPC),,,,
446,445,VEGF siRNA,21744502,PMC3388104manuscript-id: NIHMS387288,10.1002/biot.201100054,Current progress of siRNA/shRNA therapeutics in clinical trials.,off-target evidence,B,8 Concluding remarks; paragraph 59,PENDING_RERUN,,,,,,,,needs v2 re-curation (workflow rate-limited; run via curate_v2_llm.py on HPC),,,,
447,446,42-49,19430205,PMC2734876manuscript-id: NIHMS116332,10.4161/rna.6.3.8723,A short antisense oligonucleotide masking a unique intronic motif prevents skipping of a critical exon in spinal muscular atrophy.,seed-mediated off-target effect,B,Results > An ultra-refined antisense microwalk revealed shortest motif for splicing correction; paragraph 8,PENDING_RERUN,,,,,,,,needs v2 re-curation (workflow rate-limited; run via curate_v2_llm.py on HPC),,,,
448,447,PCSK9 ASO,41810141,PMC12969788,10.1016/j.omtn.2026.102871,Enhanced liver-targeted delivery with ribofuranose-based GalNAc conjugates.,off-target evidence,B,Main text; paragraph 3,PENDING_RERUN,,,,,,,,needs v2 re-curation (workflow rate-limited; run via curate_v2_llm.py on HPC),,,,
449,448,HTT siRNA,42033217,PMC13107126,10.1093/nar/gkag287,Divalent siRNA for prion disease.,hybridization/mismatch off-target effect,B,Results > Identification of compounds targeting human PRNP; paragraph 45,PENDING_RERUN,,,,,,,,needs v2 re-curation (workflow rate-limited; run via curate_v2_llm.py on HPC),,,,
450,449,HTT siRNA,41867745,PMC13001464,10.1101/2024.12.05.627039,Divalent siRNA for prion disease.,hybridization/mismatch off-target effect,B,Results > Identification of compounds targeting human PRNP; paragraph 40,PENDING_RERUN,,,,,,,,needs v2 re-curation (workflow rate-limited; run via curate_v2_llm.py on HPC),,,,
451,450,IGF2BP2,41859644,PMC12996677,10.1016/j.mtbio.2026.102999,An exosome-biomimetic photothermal nanocarrier for IGF2BP2 siRNA delivery and enhanced ferroptosis in head and neck squamous cell carcinoma.,seed-mediated off-target effect,B,Results > IGF2BP2 Knockdown promotes ferroptosis in HNSCC via reduced NRF2 mRNA stability; paragraph 10,PENDING_RERUN,,,,,,,,needs v2 re-curation (workflow rate-limited; run via curate_v2_llm.py on HPC),,,,
452,451,AAV9; CMT1A,41948127,PMC13051718,10.1016/j.omtn.2026.102881,"Safety, efficacy, and distal nerve Schwann cell biodistribution in mice and NHPs to support translation of AAV9 RNAi therapy for CMT1A.",transcriptome-level off-target effect,B,Results > In vitro on-/off-target assessment in human cells; paragraph 8,PENDING_RERUN,,,,,,,,needs v2 re-curation (workflow rate-limited; run via curate_v2_llm.py on HPC),,,,
453,452,siPD-L1,42139331,PMC13178567,10.1126/sciadv.aec1692,Helper lipid-engineered extracellular vesicles enable PET imaging-guided pulmonary siRNA delivery to treat lung metastasis.,off-target evidence,B,RESULTS > Intracellular transportation and gene silencing efficiency of TMVs-DOTAP/siRNA; Fig. 4. caption,PENDING_RERUN,,,,,,,,needs v2 re-curation (workflow rate-limited; run via curate_v2_llm.py on HPC),,,,
454,453,FGFR2 siRNA,41647289,PMC12869795,10.1093/rb/rbaf115,A smart nanocomposite bioactive ink for controlled siRNA delivery in calvarial mesenchymal stromal cells as a minimally invasive treatment for craniosynostosis.,off-target evidence,B,Results > siRNA targeting FGFR2 significantly modulates the FGFR2-related osteogenic cascade in CS patients’ cells; Figu,PENDING_RERUN,,,,,,,,needs v2 re-curation (workflow rate-limited; run via curate_v2_llm.py on HPC),,,,
455,454,IRS2,41612694,PMC13054860manuscript-id: NIHMS2148369,10.1016/j.ymthe.2026.01.033,Therapeutic delivery of albumin-binding siRNA targeting IRS2 to diverse cell types reduces mammary tumor growth.,seed-mediated off-target effect,B,"Results > Identification of human-specific, mouse-specific, and human/mouse cross reactive siRNAs that selectively silen",PENDING_RERUN,,,,,,,,needs v2 re-curation (workflow rate-limited; run via curate_v2_llm.py on HPC),,,,
456,455,modified siRNA,41552385,PMC12804371,10.1016/j.omtn.2025.102802,An acyclic nucleic acid-modified siRNA targeting CAG expansions for polyglutamine disease treatment.,hybridization/mismatch off-target effect,B,Results > Screening of SNA-modified siRNAs targeting CAG repeats; paragraph 8,PENDING_RERUN,,,,,,,,needs v2 re-curation (workflow rate-limited; run via curate_v2_llm.py on HPC),,,,
457,456,LNP-siRNA,40770503,PMC12573146manuscript-id: NIHMS2117976,10.1038/s41551-025-01469-7,"Thermoreversibly assembled polymersomes for highly efficient loading, processing and delivery of protein and siRNA biologics.",off-target evidence,B,Results > PSs outperform clinically used LNPs in RNAi; paragraph 20,PENDING_RERUN,,,,,,,,needs v2 re-curation (workflow rate-limited; run via curate_v2_llm.py on HPC),,,,
458,457,PKM-ASO,42009652,PMC13096517,10.1038/s41421-026-00882-9,ASO-based PKM splice-switching therapy increases anti-CTLA-4 antibody efficacy in pancreatic ductal adenocarcinoma.,off-target evidence,B,Results > PKM-ASO inhibits MIA PaCa-2 cell growth in an immunodeficient mouse model; paragraph 17,PENDING_RERUN,,,,,,,,needs v2 re-curation (workflow rate-limited; run via curate_v2_llm.py on HPC),,,,
459,458,AsOBP21f,41872964,PMC13134246,10.1186/s13071-026-07333-0,"Functional characterization of AsOBP21f, an odorant-binding protein involved in human odor detection in the malaria vector Anopheles sinensis.",transcriptome-level off-target effect,B,Results > Cloning and expression analysis of the AsOBP21f gene; paragraph 23,PENDING_RERUN,,,,,,,,needs v2 re-curation (workflow rate-limited; run via curate_v2_llm.py on HPC),,,,
460,459,shRNA-GNEM743T,41770218,PMC12962615,10.1080/20565623.2026.2635722,Preclinical assessment of GNE(wt)/bi-shRNA-GNE(M743T) lipoplex product development for GNE myopathy.,seed-mediated off-target effect,B,"Results > Construction of GNEwt/bi-shRNA-GNEM743T dual function plasmids and GNEwt, GNEM743T expression plasmids; paragr",PENDING_RERUN,,,,,,,,needs v2 re-curation (workflow rate-limited; run via curate_v2_llm.py on HPC),,,,
461,460,PSMD1,41632828,PMC13197978,10.1182/blood.2025029358,Proteasome subunit PSMD1 is a key therapeutic target in multiple myeloma.,transcriptome-level off-target effect,B,Results > Clinical impact and functional significance of PSMD1 in MM; paragraph 13,PENDING_RERUN,,,,,,,,needs v2 re-curation (workflow rate-limited; run via curate_v2_llm.py on HPC),,,,
462,461,si098-DV29P,40385635,PMC12083919,10.1016/j.omtn.2025.102542,"Design, pharmacology, and toxicology of a novel chemically modified siRNA targeting hepatic angiotensinogen.",seed-mediated off-target effect,B,Results > In vivo silencing of AGT by GalNAc-siRNAs; paragraph 13,accept,offtarget_observed,True,True,A,0.9,pmc_full_text,"However, two siRNAs, si098-DV29P and si086-DV26P, exerted relatively strong inhibition on their potential off-target genes (Figures S10B and S10E), suggesting that measures should be taken to prevent and control the off-target risk.","In-scope therapeutic GalNAc-siRNA (si098-DV29P, targeting hepatic AGT) is the agent under study (GATE 1 pass). The passage reports an OBSERVED, experimentally measured off-target result, not a computational/design-only screen: in-silico BLAST predicted candidate seed-region off-target genes, but knockdown was then verified by in-vitro qPCR, and si098-DV29P showed ""relatively strong inhibition on their potential off-target genes (Figures S10B and S10E)"" — a miRNA-like / seed-mediated off-target e",,,,
463,462,YAP1; WWTR1,41341748,PMC12670904,10.1016/j.omtn.2025.102768,A novel bispecific siRNA concept: Efficient dual knockdown of YAP1 and WWTR1 with a single guide strand.,seed-mediated off-target effect,B,Results > Characterization of off-target activities of bsYW-61; paragraph 14,PENDING_RERUN,,,,,,,,needs v2 re-curation (workflow rate-limited; run via curate_v2_llm.py on HPC),,,,
464,463,ACTB ASO,40672232,PMC12265680,10.1101/2025.07.11.664364,Targeted RNA editing by direct delivery of an adenosine deaminase-antisense oligo conjugate.,transcriptome-level off-target effect,B,RESULTS > RNP delivery reduces transcriptome-wide off-target editing; paragraph 22,PENDING_RERUN,,,,,,,,needs v2 re-curation (workflow rate-limited; run via curate_v2_llm.py on HPC),,,,
465,464,TNF ASO,39778469,PMC11763583,10.1016/j.redox.2025.103488,Exosome-equipped TNF antisense oligodeoxynucleotide or 2-deoxy-D-glucose ameliorated nonalcoholic steatohepatitis by modulating superoxide dismutase 1 in mice.,transcriptome-level off-target effect,B,"Results > TNF and IL1β were up-regulated in NASH patients or mouse NASH model, primarily originating from hepatic macrop",PENDING_RERUN,,,,,,,,needs v2 re-curation (workflow rate-limited; run via curate_v2_llm.py on HPC),,,,
466,465,EGFR siRNA,40893381,PMC12395518,10.1016/j.mtbio.2025.102205,Self-assembled extracellular matrix-lipid nanoparticle composite for site-specific siRNA delivery to improve cardiac repair post-myocardial infarction.,transcriptome-level off-target effect,B,Results > Interfering with EGFR activation promoted M2-like macrophage polarization; paragraph 59,PENDING_RERUN,,,,,,,,needs v2 re-curation (workflow rate-limited; run via curate_v2_llm.py on HPC),,,,
467,466,A4GALT-siRNA,40520362,PMC12167060,10.1016/j.omtn.2025.102573,A4GALT-targeting siRNA lipid nanoparticles ameliorate Fabry disease phenotype: Greater efficacy in endothelial cells than in podocytes.,transcriptome-level off-target effect,B,Results > Alterations in gene expression in hiPSC-derived cell types following A4GALT siRNA-HLNP treatment; paragraph 12,PENDING_RERUN,,,,,,,,needs v2 re-curation (workflow rate-limited; run via curate_v2_llm.py on HPC),,,,
468,467,15 siRNA,40171444,PMC11960531,10.1016/j.omtn.2024.102415,Improving the potency prediction for chemically modified siRNAs through insights from molecular modeling of individual sequence positions.,seed-mediated off-target effect,B,Results > Interaction energy ΔE decomposition and SASA on a per base pair basis; paragraph 16,PENDING_RERUN,,,,,,,,needs v2 re-curation (workflow rate-limited; run via curate_v2_llm.py on HPC),,,,
469,468,CD47,41402667,PMC12708450,10.1186/s43556-025-00392-2,Targeting tumor-infiltrating regulatory T cells: combining CD47 and PD-L1 inhibition via a novel aptamer-siRNA chimera.,off-target evidence,B,Results > PD-L1-targeting aptamer-siRNA chimera selectively targets intratumoral Treg cells and induces effective CD47 s,PENDING_RERUN,,,,,,,,needs v2 re-curation (workflow rate-limited; run via curate_v2_llm.py on HPC),,,,
470,469,EGFR-siRNA,41045966,PMC12677201manuscript-id: NIHMS2117124,10.1016/j.jconrel.2025.114286,Lipid and polymeric nanocarriers for siRNA delivery to the brain.,off-target evidence,B,Polymeric Nanocarriers > Surface Modification for Single Targeting; paragraph 32,PENDING_RERUN,,,,,,,,needs v2 re-curation (workflow rate-limited; run via curate_v2_llm.py on HPC),,,,
471,470,SKOV3,40917515,PMC12408407,10.1016/j.mtbio.2025.102240,Cancer-metastasis-on-a-chip reveals efficacy of bevacizumab and siRNA in overcoming carboplatin resistance in SKOV3 ovarian cancer within a fibrotic metastatic ,seed-mediated off-target effect,B,Results > Inhibitory effect of combined bevacizumab treatment and gene silencing on SKOV3 cell invasion toward fibrotic ,PENDING_RERUN,,,,,,,,needs v2 re-curation (workflow rate-limited; run via curate_v2_llm.py on HPC),,,,
472,471,BACE1,40873646,PMC12380061,10.1002/EXP.20230178,Enhanced Blood-Brain Barrier Penetrability of BACE1 SiRNA-Loaded Prussian Blue Nanocomplexes for Alzheimer's Disease Synergy Therapy.,transcriptome-level off-target effect,B,Results > Gene Expression Analysis; paragraph 31,PENDING_RERUN,,,,,,,,needs v2 re-curation (workflow rate-limited; run via curate_v2_llm.py on HPC),,,,
473,472,UU-3,40861898,PMC12375242,10.1016/j.omtn.2025.102667,Development of conditional-siRNA programmable riboswitch for targeting adverse cardiac remodeling.,off-target evidence,B,Results > Synthesis of a Cond-siRNA construct based on RNA sensor Nppa and target gene calcineurin; paragraph 11,PENDING_RERUN,,,,,,,,needs v2 re-curation (workflow rate-limited; run via curate_v2_llm.py on HPC),,,,
474,473,NSUN4; CD8,40761479,PMC12318824,10.1002/mco2.70311,Nanoparticle-Delivered siRNA Targeting NSUN4 Relieves Systemic Lupus Erythematosus through Declining Mitophagy-Mediated CD8+T Cell Exhaustion.,hybridization/mismatch off-target effect,B,Results > Conjoint Analyses of scRNA‐seq and m5C‐seq Reveal the Crucial Role of NSUN4 in Regulating CD8+T Cell Exhaustio,PENDING_RERUN,,,,,,,,needs v2 re-curation (workflow rate-limited; run via curate_v2_llm.py on HPC),,,,
475,474,sFRP2,40715133,PMC12297473,10.1038/s41467-025-62248-1,Identifying fibroblast-derived sFRP2 as a therapeutic target and engineering siRNA therapy for uterine scarring.,transcriptome-level off-target effect,B,Results > sFRP2 activates the non-canonical Wnt signaling pathway to regulate fibroblast-mediated scarring; paragraph 25,PENDING_RERUN,,,,,,,,needs v2 re-curation (workflow rate-limited; run via curate_v2_llm.py on HPC),,,,
476,475,siSmyd3,40704506,PMC12452061,10.1242/dmm.052370,Chemoprevention of hepatocellular carcinoma using N-acetylgalactosamine-conjugated siRNAs.,off-target evidence,B,RESULTS > Testing siRNA chemoprevention in the NRASG12V/shp53 HCC model; paragraph 12,PENDING_RERUN,,,,,,,,needs v2 re-curation (workflow rate-limited; run via curate_v2_llm.py on HPC),,,,
477,476,DUX4,40673060,PMC12264612,10.1016/j.omtm.2025.101513,A systemically deliverable lipid-conjugated siRNA targeting DUX4 as an facioscapulohumeral muscular dystrophy therapeutic.,transcriptome-level off-target effect,B,Results > Subcutaneous delivery of DCA lipid-conjugated siRNADUX4 knocked down DUX4 target gene expression in FSHD patie,PENDING_RERUN,,,,,,,,needs v2 re-curation (workflow rate-limited; run via curate_v2_llm.py on HPC),,,,
478,477,CD39,40415115,PMC12206921manuscript-id: NIHMS2097439,10.1038/s41423-025-01295-6,Antisense to human CD39 dysregulates immune metabolism in inflammatory bowel disease.,transcriptome-level off-target effect,B,RESULTS > Silencing of CD39-AS RNA controls Treg glucose metabolism; paragraph 6,PENDING_RERUN,,,,,,,,needs v2 re-curation (workflow rate-limited; run via curate_v2_llm.py on HPC),,,,
479,478,siRNA2,39657790,PMC11724309,10.1093/nar/gkae1195,High resistance barrier and prophylactic protection in preclinical models of SARS-CoV-2 with two siRNA combination.,seed-mediated off-target effect,B,Results > Identity of target site mutations after single siRNA treatment; paragraph 36,PENDING_RERUN,,,,,,,,needs v2 re-curation (workflow rate-limited; run via curate_v2_llm.py on HPC),,,,
480,479,siRNA8,39632755,PMC11704396,10.4062/biomolther.2024.071,"Design, Screening and Development of Asymmetric siRNAs Targeting the MYC Oncogene in Triple-Negative Breast Cancer.",seed-mediated off-target effect,B,RESULTS > The knockdown efficacy of asiRNAs is similar to that of symmetric siRNAs; paragraph 36,PENDING_RERUN,,,,,,,,needs v2 re-curation (workflow rate-limited; run via curate_v2_llm.py on HPC),,,,
481,480,CD81 ASO,41341746,PMC12670902,10.1016/j.omtn.2025.102766,"An unbiased whole-genome open reading frame overexpression screen identifies B3GALT2, a novel inducer of cellular ASO activity.",transcriptome-level off-target effect,B,Results > B3GALT2 overexpression induces increased uptake of ASO; paragraph 10,PENDING_RERUN,,,,,,,,needs v2 re-curation (workflow rate-limited; run via curate_v2_llm.py on HPC),,,,
482,481,CXCR4-Targeted,41226635,PMC12607363,10.3390/ijms262110582,Anti-Angiogenic RNAi-Based Treatment of Endometriosis in a Rat Model Using CXCR4-Targeted Peptide Nanoparticles.,off-target evidence,B,2. Results > 2.5. Evaluation of the Trasnsfection Properties of Ternary Polyplexes In Vitro; paragraph 24,PENDING_RERUN,,,,,,,,needs v2 re-curation (workflow rate-limited; run via curate_v2_llm.py on HPC),,,,
483,482,SMILR siRNA,40928446,PMC12790151,10.1016/j.jacbts.2025.101364,Small Interfering RNA Therapy Targeting the Long Noncoding RNA SMILR for Therapeutic Intervention in Coronary Artery Bypass Graft Failure.,seed-mediated off-target effect,B,Results > Transcriptomic analyses of BHF7-transfected vSMCs demonstrates expected changes to known SMILR regulated genes,PENDING_RERUN,,,,,,,,needs v2 re-curation (workflow rate-limited; run via curate_v2_llm.py on HPC),,,,
484,483,KRAS siRNA,40762837,PMC12483557,10.1172/JCI187204,Inverted chimeric RNAi molecules synergistically cotarget MYC and KRAS in KRAS-driven cancers.,seed-mediated off-target effect,B,Results > Chimeric bridge cleavage results in more potent 5′-guide overhangs.; paragraph 22,PENDING_RERUN,,,,,,,,needs v2 re-curation (workflow rate-limited; run via curate_v2_llm.py on HPC),,,,
485,484,SSEA-2,40060931,PMC11889396,10.1016/j.omtn.2025.102479,Potential ASO-based personalized treatment for Charcot-Marie-Tooth disease type 2S.,hybridization/mismatch off-target effect,B,Results > VCA-894A has limited off-target binding; paragraph 16,PENDING_RERUN,,,,,,,,needs v2 re-curation (workflow rate-limited; run via curate_v2_llm.py on HPC),,,,
486,485,KRAS siRNA,40290881,PMC12022660,10.1016/j.mtbio.2025.101732,"An exosome-based nanoplatform for siRNA delivery combined with starvation therapy promotes tumor cell death through autophagy, overcoming refractory KRAS-mutate",off-target evidence,B,Results > In vitro gene silencing and inhibition of proliferation and migration; paragraph 24,PENDING_RERUN,,,,,,,,needs v2 re-curation (workflow rate-limited; run via curate_v2_llm.py on HPC),,,,
487,486,0001 ASO,40141224,PMC11942597,10.3390/ijms26062583,Valproic Acid Improves Antisense-Mediated Exon-Skipping Efficacy in mdx Mice.,off-target evidence,B,2. Results > 2.1. Effect of Valproic Acid on Exon-Skipping Therapy Following a 12-Week Treatment in mdx Mice; paragraph ,PENDING_RERUN,,,,,,,,needs v2 re-curation (workflow rate-limited; run via curate_v2_llm.py on HPC),,,,
488,487,siSTT1,39752485,PMC11698097,10.1126/sciadv.adp7126,Treating myocardial infarction via a nano-ultrasonic contrast agent-mediated high-efficiency drug delivery system targeting macrophages.,transcriptome-level off-target effect,B,RESULTS > Synergistic regulation of the macrophage phenotype by OA-NO2 and siSTAT1; Fig. 5. caption,PENDING_RERUN,,,,,,,,needs v2 re-curation (workflow rate-limited; run via curate_v2_llm.py on HPC),,,,
489,488,PA5-78644,39558155,PMC11662670,10.1093/nar/gkae1034,Selective recognition of RNA G-quadruplex in vitro and in cells by L-aptamer-D-oligonucleotide conjugate.,hybridization/mismatch off-target effect,B,Results > Design of a novel L-aptamer–ASO conjugate that can recognize a particular rG4 region of interest; paragraph 20,PENDING_RERUN,,,,,,,,needs v2 re-curation (workflow rate-limited; run via curate_v2_llm.py on HPC),,,,
490,489,STAT3,39171140,PMC11338104,10.1016/j.omtn.2024.102268,Bi-functional CpG-STAT3 decoy oligonucleotide triggers multilineage differentiation of acute myeloid leukemia in mice.,transcriptome-level off-target effect,B,Results > Blocking STAT3 orchestrates TLR9-dependent leukemic cell differentiation; paragraph 7,PENDING_RERUN,,,,,,,,needs v2 re-curation (workflow rate-limited; run via curate_v2_llm.py on HPC),,,,
491,490,EZH2-driven,38664825,PMC11046805,10.1186/s13058-024-01827-4,siRNA treatment targeting integrin α11 overexpressed via EZH2-driven axis inhibits drug-resistant breast cancer progression.,transcriptome-level off-target effect,B,Results > Integrin α11 overexpression is essential for drug-resistant breast cancer cell survival; paragraph 36,PENDING_RERUN,,,,,,,,needs v2 re-curation (workflow rate-limited; run via curate_v2_llm.py on HPC),,,,
492,491,JAK1,38304729,PMC10831156,10.1016/j.omtn.2024.102117,Multispecies-targeting siRNAs for the modulation of JAK1 in the skin.,seed-mediated off-target effect,B,Results > Identification of multispecies-targeting siRNAs that efficiently silence JAK1 across various species; paragrap,PENDING_RERUN,,,,,,,,needs v2 re-curation (workflow rate-limited; run via curate_v2_llm.py on HPC),,,,
493,492,PH-762,39697325,PMC11652358,10.3389/fimmu.2024.1501679,Self-delivering RNAi immunotherapeutic PH-762 silences PD-1 to generate local and abscopal antitumor efficacy.,transcriptome-level off-target effect,B,Results > PH-762 is a stabilized self-delivering siRNA compound designed to potently silence PDCD1 mRNA with high specif,PENDING_RERUN,,,,,,,,needs v2 re-curation (workflow rate-limited; run via curate_v2_llm.py on HPC),,,,
494,493,CCL7,39902039,PMC11788141,10.3389/fimmu.2024.1513196,Inflammatory biomarkers and therapeutic potential of milk exosome-mediated CCL7 siRNA in murine intestinal ischemia-reperfusion injury.,transcriptome-level off-target effect,B,Results > M-Exo/siCCL7 treatment attenuates intestinal ischemia-reperfusion injury; paragraph 49,PENDING_RERUN,,,,,,,,needs v2 re-curation (workflow rate-limited; run via curate_v2_llm.py on HPC),,,,
495,494,HIF-1,39225143,PMC11485800,10.1080/17435889.2024.2393075,A drug delivery system of HIF-1α siRNA nanoparticles loaded by mesenchymal stem cells on choroidal neovascularization.,off-target evidence,B,Results > The biosafety of MSCs loaded with hybrid-siRNA NPs via intravenous injection; paragraph 57,PENDING_RERUN,,,,,,,,needs v2 re-curation (workflow rate-limited; run via curate_v2_llm.py on HPC),,,,
496,495,APOE ASO,38348876,PMC11109952,10.1093/nar/gkae100,A combinatorial approach for achieving CNS-selective RNAi.,seed-mediated off-target effect,B,Results > Chemical engineering to achieve selective CNS target silencing; paragraph 46,PENDING_RERUN,,,,,,,,needs v2 re-curation (workflow rate-limited; run via curate_v2_llm.py on HPC),,,,
497,496,Il6,38727303,PMC11083178,10.3390/cells13090767,Cholesterol-Modified Anti-Il6 siRNA Reduces the Severity of Acute Lung Injury in Mice.,hybridization/mismatch off-target effect,B,3. Results > 3.1. Silencing Activities of Anti-Il6 siRNAs In Vitro; paragraph 20,PENDING_RERUN,,,,,,,,needs v2 re-curation (workflow rate-limited; run via curate_v2_llm.py on HPC),,,,
498,497,PS-ASO,37788110,PMC10688987,10.1172/JCI163464,A splice-switching oligonucleotide treatment ameliorates glycogen storage disease type 1a in mice with G6PC c.648G>T.,hybridization/mismatch off-target effect,B,Results > Preclinical safety assessments of DS-4108b.; paragraph 13,PENDING_RERUN,,,,,,,,needs v2 re-curation (workflow rate-limited; run via curate_v2_llm.py on HPC),,,,
499,498,nusinersen,37438524,PMC10371869,10.1038/s41586-023-06277-0,A framework for individualized splice-switching oligonucleotide therapy.,hybridization/mismatch off-target effect,B,Correcting c.7865C>T and c.5763-1050A>G; paragraph 32,PENDING_RERUN,,,,,,,,needs v2 re-curation (workflow rate-limited; run via curate_v2_llm.py on HPC),,,,
500,499,BC-893,36727438,PMC9976930,10.1093/nar/gkad023,Simultaneous inhibition of endocytic recycling and lysosomal fusion sensitizes cells and tissues to oligonucleotide therapeutics.,off-target evidence,B,RESULTS > Simultaneous PIKfyve and ARF6 inhibition is both necessary and sufficient for ASO potentiation by SH-BC-893; p,PENDING_RERUN,,,,,,,,needs v2 re-curation (workflow rate-limited; run via curate_v2_llm.py on HPC),,,,
501,500,JAK1-selective,37925520,PMC10625637,10.1038/s41467-023-42714-4,Rational design of a JAK1-selective siRNA inhibitor for the modulation of autoimmunity in the skin.,seed-mediated off-target effect,B,Results > Local administration of si3033 reduces skin infiltration of autoreactive CD8+ T cells and prevents skin depigm,PENDING_RERUN,,,,,,,,needs v2 re-curation (workflow rate-limited; run via curate_v2_llm.py on HPC),,,,
502,501,RBCEV siRNA,37016578,PMC10188904,10.1016/j.ymthe.2023.03.036,Red blood cell extracellular vesicles deliver therapeutic siRNAs to skeletal muscles for treatment of cancer cachexia.,off-target evidence,B,Results > Intramuscular delivery of siRNAs using RBCEVs is non-toxic and non-inflammatory; paragraph 22,PENDING_RERUN,,,,,,,,needs v2 re-curation (workflow rate-limited; run via curate_v2_llm.py on HPC),,,,
503,502,modified siRNA,36881759,PMC10085713,10.1093/nar/gkad067,"Chemistry, structure and function of approved oligonucleotide therapeutics.",seed-mediated off-target effect,B,RNAi THERAPEUTICS: DOUBLE-STRANDED MECHANISM OF ACTION > Conformational flexibility and reduced off-target effects: GNA;,PENDING_RERUN,,,,,,,,needs v2 re-curation (workflow rate-limited; run via curate_v2_llm.py on HPC),,,,
504,503,Atp1a2; SOD1,38015828,PMC10683999,10.1371/journal.pone.0294731,Targeted ASO-mediated Atp1a2 knockdown in astrocytes reduces SOD1 aggregation and accelerates disease onset in mutant SOD1 mice.,transcriptome-level off-target effect,B,Results > ASO-mediated Atp1a2 knockdown induces transcriptomic changes in primary mouse astrocytes and spinal cord tissu,PENDING_RERUN,,,,,,,,needs v2 re-curation (workflow rate-limited; run via curate_v2_llm.py on HPC),,,,
505,504,C5-siRNA,36789273,PMC9900455,10.1016/j.omtn.2023.01.005,Identification of potent siRNA targeting complement C5 and its robust activity in pre-clinical models of myasthenia gravis and collagen-induced arthritis.,transcriptome-level off-target effect,B,Results > In vitro and in vivo screening identified candidate C5-siRNA; paragraph 8,PENDING_RERUN,,,,,,,,needs v2 re-curation (workflow rate-limited; run via curate_v2_llm.py on HPC),,,,
506,505,siIGF1R-1,37251692,PMC10220282,10.1016/j.omtn.2023.04.028,Modified ASO conjugates encapsulated with cytidinyl/cationic lipids exhibit more potent and longer-lasting anti-HCC effects.,hybridization/mismatch off-target effect,B,Results > Transcriptomics and proteomics analysis of modified CT102s; paragraph 23,PENDING_RERUN,,,,,,,,needs v2 re-curation (workflow rate-limited; run via curate_v2_llm.py on HPC),,,,
507,506,TR-siRNA,37031257,PMC10082758,10.1038/s41467-023-37774-5,RNAi-mediated rheostat for dynamic control of AAV-delivered transgenes.,seed-mediated off-target effect,B,Results > Identification of potent and specific transgene regulator siRNAs; paragraph 29,PENDING_RERUN,,,,,,,,needs v2 re-curation (workflow rate-limited; run via curate_v2_llm.py on HPC),,,,
508,507,A01406-33,37272117,PMC10243379,10.1080/15476286.2023.2217400,Biochemistry-informed design selects potent siRNAs against SARS-CoV-2.,seed-mediated off-target effect,B,Results > Rationale for siRNA design; paragraph 13,PENDING_RERUN,,,,,,,,needs v2 re-curation (workflow rate-limited; run via curate_v2_llm.py on HPC),,,,
509,508,siT10,37353152,PMC10528676manuscript-id: NIHMS1914607,10.1016/j.addr.2023.114968,siRNA drug delivery across the blood-brain barrier in Alzheimer's disease.,hybridization/mismatch off-target effect,B,siRNA delivery systems targeting selected genes for AD therapy > siRNA delivery systems against APP and BACE-1; paragrap,PENDING_RERUN,,,,,,,,needs v2 re-curation (workflow rate-limited; run via curate_v2_llm.py on HPC),,,,
510,509,SLN360,35737426,PMC9516055,10.1093/toxsci/kfac067,"Preclinical Toxicological Assessment of A Novel siRNA, SLN360, Targeting Elevated Lipoprotein (a) in Cardiovascular Disease.",seed-mediated off-target effect,B,RESULTS > SLN360 Specifically Downregulates LPA in Primary Hepatocytes; paragraph 28,PENDING_RERUN,,,,,,,,needs v2 re-curation (workflow rate-limited; run via curate_v2_llm.py on HPC),,,,
511,510,LNA ASO,35922434,PMC9349213,10.1038/s41467-022-32216-0,An intranasal ASO therapeutic targeting SARS-CoV-2.,hybridization/mismatch off-target effect,B,Results > Intranasal administration of 5’-ASO#26 did not induce significant immune stimulatory effect; paragraph 10,PENDING_RERUN,,,,,,,,needs v2 re-curation (workflow rate-limited; run via curate_v2_llm.py on HPC),,,,
512,511,siCpWnt3,36180523,PMC9525680,10.1038/s41598-022-20476-1,siRNA-mediated gene knockdown via electroporation in hydrozoan jellyfish embryos.,hybridization/mismatch off-target effect,B,Results > Wnt3 knockdown with siRNA in Cladonema pacificum; paragraph 41,PENDING_RERUN,,,,,,,,needs v2 re-curation (workflow rate-limited; run via curate_v2_llm.py on HPC),,,,
513,512,KCNQ1; QT1,35409410,PMC9000197,10.3390/ijms23074053,shRNAs Targeting a Common KCNQ1 Variant Could Alleviate Long-QT1 Disease Severity by Inhibiting a Mutant Allele.,seed-mediated off-target effect,B,2. Results > 2.1. Allele-Specific Targeting of Common SNPs in KCNQ1; paragraph 11,PENDING_RERUN,,,,,,,,needs v2 re-curation (workflow rate-limited; run via curate_v2_llm.py on HPC),,,,
514,513,siHJ1D8,34286840,PMC8864631,10.1093/ecco-jcc/jjab129,Therapeutic siRNAs Targeting the JAK/STAT Signalling Pathway in Inflammatory Bowel Diseases.,seed-mediated off-target effect,B,3. Results > 3.3. Specificity of siRNA targeting JAK1 and JAK3; paragraph 30,PENDING_RERUN,,,,,,,,needs v2 re-curation (workflow rate-limited; run via curate_v2_llm.py on HPC),,,,
515,514,LINC01257,34683974,PMC8539450,10.3390/pharmaceutics13101681,Development of siRNA-Loaded Lipid Nanoparticles Targeting Long Non-Coding RNA LINC01257 as a Novel and Safe Therapeutic Approach for t(8;21) Pediatric Acute Mye,off-target evidence,B,3. Results > 3.6. LNP-si-LINC01257 Impairs Kasumi-1 Cell Proliferation without Affecting Healthy PBMCs; paragraph 29,PENDING_RERUN,,,,,,,,needs v2 re-curation (workflow rate-limited; run via curate_v2_llm.py on HPC),,,,
516,515,CAG-siRNA,33738134,PMC7937577,10.1016/j.omtn.2021.02.007,Selective suppression of polyglutamine-expanded protein by lipid nanoparticle-delivered siRNA targeting CAG expansions in the mouse CNS.,hybridization/mismatch off-target effect,B,Results > Selective suppression of mutant androgen receptor by UNA-modified CAG-siRNA in human fibroblasts; paragraph 8,PENDING_RERUN,,,,,,,,needs v2 re-curation (workflow rate-limited; run via curate_v2_llm.py on HPC),,,,
517,516,EGFR siRNA,34959463,PMC8703291,10.3390/pharmaceutics13122182,Non-Cationic RGD-Containing Protein Nanocarrier for Tumor-Targeted siRNA Delivery.,off-target evidence,B,3. Results > 3.7. Tumor-Targeting Capability In Vivo; paragraph 28,PENDING_RERUN,,,,,,,,needs v2 re-curation (workflow rate-limited; run via curate_v2_llm.py on HPC),,,,
518,517,ORF1ab,33519276,PMC7833792,10.1016/j.sjbs.2020.11.066,In silico prediction and experimental validation of siRNAs targeting ORF1ab of MERS-CoV in Vero cell line.,transcriptome-level off-target effect,B,"Results > MERS-CoV genome analysis, in silico prediction and selection of potential siRNAs; paragraph 16",PENDING_RERUN,,,,,,,,needs v2 re-curation (workflow rate-limited; run via curate_v2_llm.py on HPC),,,,
519,518,siUC7,33992805,PMC8118699,10.1016/j.ymthe.2021.05.004,A SARS-CoV-2 targeted siRNA-nanoparticle therapy for COVID-19.,seed-mediated off-target effect,B,Results > siRNA targeting SARS-CoV-2; paragraph 5,PENDING_RERUN,,,,,,,,needs v2 re-curation (workflow rate-limited; run via curate_v2_llm.py on HPC),,,,
520,519,siCoV3,34696460,PMC8539227,10.3390/v13102030,Inhibition of SARS-CoV-2 Replication by a Small Interfering RNA Targeting the Leader Sequence.,seed-mediated off-target effect,B,3. Results > 3.1. Design of siRNAs Targeting the 5′-UTR of SARS-CoV-2; paragraph 14,PENDING_RERUN,,,,,,,,needs v2 re-curation (workflow rate-limited; run via curate_v2_llm.py on HPC),,,,
521,520,207 siRNA,32416156,PMC7408447,10.1016/j.jcmgh.2020.05.002,High Content Imaging of Barrett's-Associated High-Grade Dysplasia Cells After siRNA Library Screening Reveals Acid-Responsive Regulators of Cellular Transitions,transcriptome-level off-target effect,B,Results > Gene Silencing-Dependent Changes in Cell Morphology Are Associated With Altered Cell Migration; paragraph 12,PENDING_RERUN,,,,,,,,needs v2 re-curation (workflow rate-limited; run via curate_v2_llm.py on HPC),,,,
522,521,AS-siRNA,31705875,PMC7395648manuscript-id: NIHMS1613077,10.1016/j.jid.2019.09.022,Allele-Specific Small Interfering RNA Corrects Aberrant Cellular Phenotype in Keratitis-Ichthyosis-Deafness Syndrome Keratinocytes.,seed-mediated off-target effect,B,RESULTS > Low-level off-target effects of AS-siRNA S7; paragraph 17,PENDING_RERUN,,,,,,,,needs v2 re-curation (workflow rate-limited; run via curate_v2_llm.py on HPC),,,,
523,522,ADAR1,32817447,PMC7668262,10.1261/rna.076745.120,Processing of Alu small RNAs by DICER/ADAR1 complexes and their RNAi targets.,seed-mediated off-target effect,B,RESULTS > Sense Alu siRNAs target CDCP1 and induce apoptosis in HeLa cells; paragraph 16,PENDING_RERUN,,,,,,,,needs v2 re-curation (workflow rate-limited; run via curate_v2_llm.py on HPC),,,,
524,523,TPPP siRNA,32296040,PMC7160116,10.1038/s41467-020-14978-7,A high-content RNAi screen reveals multiple roles for long noncoding RNAs in cell division.,transcriptome-level off-target effect,B,Results > Linc0889-dependent regulation of TPPP in mitotic progression; paragraph 16,PENDING_RERUN,,,,,,,,needs v2 re-curation (workflow rate-limited; run via curate_v2_llm.py on HPC),,,,
525,524,eIF3m,31855834,PMC6926209,10.1016/j.omtn.2019.11.009,In Vivo RNAi-Mediated eIF3m Knockdown Affects Ribosome Biogenesis and Transcription but Has Limited Impact on mRNA-Specific Translation.,seed-mediated off-target effect,B,Results > In Vivo Knockdown of eIF3m in Mouse Liver; paragraph 7,PENDING_RERUN,,,,,,,,needs v2 re-curation (workflow rate-limited; run via curate_v2_llm.py on HPC),,,,
526,525,HTT siRNA,31375812,PMC6879195manuscript-id: NIHMS1533065,10.1038/s41587-019-0205-0,A divalent siRNA chemical scaffold for potent and sustained modulation of gene expression throughout the central nervous system.,seed-mediated off-target effect,B,Results > Di-siRNA modulates HTT expression with minimal off-target events; paragraph 33,PENDING_RERUN,,,,,,,,needs v2 re-curation (workflow rate-limited; run via curate_v2_llm.py on HPC),,,,
527,526,85 siRNA,31213643,PMC6582146,10.1038/s41598-019-45159-2,A cross-species whole genome siRNA screen in suspension-cultured Chinese hamster ovary cells identifies novel engineering targets.,seed-mediated off-target effect,B,Results > Identifying valid siRNAs; paragraph 32,abstain,none,False,False,NA,0.9,none,NONE,"The loader returned passage_kind=""none"" and an empty passage string, so there is no supplied text against which to apply Gates 1-4. Per protocol, when the passage is missing/too thin to apply the gates, decision=""abstain"". (Note also: the v1 record describes a cross-species genome-wide siRNA screen in CHO cells to identify bioprocess engineering targets — siRNA used as a research knockdown tool, not a therapeutic oligonucleotide under study — which would independently fail Gate 1; but no verbati",,,,
528,527,SMARCB1,30860482,PMC6436895,10.7554/eLife.44161,Renal medullary carcinomas depend upon SMARCB1 loss and are sensitive to proteasome inhibition.,seed-mediated off-target effect,B,Results > RNAi and CRISPR-Cas9 loss-of-function screens and small-molecule screens in RMC models identify proteasome inh,PENDING_RERUN,,,,,,,,needs v2 re-curation (workflow rate-limited; run via curate_v2_llm.py on HPC),,,,
529,528,Serpinh1,31100613,PMC6520554,10.1016/j.omtn.2019.04.014,Reversal of Vocal Fold Mucosal Fibrosis Using siRNA against the Collagen-Specific Chaperone Serpinh1.,transcriptome-level off-target effect,B,Results > Serpinh1 Knockdown Induces a Transcriptome-Level Shift in Cell Phenotype; paragraph 10,PENDING_RERUN,,,,,,,,needs v2 re-curation (workflow rate-limited; run via curate_v2_llm.py on HPC),,,,
530,529,CEP290; LCA10,30114557,PMC6092551,10.1016/j.omtn.2018.07.010,Splice-Modulating Oligonucleotide QR-110 Restores CEP290 mRNA and Function in Human c.2991+1655A>G LCA10 Models.,hybridization/mismatch off-target effect,B,"Results > QR-110 Treatment Reduces Aberrant Splicing, Increases Wild-Type CEP290 in Homozygous Retinal Organoids, and Sh",PENDING_RERUN,,,,,,,,needs v2 re-curation (workflow rate-limited; run via curate_v2_llm.py on HPC),,,,
531,530,GluN3A,29438442,PMC5811004,10.1371/journal.pone.0192242,"The siRNA-mediated knockdown of GluN3A in 46C-derived neural stem cells affects mRNA expression levels of neural genes, including known iGluR interactors.",transcriptome-level off-target effect,B,Results > Transcriptome analysis of 46C-derived NSCs after knockdown of GluN3A; Fig 7 caption,PENDING_RERUN,,,,,,,,needs v2 re-curation (workflow rate-limited; run via curate_v2_llm.py on HPC),,,,
532,531,7C1 siRNA,29963629,PMC6021147,10.1126/sciadv.aar8409,Endothelial siRNA delivery in nonhuman primates using ionizable low-molecular weight polymeric nanoparticles.,off-target evidence,B,RESULTS > 7C1 and siRNA validation and characterization; paragraph 5,abstain,none,False,False,NA,0.95,none,NONE,"The loaded record has passage_kind=""none"" and an empty passage string, so there is no full-text content to apply Gates 1-4 against. Per the curation rule, when the passage is missing/too thin to apply the gates, the decision must be abstain. Although the molecule is ""7C1 siRNA"" (a nominally in-scope LNP-delivered siRNA from PMID 29963629), without any supplied passage I cannot verify an observed off-target/transcriptome-wide result, cannot confirm a primary result vs. methods/intro, and cannot p",,,,
533,532,Upf3b,29334995,PMC5769327,10.1186/s13059-017-1386-9,Antisense suppression of the nonsense mediated decay factor Upf3b as a potential treatment for diseases caused by nonsense mutations.,transcriptome-level off-target effect,B,Results > Upf3b-ASO treatment stabilizes hF9_R29X mRNA and has minimum impact on the normal liver transcriptome in a mou,PENDING_RERUN,,,,,,,,needs v2 re-curation (workflow rate-limited; run via curate_v2_llm.py on HPC),,,,
534,533,89E-06,28918038,PMC5537172,10.1016/j.omtn.2017.07.003,Strategies for In Vivo Screening and Mitigation of Hepatotoxicity Associated with Antisense Drugs.,hybridization/mismatch off-target effect,B,Results > High Confirmation Rate of In Silico Predicted OTEs in Mouse Liver; paragraph 14,PENDING_RERUN,,,,,,,,needs v2 re-curation (workflow rate-limited; run via curate_v2_llm.py on HPC),,,,
535,534,LNA-siRNA,28423565,PMC5410294,10.18632/oncotarget.15517,Identification and characterization of L1-specific endo-siRNAs essential for early embryonic development in pig.,hybridization/mismatch off-target effect,B,RESULTS > Endo-siRNAs derived from porcine L1 retrotransposon; Figure 2 caption,abstain,none,False,False,NA,0.9,none,NONE,"Supplied passage is empty (passage_kind=""none"", passage=""""), so the four ACCEPT gates cannot be applied from passage text -> abstain per the missing/too-thin rule. Independent of that, the v1 claim and title point to endogenous siRNAs (endo-siRNAs) derived from a porcine L1 retrotransposon involved in early embryonic development — this is endogenous RNAi biology, not a therapeutic oligonucleotide under study, so GATE 1 (molecule in scope) would also fail. The v1 ""LNA-siRNA""/""hybridization/mismat",,,,
536,535,shRT5,27928054,PMC5397164,10.1093/nar/gkw1203,The influence of the 5΄-terminal nucleotide on AgoshRNA activity and biogenesis: importance of the polymerase III transcription initiation site.,hybridization/mismatch off-target effect,B,RESULTS > Importance of the bottom basepair position in AgoshRT5 molecules; paragraph 17,PENDING_RERUN,,,,,,,,needs v2 re-curation (workflow rate-limited; run via curate_v2_llm.py on HPC),,,,
537,536,VEGF siRNA,28860767,PMC5573052,10.2147/IJN.S142739,VEGF siRNA delivered by polycation liposome-encapsulated calcium phosphate nanoparticles for tumor angiogenesis inhibition in breast cancer.,transcriptome-level off-target effect,B,Results > VEGF inhibition in vitro; paragraph 17,PENDING_RERUN,,,,,,,,needs v2 re-curation (workflow rate-limited; run via curate_v2_llm.py on HPC),,,,
538,537,EGFR-siRNA,28181832,PMC8241002,10.1080/10717544.2016.1267821,A tumor-targeting cRGD-EGFR siRNA conjugate and its anti-tumor effect on glioblastoma in vitro and in vivo.,transcriptome-level off-target effect,B,Results > Synthesis and serum stability of cRGD-siEGFR; Figure 1. caption,PENDING_RERUN,,,,,,,,needs v2 re-curation (workflow rate-limited; run via curate_v2_llm.py on HPC),,,,
539,538,siCIP2A,28797448,PMC5580030manuscript-id: NIHMS894760,10.1016/j.oraloncology.2017.07.004,Dual peptide-mediated targeted delivery of bioactive siRNAs to oral cancer cells in vivo.,off-target evidence,B,"Results > The GE11R9 peptide targets delivery of siRNAs to cells with high expression of EGFR, but is not capable of del",PENDING_RERUN,,,,,,,,needs v2 re-curation (workflow rate-limited; run via curate_v2_llm.py on HPC),,,,
540,539,MORC-1,28535375,PMC5527976manuscript-id: NIHMS872127,10.1016/j.devcel.2017.04.023,MORC-1 Integrates Nuclear RNAi and Transgenerational Chromatin Architecture to Promote Germline Immortality.,transcriptome-level off-target effect,B,Results > morc-1 mediates endo-siRNA effector function; paragraph 14,abstain,none,False,False,NA,0.95,none,NONE,"The loaded record returned an empty passage (passage="""" , passage_kind=""none""), so there is no full-text content against which to apply GATES 1-4; per instructions a missing/too-thin passage forces decision=""abstain"". Separately, the available metadata indicates the subject is out of scope: MORC-1 in the title ""MORC-1 Integrates Nuclear RNAi and Transgenerational Chromatin Architecture to Promote Germline Immortality"" is endogenous nuclear-RNAi / endo-siRNA chromatin biology (C. elegans germline",,,,
541,540,HMGB1,28352154,PMC5359008,10.2147/DDDT.S129913,HMGB1 siRNA can reduce damage to retinal cells induced by high glucose in vitro and in vivo.,off-target evidence,B,Results > Intravitreal injection of HMGB1 siRNA significantly inhibited the expression of HMGB1 in the retina; paragraph,PENDING_RERUN,,,,,,,,needs v2 re-curation (workflow rate-limited; run via curate_v2_llm.py on HPC),,,,
542,541,000 shRNA,26997282,PMC7616965manuscript-id: EMS129567,10.1016/j.celrep.2016.02.082,Genome-wide RNAi Screen Identifies Cohesin Genes as Modifiers of Renewal and Differentiation in Human HSCs.,off-target evidence,B,Results > Genome-wide RNAi Screen in Primitive Human Hematopoietic Cells Defines Genes and Pathways Associated with Cell,PENDING_RERUN,,,,,,,,needs v2 re-curation (workflow rate-limited; run via curate_v2_llm.py on HPC),,,,
543,542,TLR-3,27259398,PMC4958528manuscript-id: NIHMS793943,10.1016/j.addr.2016.05.010,Delivery strategies and potential targets for siRNA in major cancer types.,hybridization/mismatch off-target effect,B,4. Future prospects > 4.1. Delivery challenge; paragraph 58,PENDING_RERUN,,,,,,,,needs v2 re-curation (workflow rate-limited; run via curate_v2_llm.py on HPC),,,,
544,543,80 siRNA,26815386,PMC5153885manuscript-id: NIHMS816236,10.1021/acs.molpharmaceut.5b00831,Peptide- and Amine-Modified Glucan Particles for the Delivery of Therapeutic siRNA.,transcriptome-level off-target effect,B,RESULTS > Amine- and peptide-modified GPs efficiently deliver siRNA and silence genes in macrophages in lean mice in viv,PENDING_RERUN,,,,,,,,needs v2 re-curation (workflow rate-limited; run via curate_v2_llm.py on HPC),,,,
545,544,OVCAR-8,27583545,PMC5410868manuscript-id: NIHMS855238,10.1021/acs.bioconjchem.6b00304,Comparison of Modular PEG Incorporation Strategies for Stabilization of Peptide-siRNA Nanocomplexes.,off-target evidence,B,Results > PEG-containing TPNs show improved blood circulation and organ biodistribution; paragraph 10,PENDING_RERUN,,,,,,,,needs v2 re-curation (workflow rate-limited; run via curate_v2_llm.py on HPC),,,,
546,545,PINK1 siRNA,26902267,PMC5477503,10.1038/ncomms10578,An interactive web-based application for Comprehensive Analysis of RNAi-screen Data.,seed-mediated off-target effect,B,Results > Application of common seed analysis (CSA) in CARD; paragraph 9,PENDING_RERUN,,,,,,,,needs v2 re-curation (workflow rate-limited; run via curate_v2_llm.py on HPC),,,,
547,546,siRND4,26516083,PMC4647466,10.1261/rna.053637.115,Properties of short double-stranded RNAs carrying randomized base pairs: toward better controls for RNAi experiments.,seed-mediated off-target effect,B,RESULTS > Position of randomized sites influences the silencing properties of rnd-siRNAs; paragraph 14,PENDING_RERUN,,,,,,,,needs v2 re-curation (workflow rate-limited; run via curate_v2_llm.py on HPC),,,,
548,547,THIOMAB-siRNA,25550431,PMC4333408,10.1093/nar/gku1362,Systematic evaluation of antibody-mediated siRNA delivery using an industrial platform of THIOMAB-siRNA conjugates.,hybridization/mismatch off-target effect,B,"RESULTS > A broad platform of ARCs to assess antibody, siRNA and cellular properties that impact delivery and silencing;",PENDING_RERUN,,,,,,,,needs v2 re-curation (workflow rate-limited; run via curate_v2_llm.py on HPC),,,,
549,548,20-70,25100204,PMC4184972manuscript-id: NIHMS620732,10.1158/2159-8290.CD-13-0900,Development of siRNA payloads to target KRAS-mutant cancer.,hybridization/mismatch off-target effect,B,Results > Low dose shRNA and siRNA minimizes off-target effects; paragraph 11,abstain,none,False,False,NA,0.95,none,NONE,"The loaded record returns an empty passage (passage_kind=""none"", passage=""""). With no full-text content supplied, none of the four gates can be evaluated and no verbatim grounding span exists. Per protocol, a missing/too-thin passage requires decision=""abstain"". Note the v1 claim references shRNA/siRNA to target KRAS-mutant cancer (PMID 25100204); shRNA is out of scope and a ""low dose minimizes off-target effects"" framing would in any case need an OBSERVED transcriptome-wide/seed off-target resu",,,,
550,549,IKK1,24523631,PMC3913291,10.1155/2014/193803,RNAi-mediated knockdown of IKK1 in transgenic mice using a transgenic construct containing the human H1 promoter.,off-target evidence,B,3. Results > 3.1. Selection of an Effective Sequence for Interfering IKK1 Expression; paragraph 19,PENDING_RERUN,,,,,,,,needs v2 re-curation (workflow rate-limited; run via curate_v2_llm.py on HPC),,,,
551,550,siEphA2,24619206,PMC4112501manuscript-id: NIHMS588692,10.1038/ncomms4459,2'-OMe-phosphorodithioate-modified siRNAs show increased loading into the RISC complex and enhanced anti-tumour activity.,hybridization/mismatch off-target effect,B,Results > In vivo application of MePS2-1 siRNA; paragraph 15,abstain,none,False,False,NA,0.95,none,NONE,"The supplied passage is empty (passage_kind=""none"", passage=""""). With no full-text span available, none of the four gates can be applied: I cannot verify the in-scope therapeutic oligo, confirm a primary observed result, confirm an observed off-target (seed/mismatch/transcriptome-wide) effect, or extract a verbatim grounding quote. The v1 claim (""hybridization/mismatch off-target effect"" for siEphA2, a 2'-OMe-PS2 siRNA in PMID 24619206) cannot be trusted and cannot be verified against an absent ",,,,
552,551,HIV-1,25373910,PMC4926641manuscript-id: NIHMS796462,10.1016/j.celrep.2014.09.031,Comprehensive identification of host modulators of HIV-1 replication using multiple orthologous RNAi reagents.,transcriptome-level off-target effect,B,RESULTS > MORR Screens Find Host Factors that Modulate HIV-1 Replication; paragraph 6,PENDING_RERUN,,,,,,,,needs v2 re-curation (workflow rate-limited; run via curate_v2_llm.py on HPC),,,,
553,552,GAPDH siRNA,24145823,PMC3884671,10.1261/rna.039677.113,Rational design of microRNA-siRNA chimeras for multifunctional target suppression.,seed-mediated off-target effect,B,RESULTS > aiRNAs and miRNAs share similar targeting characteristics; paragraph 10,PENDING_RERUN,,,,,,,,needs v2 re-curation (workflow rate-limited; run via curate_v2_llm.py on HPC),,,,
554,553,DARPP-32 siRNA,23844368,PMC3703404,10.1155/2013/782041,Recent developments in nanoparticle-based siRNA delivery for cancer therapy.,off-target evidence,B,5. Targeted Delivery; paragraph 19,PENDING_RERUN,,,,,,,,needs v2 re-curation (workflow rate-limited; run via curate_v2_llm.py on HPC),,,,
555,554,NRF2; KEAP1; CCL11,23061798,PMC3546844,10.1186/1465-9921-13-92,Gene expression profiling following NRF2 and KEAP1 siRNA knockdown in human lung fibroblasts identifies CCL11/Eotaxin-1 as a novel NRF2 regulated gene.,transcriptome-level off-target effect,B,Results > Gene expression profiling following NRF2 and KEAP1 siRNA knock-down; paragraph 20,abstain,none,False,False,NA,0.95,none,NONE,"The loaded record supplies an empty passage (passage_kind=""none"", passage=""""). With no full-text span available, none of the four gates can be applied and no verbatim grounding_quote can be copied. The v1 claim (""transcriptome-level off-target effect"") cannot be trusted or verified, and notably the title describes an on-target gene-expression profiling study (siRNA knockdown of NRF2/KEAP1 to identify a downstream regulated gene, CCL11/Eotaxin-1), which is a knockdown/regulatory-biology readout r",,,,
556,555,2016-27,22100984,PMC3265162manuscript-id: NIHMS339060,10.1016/j.bcp.2011.11.005,Kinome-wide siRNA screening identifies molecular targets mediating the sensitivity of pancreatic cancer cells to Aurora kinase inhibitors.,transcriptome-level off-target effect,B,Supplementary Material; caption 32,abstain,none,False,False,NA,0.95,none,NONE,"The supplied passage is empty (passage_kind=""none"", passage=""""), so the gates cannot be applied to any verbatim text and no grounding_quote can be extracted; per instructions this mandates abstain. Independently, the source title ""Kinome-wide siRNA screening identifies molecular targets mediating the sensitivity of pancreatic cancer cells to Aurora kinase inhibitors"" indicates siRNA used as a laboratory knockdown TOOL for target identification, not a therapeutic oligonucleotide under study (fail",,,,
557,556,CSNK2A1 siRNA,23118925,PMC3484153,10.1371/journal.pone.0048057,DSIR: assessing the design of highly potent siRNA by testing a set of cancer-relevant target genes.,seed-mediated off-target effect,B,Results > 3 Relationship between siRNA Efficacy and Potential off-target Effects; paragraph 24,PENDING_RERUN,,,,,,,,needs v2 re-curation (workflow rate-limited; run via curate_v2_llm.py on HPC),,,,
558,557,ss-siRNA,22939619,PMC3444165manuscript-id: NIHMS400047,10.1016/j.cell.2012.08.002,Single-stranded RNAs use RNAi to potently and allele-selectively inhibit mutant huntingtin expression.,hybridization/mismatch off-target effect,B,RESULTS > Involvement of AGO2 protein; paragraph 23,PENDING_RERUN,,,,,,,,needs v2 re-curation (workflow rate-limited; run via curate_v2_llm.py on HPC),,,,
559,558,PEG-2000,22309035,PMC3332089manuscript-id: NIHMS357565,10.1021/nn204102q,Delivery of small interfering RNA by peptide-targeted mesoporous silica nanoparticle-supported lipid bilayers.,off-target evidence,B,Results > Gene-Specific Silencing by siRNA-Loaded Protocells; paragraph 10,PENDING_RERUN,,,,,,,,needs v2 re-curation (workflow rate-limited; run via curate_v2_llm.py on HPC),,,,
560,559,SSB siRNA,23209368,PMC3511191,10.2147/IJN.S35567,Low molecular weight chitosan conjugated with folate for siRNA delivery in vitro: optimization studies.,hybridization/mismatch off-target effect,B,Results > In vitro gene silencing of folate-chitosan-siRNA nanoparticles; paragraph 26,PENDING_RERUN,,,,,,,,needs v2 re-curation (workflow rate-limited; run via curate_v2_llm.py on HPC),,,,
561,560,QGP-1,22934950,PMC3678258manuscript-id: NIHMS454501,10.2174/138620712803519671,"A simple method for analyzing actives in random RNAi screens: introducing the ""H Score"" for hit nomination & gene prioritization.",seed-mediated off-target effect,B,RESULTS > BDA method to assess nominated hits in published RNAi screens > Case Study Two: Pooled shRNA hairpin Screening,PENDING_RERUN,,,,,,,,needs v2 re-curation (workflow rate-limited; run via curate_v2_llm.py on HPC),,,,
562,561,STAT6,22162773,PMC3230611,10.1371/journal.pone.0028509,Small interfering RNA against transcription factor STAT6 leads to increased cholesterol synthesis in lung cancer cell lines.,off-target evidence,B,Results > Promoter analysis and validation of Candidate Transcription Factors; Figure 4 caption,PENDING_RERUN,,,,,,,,needs v2 re-curation (workflow rate-limited; run via curate_v2_llm.py on HPC),,,,
563,562,LFA-1,21356167,PMC3282624manuscript-id: NIHMS356115,,Optimizing siRNA delivery to the genital mucosa.,off-target evidence,B,What Next?; paragraph 19,PENDING_RERUN,,,,,,,,needs v2 re-curation (workflow rate-limited; run via curate_v2_llm.py on HPC),,,,
564,563,LRRK2,21712955,PMC3119704,10.1371/journal.pone.0021352,Efficient allele-specific targeting of LRRK2 R1441 mutations mediated by RNAi.,hybridization/mismatch off-target effect,B,Results > Targeting of LRRK2 G2019S mutation is less effective; paragraph 17,PENDING_RERUN,,,,,,,,needs v2 re-curation (workflow rate-limited; run via curate_v2_llm.py on HPC),,,,
565,564,21-5,21819628,PMC3175162,10.1186/1471-2199-12-34,The effects of stem length and core placement on shRNA activity.,hybridization/mismatch off-target effect,B,Results > The entire length of a 29 bp hairpin stem is not equally processed; paragraph 22,PENDING_RERUN,,,,,,,,needs v2 re-curation (workflow rate-limited; run via curate_v2_llm.py on HPC),,,,
