entity_id,entity_table,sid,molecule,pmid,pmcid,doi,title,v1_claimed_evidence_type,v1_grade,v1_claimed_location,v2_proposed_decision,v2_evidence_type,v2_domain_match,v2_in_scope,v2_grade,v2_confidence,v2_passage_kind,v2_grounding_verified,v2_grounding_quote,v2_reason,extractor_model,human_decision,human_curator_id,human_evidence_grade,human_note
1,offtarget_evidence,0,SNA-modified GalNAc-siRNA panel from PMID 41994868,41994868,PMC13096799,10.1093/nar/gkag345,Acyclic serinol nucleic acid modification of siRNAs overcomes seed region mediated off-target effects while maintaining potency.,seed-mediated off-target effect,A,Results > Analysis of miRNA-like off-target activity in a luciferase reporter assay; paragraph 3,accept,seed-mediated off-target effect,True,True,A,0.95,pmc_full_text,True,"The greatest impact of SNA modification was observed when included at position g7 in si-50, with a relative off-target IC50 increase of ~260-fold over the parent si-47.",Full-text dual-luciferase reporter results show seed-region SNA modification mitigated miRNA-like off-target activity while preserving therapeutic GalNAc-siRNA activity.,codex_gpt-5.5_manual_agent,accept,ni_jie,A,
2,offtarget_evidence,1,siVIM-270 chemical modification panel from PMID 41467115,41467115,PMC12744844,10.1016/j.omtn.2025.102693,An siRMSD parameter of structural distortion induced by chemical modification is predictive of the off-target effect of siRNA.,seed-mediated off-target effect,A,Results > RNAi and off-target activities of siRNAs with chemical modifications; paragraph 10,accept,seed-mediated off-target effect,True,True,A,0.95,pmc_full_text,True,The effects on off-target genes were validated by microarray and RT-qPCR analyses.,"Full-text reporter, microarray, and RT-qPCR assays measured endogenous seed-dependent off-target effects of chemically modified siRNAs.",codex_gpt-5.5_manual_agent,accept,ni_jie,A,
3,offtarget_evidence,2,RGLS4326,41315228,PMC12663328,10.1038/s41467-025-65799-5,The nucleobase guanine at the 3'-terminus of oligonucleotide RGLS4326 drives off-target AMPAR inhibition and CNS toxicity.,off-target evidence,B,Results > RGLS4326 inhibits AMPAR ligand binding and function; paragraph 10,accept,experimentally observed off-target toxicity,True,True,A,0.93,pmc_full_text,True,devoid of off-target AMPAR interaction and CNS toxicity while preserving the potency against the on-target miR-17.,Therapeutic anti-miR oligonucleotide SAR links RGLS4326 3-prime guanine to unintended AMPAR interaction and CNS toxicity.,codex_gpt-5.5_manual_agent,accept,ni_jie,A,
4,offtarget_evidence,3,APP-AON/ATXN3-AON/HTT-AON panel from PMID 41066632,41066632,PMC12581821,10.1093/hmg/ddaf153,Determining off-target effects of splice-switching antisense oligonucleotides using short read RNAseq in neuronally differentiated human induced pluripotent stem cells.,hybridization/mismatch off-target effect,A,Results > Hybridization-dependent off-target splicing events do not play a major role after transfection; paragraph 19,accept,transcriptome-level hybridization-dependent off-target effect,True,True,A,0.94,pmc_full_text,True,"In this study, we used three different splice-switching AONs targeting three different human transcripts to study their transcriptome-wide, hybridization-dependent off-target effects with short read RNAseq.",Full-text RNAseq study of splice-switching AONs directly assessed transcriptome-wide hybridization-dependent off-target splicing.,codex_gpt-5.5_manual_agent,accept,ni_jie,A,
5,offtarget_evidence,4,PNA-braced ASO panel from PMID 38042877,38042877,PMC10693639,10.1038/s41467-023-43714-0,Dynamic and static control of the off-target interactions of antisense oligonucleotides using toehold chemistry.,hybridization/mismatch off-target effect,A,Results > Hybridization-dependent mechanism: complementary PNA strand mitigates off-target hybridizations; paragraph 31,accept,hybridization-dependent off-target interaction,True,True,A,0.88,pmc_full_text,True,"In this study, we engineer an in vivo operative TMSD system and demonstrate that it enhances the target specificity of conventional ASOs by concurrently mitigating both hybridization-independent and -dependent off-target interactions.",Full-text ASO/PNA BROTHERS experiments report mitigation of both hybridization-dependent and independent ASO off-target interactions with in vivo toxicity readouts.,codex_gpt-5.5_manual_agent,accept,ni_jie,B,Grade adjusted A->B: PMID 38042877; pmc_full_text evidence was direct but less than full primary-detail confidence for hybridization/mismatch off-target effect.
6,offtarget_evidence,5,DM1 ASO panel from PMID 37200862,37200862,PMC10185704,10.1016/j.omtn.2023.04.010,Block or degrade? Balancing on- and off-target effects of antisense strategies against transcripts with expanded triplet repeats in DM1.,transcriptome-level off-target effect,A,Results > RNA-seq reveals activation of the interferon response by all ASOs and additional off-target effects on gene expression by the repeat gapmer; paragraph 3,accept,transcriptome-level off-target effect,True,True,A,0.93,pmc_full_text,True,"by performing RNA sequencing (RNA-seq) for cells after ASO treatment, we assessed both on- and off-target effects of the ASOs on a transcriptome-wide level.",Full-text DM1 ASO study used RNA-seq after treatment to assess on- and off-target transcriptome effects.,codex_gpt-5.5_manual_agent,accept,ni_jie,A,
7,offtarget_evidence,6,ALN-HBV/ALN-HBV02 GalNAc-siRNA panel from PMID 35736224,35736224,PMC9262600,10.1093/nar/gkac539,From bench to bedside: Improving the clinical safety of GalNAc-siRNA conjugates using seed-pairing destabilization.,seed-mediated off-target effect,A,RESULTS > Application of ESC+ design to improve the specificity and safety of ALN-HBV; paragraph 46,accept,seed-mediated off-target effect,True,True,A,0.96,pmc_full_text,True,"We found that the ESC+ version of ALN-HBV, named ALN-HBV02, with a single GNA substitution at position 6 of the guide strand, and without any further changes in sequence or chemistry, minimizes off-target dysregulation without compromising on-target activity.",Full-text therapeutic GalNAc-siRNA work used reporter/RNA-seq/safety studies to show seed-pairing destabilization reduces off-target dysregulation.,codex_gpt-5.5_manual_agent,accept,ni_jie,A,
8,offtarget_evidence,7,GalNAc-siRNA panel from PMID 29459660,29459660,PMC5818625,10.1038/s41467-018-02989-4,Selection of GalNAc-conjugated siRNAs with limited off-target-driven rat hepatotoxicity.,seed-mediated off-target effect,A,Results > siRNA off-targets are enriched for seed complementarity; paragraph 17,accept,seed-mediated off-target effect,True,True,A,0.96,pmc_full_text,True,"Consistent with these data, global transcriptome profiling by RNAseq shows RISC loading-dependent downregulation of RNAs enriched for a seed match to the antisense but not the sense strand of GalNAc-siRNAs.",Full-text GalNAc-siRNA rat hepatotoxicity study connects RISC-loaded seed-match transcriptome downregulation to observed off-target toxicity.,codex_gpt-5.5_manual_agent,accept,ni_jie,A,
9,offtarget_evidence,8,negative-control siRNA panel from PMID 29860520,29860520,PMC6093183,10.1093/nar/gky437,"Specificity of RNAi, LNA and CRISPRi as loss-of-function methods in transcriptional analysis.",transcriptome-level off-target effect,A,RESULTS > LNA and RNAi technologies are associated with non-negligible off-target effects; Figure 1. caption,reject,NA,False,False,NA,0.95,pmc_full_text,False,NONE,"Out of scope: transcriptome-wide comparison of RNAi/LNA/CRISPRi loss-of-function tools, including lncRNA biology and CRISPRi, not therapeutic oligonucleotide safety evidence.",codex_gpt-5.5_manual_agent,reject,ni_jie,C,"Reject: PMID 29860520; Out of scope: transcriptome-wide comparison of RNAi/LNA/CRISPRi loss-of-function tools, including lncRNA biology and CRISPRi, not therapeutic oligonucleotide safety evidence."
10,offtarget_evidence,9,GSK2910546A ASO gapmer panel from PMID 26338776,26338776,PMC4605310,10.1093/nar/gkv857,In silico and in vitro evaluation of exonic and intronic off-target effects form a critical element of therapeutic ASO gapmer optimization.,hybridization/mismatch off-target effect,A,RESULTS > Intronic regions are markedly more susceptible to ASO-silencing than exonic sequence; paragraph 24,accept,hybridization/mismatch off-target effect,True,True,A,0.95,pmc_full_text,True,We demonstrate in vitro mRNA and protein knockdown of off-targets with a wide range of mismatch (MM) and gap patterns.,Full-text therapeutic ASO gapmer optimization experimentally confirms mismatch/gap-pattern off-target mRNA and protein knockdown.,codex_gpt-5.5_manual_agent,accept,ni_jie,A,
11,offtarget_evidence,10,2'-diol and 3'-overhang modified STAT3 siRNA panel from PMID 41755844,41755844,PMC12933297,10.1021/jacsau.5c01765,Taming the Achilles' Heel: A Chemical and Structural Design to Address Off-Target Effects in siRNA Therapeutics.,hybridization/mismatch off-target effect,B,article body; paragraph 15,reject,NA,False,True,NA,0.88,pmc_full_text,False,NONE,"Reject under v2: source mainly reports design, strand loading, Tm, and near-complementary duplex discrimination; it explicitly leaves RISC-mediated off-target and transcriptome-wide assays for future work, so no primary observed unintended off-target effect.",codex_gpt-5.5_manual_agent,reject,ni_jie,C,"Reject: PMID 41755844; Reject under v2: source mainly reports design, strand loading, Tm, and near-complementary duplex discrimination; it explicitly leaves RISC-mediated off-target and transcriptome-wide assays for future work, so no primary observed unintended off-target effect."
12,offtarget_evidence,11,siRNA candidate from PMID 41020503,41020503,PMC12477598,10.1093/nar/gkaf937,Modified unlocked nucleic acid (MUNA) mitigates off-target effects of small interfering RNAs.,seed-mediated off-target effect,B,Results > Modified UNAs mitigate off-target activity without reducing on-target activity in cell culture; paragraph 69,accept,seed-mediated off-target effect,True,True,B,0.86,pmc_full_text,True,reduced off-target effects compared to siRNA modified with UNA.,Passage reports observed reduced seed-region off-target effects for modified UNA siRNAs; evidence is weaker/generic than named clinical candidate data.,codex_gpt-5.5_manual_agent,accept,ni_jie,C,Grade adjusted B->C: PMID 41020503; weak/generic or abstract-limited support for seed-mediated off-target effect.
13,offtarget_evidence,12,ASO candidate from PMID 36229039,36229039,PMC9825163,10.1093/nar/gkac838,INRI-seq enables global cell-free analysis of translation initiation and off-target effects of antisense inhibitors.,hybridization/mismatch off-target effect,B,RESULTS > INRI-seq identifies direct PNA off-targets; paragraph 50,accept,transcriptome-level hybridization/off-target effect,True,True,B,0.78,pmc_full_text,True,"Next, we set out to use INRI-seq to study the global effects of acpP-PNA on translation of its intended target as well as potential off-targets.",Antisense PNA inhibitor study uses transcriptome-scale INRI-seq to identify intended and potential off-target translation effects; cell-free antibacterial PNA context makes evidence weaker.,codex_gpt-5.5_manual_agent,accept,ni_jie,C,Grade adjusted B->C: PMID 36229039; weak/generic or abstract-limited support for hybridization/mismatch off-target effect.
14,offtarget_evidence,13,ASO candidate from PMID 29499955,29499955,PMC5725219,10.1016/j.omtn.2017.11.004,A Sensitive In Vitro Approach to Assess the Hybridization-Dependent Toxic Potential of High Affinity Gapmer Oligonucleotides.,hybridization/mismatch off-target effect,C,Discussion; paragraph 23,accept,hybridization-dependent off-target RNA downregulation/toxicity,True,True,C,0.78,pmc_full_text,True,"This in vitro assay accurately reflects in vivo findings and relates hepatotoxicity to RNase H1 activity, off-target RNA downregulation, and LNA-ASO-binding affinity.","Generic high-affinity LNA-ASO panel links hepatotoxicity to RNase H1-dependent off-target RNA downregulation; molecule is not a single named therapeutic candidate, so grade C.",codex_gpt-5.5_manual_agent,reject,ni_jie,C,"Reject after curator re-read: PMID 29499955; previous accept was too weak/generic for hybridization/mismatch off-target effect in ASO candidate from PMID 29499955. Basis checked: Generic high-affinity LNA-ASO panel links hepatotoxicity to RNase H1-dependent off-target RNA downregulation; molecule is not a single named therapeutic candidate, so grade C."
15,offtarget_evidence,14,siRNA candidate from PMID 29246303,29246303,PMC5675723,10.1016/j.omtn.2017.10.003,Site-Specific Modification Using the 2'-Methoxyethyl Group Improves the Specificity and Activity of siRNAs.,off-target evidence,B,Results > Combination of MOE at Positions 9 and 10 with OMe at Position 14 Diminished or Eliminated Off-Target Effects; paragraph 17,accept,sequence-specific/off-target silencing,True,True,B,0.88,pmc_full_text,True,"When the MOE on the guide strand was combined with OMe at position 14 on the passenger strand, the off-target silencing was almost completely eliminated (Figure 8B).",Full-text dual-luciferase and qPCR assays measured unintended passenger-strand off-target silencing and its reduction by site-specific siRNA modifications.,codex_gpt-5.5_manual_agent,accept,ni_jie,B,
16,offtarget_evidence,15,siRNA candidate from PMID 41897327,41897327,PMC13024069,10.3390/biom16030393,Selective Silencing of TDP-43 P. G376D Mutation Reverses Key Amyotrophic Lateral Sclerosis-Related Cellular Deficits.,sequence-specificity/off-target evidence,B,3. Results > 3.1. Allele-Specific Silencing Reduces TDP-43 Mislocalization in ALS Motor Neurons; paragraph 21,reject,NA,False,True,NA,0.94,pmc_full_text,False,NONE,"Reject under v2: passage supports allele-specific on-target silencing of mutant TDP-43 and cellular phenotype rescue, not observed unintended off-target evidence.",codex_gpt-5.5_manual_agent,accept,ni_jie,C,"Accept C as borderline: PMID 41897327; curator counted sequence-specificity/off-target evidence for siRNA candidate from PMID 41897327 despite v2 exclusion. Low-confidence override; v2 note was: Reject under v2: passage supports allele-specific on-target silencing of mutant TDP-43 and cellular phenotype rescue, not observed unintended off-target evidence."
17,offtarget_evidence,16,siRNA candidate from PMID 41743270,41743270,PMC12930163,10.1016/j.rpth.2026.103366,Allele-selective von Willebrand factor silencing.,sequence-specificity/off-target evidence,C,Summary and Future Perspectives; paragraph 23,reject,NA,False,True,NA,0.96,pmc_full_text,False,NONE,Reject under v2: review/future-perspective passage discusses allele-selective VWF silencing and says off-target effects still need evaluation; no primary measured off-target result.,codex_gpt-5.5_manual_agent,reject,ni_jie,C,Reject: PMID 41743270; Reject under v2: review/future-perspective passage discusses allele-selective VWF silencing and says off-target effects still need evaluation; no primary measured off-target result.
18,offtarget_evidence,17,ASO candidate from PMID 25539920,25539920,PMC4333393,10.1093/nar/gku1343,Sequence-dependent off-target inhibition of TLR7/8 sensing by synthetic microRNA inhibitors.,off-target evidence,C,RESULTS > Sequence-dependent inhibition of human TLR7/8 sensing by AMOs; paragraph 19,accept,experimentally observed off-target effect,True,True,C,0.72,pmc_full_text,True,we observed a strong off-target effect from our non-targeting control,"Synthetic anti-miR oligonucleotide study directly observes sequence-dependent off-target inhibition of TLR7/8 sensing, but context is mainly mechanistic/lab-use so grade C.",codex_gpt-5.5_manual_agent,reject,ni_jie,C,"Reject after curator re-read: PMID 25539920; previous accept was too weak/generic for off-target evidence in ASO candidate from PMID 25539920. Basis checked: Synthetic anti-miR oligonucleotide study directly observes sequence-dependent off-target inhibition of TLR7/8 sensing, but context is mainly mechanistic/lab-use so grade C."
19,offtarget_evidence,18,siRNA candidate from PMID 40737088,40737088,PMC12309379,10.1093/nar/gkaf692,Single alkyl phosphonate modification of the siRNA backbone in the seed region enhances specificity and therapeutic profile.,seed-mediated off-target effect,C,Introduction; paragraph 5,accept,seed-mediated transcriptome-level off-target effect,True,True,A,0.93,pmc_full_text,True,"Importantly, differential gene expression (DGE) analysis showed a significant reduction in off-target effects across in vitro and in vivo, leading to an improved therapeutic profile.",Full-text therapeutic-profile siRNA study uses DGE/transcriptome and in vivo safety readouts to show seed-region alkyl phosphonate modification reduces off-target effects.,codex_gpt-5.5_manual_agent,accept,ni_jie,A,
20,offtarget_evidence,19,siRNA candidate from PMID 41646886,41646886,PMC12870468,10.1016/j.omtn.2026.102835,2'-Ribose-modified nucleotides: A strategy for reducing off-target effects of oligonucleotide drugs.,seed-mediated off-target effect,C,Discussion; paragraph 27,accept,transcriptome-level off-target effect,True,True,A,0.91,pmc_full_text,True,we conducted strand-specific RNA sequencing (RNA-seq) to quantify off-target effects of siRNAs bearing,Full-text siRNA study uses strand-specific RNA-seq and DEGs to quantify off-target effects of 2-prime modified therapeutic-style siRNAs.,codex_gpt-5.5_manual_agent,accept,ni_jie,A,
21,offtarget_evidence,20,siRNA candidate from PMID 39813044,39813044,PMC12522049manuscript-id: NIHMS2116935,10.1021/acschembio.4c00824,Amide Internucleoside Linkages Suppress the MicroRNA-like Off-Target Activity of Short Interfering RNA.,sequence-specificity/off-target evidence,C,Results and Discussion; paragraph 13,accept,seed-mediated off-target effect,True,True,A,0.92,pmc_full_text,True,"Dual luciferase and RT-qPCR assays in HeLa cells showed that, in a model system of unmodified siRNAs, the amide linkage at position 3 (between nucleosides 3 and 4) suppressed cleavage of off-target YY1 and FADD mRNAs similarly to the industry gold standard modification, glycol nucleic acid (GNA).","Full-text DLR, RT-qPCR, and RNA-seq assays measure microRNA-like siRNA off-target cleavage and specificity improvement by amide linkage.",codex_gpt-5.5_manual_agent,accept,ni_jie,A,
22,offtarget_evidence,21,siRNA candidate from PMID 39231537,39231537,PMC11472056,10.1093/nar/gkae741,Synthesis of 2'-formamidonucleoside phosphoramidites for suppressing the seed-based off-target effects of siRNAs.,seed-mediated off-target effect,C,Results and discussion > Genome-wide evaluation of off-target activities; paragraph 77,accept,seed-mediated off-target effect,True,True,B,0.86,pmc_full_text,True,revealed a significant suppression of off-target activity while maintaining on-target RNAi activity.,Passage reports observed suppression of seed-based off-target activity for formamidonucleoside-modified siRNAs; evidence is not tied to a named therapeutic candidate.,codex_gpt-5.5_manual_agent,accept,ni_jie,B,
23,offtarget_evidence,22,siRNA candidate from PMID 35921401,35921401,PMC9389587,10.1021/jacs.2c01679,"Role of a ""Magic"" Methyl: 2'-Deoxy-2'-α-F-2'-β-C-methyl Pyrimidine Nucleotides Modulate RNA Interference Activity through Synergy with 5'-Phosphate Mimics and Mitigation of Off-Target Effects.",seed-mediated off-target effect,C,Results and Discussion > Off-Target Effects of siRNAs Modified with 2′-F/Me; Figure 5 caption,accept,seed-mediated off-target effect,True,True,A,0.90,pmc_full_text,True,placement of the antisense strand at position 7 mitigated seed-based off-target effects in cell-based assays.,Full-text siRNA modification study includes cell-based reporter and RNA-seq evidence that seed-region 2-prime-F/Me modification mitigates off-target effects.,codex_gpt-5.5_manual_agent,accept,ni_jie,A,
24,offtarget_evidence,23,siRNA candidate from PMID 35071927,35071927,PMC8771963,10.1021/acsomega.1c06455,siRNA Seed Region Is Divided into Two Functionally Different Domains in RNA Interference in Response to 2'-OMe Modifications.,seed-mediated off-target effect,C,Introduction; paragraph 4,accept,seed-mediated transcriptome-level off-target effect,True,True,B,0.88,pmc_full_text,True,microarray analysis was performed. Unmodified and modified siVIM-270s were transfected into HeLa cells,Full-text mechanistic siRNA study uses reporter assays and microarray analysis to measure seed-region modification effects on genome-wide off-target activity.,codex_gpt-5.5_manual_agent,accept,ni_jie,B,
25,offtarget_evidence,24,siRNA candidate from PMID 35205363,35205363,PMC8872465,10.3390/genes13020319,The siRNA Off-Target Effect Is Determined by Base-Pairing Stabilities of Two Different Regions with Opposite Effects.,seed-mediated off-target effect,C,1. Introduction; paragraph 4,accept,seed-mediated reporter off-target effect,True,True,B,0.86,pmc_full_text,True,"The on-target activities (B) and off-target activities (C) of 26 siRNAs were measured at 0.05, 0.5, 5, and 50 nM siRNA.",Full-text siRNA study uses seed-matched luciferase reporters to measure off-target activities across 26 siRNAs; mechanistic/generic panel supports grade B.,codex_gpt-5.5_manual_agent,accept,ni_jie,C,Grade adjusted B->C: PMID 35205363; weak/generic or abstract-limited support for seed-mediated off-target effect.
26,offtarget_evidence,25,ASO candidate from PMID 34388351,34388351,PMC8713556,10.1089/nat.2020.0921,Transcriptome-Wide Off-Target Effects of Steric-Blocking Oligonucleotides.,hybridization/mismatch off-target effect,C,Introduction; paragraph 4,accept,transcriptome-wide RNA-seq hybridization-dependent off-target splicing/expression,True,True,B,0.94,pmc_full_text,True,"In this study, we used RNA-seq to evaluate the off-target differential splicing events of 81 SBOs and differential expression events of 46 SBOs.",Full-text primary RNA-seq study of administered steric-blocking ASOs/SBOs measuring transcriptome-wide off-target splicing and expression; downgraded because molecule is a panel rather than one named therapeutic oligo.,codex_gpt-5.5_manual_agent,accept,ni_jie,B,
27,offtarget_evidence,26,siRNA candidate from PMID 29450406,29450406,PMC5808362,10.1021/acsomega.7b00291,Chemical Modification of the siRNA Seed Region Suppresses Off-Target Effects by Steric Hindrance to Base-Pairing with Targets.,seed-mediated off-target effect,C,Results and Discussion; paragraph 20,accept,seed-mediated reporter and microarray off-target effect,True,True,A,0.96,pmc_full_text,True,"Microarray analysis was performed to examine the genome-wide off-target effects of siRNAs modified with DNA, PS, 2′-OMe, and LNA (Figure 2b).",Full-text primary siRNA study with reporter assays and microarray measurement of seed-matched off-target effects after siRNA transfection.,codex_gpt-5.5_manual_agent,accept,ni_jie,A,
28,offtarget_evidence,27,siRNA candidate from PMID 21687525,21687525,PMC3109444,10.4161/adna.1.1.12204,In vivo efficacy and off-target effects of locked nucleic acid (LNA) and unlocked nucleic acid (UNA) modified siRNA and small internally segmented interfering RNA (sisiRNA) in mice bearing human tumor xenografts.,seed-mediated off-target effect,C,Abstract; paragraph 1,accept,seed-mediated off-target gene regulation in vivo,True,True,A,0.91,pmc_full_text,True,"However, the level of off-target gene regulation in both the tumor and the liver correlated with the increase in efficacy in target knockdown, unless the seed region of the siRNA was modified.",Full-text therapeutic siRNA xenograft study reports measured off-target gene regulation in tumor and liver and links mitigation to seed-region modification.,codex_gpt-5.5_manual_agent,accept,ni_jie,A,
29,offtarget_evidence,28,SKP2; Ago2,42040413,PMC13103777,10.1021/acsomega.5c10717,Molecular Dynamics Simulation-Assisted siRNA Design for Dual-Ubiquitinated SKP2 Silencing via Ago2 Anchoring in Breast Cancer.,transcriptome-level off-target effect,A,Results and Discussion > Rational Design and Optimization of siRNA Candidates for Targeted SKP2 Silencing in Breast Cancer; paragraph 30,reject,NA,False,True,NA,0.98,pmc_full_text,False,NONE,Computational/design-only siRNA specificity screen and molecular dynamics/Ago2 modeling; no primary observed off-target effect.,codex_gpt-5.5_manual_agent,reject,ni_jie,C,Reject: PMID 42040413; Computational/design-only siRNA specificity screen and molecular dynamics/Ago2 modeling; no primary observed off-target effect.
30,offtarget_evidence,29,HN1,41732207,PMC12925542,10.1016/j.omtn.2026.102848,"Design, validation, and functional impact of oligonucleotides for multigene silencing in Alzheimer's disease.",transcriptome-level off-target effect,B,Discussion; paragraph 31,reject,NA,False,True,NA,0.93,pmc_full_text,False,NONE,Study concerns intended multigene ASO silencing/on-target functional impact and design rationale; no observed unintended off-target evidence in the passage.,codex_gpt-5.5_manual_agent,reject,ni_jie,C,Reject: PMID 41732207; Study concerns intended multigene ASO silencing/on-target functional impact and design rationale; no observed unintended off-target evidence in the passage.
31,offtarget_evidence,30,unspecified antisense oligonucleotide,42170085,PMC13187762,10.1039/d6ra01942k,"Combinatorial and rational synthesis of complex, base-modified aptamer libraries on microarrays.",transcriptome-level off-target effect,B,Conclusions; paragraph 26,reject,NA,False,False,NA,0.98,pmc_full_text,False,NONE,"Aptamer-library microarray chemistry/binding study, not therapeutic ASO/siRNA off-target biology; microarray is synthesis/binding platform rather than transcriptome off-target assay.",codex_gpt-5.5_manual_agent,reject,ni_jie,C,"Reject: PMID 42170085; Aptamer-library microarray chemistry/binding study, not therapeutic ASO/siRNA off-target biology; microarray is synthesis/binding platform rather than transcriptome off-target assay."
32,offtarget_evidence,31,siFmr1,40727077,PMC12303082,10.1016/j.mtbio.2025.102075,FMRP silencing via siRNA lipid nanoparticles to reprogram the tumor microenvironment and enhance anti-PD-1 efficacy in triple-negative breast cancer.,off-target evidence,A,Results and discussion > Limitations and prospects; paragraph 50,reject,NA,False,True,NA,0.97,pmc_full_text,False,NONE,"Passage mentions potential off-target effects requiring future investigation and focuses on tumor targeting, biodistribution, toxicity, and efficacy; no observed off-target result.",codex_gpt-5.5_manual_agent,reject,ni_jie,C,"Reject: PMID 40727077; Passage mentions potential off-target effects requiring future investigation and focuses on tumor targeting, biodistribution, toxicity, and efficacy; no observed off-target result."
33,offtarget_evidence,32,ADO2,39934917,PMC11816505,10.1186/s13287-025-04151-6,Development and evaluation of siRNA-mediated gene silencing strategies for ADO2 therapy utilizing iPSCs model and DMPC-SPIONs delivery system.,seed-mediated off-target effect,B,Discussion; paragraph 15,reject,NA,False,True,NA,0.96,pmc_full_text,False,NONE,"Observed result is allele/on-target mutant CLCN7 silencing specificity, while off-target text is background/design discussion; no measured unintended off-target effect.",codex_gpt-5.5_manual_agent,accept,ni_jie,C,"Accept C as borderline: PMID 39934917; curator counted seed-mediated off-target effect for ADO2 despite v2 exclusion. Low-confidence override; v2 note was: Observed result is allele/on-target mutant CLCN7 silencing specificity, while off-target text is background/design discussion; no measured unintended off-target effect."
34,offtarget_evidence,33,HEK293T,40881422,PMC12381747,10.1021/jacsau.5c00422,DNA-Programmable Protein Degradation: Dynamic Control of Proteolysis-Targeting Chimera Activity via DNA Hybridization and Strand Displacement.,off-target evidence,B,Discussion; paragraph 22,reject,NA,False,False,NA,0.97,pmc_full_text,False,NONE,"Oligonucleotide-linked PROTAC control system; off-target concern is PROTAC protein degradation/toxicity, not therapeutic oligonucleotide off-target hybridization or transcriptome evidence.",codex_gpt-5.5_manual_agent,reject,ni_jie,C,"Reject: PMID 40881422; Oligonucleotide-linked PROTAC control system; off-target concern is PROTAC protein degradation/toxicity, not therapeutic oligonucleotide off-target hybridization or transcriptome evidence."
35,offtarget_evidence,34,TREM2; PI3K,37566293,PMC10673742,10.1007/s10753-023-01868-5,Grape Seed Proanthocyanidin Ameliorates LPS-induced Acute Lung Injury By Modulating M2a Macrophage Polarization Via the TREM2/PI3K/Akt Pathway.,seed-mediated off-target effect,B,Abstract; paragraph 1,reject,NA,False,False,NA,0.99,pmc_full_text,False,NONE,Grape seed proanthocyanidin/natural product study; no therapeutic oligonucleotide in scope.,codex_gpt-5.5_manual_agent,reject,ni_jie,C,Reject: PMID 37566293; Grape seed proanthocyanidin/natural product study; no therapeutic oligonucleotide in scope.
36,offtarget_evidence,35,CCND1; Drisapersen; Mipomersen,35464859,PMC9019733,10.3389/fgene.2022.791416,"Single Stranded Fully Modified-Phosphorothioate Oligonucleotides can Induce Structured Nuclear Inclusions, Alter Nuclear Protein Localization and Disturb the Transcriptome In Vitro.",transcriptome-level off-target effect,B,Discussion; paragraph 62,accept,observed non-antisense off-target transcriptome/protein-localization effect,True,True,A,0.90,pmc_full_text,True,"Here, we report chemistry-specific effects of oligonucleotides composed of modified or unmodified bases, with phosphorothioate linkages, on subnuclear organelles and show altered distribution of nuclear proteins, the appearance of highly stable and strikingly structured nuclear inclusions, and disturbed RNA processing in primary human fibroblasts and other cultured cells.",Full-text primary study of phosphorothioate antisense oligonucleotides including named clinical AOs reports observed unintended chemistry-specific cellular and transcriptome/RNA-processing effects.,codex_gpt-5.5_manual_agent,accept,ni_jie,A,
37,offtarget_evidence,36,unspecified siRNA,31804057,PMC7354698manuscript-id: NIHMS1599622,10.1021/acs.analchem.9b03811,Dose-Response Metabolomics To Understand Biochemical Mechanisms and Off-Target Drug Effects with the TOXcms Software.,off-target evidence,A,RESULTS AND DISCUSSION > TOXcms Identifies Off-target Effects of Genetic Knockdown.; paragraph 28,reject,NA,False,False,NA,0.99,pmc_full_text,False,NONE,"Off-target effects are for small-molecule drugs/metabolomics software (metformin/etomoxir), not oligonucleotide therapeutics.",codex_gpt-5.5_manual_agent,reject,ni_jie,C,"Reject: PMID 31804057; Off-target effects are for small-molecule drugs/metabolomics software (metformin/etomoxir), not oligonucleotide therapeutics."
38,offtarget_evidence,37,Klf15,32186780,PMC7169954,10.3892/ijmm.2020.4538,Transcriptome analysis of Klf15‑mediated inhibitory functions in a mouse deep venous thrombosis model.,off-target evidence,B,Discussion; paragraph 40,reject,NA,False,False,NA,0.96,pmc_full_text,False,NONE,Klf15 siRNA is used as a laboratory knockdown tool in a thrombosis transcriptome study; cited ASO off-target example is not the primary evidence for this entity.,codex_gpt-5.5_manual_agent,reject,ni_jie,C,Reject: PMID 32186780; Klf15 siRNA is used as a laboratory knockdown tool in a thrombosis transcriptome study; cited ASO off-target example is not the primary evidence for this entity.
39,offtarget_evidence,38,HEK293-derived; CD34,28988714,PMC5763015,10.1016/j.ymthe.2017.09.015,Genome-wide Mapping of Off-Target Events in Single-Stranded Oligodeoxynucleotide-Mediated Gene Repair Experiments.,off-target evidence,B,Abstract; paragraph 1,reject,NA,False,False,NA,0.87,pmc_full_text,False,NONE,Single-stranded oligodeoxynucleotide-mediated gene repair/genome-editing donor mapping is outside therapeutic oligonucleotide off-target scope under the v2 gates.,codex_gpt-5.5_manual_agent,reject,ni_jie,C,Reject: PMID 28988714; Single-stranded oligodeoxynucleotide-mediated gene repair/genome-editing donor mapping is outside therapeutic oligonucleotide off-target scope under the v2 gates.
40,offtarget_evidence,39,SPC2996; PC3; CaCo2,19854938,PMC2800216,10.1093/nar/gkp841,"Efficient gene silencing by delivery of locked nucleic acid antisense oligonucleotides, unassisted by transfection reagents.",off-target evidence,A,RESULTS AND DISCUSSION > Gene silencing by gymnotic delivery is a general phenomenon; paragraph 15,accept,experimentally measured off-target protein panel after LNA ASO delivery,True,True,A,0.88,pmc_full_text,True,"As seen in these western blots, no changes in the expression of Bcl-xL, tubulin, Mcl-1, PKC-α or survivin proteins were observed.",Full-text study of named LNA antisense oligonucleotide SPC2996 directly measured off-target protein changes after gymnotic delivery; accepted as observed off-target safety evidence despite negative result.,codex_gpt-5.5_manual_agent,accept,ni_jie,B,Grade adjusted A->B: PMID 19854938; pmc_full_text evidence was direct but less than full primary-detail confidence for off-target evidence.
41,offtarget_evidence,40,unspecified siRNA,40877521,,10.1007/978-1-0716-4742-4_24,siRMSD: A Structural Parameter to Reduce Sequence-Dependent Off-Target Effects for siRNA Design with Chemical Modifications.,seed-mediated off-target effect,B,PubMed abstract,reject,NA,False,True,NA,0.86,pubmed_abstract,False,NONE,Abstract presents a structural/predictive siRNA design parameter; observed assay details are insufficient and v2 rejects computational/design-only specificity screens when unclear.,codex_gpt-5.5_manual_agent,reject,ni_jie,C,Reject: PMID 40877521; Abstract presents a structural/predictive siRNA design parameter; observed assay details are insufficient and v2 rejects computational/design-only specificity screens when unclear.
42,offtarget_evidence,41,TNRC6; GW182; AGO2,40134378,,10.1089/nat.2024.0090,Mechanistic Insights into Hybridization-Based Off-Target Activity of GalNAc-siRNA Conjugates.,seed-mediated off-target effect,B,PubMed abstract,accept,seed-mediated GalNAc-siRNA off-target activity and hepatotoxicity,True,True,B,0.95,pubmed_abstract,True,"We demonstrate that knocking down AGO2, but not AGO1 or AGO4, is protective against GalNAc-siRNA-driven off-target activity and hepatotoxicity.",Abstract-only but primary therapeutic GalNAc-siRNA study reports in vitro/in vivo observed seed-based off-target activity and hepatotoxicity with RISC component knockdown.,codex_gpt-5.5_manual_agent,accept,ni_jie,B,
43,offtarget_evidence,42,AGO2,40877522,,10.1007/978-1-0716-4742-4_25,Chemical Strategies to Enhance Antisense Strand Selection and Minimize Off-Target Effect-Mediated by siRNAs.,off-target evidence,B,PubMed abstract,reject,NA,False,True,NA,0.96,pubmed_abstract,False,NONE,Methods/chapter-style strategy to reduce siRNA off-target risk by blocking strand phosphorylation; no primary observed off-target result.,codex_gpt-5.5_manual_agent,reject,ni_jie,C,Reject: PMID 40877522; Methods/chapter-style strategy to reduce siRNA off-target risk by blocking strand phosphorylation; no primary observed off-target result.
44,offtarget_evidence,43,unspecified antisense oligonucleotide,37310350,,10.1039/d3ob00574g,Alteration of target cleavage patterns and off-target reduction of antisense oligonucleotides incorporating 2-N-carbamoyl- or (2-pyridyl)guanine.,transcriptome-level off-target effect,B,PubMed abstract,accept,ASO off-target transcriptome analysis by DNA microarray,True,True,B,0.93,pubmed_abstract,True,"We conducted ultraviolet (UV) melting experiments, RNase H cleavage assays, in vitro knockdown assays, and off-target transcriptome analyses using DNA microarrays.",Abstract-only primary ASO study directly reports off-target transcriptome analyses using DNA microarrays and hybridization/mismatch selectivity context.,codex_gpt-5.5_manual_agent,accept,ni_jie,B,
45,offtarget_evidence,44,Ago2-binding; TLR7; TLR9-associated,37797162,,10.1089/nat.2023.0003,Development of Long Asymmetric siRNA Structure for Target Gene Silencing and Immune Stimulation in Mammalian Cells.,hybridization/mismatch off-target effect,B,PubMed abstract,reject,NA,False,True,NA,0.92,pubmed_abstract,False,NONE,"Current study measures lasiRNA gene-silencing efficiency, Ago2 binding, and immune stimulation; off-target reduction is prior asiRNA background and mismatch refers target overhang design.",codex_gpt-5.5_manual_agent,reject,ni_jie,C,"Reject: PMID 37797162; Current study measures lasiRNA gene-silencing efficiency, Ago2 binding, and immune stimulation; off-target reduction is prior asiRNA background and mismatch refers target overhang design."
46,offtarget_evidence,45,unspecified siRNA,36223135,,10.1021/acs.jmedchem.2c00873,Small Interfering RNAs Containing Dioxane- and Morpholino-Derived Nucleotide Analogues Show Improved Off-Target Profiles and Chirality-Dependent In Vivo Knock-Down.,seed-mediated off-target effect,B,PubMed abstract,accept,seed-region siRNA off-target profile in vitro,True,True,B,0.84,pubmed_abstract,True,All siRNAs containing these novel nucleotide structures showed improved off-target profiles in vitro compared to their parent sequence with the common 2'-OMe-modified adenosine at the same position.,Abstract-only primary siRNA modification study reports measured in vitro off-target profiles for seed-region nucleotide analogues.,codex_gpt-5.5_manual_agent,reject,ni_jie,C,Reject after curator re-read: PMID 36223135; previous accept was too weak/generic for seed-mediated off-target effect in unspecified siRNA. Basis checked: Abstract-only primary siRNA modification study reports measured in vitro off-target profiles for seed-region nucleotide analogues.
47,offtarget_evidence,46,unspecified antisense oligonucleotide,33314011,,10.1007/s40291-020-00504-4,Using RNA-seq to Assess Off-Target Effects of Antisense Oligonucleotides in Human Cell Lines.,transcriptome-level off-target effect,B,PubMed abstract,accept,ASO RNA-seq transcriptome-wide mismatch off-target profile,True,True,B,0.96,pubmed_abstract,True,METHODS: We extend recent studies by investigating the off-target profile of two 17-mer antisense oligonucleotides in two distinct human cell lines by a whole-transcriptome study using RNA sequencing.,Abstract-only ASO study explicitly uses whole-transcriptome RNA sequencing to measure mismatch-defined potential off-target expression effects.,codex_gpt-5.5_manual_agent,accept,ni_jie,B,
48,offtarget_evidence,47,unspecified siRNA,32006400,,10.1007/978-1-0716-0290-4_9,Exploring 5'-Biotinylation of the Sense Strand to Improve siRNA Specificity and Potency.,off-target evidence,B,PubMed abstract,reject,NA,False,True,NA,0.96,pubmed_abstract,False,NONE,Chapter/protocol-style strand-selection strategy; no primary observed off-target assay result in passage.,codex_gpt-5.5_manual_agent,reject,ni_jie,C,Reject: PMID 32006400; Chapter/protocol-style strand-selection strategy; no primary observed off-target assay result in passage.
49,offtarget_evidence,48,siF12; siF12-A; siF12-AC9,31063435,,10.1089/nat.2018.0767,"Use of ""C9/11 Mismatch"" Control siRNA Reveals Sequence-Related Off-Target Effect on Coagulation of an siRNA Targeting Mouse Coagulation Factor XII.",hybridization/mismatch off-target effect,B,PubMed abstract,accept,experimentally observed mismatch-control siRNA off-target coagulation effect,True,True,B,0.91,pubmed_abstract,True,As this change in coagulation was unrelated to FXII we conclude that it was off-target.,Abstract-only in vivo siRNA study administered mismatch controls and observed an unintended prothrombotic coagulation change unrelated to the intended target.,codex_gpt-5.5_manual_agent,accept,ni_jie,B,
50,offtarget_evidence,49,Malat1-targeting,30095329,,10.1089/nat.2018.0724,Role of Computationally Evaluated Target Specificity in the Hepatotoxicity of Gapmer Antisense Oligonucleotides.,transcriptome-level off-target effect,B,PubMed abstract,accept,gapmer ASO transcriptome off-target RNA cleavage,True,True,B,0.90,pubmed_abstract,True,"Transcriptome analysis indicated that nontoxic gapmers do not cleave off-target RNAs, although they have many target-like RNA sequences.",Abstract-only therapeutic gapmer ASO study reports transcriptome analysis of off-target RNA cleavage in hepatotoxicity context.,codex_gpt-5.5_manual_agent,accept,ni_jie,B,
51,offtarget_evidence,50,ARL4C; ARL4C-targeting; CP8,41792408,,,Development of ARL4C antisense oligonucleotide with reduced off-target effects and enhanced efficacy as an anti-cancer drug.,transcriptome-level off-target effect,B,PubMed abstract,accept,transcriptome-level off-target effect,True,True,B,0.86,pubmed_abstract,True,"ASO-2025-A/L downregulated 317 genes, which were confirmed by RNA-sequence analysis, the majority was involved in cell adhesion pathways downstream of ARL4C signaling, and only two genes corresponded to off-target genes.",Abstract reports therapeutic ARL4C ASO transcriptome RNA-seq with only two measured off-target-gene correspondences; prediction alone was not used.,codex_gpt-5.5_manual_agent,accept,ni_jie,B,
52,offtarget_evidence,51,GCD2,40185334,,,TGFBI R124H mutant allele silencing in granular corneal dystrophy type 2 using topical siRNA delivery.,off-target evidence,B,PubMed abstract,accept,hybridization/mismatch off-target effect,True,True,B,0.72,pubmed_abstract,True,"We demonstrated that a single 100 nM siRNA treatment, delivered by the sshLNP to the primary human corneal epithelial cells, gave 26.6 % (± 6.6 %, p < 0.001) reduction in TGFBI mRNA and a 15.4 % (±10.5 %, p < 0.05 %) reduction in TGFBi protein after 48 h.","Allele-targeting GCD2 therapeutic siRNA showed measured WT TGFBI silencing in primary human corneal cells, consistent with mismatch/off-allele off-target activity; abstract-only.",codex_gpt-5.5_manual_agent,reject,ni_jie,C,"Reject after curator re-read: PMID 40185334; previous accept was too weak/generic for off-target evidence in GCD2. Basis checked: Allele-targeting GCD2 therapeutic siRNA showed measured WT TGFBI silencing in primary human corneal cells, consistent with mismatch/off-allele off-target activity; abstract-only."
53,offtarget_evidence,52,Ago2,37638886,,,"Shorter Is Better: The α-(l)-Threofuranosyl Nucleic Acid Modification Improves Stability, Potency, Safety, and Ago2 Binding and Mitigates Off-Target Effects of Small Interfering RNAs.",off-target evidence,B,PubMed abstract,accept,experimentally observed off-target toxicity mitigation,True,True,B,0.80,pubmed_abstract,True,"In a rat toxicology study, TNA placed at position 7 of the antisense strand of the siRNA mitigated off-target effects, likely due to the decrease in the thermodynamic binding affinity relative to the 2'-O-methyl residue.",Therapeutic GalNAc-siRNA modification was tested in rat toxicology and reported mitigation of off-target effects; abstract-only.,codex_gpt-5.5_manual_agent,reject,ni_jie,C,Reject after curator re-read: PMID 37638886; previous accept was too weak/generic for off-target evidence in Ago2. Basis checked: Therapeutic GalNAc-siRNA modification was tested in rat toxicology and reported mitigation of off-target effects; abstract-only.
54,offtarget_evidence,53,Mo2; Mo3; Argonaute2,37144553,,,Rational optimization of siRNA to ensure strand bias in the interaction with the RNA-induced silencing complex.,off-target evidence,B,PubMed abstract,accept,sense-strand off-target activity,True,True,B,0.82,pubmed_abstract,True,Our data demonstrated that Mo2 is the best RISC inhibitor among the modifications tested and that it effectively mitigates sense strand-based off-target activity of siRNA.,Therapeutic siRNA strand-bias modification was experimentally evaluated in vitro and in mice and reduced sense-strand off-target activity; abstract-only.,codex_gpt-5.5_manual_agent,reject,ni_jie,C,Reject after curator re-read: PMID 37144553; previous accept was too weak/generic for off-target evidence in Mo2; Mo3; Argonaute2. Basis checked: Therapeutic siRNA strand-bias modification was experimentally evaluated in vitro and in mice and reduced sense-strand off-target activity; abstract-only.
55,offtarget_evidence,54,PDCD4,34672619,,,Circular Antisense Oligonucleotides for Specific RNase-H-Mediated microRNA Inhibition with Reduced Off-Target Effects and Nonspecific Immunostimulation.,off-target evidence,B,PubMed abstract,accept,experimentally observed reduced off-target effects,True,True,B,0.74,pubmed_abstract,True,"Binding and enzymatic assays indicated that small circular AMOs could selectively bind to and further digest the target mature miR 21, which suggested that the topological properties of circular c-ODNs significantly decreased their off-target effects as microRNA inhibitors.",Circular antisense anti-miR oligonucleotides were experimentally assayed and reported reduced off-target effects as microRNA inhibitors; abstract-only and somewhat mechanistic.,codex_gpt-5.5_manual_agent,reject,ni_jie,C,Reject after curator re-read: PMID 34672619; previous accept was too weak/generic for off-target evidence in PDCD4. Basis checked: Circular antisense anti-miR oligonucleotides were experimentally assayed and reported reduced off-target effects as microRNA inhibitors; abstract-only and somewhat mechanistic.
56,offtarget_evidence,55,PDIA3; oblimersen,20544786,,,Off-target effects related to the phosphorothioate modification of nucleic acids.,off-target evidence,B,PubMed abstract,accept,sequence-unspecific proteome off-target effect,True,True,B,0.90,pubmed_abstract,True,"Regardless of their target, phosphorothioate-modified antisense and siRNA compounds, but not oligonucleotides with a phosphodiester backbone, resulted in a similar impact on the proteome.",Clinical phosphorothioate ASO oblimersen and related oligos caused measured sequence-unspecific proteome changes; abstract-only.,codex_gpt-5.5_manual_agent,accept,ni_jie,B,
57,offtarget_evidence,56,SiHa,41730837,PMC12966417,,Human papillomavirus16 E7 enhances cell stemness by regulating the APC2/SPIN4/β-catenin axis in cervical cancer.,transcriptome-level off-target effect,A,Results > Transcriptomic profiling reveals HPV16 E7-mediated regulation of Wnt/β-catenin signaling and APC2 expression in cervical cancer; paragraph 23,reject,transcriptome RNA-seq is lab knockdown/on-target biology,False,False,NA,0.95,pmc_full_text,False,NONE,"Passage uses siRNA as a laboratory knockdown tool to study HPV16 E7 cancer biology; transcriptome changes are on-pathway biology, not therapeutic oligo off-target evidence.",codex_gpt-5.5_manual_agent,reject,ni_jie,C,"Reject: PMID 41730837; Passage uses siRNA as a laboratory knockdown tool to study HPV16 E7 cancer biology; transcriptome changes are on-pathway biology, not therapeutic oligo off-target evidence."
58,offtarget_evidence,57,size,41512040,PMC12799113,,A pothole-filling strategy for selective targeting of rCUG-repeats associated with myotonic dystrophy type 1.,hybridization/mismatch off-target effect,C,article body; paragraph 6,reject,design/selectivity only,False,False,NA,0.90,pmc_full_text,False,NONE,"Passage describes designed triplet nucleic-acid ligands and binding selectivity/mismatch rationale, not observed unintended off-target effects of a therapeutic oligonucleotide.",codex_gpt-5.5_manual_agent,reject,ni_jie,C,"Reject: PMID 41512040; Passage describes designed triplet nucleic-acid ligands and binding selectivity/mismatch rationale, not observed unintended off-target effects of a therapeutic oligonucleotide."
59,offtarget_evidence,58,similar,40672232,PMC12265680,,Targeted RNA editing by direct delivery of an adenosine deaminase-antisense oligo conjugate.,transcriptome-level off-target effect,A,RESULTS > RNP delivery reduces transcriptome-wide off-target editing; paragraph 22,accept,transcriptome-wide off-target editing,True,True,A,0.91,pmc_full_text,True,"Further, we demonstrate that a covalent adenosine deaminase-ASO “RNP” conjugate formed in the test tube and delivered by lipofection achieves targeted and efficient RNA editing with dramatically lower transcriptome-wide off-target editing as compared to ectopically expressed RNA editing enzymes.",Full-text passage reports an ASO-enzyme conjugate with measured transcriptome-wide off-target RNA editing comparison.,codex_gpt-5.5_manual_agent,accept,ni_jie,A,
60,offtarget_evidence,59,siRNA-based,40503175,PMC12156227,,Targeting CIDEB alleviates liver steatosis and fibrosis in mouse MASH models.,seed-mediated off-target effect,A,Results > Minimal off-target activity of GalNAc-siCIDEB; paragraph 8,accept,transcriptome-wide off-target effect,True,True,A,0.94,pmc_full_text,True,"To evaluate the off-target effects of GalNAc-siCIDEB, we first conducted whole-transcriptome RNA sequencing (RNA-seq) analysis in primary rat hepatocytes.",Therapeutic GalNAc-siCIDEB was evaluated for off-target effects using whole-transcriptome RNA-seq with follow-up non-target gene validation.,codex_gpt-5.5_manual_agent,accept,ni_jie,A,
61,offtarget_evidence,60,siRNAs,37031257,PMC10082758,,RNAi-mediated rheostat for dynamic control of AAV-delivered transgenes.,seed-mediated off-target effect,A,Results > Identification of potent and specific transgene regulator siRNAs; paragraph 29,reject,AAV/shRNA regulatory system excluded,False,False,NA,0.96,pmc_full_text,False,NONE,"Passage concerns RNAi/shRNA regulation of AAV-delivered transgenes, which falls under the AAV/viral gene therapy and shRNA exclusion despite off-target reporter/RNA-seq assays.",codex_gpt-5.5_manual_agent,reject,ni_jie,C,"Reject: PMID 37031257; Passage concerns RNAi/shRNA regulation of AAV-delivered transgenes, which falls under the AAV/viral gene therapy and shRNA exclusion despite off-target reporter/RNA-seq assays."
62,offtarget_evidence,61,siRNAs,34648028,PMC8565336,,Overcoming GNA/RNA base-pairing limitations using isonucleotides improves the pharmacodynamic activity of ESC+ GalNAc-siRNAs.,seed-mediated off-target effect,A,RESULTS > Impact of GNA isonucleotides on GalNAc-siRNA in vitro activity; paragraph 49,accept,seed-mediated off-target profile,True,True,B,0.78,pmc_full_text,True,"GalNAc-siRNAs containing these GNA isonucleotides showed an improved in vitro activity, a similar improvement in off-target profile, and maintained in vivo activity and guide strand liver levels more consistent with the parent siRNAs than those modified with isomeric GNA-C or -G, thereby expanding our toolbox for the design of siRNAs with minimized off-target activity.",Therapeutic GalNAc-siRNA seed-region chemistry is reported to preserve reduced off-target profile; evidence is weaker/generic in the captured passage.,codex_gpt-5.5_manual_agent,accept,ni_jie,C,Grade adjusted B->C: PMID 34648028; weak/generic or abstract-limited support for seed-mediated off-target effect.
63,offtarget_evidence,62,siRNAs,33664996,PMC7900643,,AGO-accessible anticancer siRNAs designed with synergistic miRNA-like activity.,seed-mediated off-target effect,A,Results > Transcriptome-wide analyses of mi/siRNAs targeting E6/E7; paragraph 17,reject,"intentional miRNA-like efficacy, not unintended off-target safety evidence",False,True,NA,0.80,pmc_full_text,False,NONE,The paper intentionally designs siRNAs to exploit tumor-suppressive miRNA-like seed activity and reports anticancer efficacy; this is not observed unintended off-target safety evidence under the v2 contract.,codex_gpt-5.5_manual_agent,accept,ni_jie,C,Accept C as borderline: PMID 33664996; curator counted seed-mediated off-target effect for siRNAs despite v2 exclusion. Low-confidence override; v2 note was: The paper intentionally designs siRNAs to exploit tumor-suppressive miRNA-like seed activity and reports anticancer efficacy; this is not observed unintended off-target?
64,offtarget_evidence,63,siRNA,31375812,PMC6879195manuscript-id: NIHMS1533065,,A divalent siRNA chemical scaffold for potent and sustained modulation of gene expression throughout the central nervous system.,seed-mediated off-target effect,A,Results > Di-siRNA modulates HTT expression with minimal off-target events; paragraph 33,accept,transcriptome-wide seed-mediated off-target effect,True,True,A,0.95,pmc_full_text,True,"To determine if HTT silencing or Di-siRNA treatment had any major effect on the transcriptome, we performed genome-wide RNA sequencing (RNA-seq), comparing Di-siRNAHTT-treated to naïve NHP brains. We analyzed three cortical replicates from each of 8 animals (4 naïve, 4 treated). We chose to analyze the cortex, because we observed the highest accumulation of Di-siRNA in this region. Therefore, the chances of seeing off-target effects would be maximized.",Full-text results report therapeutic Di-siRNAHTT in NHP brain assessed by genome-wide RNA-seq for transcriptome/off-target effects.,codex_gpt-5.5_manual_agent,accept,ni_jie,A,
65,offtarget_evidence,64,significantly,29390093,PMC5861398,,Acute hepatotoxicity of 2' fluoro-modified 5-10-5 gapmer phosphorothioate oligonucleotides in mice correlates with intracellular protein binding and the loss of DBHS proteins.,transcriptome-level off-target effect,A,RESULTS > Hybridization-dependent toxicity is not likely to account for the 2′ F PS-ASO-induced hepatotoxicity; Figure 5. caption,accept,experimentally observed off-target/protein-binding toxicity,True,True,A,0.84,pmc_full_text,True,"The observed effects were not likely due to the hybridization-dependent RNase H1 cleavage of on- or potential off-target RNAs, or due to potential toxicity of 2′ F nucleoside metabolites. Instead, we found that 2′ F PS-ASO associated with more intra-cellular proteins including proteins from DBHS family. Our results suggest that protein-binding correlates positively with the 2′ F modification-dependent loss of DBHS proteins and the toxicity of gapmer 2′ F PS-ASO in vivo.","Therapeutic gapmer PS-ASO study observes unintended toxicity and explicitly evaluates/rules out hybridization-dependent off-target RNA cleavage, attributing effects to protein binding; off-target domain match retained as experimentally observed unintended oligo effect.",codex_gpt-5.5_manual_agent,accept,ni_jie,B,Grade adjusted A->B: PMID 29390093; pmc_full_text evidence was direct but less than full primary-detail confidence for transcriptome-level off-target effect.
66,offtarget_evidence,65,significantly,28918038,PMC5537172,,Strategies for In Vivo Screening and Mitigation of Hepatotoxicity Associated with Antisense Drugs.,transcriptome-level off-target effect,A,Results > High Confirmation Rate of In Silico Predicted OTEs in Mouse Liver; paragraph 14,accept,hybridization-mediated off-target effect,True,True,A,0.96,pmc_full_text,True,"Furthermore, to study the underlying mechanisms of liver toxicity, we applied transcriptome profiling and pathway analyses and show that adverse in vivo liver phenotypes correlate with the number of potent, hybridization-mediated off-target effects (OTEs).",Full-text therapeutic ASO study links measured in vivo liver phenotypes and transcriptome profiling to hybridization-mediated off-target effects.,codex_gpt-5.5_manual_agent,accept,ni_jie,A,
67,offtarget_evidence,66,LNA ASO,26553810,PMC4797265,,Hepatotoxicity of high affinity gapmer antisense oligonucleotides is mediated by RNase H1 dependent promiscuous reduction of very long pre-mRNA transcripts.,hybridization/mismatch off-target effect,A,RESULTS > Hepatotoxicity of LNA ASOs is RNase H1 dependent; paragraph 35,accept,hybridization/RNase H1-dependent transcriptome off-target effect,True,True,A,0.97,pmc_full_text,True,"We observed highly selective transcript knockdown in mice treated with non-hepatotoxic LNA ASOs, while the levels of many unintended transcripts were reduced in mice treated with hepatotoxic LNA ASOs.",Full-text therapeutic LNA ASO study reports transcriptional profiles from treated mouse livers showing reduced unintended transcripts.,codex_gpt-5.5_manual_agent,accept,ni_jie,A,
68,offtarget_evidence,67,siRNA,22058018,PMC3887682,,Selection and optimization of asymmetric siRNA targeting the human c-MET gene.,off-target evidence,B,Abstract; paragraph 1,reject,background off-target claim only,False,True,NA,0.86,pmc_full_text,False,NONE,"The off-target statement refers to prior asiRNA structure work; the captured current study mainly screens and optimizes c-MET asiRNA potency, without primary observed off-target evidence.",codex_gpt-5.5_manual_agent,reject,ni_jie,C,"Reject: PMID 22058018; The off-target statement refers to prior asiRNA structure work; the captured current study mainly screens and optimizes c-MET asiRNA potency, without primary observed off-target evidence."
69,offtarget_evidence,68,siRNA,40482915,,10.1016/j.mbs.2025.109476,Stochastic model of siRNA endosomal escape mediated by fusogenic peptides.,off-target evidence,C,PubMed abstract,abstain,none,False,False,NA,0.0,none,False,NONE,no source passage available; abstain required by Task A contract,codex_no_source_abstain_rule,reject,ni_jie,C,"Reject: PMID 40482915; the abstained record was checked at abstract level, but off-target evidence is still not directly recoverable for siRNA."
70,offtarget_evidence,69,siRNA,40311353,,10.1016/j.bioelechem.2025.108994,Effective targeting of E2F1 transcription factor via siRNA gene electrotransfer in HT-29 colorectal carcinoma xenografts.,off-target evidence,B,PubMed abstract,abstain,none,False,False,NA,0.0,none,False,NONE,no source passage available; abstain required by Task A contract,codex_no_source_abstain_rule,reject,ni_jie,C,Reject: PMID 40311353; siRNA remains unsupported for off-target evidence after abstract-level review of 'Effective targeting of E2F1 transcription factor via siRNA gene electrotransfer in HT-29 color?'.
71,offtarget_evidence,70,silence,40229422,,10.1038/s41434-025-00532-x,Development of an AAV-RNAi strategy to silence the dominant variant GNAO1 c.607G>A linked to encephalopathy.,transcriptome-level off-target effect,B,PubMed abstract sentence 8,abstain,none,False,False,NA,0.0,none,False,NONE,no source passage available; abstain required by Task A contract,codex_no_source_abstain_rule,reject,ni_jie,C,Reject: PMID 40229422; available abstract is not enough to curate transcriptome-level off-target effect for silence as a verified offtarget record.
72,offtarget_evidence,71,silencing,39820813,,10.1038/s41587-024-02535-2,Multiplexed inhibition of immunosuppressive genes with Cas13d for combinatorial cancer immunotherapy.,transcriptome-level off-target effect,B,PubMed abstract,abstain,none,False,False,NA,0.0,none,False,NONE,no source passage available; abstain required by Task A contract,codex_no_source_abstain_rule,reject,ni_jie,C,"Reject: PMID 39820813; the abstained record was checked at abstract level, but transcriptome-level off-target effect is still not directly recoverable for silencing."
73,offtarget_evidence,72,designated ASO,39192097,,,Preclinical toxicological assessment of amido-bridged nucleic acid-modified antisense oligonucleotides targeting synaptotagmin XIII for intra-abdominal treatment of peritoneal metastasis of gastric cancer.,hybridization/mismatch off-target effect,B,PubMed abstract,accept,experimentally observed off-target toxicity,True,True,B,0.88,pubmed_abstract,True,"In rats, off-target toxicity (not attributable to hybridization) was observed after weekly intra-abdominal administration of ASO-4733.",Preclinical therapeutic ASO-4733 abstract reports observed off-target toxicity after administered dosing in rats.,codex_gpt-5.5_manual_agent,accept,ni_jie,B,
74,offtarget_evidence,73,single,38369231,,10.1016/j.exer.2024.109833,Allele-specific antisense oligonucleotides for the treatment of BEST1-related dominantly inherited retinal diseases: An in vitro model.,transcriptome-level off-target effect,B,PubMed abstract,abstain,none,False,False,NA,0.0,none,False,NONE,no source passage available; abstain required by Task A contract,codex_no_source_abstain_rule,reject,ni_jie,C,Reject: PMID 38369231; 'Allele-specific antisense oligonucleotides for the treatment of BEST1-related dominantly inher?' does not provide a sufficiently specific administered-oligo offtarget endpoint for single.
75,offtarget_evidence,74,inclisiran,38945909,,10.1254/fpj.24018,"[Pharmacological and clinical profile of inclisiran sodium, a long-acting LDL cholesterol lowering siRNA, LEQVIO for s.c. injection syringe 300 ‍mg].",transcriptome-level off-target effect,B,PubMed abstract,abstain,none,False,False,NA,0.0,none,False,NONE,no source passage available; abstain required by Task A contract,codex_no_source_abstain_rule,reject,ni_jie,C,Reject: PMID 38945909 abstract/title reviewed; no clear in-scope transcriptome-level off-target effect endpoint is grounded for inclisiran.
76,offtarget_evidence,75,single,37290591,,10.1016/j.jhep.2023.05.023,Evaluation of RNAi therapeutics VIR-2218 and ALN-HBV for chronic hepatitis B: Results from randomized clinical trials.,seed-mediated off-target effect,B,PubMed abstract,abstain,none,False,False,NA,0.0,none,False,NONE,no source passage available; abstain required by Task A contract,codex_no_source_abstain_rule,reject,ni_jie,C,Reject: PMID 37290591; single remains unsupported for seed-mediated off-target effect after abstract-level review of 'Evaluation of RNAi therapeutics VIR-2218 and ALN-HBV for chronic hepatitis B: Results from ran?'.
77,offtarget_evidence,76,silencing,28274742,,10.1016/j.jconrel.2017.03.004,A hyaluronic acid-based hydrogel enabling CD44-mediated chondrocyte binding and gapmer oligonucleotide release for modulation of gene expression in osteoarthritis.,hybridization/mismatch off-target effect,B,PubMed abstract,abstain,none,False,False,NA,0.0,none,False,NONE,no source passage available; abstain required by Task A contract,codex_no_source_abstain_rule,reject,ni_jie,C,Reject: PMID 28274742; silencing remains unsupported for hybridization/mismatch off-target effect after abstract-level review of 'A hyaluronic acid-based hydrogel enabling CD44-mediated chondrocyte binding and gapmer oligonu?'.
78,offtarget_evidence,77,silico,41918821,PMC13034028,,Integrating transcriptomics and proteomics to assess antisense oligonucleotide safety and efficacy: a time-resolved approach.,transcriptome-level off-target effect,A,Results > ASO off-target RNA reduction correlates well with off-target protein reduction in HepG2 cells; paragraph 48,accept,transcriptome/proteome off-target effect,True,True,A,0.95,pmc_full_text,True,"Furthermore, many OffT effects observed at the RNA level do not directly translate to corresponding protein level changes.",Full-text ASO drug-development study uses transcriptomics and proteomics to measure OffT effects at RNA and protein levels.,codex_gpt-5.5_manual_agent,accept,ni_jie,A,
79,offtarget_evidence,78,inclisiran,42112101,PMC13156736,,ClinASO: An open-source platform for rapid drug discovery of gapmer antisense oligonucleotides.,hybridization/mismatch off-target effect,C,Results > ClinASO enables efficient identification of potent ASO against PCSK9; paragraph 12,reject,computational/design-only off-target filtering,False,True,NA,0.94,pmc_full_text,False,NONE,ClinASO uses off-target filtering/prediction as a design criterion; the captured passage does not provide primary observed off-target effect evidence.,codex_gpt-5.5_manual_agent,reject,ni_jie,C,Reject: PMID 42112101; ClinASO uses off-target filtering/prediction as a design criterion; the captured passage does not provide primary observed off-target effect evidence.
80,offtarget_evidence,79,situ,42033225,PMC13109722,,Direct targeting of C9ORF72 repeat RNA with fluorinated antisense oligonucleotides.,hybridization/mismatch off-target effect,B,Materials and methods > Fluorescent in situ hybridization in patient-derived NSCs; paragraph 16,reject,on-target/reporter efficacy and prior-literature toxicity mention,False,True,NA,0.90,pmc_full_text,False,NONE,"F-ASO data are target/reporter/RNA-foci efficacy and cytotoxicity; off-target effects are mentioned as prior reports for LNA, not primary observed off-target evidence here.",codex_gpt-5.5_manual_agent,reject,ni_jie,C,"Reject: PMID 42033225; F-ASO data are target/reporter/RNA-foci efficacy and cytotoxicity; off-target effects are mentioned as prior reports for LNA, not primary observed off-target evidence here."
81,offtarget_evidence,80,Silk,41611213,PMC12893320embargo-date: 2027/01/29,,Bifunctional Silk Nanospheres for Targeted Delivery of Oligonucleotide Therapeutics to VEGFR-Positive Cells in the Tumor Microenvironment.,off-target evidence,B,Abstract; paragraph 1,reject,possible off-target toxicity only,False,True,NA,0.92,pmc_full_text,False,NONE,"Passage motivates targeted delivery by possible off-target toxicity and reports loading/uptake/target knockdown, but no measured unintended off-target effect.",codex_gpt-5.5_manual_agent,reject,ni_jie,C,"Reject: PMID 41611213; Passage motivates targeted delivery by possible off-target toxicity and reports loading/uptake/target knockdown, but no measured unintended off-target effect."
82,offtarget_evidence,81,siRNA,41859644,PMC12996677,,An exosome-biomimetic photothermal nanocarrier for IGF2BP2 siRNA delivery and enhanced ferroptosis in head and neck squamous cell carcinoma.,transcriptome-level off-target effect,A,Results > IGF2BP2 Knockdown promotes ferroptosis in HNSCC via reduced NRF2 mRNA stability; paragraph 10,accept,transcriptome-wide seed-mediated off-target assessment,True,True,A,0.90,pmc_full_text,True,"To assess siRNA specificity, we performed seed-based 3′UTR off-target prediction and integrated it with the RNA-seq dataset; no enrichment of predicted off-target transcripts among genes with significantly downregulated expressions was observed.",Therapeutic siRNA delivery study integrates seed-based off-target prediction with RNA-seq and reports measured transcriptome specificity.,codex_gpt-5.5_manual_agent,accept,ni_jie,A,
83,offtarget_evidence,82,siRNA,41755009,PMC12944025,,Calcium/Aluminum-Cored Asymmetric Bilayer Nanoparticles for Codelivery of Ziyuglycoside II and PD-L1 siRNA Exert Anti-Breast Tumor Effects.,hybridization/mismatch off-target effect,B,Abstract; paragraph 1,reject,tumor efficacy/no off-target evidence,False,True,NA,0.95,pmc_full_text,False,NONE,"Passage reports natural-product/PD-L1 siRNA co-delivery, uptake, PD-L1 silencing, and tumor efficacy; no primary observed off-target evidence is present.",codex_gpt-5.5_manual_agent,reject,ni_jie,C,"Reject: PMID 41755009; Passage reports natural-product/PD-L1 siRNA co-delivery, uptake, PD-L1 silencing, and tumor efficacy; no primary observed off-target evidence is present."
84,offtarget_evidence,83,significantly,41948127,PMC13051718,10.1016/j.omtn.2026.102881,"Safety, efficacy, and distal nerve Schwann cell biodistribution in mice and NHPs to support translation of AAV9 RNAi therapy for CMT1A.",transcriptome-level off-target effect,A,Results > In vitro on-/off-target assessment in human cells; paragraph 8,reject,AAV/viral_gene_therapy_exclusion,False,False,NA,0.99,pmc_full_text,False,NONE,reject: AAV9-delivered miRNA/RNAi gene therapy is an explicit scope exclusion despite RNA-seq/off-target specificity assessment,codex_gpt-5.5_manual_agent,reject,ni_jie,C,Reject: PMID 41948127; reject: AAV9-delivered miRNA/RNAi gene therapy is an explicit scope exclusion despite RNA-seq/off-target specificity assessment
85,offtarget_evidence,84,significance,41840584,PMC13107843,10.1186/s12964-026-02796-1,TCOF1 affects Golgi secretory pathway contributing to the angiogenesis in renal cancer.,transcriptome-level off-target effect,B,Supplementary Information; paragraph 48,reject,lab_knockdown_transcriptomics,False,False,NA,0.98,pmc_full_text,False,NONE,reject: TCOF1 silencing uses oligonucleotide knockdown as a research tool; microarray/proteomics measure on-target biology rather than therapeutic oligo off-target effects,codex_gpt-5.5_manual_agent,reject,ni_jie,C,Reject: PMID 41840584; reject: TCOF1 silencing uses oligonucleotide knockdown as a research tool; microarray/proteomics measure on-target biology rather than therapeutic oligo off-target effects
86,offtarget_evidence,85,Single-cell,41932914,PMC13219712,10.1038/s41467-026-71468-y,Single-cell transcriptomics reveals FXR1 as an actionable target for siRNA therapy in ovarian cancer.,off-target evidence,A,Results > Single-cell transcriptome profiling demonstrates marked effects of LNA-modified FXR1 siRNA on tumor growth inhibition and anti-tumor immune responses; paragraph 24,reject,efficacy_transcriptomics,False,True,NA,0.88,pmc_full_text,False,NONE,"reject: therapeutic siRNA is in scope, but scRNA-seq describes tumor and immune efficacy/TME changes, not observed unintended off-target effects",codex_gpt-5.5_manual_agent,reject,ni_jie,C,"Reject: PMID 41932914; reject: therapeutic siRNA is in scope, but scRNA-seq describes tumor and immune efficacy/TME changes, not observed unintended off-target effects"
87,offtarget_evidence,86,siRNAs,41868107,PMC13003969,10.1039/d6cb00038j,Synthesis of siRNAs containing carbocyclic nucleotides and the role of cyclopentane conformation in RNAi activity.,seed-mediated off-target effect,B,article body; paragraph 14,reject,design_background_seed_offtarget,False,True,NA,0.90,pmc_full_text,False,NONE,"reject: seed/off-target language is design/citation context; this primary study reports siRNA chemistry and on-target Ttr/ApoB potency, not measured unintended off-target effects",codex_gpt-5.5_manual_agent,reject,ni_jie,C,"Reject: PMID 41868107; reject: seed/off-target language is design/citation context; this primary study reports siRNA chemistry and on-target Ttr/ApoB potency, not measured unintended off-target effects"
88,offtarget_evidence,87,siRNA,41858838,PMC12996783,10.1016/j.omtn.2026.102878,An siRNA targeting S6k1 identifies photoreceptor phospholipid metabolism as a contributor to lipid buildup in age-related macular degeneration.,hybridization/mismatch off-target effect,A,Results > Effect of tetra-siRNAS6k1 on phospholipids is conserved between mouse and pig; paragraph 16,reject,efficacy_biodistribution,False,True,NA,0.96,pmc_full_text,False,NONE,"reject: therapeutic tetravalent siRNA studies S6k1 silencing, retinal efficacy, and cross-species pharmacology; no observed hybridization/mismatch off-target evidence",codex_gpt-5.5_manual_agent,reject,ni_jie,C,"Reject: PMID 41858838; reject: therapeutic tetravalent siRNA studies S6k1 silencing, retinal efficacy, and cross-species pharmacology; no observed hybridization/mismatch off-target evidence"
89,offtarget_evidence,88,siRNA,41709035,PMC13022102,10.1007/s12672-026-04583-3,Ultrasound targeted microbubble delivery of JMJD2A siRNA induces ferroptosis remodels the tumor immune microenvironment and inhibits esophageal squamous cell carcinoma progression.,off-target evidence,A,Results > UTMD-Loaded si-JMJD2A induces ferroptosis and inhibits ESCC cell proliferation in vitro; paragraph 26,reject,efficacy,False,True,NA,0.97,pmc_full_text,False,NONE,"reject: UTMD-si-JMJD2A outcomes are target knockdown, ferroptosis, tumor growth, metastasis, and immune remodeling; no observed unintended off-target effect",codex_gpt-5.5_manual_agent,reject,ni_jie,C,"Reject: PMID 41709035; reject: UTMD-si-JMJD2A outcomes are target knockdown, ferroptosis, tumor growth, metastasis, and immune remodeling; no observed unintended off-target effect"
90,offtarget_evidence,89,siRNA,41647289,PMC12869795,10.1093/rb/rbaf115,A smart nanocomposite bioactive ink for controlled siRNA delivery in calvarial mesenchymal stromal cells as a minimally invasive treatment for craniosynostosis.,off-target evidence,A,Results > siRNA targeting FGFR2 significantly modulates the FGFR2-related osteogenic cascade in CS patients’ cells; Figure 2 caption,reject,delivery_on_target_knockdown,False,True,NA,0.97,pmc_full_text,False,NONE,"reject: FGFR2 siRNA hydrogel work reports delivery, sustained release, and on-target pathway modulation; off-target evidence is absent",codex_gpt-5.5_manual_agent,reject,ni_jie,C,"Reject: PMID 41647289; reject: FGFR2 siRNA hydrogel work reports delivery, sustained release, and on-target pathway modulation; off-target evidence is absent"
91,offtarget_evidence,90,siRNA,41552385,PMC12804371,10.1016/j.omtn.2025.102802,An acyclic nucleic acid-modified siRNA targeting CAG expansions for polyglutamine disease treatment.,hybridization/mismatch off-target effect,A,Results > Screening of SNA-modified siRNAs targeting CAG repeats; paragraph 8,reject,allele_selective_on_target_specificity,False,True,NA,0.96,pmc_full_text,False,NONE,"reject: central mismatch/SNA assays measure allele-selective knockdown of expanded versus normal CAG targets, not unintended off-target hybridization effects",codex_gpt-5.5_manual_agent,accept,ni_jie,C,"Accept C as borderline: PMID 41552385; curator counted hybridization/mismatch off-target effect for siRNA despite v2 exclusion. Low-confidence override; v2 note was: reject: central mismatch/SNA assays measure allele-selective knockdown of expanded versus normal CAG targets, not unintended off-target hybridization effects"
92,offtarget_evidence,91,siRNA,42193837,PMC13203076,10.3390/ani16101546,TEAD4 Promotes Myogenic Differentiation of Porcine Skeletal Muscle Satellite Cells.,transcriptome-level off-target effect,A,3. Results > 3.3. Functional Role of TEAD4 in PSC Proliferation and Myogenic Differentiation; paragraph 20,reject,lab_knockdown_transcriptomics,False,False,NA,0.99,pmc_full_text,False,NONE,"reject: TEAD4 siRNA is a porcine cell biology knockdown tool; RNA-seq measures downstream differentiation biology, not therapeutic oligo off-target effects",codex_gpt-5.5_manual_agent,reject,ni_jie,C,"Reject: PMID 42193837; reject: TEAD4 siRNA is a porcine cell biology knockdown tool; RNA-seq measures downstream differentiation biology, not therapeutic oligo off-target effects"
93,offtarget_evidence,92,siRNA,42182232,PMC13192684,10.64898/2026.05.08.723329,C57BL/6 BAC-CAG Huntington's disease mice show somatic CAG expansion and responses to small interfering RNAs comparable to the FVB strain.,transcriptome-level off-target effect,C,Abstract; paragraph 1,reject,ambiguous_RNAseq_model_response,False,True,NA,0.82,pmc_full_text,False,NONE,reject: abstract-only RNA-seq differences are not clearly grounded as siRNA off-target effects; passage frames them as model/therapy-response characterization,codex_gpt-5.5_manual_agent,reject,ni_jie,C,Reject: PMID 42182232; reject: abstract-only RNA-seq differences are not clearly grounded as siRNA off-target effects; passage frames them as model/therapy-response characterization
94,offtarget_evidence,93,siRNA,42164756,PMC13184955,10.34133/research.1288,RNA-Targeted Therapeutics for Lipid Metabolic Disorders: From Bench to Bedside.,transcriptome-level off-target effect,B,RNA-Targeted Therapeutics for Lipid-Metabolic Disorders: Bench Evidence; paragraph 35,reject,review_secondary_evidence,False,True,NA,0.98,pmc_full_text,False,NONE,"reject: review article/secondary summary, including computational or literature safety statements, not primary measured off-target evidence",codex_gpt-5.5_manual_agent,reject,ni_jie,C,"Reject: PMID 42164756; reject: review article/secondary summary, including computational or literature safety statements, not primary measured off-target evidence"
95,offtarget_evidence,94,single-nucleotide,42163396,PMC13192155,10.1186/s13567-026-01776-0,Natural polymorphisms in the bovine leukemia virus microRNA cluster modulate miRNA expression and host regulatory pathways.,transcriptome-level off-target effect,B,Abstract; paragraph 1,reject,endogenous_viral_miRNA_biology,False,False,NA,0.99,pmc_full_text,False,NONE,reject: BLV miRNA polymorphism/host transcriptome biology is not a therapeutic oligonucleotide intervention,codex_gpt-5.5_manual_agent,reject,ni_jie,C,Reject: PMID 42163396; reject: BLV miRNA polymorphism/host transcriptome biology is not a therapeutic oligonucleotide intervention
96,offtarget_evidence,95,Since,42089116,PMC13138168,10.1016/j.bbadva.2026.100192,Collateral lethality of NAD kinase in 1p36 deleted tumors drives vulnerability to NAD kinase 2 depletion.,off-target evidence,A,Results > Combined depletion of NADK and NADK2 caused lethality in human cells; paragraph 7,reject,lab_knockdown_specificity_control,False,False,NA,0.98,pmc_full_text,False,NONE,reject: independent siRNAs are used to control research-tool knockdown specificity; no observed unintended off-target effect is reported,codex_gpt-5.5_manual_agent,reject,ni_jie,C,Reject: PMID 42089116; reject: independent siRNAs are used to control research-tool knockdown specificity; no observed unintended off-target effect is reported
97,offtarget_evidence,96,siRNA,42084802,PMC13155016,10.1080/15384047.2026.2667568,MBD2 suppresses SFRP1 expression and promotes colorectal cancer development by blocking MED19 binding to its methylated promoter.,off-target evidence,A,Results > KCC07 induced apoptosis and inhibited CRC cell proliferation both in vitro and in vivo; paragraph 35,reject,lab_knockdown_or_small_molecule_efficacy,False,False,NA,0.98,pmc_full_text,False,NONE,"reject: MBD2 siRNA is a mechanistic CRC research tool and KCC07 is a small molecule; outcomes are on-target pathway/efficacy, not oligo off-target evidence",codex_gpt-5.5_manual_agent,reject,ni_jie,C,"Reject: PMID 42084802; reject: MBD2 siRNA is a mechanistic CRC research tool and KCC07 is a small molecule; outcomes are on-target pathway/efficacy, not oligo off-target evidence"
98,offtarget_evidence,97,silencing,42075373,PMC13120239,10.3390/plants15081171,Cytokinin Oxidase/Dehydrogenase 1 (FvCKX1) Coordinates Receptacle Growth and Achene Maturation in Strawberry.,transcriptome-level off-target effect,B,Abstract; paragraph 1,reject,agricultural_plant_RNAi_exclusion,False,False,NA,0.99,pmc_full_text,False,NONE,reject: strawberry RNAi/overexpression study is plant/agricultural biology and outside therapeutic oligonucleotide scope,codex_gpt-5.5_manual_agent,reject,ni_jie,C,Reject: PMID 42075373; reject: strawberry RNAi/overexpression study is plant/agricultural biology and outside therapeutic oligonucleotide scope
99,offtarget_evidence,98,single-cell,42066623,PMC13145390,10.1016/j.neurot.2026.e00912,PEBP1 inhibition as a therapeutic target for neurological recovery in ischemic stroke.,transcriptome-level off-target effect,B,Abstract; paragraph 1,reject,AAV_shRNA_exclusion,False,False,NA,0.98,pmc_full_text,False,NONE,reject: intervention includes AAV-mediated shRNA knockdown and pharmacologic inhibition; shRNA/AAV gene-therapy tools are excluded and off-target effects are not oligo hybridization evidence,codex_gpt-5.5_manual_agent,reject,ni_jie,C,Reject: PMID 42066623; reject: intervention includes AAV-mediated shRNA knockdown and pharmacologic inhibition; shRNA/AAV gene-therapy tools are excluded and off-target effects are not oligo hybridization evidence
100,offtarget_evidence,99,siRNAs,42015182,PMC13101182,10.1186/s13073-026-01659-1,Comparative genomics identifies small interfering RNA with activity against all five human betacoronaviruses.,transcriptome-level off-target effect,A,Results > Screening antiviral activity and tolerability of siRNA candidates in a high-throughput SARS-CoV-2 infection model; paragraph 38,reject,computational_design_and_tolerability_screen,False,True,NA,0.95,pmc_full_text,False,NONE,"reject: antiviral siRNA study relies on comparative-genomics design, mismatch reporter activity, tolerability, and in silico off-target prediction rather than observed unintended transcript effects",codex_gpt-5.5_manual_agent,reject,ni_jie,C,"Reject: PMID 42015182; reject: antiviral siRNA study relies on comparative-genomics design, mismatch reporter activity, tolerability, and in silico off-target prediction rather than observed unintended transcript effects"
101,offtarget_evidence,100,significantly,42007882,PMC13094461,10.1096/fj.202600387RRR,p21 Knockdown as a Therapeutic Strategy for Focal Cartilage Injury Repair.,off-target evidence,B,PubMed abstract,reject,shRNA_viral_biodistribution_exclusion,False,False,NA,0.99,pmc_full_text,False,NONE,"reject: lentiviral shRNA is excluded; hepatic off-target transduction is delivery/biodistribution, not oligo sequence off-target evidence",codex_gpt-5.5_manual_agent,reject,ni_jie,C,"Reject: PMID 42007882; reject: lentiviral shRNA is excluded; hepatic off-target transduction is delivery/biodistribution, not oligo sequence off-target evidence"
102,offtarget_evidence,101,IC50,41988374,PMC13077496,10.1021/acsptsci.5c00820,A Holistic Approach to Identifying a Positron Emission Tomography (PET) Tracer Candidate for In Vivo Imaging of Purinergic P2X7 Receptor in Neuroinflammation.,off-target evidence,B,Abstract; paragraph 1,reject,small_molecule_PET_tracer_selectivity,False,False,NA,0.99,pmc_full_text,False,NONE,reject: PET tracer small-molecule off-target selectivity is outside oligonucleotide scope,codex_gpt-5.5_manual_agent,reject,ni_jie,C,Reject: PMID 41988374; reject: PET tracer small-molecule off-target selectivity is outside oligonucleotide scope
103,offtarget_evidence,102,siTGF-,41878126,PMC13008127,10.2147/IJN.S568106,Inhalable TFRC-Targeted Extracellular Vesicles Delivery of siTGF-β1 Alleviates Pulmonary Fibrosis via Dual Inhibition of Ferroptosis and Fibroblast Activation.,off-target evidence,C,Results > Inhaled T7-EV/siTGF-β1 Alleviates Bleomycin-Induced Pulmonary Fibrosis in vivo; paragraph 51,reject,PK_biodistribution,False,True,NA,0.97,pmc_full_text,False,NONE,"reject: siTGF-beta1 therapeutic delivery is in scope, but off-target language refers to tissue distribution/exposure and systemic toxicity, not sequence-mediated off-target effects",codex_gpt-5.5_manual_agent,reject,ni_jie,C,"Reject: PMID 41878126; reject: siTGF-beta1 therapeutic delivery is in scope, but off-target language refers to tissue distribution/exposure and systemic toxicity, not sequence-mediated off-target effects"
104,offtarget_evidence,103,signalling,41871170,PMC13029709,10.1371/journal.ppat.1014046,Canonical WNT signalling governs Echinococcus metacestode development.,hybridization/mismatch off-target effect,B,Abstract; paragraph 1,reject,lab_knockdown_parasite_RNAi,False,False,NA,0.99,pmc_full_text,False,NONE,"reject: Echinococcus bcat-1 RNAi is a parasite developmental knockdown tool; transcriptomics measures on-target biological consequences, not therapeutic oligo off-target effects",codex_gpt-5.5_manual_agent,reject,ni_jie,C,"Reject: PMID 41871170; reject: Echinococcus bcat-1 RNAi is a parasite developmental knockdown tool; transcriptomics measures on-target biological consequences, not therapeutic oligo off-target effects"
105,offtarget_evidence,104,silencing,41752837,PMC12941721,10.3390/life16020199,"Synthetic Integration of an FCS into Coronaviruses-Hype or an Unresolved Biorisk? An Integrative Analysis of DNA Repair, Cancer Research, Drug Development, and Escape Mutant Traits.",hybridization/mismatch off-target effect,C,4. Viruses in Cancer Research and Gene-Silencing Experiments During RNA Virus Infection > 4.3. Viruses in the Context of siRNA Knockdown—Analogous Scenarios to the Ambati et al. [1] Postulate > 4.3.1. Silencing of the DNA MMR During Influenza Infection via Chimeric Viruses; paragraph 84,reject,mismatch_repair_or_mRNA_review,False,False,NA,0.99,pmc_full_text,False,NONE,"reject: mismatch refers to DNA/RNA mismatch repair and viral recombination review context, not oligo hybridization mismatch off-target evidence",codex_gpt-5.5_manual_agent,reject,ni_jie,C,"Reject: PMID 41752837; reject: mismatch refers to DNA/RNA mismatch repair and viral recombination review context, not oligo hybridization mismatch off-target evidence"
106,offtarget_evidence,105,silenced,41664057,PMC12990410,10.1186/s12884-026-08789-9,"FABP4 is highly expressed in preeclamptic placentas and regulates trophoblast lipid metabolism, mitochondrial function, and oxidative stress in vitro.",off-target evidence,A,Results > Inhibition of FABP4 induces mitochondrial dysfunction in trophoblast cells; paragraph 41,reject,lab_knockdown_tool,False,False,NA,0.98,pmc_full_text,False,NONE,"reject: FABP4 siRNA is used to validate pharmacologic inhibition in trophoblast cells; off-target language concerns the chemical inhibitor, not observed siRNA off-target effects",codex_gpt-5.5_manual_agent,reject,ni_jie,C,"Reject: PMID 41664057; reject: FABP4 siRNA is used to validate pharmacologic inhibition in trophoblast cells; off-target language concerns the chemical inhibitor, not observed siRNA off-target effects"
107,offtarget_evidence,106,Single,41719328,PMC12933033embargo-date: 2026/08/20,10.1073/pnas.2532942123,Pheromone receptors for japonilure in Anomala corpulenta and Popillia japonica.,hybridization/mismatch off-target effect,B,Abstract; paragraph 2,reject,non_oligo_biology,False,False,NA,0.99,pmc_full_text,False,NONE,reject: pheromone receptor enantiospecificity study has no therapeutic oligonucleotide or oligo off-target evidence,codex_gpt-5.5_manual_agent,reject,ni_jie,C,Reject: PMID 41719328; reject: pheromone receptor enantiospecificity study has no therapeutic oligonucleotide or oligo off-target evidence
108,offtarget_evidence,107,signal,41715156,PMC13097837,10.1186/s12967-026-07864-1,Research on the mechanism of CRMP4-mediated cytoskeletal actin polymerization in promoting invasive migration of stromal cells in endometriosis.,hybridization/mismatch off-target effect,A,Results > The MRTF/SRF pathway is activated in endometriosis and controlled by CRMP4; paragraph 37,reject,non_oligo_expression_mismatch,False,False,NA,0.99,pmc_full_text,False,NONE,"reject: mismatch refers to mRNA/protein discordance in endometriosis biology, not oligo hybridization mismatch or therapeutic oligo off-target effects",codex_gpt-5.5_manual_agent,reject,ni_jie,C,"Reject: PMID 41715156; reject: mismatch refers to mRNA/protein discordance in endometriosis biology, not oligo hybridization mismatch or therapeutic oligo off-target effects"
109,offtarget_evidence,108,significant,39850319,PMC11754010,10.1016/j.omtn.2024.102387,In vivo efficacy and safety of systemically administered serinol nucleic acid-modified antisense oligonucleotides in mouse kidney.,off-target evidence,B,Abstract; paragraph 1,reject,NA,False,True,NA,0.93,pmc_full_text,False,NONE,"Reject: SGLT2 SNA-ASO is in oligo therapeutic scope, but the passage only mentions off-target effects as a general challenge/future RNA-seq need; no primary measured unintended off-target result.",codex_gpt-5.5_manual_agent,reject,ni_jie,C,"Reject: PMID 39850319; Reject: SGLT2 SNA-ASO is in oligo therapeutic scope, but the passage only mentions off-target effects as a general challenge/future RNA-seq need; no primary measured unintended off-target result."
110,offtarget_evidence,109,siRNAs,41012491,PMC12472881,10.3390/pharmaceutics17091154,Whole-Body Physiologically Based Pharmacokinetic-Pharmacodynamic Modeling for Interspecies Translation and Mechanistic Characterization of Plasma and Tissue Disposition of GalNAc-siRNAs.,transcriptome-level off-target effect,C,4. Results > 4.1. Model Validation and Characterization of General Tissue Distribution; paragraph 20,reject,NA,False,True,NA,0.96,pmc_full_text,False,NONE,"Reject: the evidence concerns GalNAc-siRNA PK/biodistribution into off-target tissues and PBPK modeling, not transcriptome/seed/hybridization unintended gene off-target effects.",codex_gpt-5.5_manual_agent,reject,ni_jie,C,"Reject: PMID 41012491; Reject: the evidence concerns GalNAc-siRNA PK/biodistribution into off-target tissues and PBPK modeling, not transcriptome/seed/hybridization unintended gene off-target effects."
111,offtarget_evidence,110,siRNA,41210590,PMC12589868,10.1016/j.omtn.2025.102729,Antisense oligonucleotide-based switches for conditional translation of synthetic mRNA.,transcriptome-level off-target effect,A,Results; paragraph 6,reject,NA,False,False,NA,0.90,pmc_full_text,False,NONE,"Reject: ASO switch is tied to synthetic mRNA therapeutics, which are excluded; observed issues are synthetic mRNA switch/reporter binding and cytotoxicity context, not in-scope therapeutic oligo off-target evidence.",codex_gpt-5.5_manual_agent,reject,ni_jie,C,"Reject: PMID 41210590; Reject: ASO switch is tied to synthetic mRNA therapeutics, which are excluded; observed issues are synthetic mRNA switch/reporter binding and cytotoxicity context, not in-scope therapeutic oligo off-target evidence."
112,offtarget_evidence,111,siRNA,41399434,PMC12702103,10.1016/j.omtm.2025.101632,Leveraging the active conformation of LFA-1 as a potential target for hematological malignancies.,off-target evidence,C,Results > Human B-NHL treated with WAS siRNA-loaded NPs attenuates tumor growth in vivo; paragraph 21,reject,NA,False,True,NA,0.95,pmc_full_text,False,NONE,"Reject: WAS siRNA nanoparticle data address delivery selectivity, biodistribution, systemic toxicity, and tumor efficacy; no measured unintended sequence-dependent off-target effect.",codex_gpt-5.5_manual_agent,reject,ni_jie,C,"Reject: PMID 41399434; Reject: WAS siRNA nanoparticle data address delivery selectivity, biodistribution, systemic toxicity, and tumor efficacy; no measured unintended sequence-dependent off-target effect."
113,offtarget_evidence,112,siRNA,40385635,PMC12083919,10.1016/j.omtn.2025.102542,"Design, pharmacology, and toxicology of a novel chemically modified siRNA targeting hepatic angiotensinogen.",seed-mediated off-target effect,A,Results > In silico off-target analysis and qPCR validation; paragraph 10,accept,seed-mediated off-target effect,True,True,A,0.98,pmc_full_text,True,"Subsequently, the knockdown efficiency of candidate siRNAs on these potential off-target genes was individually verified through in-vitro qPCR. Most candidate siRNAs exhibited little potential off-target effects on those genes (Figures S10 and S11). However, two siRNAs, si098-DV29P and si086-DV26P, exerted relatively strong inhibition on their potential off-target genes (Figures S10B and S10E), suggesting that measures should be taken to prevent and control the off-target risk.",Accept: named AGT therapeutic siRNA candidates were screened for seed-region/mismatch off-targets and potential off-target gene knockdown was experimentally verified by qPCR in full-text results/supplement.,codex_gpt-5.5_manual_agent,accept,ni_jie,A,
114,offtarget_evidence,113,simultaneous,41463125,PMC12730878,10.3390/biomedicines13123118,Reversing the Irreversible: miRNA-Targeting Mesyl Phosphoramidate Oligonucleotides Restore Sensitivity to Cisplatin and Doxorubicin of KB-8-5 Epidermoid Carcinoma Cells.,hybridization/mismatch off-target effect,B,Abstract; paragraph 1,reject,NA,False,True,NA,0.88,pmc_full_text,False,NONE,Reject: miRNA-targeting ASOs are evaluated for chemosensitization/efficacy and toxicity; the matched evidence is not hybridization/mismatch unintended off-target evidence.,codex_gpt-5.5_manual_agent,reject,ni_jie,C,Reject: PMID 41463125; Reject: miRNA-targeting ASOs are evaluated for chemosensitization/efficacy and toxicity; the matched evidence is not hybridization/mismatch unintended off-target evidence.
115,offtarget_evidence,114,siRNAs,41373822,PMC12692593,10.3390/ijms262311675,Respiratory Delivery of Highly Conserved Antiviral siRNAs Suppress SARS-CoV-2 Infection.,off-target evidence,A,2. Results > 2.4. Gene Silencing Effect of Chemically Modified siRNAs; paragraph 14,accept,off-target evidence,True,True,A,0.96,pmc_full_text,True,"However, siRNA 27 treatment led to increased expression of IFIT1 (Figure 7A) and OAS1 (Figure 7B), and siRNA 30 induced elevated expression of IFIT1 (Figure 7A), OAS1 (Figure 7B), and ISG20 (Figure 7D).","Accept: antiviral therapeutic siRNAs had experimentally measured off-target immune activation via ISG qPCR, with chemical modification evaluated to reduce the effect.",codex_gpt-5.5_manual_agent,accept,ni_jie,A,
116,offtarget_evidence,115,siRNA,41341748,PMC12670904,10.1016/j.omtn.2025.102768,A novel bispecific siRNA concept: Efficient dual knockdown of YAP1 and WWTR1 with a single guide strand.,seed-mediated off-target effect,A,Results > Characterization of off-target activities of bsYW-61; paragraph 14,accept,seed-mediated off-target effect,True,True,A,0.99,pmc_full_text,True,"bsYW-61 reduced luciferase activity in the guide strand seed reporter, confirming seed-mediated off-target effects (Figure 6I). In contrast, modified bsYW-61m1 showed no such activity, suggesting that the chemical modification effectively abolished these interactions.",Accept: bispecific therapeutic siRNA candidate bsYW-61 has full-text RNA-seq/RT-qPCR and luciferase reporter evidence; the quoted reporter result directly confirms seed-mediated off-target effects.,codex_gpt-5.5_manual_agent,accept,ni_jie,A,
117,offtarget_evidence,116,siRNAs,40609116,PMC12945876manuscript-id: NIHMS2145850embargo-date: 2026/07/16,10.1021/acs.bioconjchem.5c00205,Multicheckpoint Cellular Targeting of siRNAs Using Antibody-Directed Lipid-Polymer Hybrid Nanoparticles.,off-target evidence,C,Abstract; paragraph 1,reject,NA,False,True,NA,0.94,pmc_full_text,False,NONE,Reject: abstract-only nanoparticle targeting strategy claims reduced off-target risk but provides no primary measured unintended off-target effect.,codex_gpt-5.5_manual_agent,reject,ni_jie,C,Reject: PMID 40609116; Reject: abstract-only nanoparticle targeting strategy claims reduced off-target risk but provides no primary measured unintended off-target effect.
118,offtarget_evidence,117,siRNA,39385468,PMC11764414,10.1016/j.ymthe.2024.10.003,Efficient and safe in vivo treatment of primary hyperoxaluria type 1 via LNP-CRISPR-Cas9-mediated glycolate oxidase disruption.,off-target evidence,C,Abstract; paragraph 1,reject,NA,False,False,NA,0.99,pmc_full_text,False,NONE,Reject: LNP-CRISPR-Cas9 gene editing is explicitly out of scope; claimed lack of off-target effects is not therapeutic oligonucleotide off-target evidence.,codex_gpt-5.5_manual_agent,reject,ni_jie,C,Reject: PMID 39385468; Reject: LNP-CRISPR-Cas9 gene editing is explicitly out of scope; claimed lack of off-target effects is not therapeutic oligonucleotide off-target evidence.
119,offtarget_evidence,118,siRNA-DegradaBALL,40160160,PMC11955805,10.1111/cts.70207,"A First-In-Human Phase 1 Study to Evaluate the Safety and Tolerability of LEM-S401, a Novel siRNA-DegradaBALL Drug Targeting CTGF in Healthy Adults.",off-target evidence,B,PubMed abstract,reject,NA,False,True,NA,0.92,pmc_full_text,False,NONE,"Reject: first-in-human siRNA-DegradaBALL passage reports clinical safety/tolerability and PK-style safety outcomes, not measured unintended off-target transcript/effect evidence.",codex_gpt-5.5_manual_agent,reject,ni_jie,C,"Reject: PMID 40160160; Reject: first-in-human siRNA-DegradaBALL passage reports clinical safety/tolerability and PK-style safety outcomes, not measured unintended off-target transcript/effect evidence."
120,offtarget_evidence,119,similar,40547092,PMC12180356,10.1039/d5sc03751d,Engineering antisense oligonucleotides for targeted mRNA degradation through lysosomal trafficking.,off-target evidence,A,Results; paragraph 12,reject,NA,False,True,NA,0.93,pmc_full_text,False,NONE,Reject: LyTON ASO work reports target knockdown and lack of sequence-independent off-target effects; no observed unintended off-target effect meeting the off-target accept gate.,codex_gpt-5.5_manual_agent,reject,ni_jie,C,Reject: PMID 40547092; Reject: LyTON ASO work reports target knockdown and lack of sequence-independent off-target effects; no observed unintended off-target effect meeting the off-target accept gate.
121,offtarget_evidence,120,siRNAs,41465224,PMC12732354,10.3390/ijms262411791,Two-Stage Probability-Enhanced Regression on Property Matrices and LLM Embeddings Enables State-of-the-Art Prediction of Gene Knockdown by Modified siRNAs.,hybridization/mismatch off-target effect,C,2. Results > 2.2. Data Analysis > 2.2.3. Sequence Analysis; paragraph 12,reject,NA,False,True,NA,0.98,pmc_full_text,False,NONE,Reject: machine-learning prediction/design paper for modified siRNA activity/off-target risk; computational/design-only specificity evidence is excluded.,codex_gpt-5.5_manual_agent,reject,ni_jie,C,Reject: PMID 41465224; Reject: machine-learning prediction/design paper for modified siRNA activity/off-target risk; computational/design-only specificity evidence is excluded.
122,offtarget_evidence,121,siRNAs,40171444,PMC11960531,10.1016/j.omtn.2024.102415,Improving the potency prediction for chemically modified siRNAs through insights from molecular modeling of individual sequence positions.,seed-mediated off-target effect,C,Results > Positional effects of base type and ΔEi levels on siRNA activity; paragraph 18,reject,NA,False,True,NA,0.98,pmc_full_text,False,NONE,Reject: potency prediction and molecular modeling of siRNA sequence positions; no primary observed seed-mediated off-target effect.,codex_gpt-5.5_manual_agent,reject,ni_jie,C,Reject: PMID 40171444; Reject: potency prediction and molecular modeling of siRNA sequence positions; no primary observed seed-mediated off-target effect.
123,offtarget_evidence,122,siRNA,41487160,PMC12756759,10.1021/acsomega.5c08046,Ligand Valency and Linker Design Dictate the Efficacy of CI-M6PR-Mediated Targeted Delivery of M6P-siRNA Conjugates.,off-target evidence,B,Abstract; paragraph 1,reject,NA,False,True,NA,0.94,pmc_full_text,False,NONE,"Reject: M6P-siRNA conjugate study concerns targeted delivery/uptake and efficacy, not measured unintended off-target gene effects.",codex_gpt-5.5_manual_agent,reject,ni_jie,C,"Reject: PMID 41487160; Reject: M6P-siRNA conjugate study concerns targeted delivery/uptake and efficacy, not measured unintended off-target gene effects."
124,offtarget_evidence,123,siRNA,41402667,PMC12708450,10.1186/s43556-025-00392-2,Targeting tumor-infiltrating regulatory T cells: combining CD47 and PD-L1 inhibition via a novel aptamer-siRNA chimera.,off-target evidence,A,Results > PD-L1-targeting aptamer-siRNA chimera selectively targets intratumoral Treg cells and induces effective CD47 silencing; paragraph 9,reject,NA,False,True,NA,0.93,pmc_full_text,False,NONE,"Reject: aptamer-siRNA chimera evidence is target-cell delivery, CD47 silencing, biodistribution and tumor efficacy; no sequence-dependent unintended off-target result.",codex_gpt-5.5_manual_agent,reject,ni_jie,C,"Reject: PMID 41402667; Reject: aptamer-siRNA chimera evidence is target-cell delivery, CD47 silencing, biodistribution and tumor efficacy; no sequence-dependent unintended off-target result."
125,offtarget_evidence,124,siRNA,40761479,PMC12318824,10.1002/mco2.70311,Nanoparticle-Delivered siRNA Targeting NSUN4 Relieves Systemic Lupus Erythematosus through Declining Mitophagy-Mediated CD8+T Cell Exhaustion.,transcriptome-level off-target effect,A,Results > Conjoint Analyses of scRNA‐seq and m5C‐seq Reveal the Crucial Role of NSUN4 in Regulating CD8+T Cell Exhaustion; FIGURE 6 caption,reject,NA,False,True,NA,0.95,pmc_full_text,False,NONE,"Reject: transcriptome/epitranscriptome data are disease mechanism and target discovery/readout for NSUN4 siRNA therapy, not transcriptome-wide oligo off-target analysis.",codex_gpt-5.5_manual_agent,reject,ni_jie,C,"Reject: PMID 40761479; Reject: transcriptome/epitranscriptome data are disease mechanism and target discovery/readout for NSUN4 siRNA therapy, not transcriptome-wide oligo off-target analysis."
126,offtarget_evidence,125,siRNA,40598231,PMC12210728,10.1186/s12951-025-03538-0,Targeting YTHDF2 with pH-responsive siRNA nanoparticles suppresses MYC m6A modification and restores antitumor immunity in hepatocellular carcinoma.,off-target evidence,C,Abstract; paragraph 1,reject,NA,False,True,NA,0.95,pmc_full_text,False,NONE,"Reject: pH-responsive siRNA nanoparticle evidence concerns delivery specificity, biodistribution risk, and antitumor efficacy; no observed unintended off-target effect.",codex_gpt-5.5_manual_agent,reject,ni_jie,C,"Reject: PMID 40598231; Reject: pH-responsive siRNA nanoparticle evidence concerns delivery specificity, biodistribution risk, and antitumor efficacy; no observed unintended off-target effect."
127,offtarget_evidence,126,siRNAs,39632755,PMC11704396,10.4062/biomolther.2024.071,"Design, Screening and Development of Asymmetric siRNAs Targeting the MYC Oncogene in Triple-Negative Breast Cancer.",hybridization/mismatch off-target effect,A,RESULTS > The knockdown efficacy of asiRNAs is similar to that of symmetric siRNAs; paragraph 36,reject,NA,False,True,NA,0.91,pmc_full_text,False,NONE,"Reject: MYC asiRNA work mainly uses design rules, BLAST, mismatch/scramble controls, and efficacy/toxicity readouts; it does not measure a concrete unintended hybridization/mismatch off-target transcript/effect.",codex_gpt-5.5_manual_agent,reject,ni_jie,C,"Reject: PMID 39632755; Reject: MYC asiRNA work mainly uses design rules, BLAST, mismatch/scramble controls, and efficacy/toxicity readouts; it does not measure a concrete unintended hybridization/mismatch off-target transcript/effect."
128,offtarget_evidence,127,silencing,41594586,PMC12839093,10.3390/biom16010045,Design of Anti-Tumor RNA Nanoparticles and Their Inhibitory Effect on Hep3B Liver Cancer.,off-target evidence,C,Abstract; paragraph 1,reject,NA,False,True,NA,0.94,pmc_full_text,False,NONE,"Reject: RNA nanoparticle study reports efficacy and absence of off-target toxicity, not observed unintended off-target gene/effect evidence.",codex_gpt-5.5_manual_agent,reject,ni_jie,C,"Reject: PMID 41594586; Reject: RNA nanoparticle study reports efficacy and absence of off-target toxicity, not observed unintended off-target gene/effect evidence."
129,offtarget_evidence,128,Since,41249187,PMC12623982,10.1038/s41467-025-65376-w,RAF inhibitors activate the integrated stress response by direct activation of GCN2.,off-target evidence,B,Abstract; paragraph 1,reject,NA,False,False,NA,0.98,pmc_full_text,False,NONE,"Reject: RAF inhibitor/small-molecule study; siRNA, if present, is a lab perturbation tool rather than therapeutic oligonucleotide off-target evidence.",codex_gpt-5.5_manual_agent,reject,ni_jie,C,"Reject: PMID 41249187; Reject: RAF inhibitor/small-molecule study; siRNA, if present, is a lab perturbation tool rather than therapeutic oligonucleotide off-target evidence."
130,offtarget_evidence,129,signal,41163094,PMC12570769,10.1186/s13293-025-00769-6,Genome-wide investigation of the dmrt gene family reveals new insight into the gonad development in Plectropomus leopardus: dmrt2a regulate the development of oocytes.,hybridization/mismatch off-target effect,C,Materials and methods > Dual-color fluorescence in situ hybridization; paragraph 18,reject,NA,False,False,NA,0.98,pmc_full_text,False,NONE,"Reject: fish gonad-development biology/FISH probe context, not therapeutic oligonucleotide; claimed mismatch evidence is probe/design specificity, not off-target therapeutic evidence.",codex_gpt-5.5_manual_agent,reject,ni_jie,C,"Reject: PMID 41163094; Reject: fish gonad-development biology/FISH probe context, not therapeutic oligonucleotide; claimed mismatch evidence is probe/design specificity, not off-target therapeutic evidence."
131,offtarget_evidence,130,siRNA,41048399,PMC12495950,10.7717/peerj.20123,Establishment and evaluation of a circAdpgk-0001 knockdown method using CRISPR-Cas13d RNA-targeting technology.,off-target evidence,B,PubMed abstract,reject,NA,False,False,NA,0.99,pmc_full_text,False,NONE,Reject: CRISPR-Cas13d circRNA knockdown method and circRNA biology tool are explicitly excluded; siRNA is comparator/lab tool.,codex_gpt-5.5_manual_agent,reject,ni_jie,C,Reject: PMID 41048399; Reject: CRISPR-Cas13d circRNA knockdown method and circRNA biology tool are explicitly excluded; siRNA is comparator/lab tool.
132,offtarget_evidence,131,signaling,41007385,PMC12466947,10.3390/biology14091241,Molecular and Functional Characterization of Neuropeptide F Receptor in Pomacea canaliculata: Roles in Feeding and Digestion and Communication with the Insulin Pathway.,off-target evidence,B,Abstract; paragraph 2,reject,NA,False,False,NA,0.99,pmc_full_text,False,NONE,Reject: dsRNA RNAi in Pomacea canaliculata pest/feeding biology is agricultural/invasive-species RNAi and explicitly out of scope.,codex_gpt-5.5_manual_agent,reject,ni_jie,C,Reject: PMID 41007385; Reject: dsRNA RNAi in Pomacea canaliculata pest/feeding biology is agricultural/invasive-species RNAi and explicitly out of scope.
133,offtarget_evidence,132,Cas6-CBS,41006213,PMC12475213,10.1038/s41467-025-63166-y,De novo design of hypercompact transcript degraders by engineering substrate-specific toxins and Cas6-CBS system.,transcriptome-level off-target effect,C,Results > Endogenous RNA degradation by STAR; paragraph 21,reject,transcriptome-level off-target effect,True,False,NA,0.99,pmc_full_text,False,NONE,"Reject: STAR is a Cas6-CBS/CRISPR-derived transcript degrader with AAV delivery/tool context, explicitly out of scope despite transcriptome-level off-target assessment.",codex_gpt-5.5_manual_agent,reject,ni_jie,C,"Reject: PMID 41006213; Reject: STAR is a Cas6-CBS/CRISPR-derived transcript degrader with AAV delivery/tool context, explicitly out of scope despite transcriptome-level off-target assessment."
134,offtarget_evidence,133,situ,40944974,PMC12496235,10.1016/j.tranon.2025.102526,Circ(-)0008536 inhibits doxorubicin resistance in triple-negative breast cancer via the miR-382-5p/GGNBP2 axis.,hybridization/mismatch off-target effect,B,Abstract; paragraph 2,reject,endogenous_rna_biology,False,False,NA,0.97,pmc_full_text,False,NONE,reject: endogenous circRNA/miRNA cancer-resistance biology with FISH/luciferase mechanistic assays; no therapeutic oligonucleotide off-target evidence,codex_gpt-5.5_manual_agent,reject,ni_jie,C,Reject: PMID 40944974; reject: endogenous circRNA/miRNA cancer-resistance biology with FISH/luciferase mechanistic assays; no therapeutic oligonucleotide off-target evidence
135,offtarget_evidence,134,siNTC,40928446,PMC12790151,10.1016/j.jacbts.2025.101364,Small Interfering RNA Therapy Targeting the Long Noncoding RNA SMILR for Therapeutic Intervention in Coronary Artery Bypass Graft Failure.,transcriptome-level off-target effect,A,Results > Transcriptomic analyses of BHF7-transfected vSMCs demonstrates expected changes to known SMILR regulated genes without apparent toxic effect; paragraph 43,accept,transcriptome-level off-target safety,True,True,A,0.88,pmc_full_text,True,"We further demonstrate using RNA-sequencing that BHF7 down-regulates the expression of genes associated with proliferation and does not induce the expression of interferon or apoptosis genes, suggesting it has a favorable safety profile, both on- and off-target.",Full-text RNA-seq of the therapeutic SMILR siRNA BHF7 measured transcriptome-level safety/off-target profile and reported no induction of interferon or apoptosis genes.,codex_gpt-5.5_manual_agent,accept,ni_jie,B,Grade adjusted A->B: PMID 40928446; pmc_full_text evidence was direct but less than full primary-detail confidence for transcriptome-level off-target effect.
136,offtarget_evidence,135,siRNA,40896585,PMC12396431,10.1016/j.omtn.2025.102644,RNAi delivery mediated by milk extracellular vesicles in colon cancer.,off-target evidence,B,Abstract; paragraph 1,reject,background_delivery,False,True,NA,0.92,pmc_full_text,False,NONE,reject: passage states general siRNA delivery limitations and target AURKA silencing; no primary observed unintended off-target result,codex_gpt-5.5_manual_agent,reject,ni_jie,C,Reject: PMID 40896585; reject: passage states general siRNA delivery limitations and target AURKA silencing; no primary observed unintended off-target result
137,offtarget_evidence,136,siRNA,40781069,PMC12334573,10.1038/s41467-025-61974-w,Epigenetic modulation with nanosatellite triggers tumoricidal immunity for hepatocellular carcinoma treatment.,hybridization/mismatch off-target effect,B,Abstract; paragraph 1,reject,delivery_efficacy,False,True,NA,0.91,pmc_full_text,False,NONE,reject: size-mismatched nanoparticles and YTHDF1 siRNA efficacy/immunotherapy readouts; mismatch does not refer to oligo hybridization and no observed off-target evidence,codex_gpt-5.5_manual_agent,reject,ni_jie,C,Reject: PMID 40781069; reject: size-mismatched nanoparticles and YTHDF1 siRNA efficacy/immunotherapy readouts; mismatch does not refer to oligo hybridization and no observed off-target evidence
138,offtarget_evidence,137,siRNAs,40762837,PMC12483557,10.1172/JCI187204,Inverted chimeric RNAi molecules synergistically cotarget MYC and KRAS in KRAS-driven cancers.,transcriptome-level off-target effect,A,Results > Inverted MYC/KRAS chimeras synergistically target KRAS mutant cancers.; paragraph 24,reject,efficacy,False,True,NA,0.90,pmc_full_text,False,NONE,"reject: inverted chimeric siRNAs are evaluated for KRAS/MYC target silencing and tumor efficacy; off-target silencing is only background context, not an observed result",codex_gpt-5.5_manual_agent,reject,ni_jie,C,"Reject: PMID 40762837; reject: inverted chimeric siRNAs are evaluated for KRAS/MYC target silencing and tumor efficacy; off-target silencing is only background context, not an observed result"
139,offtarget_evidence,138,situ,40661947,PMC12256258,10.3389/fimmu.2025.1613179,LncRNA NEAT1 promotes epithelial-mesenchymal transition in nasal polyp cells via the miR-199-3p/PAK4 axis.,hybridization/mismatch off-target effect,A,Results > NEAT1 is upregulated in nasal polyps and promotes EMT in nasal epithelial cells; paragraph 33,reject,lab_knockdown_tool,False,False,NA,0.96,pmc_full_text,False,NONE,reject: endogenous lncRNA NEAT1 biology using siRNA as a lab knockdown tool; no therapeutic oligonucleotide off-target evidence,codex_gpt-5.5_manual_agent,reject,ni_jie,C,Reject: PMID 40661947; reject: endogenous lncRNA NEAT1 biology using siRNA as a lab knockdown tool; no therapeutic oligonucleotide off-target evidence
140,offtarget_evidence,139,signaling,40330464,PMC12054253,10.3389/fimmu.2025.1568056,RBM39 shapes innate immunity by controlling the expression of key factors of the interferon response.,off-target evidence,A,Results > A genome-wide CRISPR/Cas9 Screen identifies novel factors contributing to TLR3 signaling; Figure 1 caption,reject,crispr_lab_validation,False,False,NA,0.98,pmc_full_text,False,NONE,reject: genome-wide CRISPR/Cas9 screen with siRNA validation for innate-immunity biology; CRISPR and lab knockdown context excluded,codex_gpt-5.5_manual_agent,reject,ni_jie,C,Reject: PMID 40330464; reject: genome-wide CRISPR/Cas9 screen with siRNA validation for innate-immunity biology; CRISPR and lab knockdown context excluded
141,offtarget_evidence,140,siRNA,40285599,PMC12289424manuscript-id: NIHMS2075502,10.1002/adma.202502055,Self-Assembled Multilayered Concentric Supraparticle Architecture.,off-target evidence,B,SAMS application: in vivo siRNA delivery in murine cancer models; paragraph 39,reject,delivery_efficacy,False,True,NA,0.93,pmc_full_text,False,NONE,reject: SAMS siRNA payload delivery and target knockdown efficacy; no observed unintended off-target effect,codex_gpt-5.5_manual_agent,reject,ni_jie,C,Reject: PMID 40285599; reject: SAMS siRNA payload delivery and target knockdown efficacy; no observed unintended off-target effect
142,offtarget_evidence,141,significantly,40234384,PMC12000408,10.1038/s41421-025-00784-2,Senescence-induced p21(high) macrophages contributed to CD8(+) T cells-related immune hyporesponsiveness in kidney transplantation via Zfp36/IL-27 axis.,hybridization/mismatch off-target effect,A,Results > Overexpression of Zfp36 in senescent macrophages promotes IL-27 p28 mRNA degradation and inhibits IL-27 signaling; paragraph 16,reject,lab_knockdown_tool,False,False,NA,0.96,pmc_full_text,False,NONE,reject: Zfp36 siRNA is a mechanistic lab knockdown in transplantation biology; no therapeutic oligonucleotide off-target evidence,codex_gpt-5.5_manual_agent,reject,ni_jie,C,Reject: PMID 40234384; reject: Zfp36 siRNA is a mechanistic lab knockdown in transplantation biology; no therapeutic oligonucleotide off-target evidence
143,offtarget_evidence,142,situ,40192175,PMC12144868,10.1002/anie.202500247,New Transferrin Receptor-Targeting Conjugate Effectively Delivers DNA to Mouse Brain.,hybridization/mismatch off-target effect,C,Abstract; paragraph 1,reject,pk_biodistribution,False,True,NA,0.94,pmc_full_text,False,NONE,reject: transferrin-receptor conjugate measures brain delivery/biodistribution and acute toxicity of DNA cargo; PK/biodistribution evidence is excluded,codex_gpt-5.5_manual_agent,reject,ni_jie,C,Reject: PMID 40192175; reject: transferrin-receptor conjugate measures brain delivery/biodistribution and acute toxicity of DNA cargo; PK/biodistribution evidence is excluded
144,offtarget_evidence,143,silencing,40142497,PMC11946339,10.3390/microorganisms13030604,In Vitro Transcribed Artificial Primary MicroRNA for the Inhibition of Hepatitis B Virus Gene Expression in Cultured Cells.,transcriptome-level off-target effect,B,Abstract; paragraph 1,accept,non-specific/off-target effect,True,True,A,0.90,pmc_full_text,True,Activation of the interferon response may cause non-specific inhibition of gene expression and could explain the observed non-specific effects of in vitro transcribed pri-miR-31 sequences.,Full-text reporter/RT-qPCR characterization of therapeutic artificial pri-miR-31 RNAs observed non-specific off-target effects via interferon-response stimulation.,codex_gpt-5.5_manual_agent,accept,ni_jie,A,
145,offtarget_evidence,144,situ,40073639,PMC11951013,10.1016/j.psj.2025.104993,Ovarian expression of functional MTTP and apoB for VLDL assembly and secretion in chickens.,hybridization/mismatch off-target effect,B,Abstract; paragraph 1,reject,nonhuman_physiology,False,False,NA,0.97,pmc_full_text,False,NONE,reject: chicken ovarian VLDL physiology and mipomersen used as a pharmacologic inhibitor; no therapeutic oligonucleotide off-target evidence,codex_gpt-5.5_manual_agent,reject,ni_jie,C,Reject: PMID 40073639; reject: chicken ovarian VLDL physiology and mipomersen used as a pharmacologic inhibitor; no therapeutic oligonucleotide off-target evidence
146,offtarget_evidence,145,situ,39900983,PMC11790876,10.1038/s41598-025-88840-5,MiR-25-3p regulates pulmonary arteriovenous malformation after Glenn procedure in patients with univentricular heart via the PHLPP2-HIF-1α axis.,transcriptome-level off-target effect,B,Abstract; paragraph 1,reject,endogenous_mirna_biology,False,False,NA,0.97,pmc_full_text,False,NONE,reject: endogenous miR-25-3p disease biology and siRNA/mimic cell tools; no therapeutic oligonucleotide off-target evidence,codex_gpt-5.5_manual_agent,reject,ni_jie,C,Reject: PMID 39900983; reject: endogenous miR-25-3p disease biology and siRNA/mimic cell tools; no therapeutic oligonucleotide off-target evidence
147,offtarget_evidence,146,significant,39472692,PMC11894169,10.1038/s41418-024-01406-2,METTL3 confers oxaliplatin resistance through the activation of G6PD-enhanced pentose phosphate pathway in hepatocellular carcinoma.,transcriptome-level off-target effect,B,Abstract; paragraph 1,reject,lab_screen_efficacy,False,False,NA,0.96,pmc_full_text,False,NONE,"reject: siRNA library screen identifies METTL3 as an oxaliplatin-resistance mediator; RNA-seq/metabolomics are on-target pathway analyses, not oligo off-target evidence",codex_gpt-5.5_manual_agent,reject,ni_jie,C,"Reject: PMID 39472692; reject: siRNA library screen identifies METTL3 as an oxaliplatin-resistance mediator; RNA-seq/metabolomics are on-target pathway analyses, not oligo off-target evidence"
148,offtarget_evidence,147,siRNA,40303332,PMC12036866,10.7150/thno.112023,Targeting endothelial MYC using siRNA or miR-218 nanoparticles sensitizes chemo- and immuno-therapies by recapitulating the Notch activation-induced tumor vessel normalization.,off-target evidence,C,Materials and Methods > Single cell RNA sequencing (scRNA-seq); paragraph 23,reject,efficacy,False,True,NA,0.93,pmc_full_text,False,NONE,"reject: endothelial MYC siRNA/miR-218 nanoparticles are assessed for vessel normalization and therapy sensitization; scRNA-seq is disease-state profiling, not off-target evidence",codex_gpt-5.5_manual_agent,reject,ni_jie,C,"Reject: PMID 40303332; reject: endothelial MYC siRNA/miR-218 nanoparticles are assessed for vessel normalization and therapy sensitization; scRNA-seq is disease-state profiling, not off-target evidence"
149,offtarget_evidence,148,Simply,40357997,PMC12120818,10.1021/acs.analchem.5c00581,Simply Designed and Universal DNA Nanohydrogel for Stimuli-Responsive NIR-II Fluorescence Imaging of Early-Stage Tumor.,hybridization/mismatch off-target effect,B,Abstract; paragraph 1,reject,dna_nanoprobe,False,False,NA,0.97,pmc_full_text,False,NONE,reject: DNA nanohydrogel imaging probe hybridization/design; no therapeutic oligonucleotide administered and no off-target effect evidence,codex_gpt-5.5_manual_agent,reject,ni_jie,C,Reject: PMID 40357997; reject: DNA nanohydrogel imaging probe hybridization/design; no therapeutic oligonucleotide administered and no off-target effect evidence
150,offtarget_evidence,149,situ,40244193,PMC11989915,10.3390/ijms26073361,Identification of Potential Roles of Cathepsin B-like in the Response to Alkali Treatment in Macrobrachium nipponense.,hybridization/mismatch off-target effect,B,Abstract; paragraph 1,reject,agricultural_rnai,False,False,NA,0.98,pmc_full_text,False,NONE,reject: prawn RNAi under alkali stress is agricultural/aquaculture biology and lab knockdown; scope exclusion applies,codex_gpt-5.5_manual_agent,reject,ni_jie,C,Reject: PMID 40244193; reject: prawn RNAi under alkali stress is agricultural/aquaculture biology and lab knockdown; scope exclusion applies
151,offtarget_evidence,150,similar,40171277,PMC11960632,10.1016/j.omtn.2025.102496,CAG-targeted brain-permeable therapy tested in biallelic humanized polyQ mouse models.,seed-mediated off-target effect,C,Results > Designing new shRNAs to target the CAG tract; paragraph 9,reject,shrna_aav,False,False,NA,0.99,pmc_full_text,False,NONE,reject: CAG-targeted AAV-delivered shRNA therapy; shRNA and viral gene-therapy vectors are excluded,codex_gpt-5.5_manual_agent,reject,ni_jie,C,Reject: PMID 40171277; reject: CAG-targeted AAV-delivered shRNA therapy; shRNA and viral gene-therapy vectors are excluded
152,offtarget_evidence,151,siRNA-mediated,39990870,PMC11842253,10.3389/fmolb.2025.1548582,Distinct roles of Constitutive Photomorphogenesis Protein 1 homolog (COP1) in human hepatocyte models.,transcriptome-level off-target effect,A,Results > Over-representation analyses of transcriptome changes following COP1 suppression in transformed and primary hepatocytes; paragraph 22,reject,lab_knockdown_tool,False,False,NA,0.95,pmc_full_text,False,NONE,"reject: COP1 siRNAs are cell-biology knockdown tools; microarray/transcriptome changes reflect COP1 suppression biology, not unintended oligo off-target effects",codex_gpt-5.5_manual_agent,reject,ni_jie,C,"Reject: PMID 39990870; reject: COP1 siRNAs are cell-biology knockdown tools; microarray/transcriptome changes reflect COP1 suppression biology, not unintended oligo off-target effects"
153,offtarget_evidence,152,significantly,39011883,PMC11347175,10.1093/nar/gkae624,mRNA-specific readthrough of nonsense codons by antisense oligonucleotides (R-ASOs).,hybridization/mismatch off-target effect,A,Results > Modified R-ASOs retain readthrough activity and reduce mRNA degradation; paragraph 39,reject,on_target_specificity,False,True,NA,0.91,pmc_full_text,False,NONE,"reject: R-ASO study evaluates target-specific nonsense readthrough and on-target specificity; off-target translation errors are background concern, not measured unintended oligo off-target evidence",codex_gpt-5.5_manual_agent,reject,ni_jie,C,"Reject: PMID 39011883; reject: R-ASO study evaluates target-specific nonsense readthrough and on-target specificity; off-target translation errors are background concern, not measured unintended oligo off-target evidence"
154,offtarget_evidence,153,simulations,39494149,PMC11530825,10.1016/j.omtn.2024.102351,Mechanistic insights into ASO-RNA complexation: Advancing antisense oligonucleotide design strategies.,hybridization/mismatch off-target effect,C,Abstract; paragraph 1,reject,computational_designonly,False,True,NA,0.98,pmc_full_text,False,NONE,reject: ASO-RNA complexation article uses molecular dynamics/design simulations; computational/design-only evidence is excluded,codex_gpt-5.5_manual_agent,reject,ni_jie,C,Reject: PMID 39494149; reject: ASO-RNA complexation article uses molecular dynamics/design simulations; computational/design-only evidence is excluded
155,offtarget_evidence,154,significance,39377066,PMC11456559,10.1016/j.omtn.2024.102250,Splice-switching antisense oligonucleotide controlling tumor suppressor REST is a novel therapeutic medicine for neuroendocrine cancer.,hybridization/mismatch off-target effect,C,Results > Screening of REST_SSO; paragraph 6,reject,efficacy_toxicity,False,True,NA,0.92,pmc_full_text,False,NONE,"reject: REST_SSO is tested for target splicing, tumor efficacy, and hepatotoxicity; no observed off-target hybridization or transcriptome result",codex_gpt-5.5_manual_agent,reject,ni_jie,C,"Reject: PMID 39377066; reject: REST_SSO is tested for target splicing, tumor efficacy, and hepatotoxicity; no observed off-target hybridization or transcriptome result"
156,offtarget_evidence,155,similarity,39126066,PMC11312655,10.3390/ijms25158495,Allele-Selective Thiomorpholino Antisense Oligonucleotides as a Therapeutic Approach for Fused-in-Sarcoma Amyotrophic Lateral Sclerosis.,transcriptome-level off-target effect,C,2. Results > 2.6. Hybridization-Dependent Off-Target Gene Knockdown; paragraph 26,accept,hybridization-dependent off-target gene knockdown,True,True,A,0.96,pmc_full_text,True,"The 5-8-5 AOs, however, led to more off-target gene knockdown for several of the genes tested.",Full-text FUS-ALS therapeutic AO study measured hybridization-dependent off-target gene knockdown by qPCR after AO transfection.,codex_gpt-5.5_manual_agent,accept,ni_jie,A,
157,offtarget_evidence,156,significant,38379891,PMC10878212,10.1177/26331055241233596,Synergistic Effect of an Antisense Oligonucleotide and Small Molecule on Splicing Correction of the Spinal Muscular Atrophy Gene.,transcriptome-level off-target effect,A,Results; paragraph 9,accept,transcriptome-level off-target effect,True,True,A,0.94,pmc_full_text,True,"To determine whether combination treatment exacerbates the off-target effects of the individual compounds, we performed RNA-Seq on transcripts isolated from cells treated with LoA + R and LoA + B (Figure 2A and B).",Full-text SMA Anti-N1 ASO study used RNA-Seq to quantify transcriptome-wide off-target effects for ASO/small-molecule treatments and combinations.,codex_gpt-5.5_manual_agent,accept,ni_jie,A,
158,offtarget_evidence,157,silencing,38214218,PMC10848253,10.1021/acs.molpharmaceut.3c00561,A Modular Albumin-Oligonucleotide Biomolecular Assembly for Delivery of Antisense Therapeutics.,hybridization/mismatch off-target effect,C,Results; Figure 7 caption,reject,delivery_pk,False,True,NA,0.94,pmc_full_text,False,NONE,"reject: albumin-ASO assembly is evaluated for release, trafficking, recycling, and ADAMTS5 target silencing; no observed off-target effect",codex_gpt-5.5_manual_agent,reject,ni_jie,C,"Reject: PMID 38214218; reject: albumin-ASO assembly is evaluated for release, trafficking, recycling, and ADAMTS5 target silencing; no observed off-target effect"
159,offtarget_evidence,158,siRNA,39321261,PMC11494384,10.1093/bioinformatics/btae577,OligoFormer: an accurate and robust prediction method for siRNA design.,seed-mediated off-target effect,A,3 Results > 3.5 OligoFormer with off-target searching for siRNA design; paragraph 31,reject,computational_designonly,False,True,NA,0.93,pmc_full_text,False,NONE,"reject: computational siRNA design/prediction pipeline; off-target effects are predicted/screened, not observed unintended effects",codex_gpt-5.5_manual_agent,reject,ni_jie,C,"Reject: PMID 39321261; reject: computational siRNA design/prediction pipeline; off-target effects are predicted/screened, not observed unintended effects"
160,offtarget_evidence,159,siRNA,39189114,PMC11564669,10.1089/nat.2024.0030,Near Sequence Homology Does Not Guarantee siRNA Cross-Species Efficacy.,hybridization/mismatch off-target effect,B,Abstract; paragraph 1,reject,on_target_cross_species_efficacy,False,True,NA,0.88,pmc_full_text,False,NONE,"reject: mismatch conversion assesses cross-species target knockdown potency/efficacy, not unintended off-target effects",codex_gpt-5.5_manual_agent,reject,ni_jie,C,"Reject: PMID 39189114; reject: mismatch conversion assesses cross-species target knockdown potency/efficacy, not unintended off-target effects"
161,offtarget_evidence,160,siRNA,39066234,PMC11281333,10.3390/v16071072,Inhibition of SARS-CoV-2 Replication by Self-Assembled siRNA Nanoparticles Targeting Multiple Highly Conserved Viral Sequences.,transcriptome-level off-target effect,C,3. Results > 3.1. Design and Verification of siRNAs Targeting Highly Conserved Regions of SARS-CoV-2; paragraph 17,reject,computational_designonly,False,True,NA,0.91,pmc_full_text,False,NONE,reject: SARS-CoV-2 siRNAs were screened for predicted off-target effects and tested for antiviral efficacy; no observed unintended off-target result,codex_gpt-5.5_manual_agent,reject,ni_jie,C,Reject: PMID 39066234; reject: SARS-CoV-2 siRNAs were screened for predicted off-target effects and tested for antiviral efficacy; no observed unintended off-target result
162,offtarget_evidence,161,sites,38521952,PMC10961001,10.1186/s13578-024-01206-8,Enhanced bacterial cancer therapy delivering therapeutic RNA interference of c-Myc.,off-target evidence,A,Results > Derivation and stability of recombinant S. typhimurium SL7207; paragraph 9,reject,excluded_shRNA_delivery_efficacy,False,False,NA,0.95,pmc_full_text,False,NONE,reject: bacterial shRNA/RNAi delivery platform and tumor efficacy; shRNA is excluded and no observed oligo off-target evidence,codex_gpt-5.5_manual_agent,reject,ni_jie,C,Reject: PMID 38521952; reject: bacterial shRNA/RNAi delivery platform and tumor efficacy; shRNA is excluded and no observed oligo off-target evidence
163,offtarget_evidence,162,siRNAs,38304729,PMC10831156,10.1016/j.omtn.2024.102117,Multispecies-targeting siRNAs for the modulation of JAK1 in the skin.,seed-mediated off-target effect,C,Results > Identification of multispecies-targeting siRNAs that efficiently silence JAK1 across various species; paragraph 8,reject,on_target_cross_species_efficacy,False,True,NA,0.90,pmc_full_text,False,NONE,"reject: multispecies JAK1 siRNAs are evaluated for target silencing/cross-reactive efficacy and design filtering, not observed unintended off-target effects",codex_gpt-5.5_manual_agent,reject,ni_jie,C,"Reject: PMID 38304729; reject: multispecies JAK1 siRNAs are evaluated for target silencing/cross-reactive efficacy and design filtering, not observed unintended off-target effects"
164,offtarget_evidence,163,silences,39697325,PMC11652358,10.3389/fimmu.2024.1501679,Self-delivering RNAi immunotherapeutic PH-762 silences PD-1 to generate local and abscopal antitumor efficacy.,transcriptome-level off-target effect,A,Results > PH-762 is a stabilized self-delivering siRNA compound designed to potently silence PDCD1 mRNA with high specificity; paragraph 10,accept,hybridization/mismatch off-target validation,True,True,B,0.90,pmc_full_text,True,"The in silico predictions were confirmed experimentally in CD3/CD28 bead-activated human pan T cells, where no off-target silencing GRAMD4 mRNA was observed, such that an IC50 for PH-762 toward GRAMD4 mRNA could not be determined",accept: therapeutic PH-762 siRNA had a predicted sequence-mediated off-target transcript experimentally tested in activated human T cells with no GRAMD4 off-target silencing observed,codex_gpt-5.5_manual_agent,accept,ni_jie,B,
165,offtarget_evidence,164,significant,38750585,PMC11094985,10.1186/s13293-024-00614-2,"Sex-specific impacts of prenatal bisphenol A exposure on genes associated with cortical development, social behaviors, and autism in the offspring's prefrontal cortex.",hybridization/mismatch off-target effect,C,Results > The effects of Sema5a suppression on male cortical development; paragraph 54,reject,excluded_lab_tool_or_non_oligo_biology,False,False,NA,0.96,pmc_full_text,False,NONE,reject: BPA transcriptomics and siRNA-mediated Sema5a knockdown as a lab tool; no therapeutic oligonucleotide off-target evidence,codex_gpt-5.5_manual_agent,reject,ni_jie,C,Reject: PMID 38750585; reject: BPA transcriptomics and siRNA-mediated Sema5a knockdown as a lab tool; no therapeutic oligonucleotide off-target evidence
166,offtarget_evidence,165,siRNA,38570783,PMC10988971,10.1186/s12958-024-01204-y,Map-1a regulates Sertoli cell BTB dynamics through the cytoskeletal organization of microtubule and F-actin.,off-target evidence,A,Results > Map1a knockdown (KD) by RNAi perturbs the Sertoli cell TJ barrier due to the disruptive distribution of TJ and basal ES proteins; paragraph 22,reject,excluded_lab_knockdown_tool,False,False,NA,0.95,pmc_full_text,False,NONE,"reject: siRNA is used as an RNAi knockdown tool in Sertoli-cell biology/toxicant injury models, not as therapeutic off-target evidence",codex_gpt-5.5_manual_agent,reject,ni_jie,C,"Reject: PMID 38570783; reject: siRNA is used as an RNAi knockdown tool in Sertoli-cell biology/toxicant injury models, not as therapeutic off-target evidence"
167,offtarget_evidence,166,significance,38402402,PMC10893712,10.1186/s12935-024-03233-4,Genome-wide CRISPR screen identifies ESPL1 limits the response of gastric cancer cells to apatinib.,off-target evidence,B,Abstract; paragraph 1,reject,excluded_CRISPR_or_small_molecule,False,False,NA,0.97,pmc_full_text,False,NONE,reject: CRISPR screen and apatinib small-molecule off-target biology; siRNA appears only as a lab knockdown reagent,codex_gpt-5.5_manual_agent,reject,ni_jie,C,Reject: PMID 38402402; reject: CRISPR screen and apatinib small-molecule off-target biology; siRNA appears only as a lab knockdown reagent
168,offtarget_evidence,167,signaling,38291540,PMC10829393,10.1186/s40164-023-00468-1,GPR68-ATF4 signaling is a novel prosurvival pathway in glioblastoma activated by acidic extracellular microenvironment.,hybridization/mismatch off-target effect,A,Results > Identification of a highly specific GPR68 inhibitor; paragraph 30,reject,excluded_small_molecule_or_lab_tool,False,False,NA,0.96,pmc_full_text,False,NONE,"reject: glioblastoma pathway study uses small-molecule GPR68 inhibitor plus siRNA/CRISPRi lab tools; off-target refers to lorazepam/GPR68, not oligo hybridization",codex_gpt-5.5_manual_agent,reject,ni_jie,C,"Reject: PMID 38291540; reject: glioblastoma pathway study uses small-molecule GPR68 inhibitor plus siRNA/CRISPRi lab tools; off-target refers to lorazepam/GPR68, not oligo hybridization"
169,offtarget_evidence,168,signatures,39719436,PMC11668898,10.1038/s41419-024-07316-y,Genomic and transcriptomic profiling of radioresistant prostate and head and neck cancers implicate a BAHD1-dependent modification of DNA damage at the heterochromatin.,transcriptome-level off-target effect,B,Abstract; paragraph 1,reject,excluded_non_oligo_transcriptomics,False,False,NA,0.96,pmc_full_text,False,NONE,"reject: cancer radioresistance genomic/transcriptomic profiling and BAHD1 knockdown tool; mismatch refers to DNA repair signatures, not oligo off-target effects",codex_gpt-5.5_manual_agent,reject,ni_jie,C,"Reject: PMID 39719436; reject: cancer radioresistance genomic/transcriptomic profiling and BAHD1 knockdown tool; mismatch refers to DNA repair signatures, not oligo off-target effects"
170,offtarget_evidence,169,siRNA,39611095,PMC11602746,10.3389/fmicb.2024.1432349,Virus-specific Dicer-substrate siRNA swarms inhibit SARS-CoV-2 infection in TMPRSS2-expressing Vero E6 cells.,off-target evidence,A,"3 Results > 3.4 Inhibition of the productive Fin-3 SARS-CoV-2 infection in VE6-T2 cells by the chimeric, 3′UTR, NSP1, NSP2, and NSP12 DsiRNA swarms; paragraph 29",reject,efficacy_or_background_risk,False,True,NA,0.90,pmc_full_text,False,NONE,"reject: Dicer-substrate siRNA swarms are tested for antiviral efficacy; off-target risk is discussed as background/rationale, not an observed unintended effect",codex_gpt-5.5_manual_agent,reject,ni_jie,C,"Reject: PMID 39611095; reject: Dicer-substrate siRNA swarms are tested for antiviral efficacy; off-target risk is discussed as background/rationale, not an observed unintended effect"
171,offtarget_evidence,170,siRNAs,39233852,PMC11372813,10.1016/j.omtn.2024.102291,Identification of selective and non-selective C9ORF72 targeting in vivo active siRNAs.,hybridization/mismatch off-target effect,A,Results > C9ORF72 repeat-containing and non-repeat-containing isoforms form nuclear clusters in astrocytes derived from C9-ALS/FTD mice; paragraph 23,reject,on_target_isoform_selectivity,False,True,NA,0.91,pmc_full_text,False,NONE,reject: C9ORF72 siRNAs are evaluated for selective/non-selective target transcript knockdown and disease modification; specificity was not assessed as unintended off-target evidence,codex_gpt-5.5_manual_agent,reject,ni_jie,C,Reject: PMID 39233852; reject: C9ORF72 siRNAs are evaluated for selective/non-selective target transcript knockdown and disease modification; specificity was not assessed as unintended off-target evidence
172,offtarget_evidence,171,siRNA,39088581,PMC11293687,10.1371/journal.pone.0308075,Potentiation of anti-angiogenic eNOS-siRNA transfection by ultrasound-mediated microbubble destruction in ex vivo rat aortic rings.,off-target evidence,C,Abstract; paragraph 1,reject,delivery_or_efficacy,False,True,NA,0.89,pmc_full_text,False,NONE,reject: eNOS-siRNA study measures delivery/transfection and anti-angiogenic target knockdown efficacy; off-target appears as general specificity rationale,codex_gpt-5.5_manual_agent,reject,ni_jie,C,Reject: PMID 39088581; reject: eNOS-siRNA study measures delivery/transfection and anti-angiogenic target knockdown efficacy; off-target appears as general specificity rationale
173,offtarget_evidence,172,similar,37834294,PMC10573891,10.3390/ijms241914846,Antiviral Efficacy of RNase H-Dependent Gapmer Antisense Oligonucleotides against Japanese Encephalitis Virus.,transcriptome-level off-target effect,A,2. Results > 2.6. In Silico Analysis of the Sequence-Dependent Off-Target Effects of LNA Gapmers; paragraph 17,reject,computational_designonly,False,True,NA,0.91,pmc_full_text,False,NONE,reject: LNA gapmer off-target assessment is database/in silico searching; mismatch experiments support sequence-dependent antiviral on-target mechanism,codex_gpt-5.5_manual_agent,reject,ni_jie,C,Reject: PMID 37834294; reject: LNA gapmer off-target assessment is database/in silico searching; mismatch experiments support sequence-dependent antiviral on-target mechanism
174,offtarget_evidence,173,silencing,36576986,PMC10066779,10.1089/nat.2022.0043,Time Is a Critical Factor When Evaluating Oligonucleotide Therapeutics in hERG Assays.,off-target evidence,B,Abstract; paragraph 1,reject,safety_assay_positive_control,False,True,NA,0.86,pmc_full_text,False,NONE,"reject: hERG assay uses anti-hERG siRNA as a time-dependent positive-control model for safety profiling, not observed unintended off-target evidence for a therapeutic oligo",codex_gpt-5.5_manual_agent,reject,ni_jie,C,"Reject: PMID 36576986; reject: hERG assay uses anti-hERG siRNA as a time-dependent positive-control model for safety profiling, not observed unintended off-target evidence for a therapeutic oligo"
175,offtarget_evidence,174,siRNA,38087193,PMC10718025,10.1186/s12879-023-08870-0,An ncRNA transcriptomics-based approach to design siRNA molecules against SARS-CoV-2 double membrane vesicle formation and accessory genes.,transcriptome-level off-target effect,C,Methods > Off-target minimization; paragraph 17,reject,computational_designonly,False,True,NA,0.95,pmc_full_text,False,NONE,reject: in silico siRNA design/validation pipeline; no administered or observed off-target result,codex_gpt-5.5_manual_agent,reject,ni_jie,C,Reject: PMID 38087193; reject: in silico siRNA design/validation pipeline; no administered or observed off-target result
176,offtarget_evidence,175,siRNA,37925520,PMC10625637,10.1038/s41467-023-42714-4,Rational design of a JAK1-selective siRNA inhibitor for the modulation of autoimmunity in the skin.,seed-mediated off-target effect,C,Results > Local administration of si3033 reduces skin infiltration of autoreactive CD8+ T cells and prevents skin depigmentation in a mouse model of vitiligo; paragraph 15,reject,on_target_specificity,False,True,NA,0.90,pmc_full_text,False,NONE,"reject: JAK1 siRNA selectivity against JAK family members measures intended target specificity/signaling efficacy, not unintended siRNA off-target evidence",codex_gpt-5.5_manual_agent,reject,ni_jie,C,"Reject: PMID 37925520; reject: JAK1 siRNA selectivity against JAK family members measures intended target specificity/signaling efficacy, not unintended siRNA off-target evidence"
177,offtarget_evidence,176,siRNA,37224533,PMC10325888,10.1093/nar/gkad415,Targeted tissue delivery of RNA therapeutics using antibody-oligonucleotide conjugates (AOCs).,hybridization/mismatch off-target effect,A,RESULTS > AOC-mediated activity is amenable to various types of oligonucleotide chemistry; Figure 6. caption,reject,delivery_pkpd_or_target_silencing,False,True,NA,0.89,pmc_full_text,False,NONE,"reject: antibody-oligonucleotide conjugate study reports tissue delivery, PK/PD, and target silencing controls, not observed off-target effects",codex_gpt-5.5_manual_agent,reject,ni_jie,C,"Reject: PMID 37224533; reject: antibody-oligonucleotide conjugate study reports tissue delivery, PK/PD, and target silencing controls, not observed off-target effects"
178,offtarget_evidence,177,siRNAs,37016578,PMC10188904,10.1016/j.ymthe.2023.03.036,Red blood cell extracellular vesicles deliver therapeutic siRNAs to skeletal muscles for treatment of cancer cachexia.,off-target evidence,A,Results > Intramuscular delivery of siRNAs using RBCEVs is non-toxic and non-inflammatory; paragraph 22,reject,delivery_safety_or_efficacy,False,True,NA,0.90,pmc_full_text,False,NONE,"reject: RBCEV siRNA delivery reports target inhibition, cachexia efficacy, and non-inflammatory safety; no observed unintended off-target result",codex_gpt-5.5_manual_agent,reject,ni_jie,C,"Reject: PMID 37016578; reject: RBCEV siRNA delivery reports target inhibition, cachexia efficacy, and non-inflammatory safety; no observed unintended off-target result"
179,offtarget_evidence,178,sink,36342214,PMC9806573,10.1093/plcell/koac317,Cucumber STACHYOSE SYNTHASE is regulated by its cis-antisense RNA asCsSTS to balance source-sink carbon partitioning.,hybridization/mismatch off-target effect,B,Abstract; paragraph 1,reject,excluded_endogenous_or_agricultural_RNA,False,False,NA,0.98,pmc_full_text,False,NONE,reject: endogenous plant cis-antisense RNA/RNAi biology is outside therapeutic oligonucleotide scope,codex_gpt-5.5_manual_agent,reject,ni_jie,C,Reject: PMID 36342214; reject: endogenous plant cis-antisense RNA/RNAi biology is outside therapeutic oligonucleotide scope
180,offtarget_evidence,179,siRNA,38095348,PMC9946312,10.1080/10717544.2023.2180112,Application of mPEG-CS-cRGD/Bmi-1RNAi-PTX nanoparticles in suppression of laryngeal cancer by targeting cancer stem cells.,off-target evidence,B,Abstract; paragraph 1,reject,delivery_or_efficacy,False,True,NA,0.88,pmc_full_text,False,NONE,"reject: Bmi-1 RNAi/PTX nanoparticle cancer-cell/tumor efficacy; off-target is a delivery rationale, not an observed unintended effect",codex_gpt-5.5_manual_agent,reject,ni_jie,C,"Reject: PMID 38095348; reject: Bmi-1 RNAi/PTX nanoparticle cancer-cell/tumor efficacy; off-target is a delivery rationale, not an observed unintended effect"
181,offtarget_evidence,180,significant,37901602,PMC10603763manuscript-id: NIHMS1930666,10.3389/freae.2023.1187980,Targeted RNAi screen identifies transcriptional mechanisms that prevent premature degeneration of adult photoreceptors.,off-target evidence,A,Results: > Photoreceptor-specific targeted RNAi screen reveals transcription elongation factors are necessary for age-dependent photoreceptor survival; paragraph 8,reject,excluded_RNAi_screen_lab_tool,False,False,NA,0.97,pmc_full_text,False,NONE,reject: Drosophila targeted RNAi screen uses RNAi as a lab knockdown tool; no therapeutic oligonucleotide off-target evidence,codex_gpt-5.5_manual_agent,reject,ni_jie,C,Reject: PMID 37901602; reject: Drosophila targeted RNAi screen uses RNAi as a lab knockdown tool; no therapeutic oligonucleotide off-target evidence
182,offtarget_evidence,181,situ,37745037,PMC10515118,10.3892/etm.2023.12186,lncRNA TINCR promotes the development of cervical cancer via the miRNA‑7/mTOR axis in vitro.,hybridization/mismatch off-target effect,B,Abstract; paragraph 1,reject,excluded_endogenous_lncRNA_miRNA_biology,False,False,NA,0.98,pmc_full_text,False,NONE,"reject: endogenous lncRNA/miRNA cervical-cancer biology; siRNA/ASO are transfection tools, outside therapeutic oligo scope",codex_gpt-5.5_manual_agent,reject,ni_jie,C,"Reject: PMID 37745037; reject: endogenous lncRNA/miRNA cervical-cancer biology; siRNA/ASO are transfection tools, outside therapeutic oligo scope"
183,offtarget_evidence,182,nusinersen,37724723,PMC10630883,10.15252/emmm.202317683,PRMT inhibitor promotes SMN2 exon 7 inclusion and synergizes with nusinersen to rescue SMA mice.,off-target evidence,B,PubMed abstract,reject,small_molecule_effect_or_efficacy,False,True,NA,0.88,pmc_full_text,False,NONE,"reject: nusinersen is in-scope but the reported minimal off-target transcriptomics concern MS023 PRMT-inhibitor treatment/synergy, not observed oligo off-target evidence",codex_gpt-5.5_manual_agent,reject,ni_jie,C,"Reject: PMID 37724723; reject: nusinersen is in-scope but the reported minimal off-target transcriptomics concern MS023 PRMT-inhibitor treatment/synergy, not observed oligo off-target evidence"
184,offtarget_evidence,183,silencing,37667354,PMC10476423,10.1186/s12943-023-01846-3,Identification of multidrug chemoresistant genes in head and neck squamous cell carcinoma cells.,off-target evidence,A,Results > Reversal of chemoresistance by siRNA gene silencing; paragraph 11,reject,none,False,False,F,0.98,pmc_full_text,False,NONE,"siRNA is used as a laboratory knockdown/rescue tool for chemoresistance, not a therapeutic oligo off-target result.",codex_gpt-5.5_manual_agent,reject,ni_jie,C,"Reject: PMID 37667354; siRNA is used as a laboratory knockdown/rescue tool for chemoresistance, not a therapeutic oligo off-target result."
185,offtarget_evidence,184,sites,37552050,PMC10409502,10.7554/eLife.84792,Precision RNAi using synthetic shRNAmir target sites.,seed-mediated off-target effect,A,Results; paragraph 3,reject,none,False,False,F,0.97,pmc_full_text,False,NONE,"ARTi shRNAmir is a loss-of-function target-validation tool; passage discusses engineered shRNA controls, not therapeutic oligo off-target evidence.",codex_gpt-5.5_manual_agent,reject,ni_jie,C,"Reject: PMID 37552050; ARTi shRNAmir is a loss-of-function target-validation tool; passage discusses engineered shRNA controls, not therapeutic oligo off-target evidence."
186,offtarget_evidence,185,silencing,37432453,PMC10517198,10.1093/plphys/kiad318,G-type receptor-like kinase AsNIP43 interacts with rhizobia effector nodulation outer protein P and is required for symbiosis.,off-target evidence,A,Results > AsNIP43 knockdown impaired rhizobial infection and nodulation while AsNIP43 overexpression increased nodule number; paragraph 24,reject,none,False,False,F,0.99,pmc_full_text,False,NONE,Plant/rhizobial symbiosis RNAi knockdown study; agricultural/plant biology and lab knockdown tool are out of scope.,codex_gpt-5.5_manual_agent,reject,ni_jie,C,Reject: PMID 37432453; Plant/rhizobial symbiosis RNAi knockdown study; agricultural/plant biology and lab knockdown tool are out of scope.
187,offtarget_evidence,186,signaling,37274069,PMC10237113,10.3748/wjg.v29.i18.2798,Calcitriol attenuates liver fibrosis through hepatitis C virus nonstructural protein 3-transactivated protein 1-mediated TGF 尾1/Smad3 and NF-魏B signaling pathways.,hybridization/mismatch off-target effect,C,PubMed abstract,reject,none,False,False,F,0.99,pmc_full_text,False,NONE,Calcitriol small-molecule liver fibrosis study with siRNA/plasmid mechanistic tools; no therapeutic oligo off-target evidence.,codex_gpt-5.5_manual_agent,reject,ni_jie,C,Reject: PMID 37274069; Calcitriol small-molecule liver fibrosis study with siRNA/plasmid mechanistic tools; no therapeutic oligo off-target evidence.
188,offtarget_evidence,187,signaling,37251692,PMC10220282,10.1016/j.omtn.2023.04.028,Modified ASO conjugates encapsulated with cytidinyl/cationic lipids exhibit more potent and longer-lasting anti-HCC effects.,hybridization/mismatch off-target effect,A,Results > Transcriptomics and proteomics analysis of modified CT102s; paragraph 23,accept,hybridization/mismatch off-target effect,True,True,A,0.93,pmc_full_text,True,"Also, they could interact with other mRNAs via imperfect matches (such as GAS2, POLA2, and LGALS2), thereby downregulating the expression of the related proteins and jointly inducing the apoptotic process of tumor cells (Table S4).",Therapeutic ASO CT102 derivatives were experimentally profiled and showed additional mRNA interactions via imperfect matches.,codex_gpt-5.5_manual_agent,accept,ni_jie,A,
189,offtarget_evidence,188,situ,36831000,PMC9953572,10.3390/biomedicines11020465,Micro Ribonucleic Acid-29a (miR-29a) Antagonist Normalizes Bone Metabolism in Osteogenesis Imperfecta (OI) Mice Model.,hybridization/mismatch off-target effect,B,Abstract; paragraph 1,reject,none,False,False,F,0.95,pmc_full_text,False,NONE,"miR-29a antagonist was delivered by lentiviral vector as proof-of-concept; passage reports efficacy/toxicity, not unintended off-target evidence.",codex_gpt-5.5_manual_agent,reject,ni_jie,C,"Reject: PMID 36831000; miR-29a antagonist was delivered by lentiviral vector as proof-of-concept; passage reports efficacy/toxicity, not unintended off-target evidence."
190,offtarget_evidence,189,signaling,36618268,PMC9813581,10.1016/j.omtn.2022.12.008,Chemically modified small interfering RNA targeting Hedgehog signaling pathway for rheumatoid arthritis therapy.,seed-mediated off-target effect,A,Results > Off-target effect analysis; paragraph 18,accept,transcriptome-level off-target effect,True,True,A,0.90,pmc_full_text,True,"As the RNA-seq results demonstrated, the off-target rate of si-S1A3-Chol was less than that of naked siRNA, which usually ranges from 5% to 80%.",Therapeutic chemically modified anti-SMO siRNA includes RNA-seq-based observed off-target-rate analysis.,codex_gpt-5.5_manual_agent,accept,ni_jie,A,
191,offtarget_evidence,190,siRNA,35917865,PMC10281028manuscript-id: NIHMS1882446,10.1016/j.jconrel.2022.07.041,Engineered ionizable lipid siRNA conjugates enhance endosomal escape but induce toxicity in vivo.,hybridization/mismatch off-target effect,A,Results > DLin-MC3-DMA conjugate enhances tissue retention and promotes broad distribution; paragraph 28,reject,none,False,True,F,0.96,pmc_full_text,False,NONE,"Passage is about siRNA conjugate endosomal escape, tissue distribution, efficacy, and toxicity; no observed unintended sequence off-target evidence.",codex_gpt-5.5_manual_agent,reject,ni_jie,C,"Reject: PMID 35917865; Passage is about siRNA conjugate endosomal escape, tissue distribution, efficacy, and toxicity; no observed unintended sequence off-target evidence."
192,offtarget_evidence,191,siRNA,35737426,PMC9516055,10.1093/toxsci/kfac067,"Preclinical Toxicological Assessment of A Novel siRNA, SLN360, Targeting Elevated Lipoprotein (a) in Cardiovascular Disease.",transcriptome-level off-target effect,C,RESULTS > SLN360 Specifically Downregulates LPA in Primary Hepatocytes; paragraph 28,reject,none,False,True,F,0.94,pmc_full_text,False,NONE,SLN360 passage reports no relevant off-target effects and design filtering; absence/design specificity is not observed unintended off-target evidence.,codex_gpt-5.5_manual_agent,reject,ni_jie,C,Reject: PMID 35737426; SLN360 passage reports no relevant off-target effects and design filtering; absence/design specificity is not observed unintended off-target evidence.
193,offtarget_evidence,192,sites,36511872,PMC9825156,10.1093/nar/gkac1108,G-rich motifs within phosphorothioate-based antisense oligonucleotides (ASOs) drive activation of FXN expression through indirect effects.,transcriptome-level off-target effect,A,RESULTS > Indirect FXN activation is unlikely to be mediated by a mutual hybridization-dependent off-target transcript; paragraph 49,accept,transcriptome-level off-target effect,True,True,A,0.94,pmc_full_text,True,"RNA sequencing analyses showed that the two ASOs induced similar transcriptome-wide changes, which did not resemble the transcriptome of wild-type cells.",Therapeutic ASO candidates showed transcriptome-wide indirect/off-target changes by RNA-seq.,codex_gpt-5.5_manual_agent,accept,ni_jie,C,Grade adjusted A->C: PMID 36511872; weak/generic or abstract-limited support for transcriptome-level off-target effect.
194,offtarget_evidence,193,significantly,35795486,PMC9240963,10.1016/j.omtn.2022.06.005,"PK-modifying anchors significantly alter clearance kinetics, tissue distribution, and efficacy of therapeutics siRNAs.",hybridization/mismatch off-target effect,A,Results > PK-modifying anchors allow efficient modulation of blood circulating times and biodistribution of chemically distinct siRNA conjugates; paragraph 15,reject,none,False,True,F,0.98,pmc_full_text,False,NONE,"Study evaluates PK-modifying anchors, clearance, tissue distribution, and efficacy; off-target claim is not supported.",codex_gpt-5.5_manual_agent,reject,ni_jie,C,"Reject: PMID 35795486; Study evaluates PK-modifying anchors, clearance, tissue distribution, and efficacy; off-target claim is not supported."
195,offtarget_evidence,194,significant,34743371,PMC8930565manuscript-id: NIHMS1754716,10.1002/hep.32233,"Melatonin receptor 1A, but not 1B, knockout decreases biliary damage and liver fibrosis during cholestatic liver injury.",hybridization/mismatch off-target effect,A,Results > Effects of MT1 and/or MT2 Vivo-Morpholino on liver phenotypes of BDL and Mdr2鈭?鈭?mice; paragraph 22,reject,none,False,False,F,0.96,pmc_full_text,False,NONE,"Vivo-Morpholino is used for target knockdown in a disease mechanism study; passage reports on-target phenotype, not unintended off-target evidence.",codex_gpt-5.5_manual_agent,reject,ni_jie,C,"Reject: PMID 34743371; Vivo-Morpholino is used for target knockdown in a disease mechanism study; passage reports on-target phenotype, not unintended off-target evidence."
196,offtarget_evidence,195,siRNA-Loaded,34683974,PMC8539450,10.3390/pharmaceutics13101681,Development of siRNA-Loaded Lipid Nanoparticles Targeting Long Non-Coding RNA LINC01257 as a Novel and Safe Therapeutic Approach for t(8;21) Pediatric Acute Myeloid Leukemia.,off-target evidence,A,3. Results > 3.6. LNP-si-LINC01257 Impairs Kasumi-1 Cell Proliferation without Affecting Healthy PBMCs; paragraph 29,reject,none,False,True,F,0.95,pmc_full_text,False,NONE,"Passage discusses leukemia-cell specificity and lack of healthy-cell toxicity, not experimentally observed siRNA off-target effects.",codex_gpt-5.5_manual_agent,reject,ni_jie,C,"Reject: PMID 34683974; Passage discusses leukemia-cell specificity and lack of healthy-cell toxicity, not experimentally observed siRNA off-target effects."
197,offtarget_evidence,196,siRNA,33738134,PMC7937577,10.1016/j.omtn.2021.02.007,Selective suppression of polyglutamine-expanded protein by lipid nanoparticle-delivered siRNA targeting CAG expansions in the mouse CNS.,hybridization/mismatch off-target effect,A,Results > Screening the optimal UNA position in CAG-siRNAs with a luciferase-ATXN3 reporter assay; paragraph 7,reject,none,False,True,F,0.93,pmc_full_text,False,NONE,CAG-siRNA passage concerns allele/on-target selectivity and toxicity risk from normal CAG silencing; no observed unintended off-target result is grounded.,codex_gpt-5.5_manual_agent,reject,ni_jie,C,Reject: PMID 33738134; CAG-siRNA passage concerns allele/on-target selectivity and toxicity risk from normal CAG silencing; no observed unintended off-target result is grounded.
198,offtarget_evidence,197,signaling,34712254,PMC8546108,10.3389/fpls.2021.726881,Long-Term Efficacy and Safety of RNAi-Mediated Virus Resistance in 'HoneySweet' Plum.,transcriptome-level off-target effect,C,Results > Potential for Animal Off-Targeting by 鈥楬oneySweet鈥?sRNA Species; paragraph 39,reject,none,False,False,F,0.99,pmc_full_text,False,NONE,RNAi-mediated virus resistance in plum is an agricultural crop study and explicitly out of scope.,codex_gpt-5.5_manual_agent,reject,ni_jie,C,Reject: PMID 34712254; RNAi-mediated virus resistance in plum is an agricultural crop study and explicitly out of scope.
199,offtarget_evidence,198,siRNA,34959463,PMC8703291,10.3390/pharmaceutics13122182,Non-Cationic RGD-Containing Protein Nanocarrier for Tumor-Targeted siRNA Delivery.,off-target evidence,A,3. Results > 3.5. Cellular Uptake and Subcellular Distribution of Dual-RGD Carrier; paragraph 26,reject,none,False,True,F,0.96,pmc_full_text,False,NONE,"Passage addresses tumor-targeted siRNA delivery and generic carrier off-target/toxicity concerns, not observed unintended sequence off-target evidence.",codex_gpt-5.5_manual_agent,reject,ni_jie,C,"Reject: PMID 34959463; Passage addresses tumor-targeted siRNA delivery and generic carrier off-target/toxicity concerns, not observed unintended sequence off-target evidence."
200,offtarget_evidence,199,siRNAs,34918046,PMC8677541,10.1093/brain/awab354,Therapeutic reversal of Huntington's disease by in vivo self-assembled siRNAs.,hybridization/mismatch off-target effect,A,Results > Tracking and visualization of the delivery of self-assembled mHTT siRNA into the cortex and striatum; Figure 3 caption,reject,none,False,False,F,0.96,pmc_full_text,False,NONE,"Self-assembled siRNA is expressed from a genetic circuit/plasmid delivery system; cited evidence is delivery/localization, not off-target.",codex_gpt-5.5_manual_agent,reject,ni_jie,C,"Reject: PMID 34918046; Self-assembled siRNA is expressed from a genetic circuit/plasmid delivery system; cited evidence is delivery/localization, not off-target."
201,offtarget_evidence,200,siRNAs,33577685,PMC7969009,10.1093/nar/gkab050,siRNAs containing 2'-fluorinated Northern-methanocarbacyclic (2'-F-NMC) nucleotides: in vitro and in vivo RNAi activity and inability of mitochondrial polymerases to incorporate 2'-F-NMC聽NTPs.,seed-mediated off-target effect,C,RESULTS AND DISCUSSION > On-target and off-target activities of siRNAs modified with 2鈥?F-NMC; paragraph 42,accept,seed-mediated off-target effect,True,True,A,0.91,pmc_full_text,True,The off-target activities of the parent duplex and the modified duplexes were similar (Figure 5B).,Therapeutic GalNAc siRNA chemistry study directly measured seed-complementary reporter off-target activity.,codex_gpt-5.5_manual_agent,accept,ni_jie,A,
202,offtarget_evidence,201,significantly,33068777,PMC7854280,10.1016/j.ymthe.2020.10.010,DUX4 Transcript Knockdown with Antisense 2'-O-Methoxyethyl Gapmers for the Treatment of Facioscapulohumeral Muscular Dystrophy.,transcriptome-level off-target effect,B,Abstract; paragraph 1,reject,none,False,True,F,0.88,pmc_full_text,False,NONE,"Therapeutic DUX4 gapmer passage reports minimal off-target activity, i.e. absence of observed unintended off-target evidence.",codex_gpt-5.5_manual_agent,reject,ni_jie,C,"Reject: PMID 33068777; Therapeutic DUX4 gapmer passage reports minimal off-target activity, i.e. absence of observed unintended off-target evidence."
203,offtarget_evidence,202,siRNAs,34172725,PMC8233311,10.1038/s41467-021-24191-9,A smart multiantenna gene theranostic system based on the programmed assembly of hypoxia-related siRNAs.,off-target evidence,B,Abstract; paragraph 1,reject,none,False,True,F,0.94,pmc_full_text,False,NONE,RNAi prodrug system is designed to eliminate non-specific off-target effects; passage does not ground observed unintended off-target evidence.,codex_gpt-5.5_manual_agent,reject,ni_jie,C,Reject: PMID 34172725; RNAi prodrug system is designed to eliminate non-specific off-target effects; passage does not ground observed unintended off-target evidence.
204,offtarget_evidence,203,silencing,34508350,PMC8501968,10.1093/nar/gkab724,Small circular interfering RNAs (sciRNAs) as a potent therapeutic platform for gene-silencing.,off-target evidence,B,Abstract; paragraph 1,reject,none,False,True,F,0.88,pmc_full_text,False,NONE,"sciRNA passage reports off-target effects were eliminated, which is absence/reduction rather than observed unintended off-target evidence.",codex_gpt-5.5_manual_agent,reject,ni_jie,C,"Reject: PMID 34508350; sciRNA passage reports off-target effects were eliminated, which is absence/reduction rather than observed unintended off-target evidence."
205,offtarget_evidence,204,significant,33742144,PMC8110762,10.1038/s41416-021-01297-x,Development of a rational strategy for integration of lactate dehydrogenase A suppression into therapeutic algorithms for head and neck cancer.,off-target evidence,B,PubMed abstract,reject,none,False,False,F,0.98,pmc_full_text,False,NONE,Doxycycline-inducible shRNA is a laboratory suppression tool in cancer models; no therapeutic oligo off-target result.,codex_gpt-5.5_manual_agent,reject,ni_jie,C,Reject: PMID 33742144; Doxycycline-inducible shRNA is a laboratory suppression tool in cancer models; no therapeutic oligo off-target result.
206,offtarget_evidence,205,siRNA,32127464,PMC8477605manuscript-id: NIHMS1567439,10.1158/1535-7163.MCT-19-0775,CDK9 Blockade Exploits Context-dependent Transcriptional Changes to Improve Activity and Limit Toxicity of Mithramycin for Ewing Sarcoma.,transcriptome-level off-target effect,A,Results > CDK9 Inhibition Leads to a Synergistic Loss of Ewing Sarcoma Cell Viability When Combined with Mithramycin; paragraph 18,reject,none,False,False,F,0.99,pmc_full_text,False,NONE,Off-target toxicity belongs to small-molecule mithramycin; siRNA appears only as a screening tool.,codex_gpt-5.5_manual_agent,reject,ni_jie,C,Reject: PMID 32127464; Off-target toxicity belongs to small-molecule mithramycin; siRNA appears only as a screening tool.
207,offtarget_evidence,206,Since,32180554,PMC7036698,10.1016/j.molmet.2020.01.010,Antisense oligonucleotide treatment produces a type I interferon response that protects against diet-induced obesity.,off-target evidence,A,Results > ASOs targeting human mRNAs can also induce a type I IFN response in cultured THP1 cells; paragraph 31,accept,transcriptome-level off-target effect,True,True,A,0.97,pmc_full_text,True,"RNA-seq analysis of gWAT showed a widespread increase in type I interferon (IFN)-responsive genes, and knockout of the IFN receptor abolished the weight loss phenotype induced by the T39 ASO.",Therapeutic ASO treatment produced an experimentally observed off-target type I IFN response supported by RNA-seq and knockout validation.,codex_gpt-5.5_manual_agent,accept,ni_jie,A,
208,offtarget_evidence,207,silencing,32153567,PMC7046807,10.3389/fimmu.2020.00201,Key Components of the Complement Lectin Pathway Are Not Only Required for the Development of Inflammatory Arthritis but Also Regulate the Transcription of Factor D.,off-target evidence,A,Results > Liver-Targeted RNAi With GalNac-MASP-2 Duplex Robustly Silences C4b Deposition by the LP; paragraph 35,reject,none,False,True,F,0.94,pmc_full_text,False,NONE,"GalNAc-siRNA passage reports specific silencing and no significant off-target effect, not observed unintended off-target evidence.",codex_gpt-5.5_manual_agent,reject,ni_jie,C,"Reject: PMID 32153567; GalNAc-siRNA passage reports specific silencing and no significant off-target effect, not observed unintended off-target evidence."
209,offtarget_evidence,208,siRNAs,32990754,PMC7544225,10.1093/nar/gkaa750,"Synthesis, chirality-dependent conformational and biological properties of siRNAs containing 5'-(R)- and 5'-(S)-C-methyl-guanosine.",off-target evidence,B,Abstract; paragraph 1,reject,NA,False,True,NA,0.94,pmc_full_text,False,NONE,Reject: passage only gives a general background claim that chemical modifications can reduce siRNA off-target effects; no primary measured unintended off-target result for the studied siRNAs.,codex_gpt-5.5_manual_agent,reject,ni_jie,C,Reject: PMID 32990754; Reject: passage only gives a general background claim that chemical modifications can reduce siRNA off-target effects; no primary measured unintended off-target result for the studied siRNAs.
210,offtarget_evidence,209,nusinersen,33060681,PMC7562719,10.1038/s41598-020-74346-9,Discovery of a CNS penetrant small molecule SMN2 splicing modulator with improved tolerability for spinal muscular atrophy.,off-target evidence,B,Abstract; paragraph 1,reject,NA,False,False,NA,0.99,pmc_full_text,False,NONE,"Reject: source passage concerns small-molecule SMN2 splicing modulators and their secondary splice targets, not therapeutic oligonucleotide off-target evidence; nusinersen is background only.",codex_gpt-5.5_manual_agent,reject,ni_jie,C,"Reject: PMID 33060681; Reject: source passage concerns small-molecule SMN2 splicing modulators and their secondary splice targets, not therapeutic oligonucleotide off-target evidence; nusinersen is background only."
211,offtarget_evidence,210,Sirius,32142732,PMC7237830,10.1016/j.ajpath.2020.01.013,Amelioration of Large Bile Duct Damage by Histamine-2 Receptor Vivo-Morpholino Treatment.,hybridization/mismatch off-target effect,B,Abstract; paragraph 1,reject,NA,False,True,NA,0.95,pmc_full_text,False,NONE,"Reject: H2HR vivo-morpholino is administered in a disease model, but the passage uses mismatch morpholino as a control and reports liver/biliary outcomes, not unintended off-target evidence.",codex_gpt-5.5_manual_agent,reject,ni_jie,C,"Reject: PMID 32142732; Reject: H2HR vivo-morpholino is administered in a disease model, but the passage uses mismatch morpholino as a control and reports liver/biliary outcomes, not unintended off-target evidence."
212,offtarget_evidence,211,unspecified CpG oligodeoxynucleotide,30622178,PMC6347720,10.1073/pnas.1813376116,Mesyl phosphoramidate antisense oligonucleotides as an alternative to phosphorothioates with improved biochemical and biological properties.,hybridization/mismatch off-target effect,A,Results > Hybridization Properties of µ-ODNs Targeting miR-21.; paragraph 11,reject,NA,False,True,NA,0.92,pmc_full_text,False,NONE,"Reject: mesyl phosphoramidate anti-miR-21 data address target affinity, specificity, RNase H activity, toxicity, and antitumor phenotypes; no concrete unintended off-target transcript/effect is measured.",codex_gpt-5.5_manual_agent,reject,ni_jie,C,"Reject: PMID 30622178; Reject: mesyl phosphoramidate anti-miR-21 data address target affinity, specificity, RNase H activity, toxicity, and antitumor phenotypes; no concrete unintended off-target transcript/effect is measured."
213,offtarget_evidence,212,siRNA,30940496,PMC6546539manuscript-id: NIHMS1526829,10.1016/j.jconrel.2019.03.028,"The valency of fatty acid conjugates impacts siRNA pharmacokinetics, distribution, and efficacy in vivo.",hybridization/mismatch off-target effect,A,Results > Impact of fatty acid conjugate valency on siRNA tissue distribution profile.; paragraph 20,reject,NA,False,True,NA,0.98,pmc_full_text,False,NONE,"Reject: evidence is siRNA pharmacokinetics, tissue distribution, and productive target silencing; PK/biodistribution and tissue accumulation are explicitly excluded from off-target curation.",codex_gpt-5.5_manual_agent,reject,ni_jie,C,"Reject: PMID 30940496; Reject: evidence is siRNA pharmacokinetics, tissue distribution, and productive target silencing; PK/biodistribution and tissue accumulation are explicitly excluded from off-target curation."
214,offtarget_evidence,213,siRNA,30544191,PMC6379722,10.1093/nar/gky1239,Diverse lipid conjugates for functional extra-hepatic siRNA delivery in vivo.,hybridization/mismatch off-target effect,A,RESULTS > Cy3 dye has no major impact on tissue distribution profile of lipid-conjugated siRNA; paragraph 25,reject,NA,False,True,NA,0.98,pmc_full_text,False,NONE,"Reject: lipid-conjugated siRNA study measures extrahepatic delivery, tissue distribution, and target knockdown; no observed unintended sequence-dependent off-target effect.",codex_gpt-5.5_manual_agent,reject,ni_jie,C,"Reject: PMID 30544191; Reject: lipid-conjugated siRNA study measures extrahepatic delivery, tissue distribution, and target knockdown; no observed unintended sequence-dependent off-target effect."
215,offtarget_evidence,214,siRNA-mediated,30097810,PMC6510885,10.1007/s10456-018-9638-1,CMTM4 regulates angiogenesis by promoting cell surface recycling of VE-cadherin to endothelial adherens junctions.,transcriptome-level off-target effect,A,Results > CMTM4 expression is essential for vascular growth in an in vitro 3D angiogenesis assay; paragraph 23,reject,NA,False,False,NA,0.98,pmc_full_text,False,NONE,"Reject: CMTM4/CMTM3 siRNAs are laboratory knockdown tools in angiogenesis biology, not therapeutic oligos; transcriptome text is target discovery, not siRNA off-target analysis.",codex_gpt-5.5_manual_agent,reject,ni_jie,C,"Reject: PMID 30097810; Reject: CMTM4/CMTM3 siRNAs are laboratory knockdown tools in angiogenesis biology, not therapeutic oligos; transcriptome text is target discovery, not siRNA off-target analysis."
216,offtarget_evidence,215,siRNAs,30112821,PMC7548314manuscript-id: NIHMS1627470,10.1002/anie.201809056,Customizable Lipid Nanoparticle Materials for the Delivery of siRNAs and mRNAs.,off-target evidence,B,article body; paragraph 2,reject,NA,False,True,NA,0.94,pmc_full_text,False,NONE,"Reject: LNP study evaluates delivery potency and reporter knockdown/toxicity; off-target is only a general delivery challenge, not a measured unintended off-target result.",codex_gpt-5.5_manual_agent,reject,ni_jie,C,"Reject: PMID 30112821; Reject: LNP study evaluates delivery potency and reporter knockdown/toxicity; off-target is only a general delivery challenge, not a measured unintended off-target result."
217,offtarget_evidence,216,significantly,30114557,PMC6092551,10.1016/j.omtn.2018.07.010,Splice-Modulating Oligonucleotide QR-110 Restores CEP290 mRNA and Function in Human c.2991+1655A>G LCA10 Models.,transcriptome-level off-target effect,A,"Results > QR-110 Treatment Reduces Aberrant Splicing, Increases Wild-Type CEP290 in Homozygous Retinal Organoids, and Shows No Off-Target Pharmacology; paragraph 15",accept,transcriptome-level off-target effect,True,True,A,0.96,pmc_full_text,True,"We also performed RNA-sequencing (RNA-seq) to complement this sequence homology-based study with an unbiased approach and identify other potential hybridization-dependent off-targets. Transcriptome analysis was performed to assess the hybridization-dependent off-target effects using two untreated and two 1 μM QR-110-treated LCA10 retinal organoids. This dose was selected because it was effective at suppressing exon X (Figure 3), suggesting effective hybridization and blocking activity, but it did not significantly increase CEP290 26-27 mRNA (Figure 3F). Therefore, increased levels of CEP290 mRNA, such as those observed at higher concentrations of QR-110, which could have wider, downstream “on-target” effects, would not confound the identification of genuine “off-target” effects. Using a 2-fold change as a cutoff, 44 differentially expressed genes were identified, but none has complementarity to QR-110 (Table S8). This number of differential genes in QR-110-treated organoids is similar to transcriptome changes observed for other antisense oligonucleotides and small-molecule drugs.27 Importantly, none of the seven downregulated genes have been associated with retinal dysfunction. In combination with the selected gene analyses, these data suggest QR-110 does not have any major off-target activity.",Accept: QR-110 is an in-scope splice-modulating ASO; full-text retinal organoid RNA-seq measured hybridization-dependent off-target effects and found no major QR-110 off-target activity.,codex_gpt-5.5_manual_agent,accept,ni_jie,A,
218,offtarget_evidence,217,Single,28123102,PMC5414856,10.1093/toxsci/kfx025,From the Cover: The Minipig is a Suitable Non-Rodent Model in the Safety Assessment of Single Stranded Oligonucleotides.,hybridization/mismatch off-target effect,A,RESULTS > Gross and Anatomic Pathology; paragraph 42,reject,NA,False,True,NA,0.94,pmc_full_text,False,NONE,"Reject: minipig SSO safety paper reports general toxicology, target organ findings, and absence of new off-target toxicities; no observed sequence-dependent transcript/gene off-target evidence.",codex_gpt-5.5_manual_agent,reject,ni_jie,C,"Reject: PMID 28123102; Reject: minipig SSO safety paper reports general toxicology, target organ findings, and absence of new off-target toxicities; no observed sequence-dependent transcript/gene off-target evidence."
219,offtarget_evidence,218,sites,28062574,PMC5336155,10.1074/jbc.M116.751685,Loss of N-Acetylgalactosaminyltransferase-4 Orchestrates Oncogenic MicroRNA-9 in Hepatocellular Carcinoma.,hybridization/mismatch off-target effect,B,Abstract; paragraph 1,reject,NA,False,False,NA,0.99,pmc_full_text,False,NONE,Reject: endogenous miR-9/GALNT4 hepatocellular carcinoma biology and prognostic signature; no therapeutic oligo under study and no oligo off-target evidence.,codex_gpt-5.5_manual_agent,reject,ni_jie,C,Reject: PMID 28062574; Reject: endogenous miR-9/GALNT4 hepatocellular carcinoma biology and prognostic signature; no therapeutic oligo under study and no oligo off-target evidence.
220,offtarget_evidence,219,significant,27461380,PMC4961955,10.1038/srep30377,Ribonuclease H1-dependent hepatotoxicity caused by locked nucleic acid-modified gapmer antisense oligonucleotides.,transcriptome-level off-target effect,A,Results > Off-target knockdown by the Acsl1 gapmer; paragraph 15,accept,hybridization/mismatch off-target effect,True,True,A,0.99,pmc_full_text,True,"Microarray analysis revealed that several pre-mRNAs containing a sequence similar to the gapmer target were also knocked down. These results suggest that hepatotoxicity of LNA gapmer is caused by RNAseH1 activity, presumably because of off-target cleavage of RNAs inside nuclei.","Accept: LNA gapmer ASO is in scope; microarray showed unintended knockdown of sequence-similar pre-mRNAs, supporting RNase H1-dependent mismatch/hybridization off-target cleavage.",codex_gpt-5.5_manual_agent,accept,ni_jie,A,
221,offtarget_evidence,220,situ,27327137,PMC5022129,10.1038/mtna.2016.36,Pharmacokinetics and Pharmacodynamics of a 13-mer LNA-inhibitor-miR-221 in Mice and Non-human Primates.,hybridization/mismatch off-target effect,A,Results > LNA-i-miR-221 is detectable in xenografted tumors and mouse organs by in situ hybridization; paragraph 5,reject,NA,False,True,NA,0.97,pmc_full_text,False,NONE,"Reject: LNA-i-miR-221 passage concerns PK/PD, tissue uptake by in situ hybridization, biodistribution, target upregulation, and toxicity; not unintended off-target evidence.",codex_gpt-5.5_manual_agent,reject,ni_jie,C,"Reject: PMID 27327137; Reject: LNA-i-miR-221 passage concerns PK/PD, tissue uptake by in situ hybridization, biodistribution, target upregulation, and toxicity; not unintended off-target evidence."
222,offtarget_evidence,221,significantly,27378237,PMC5023379,10.1038/mt.2016.111,Morpholino-mediated Knockdown of DUX4 Toward Facioscapulohumeral Muscular Dystrophy Therapeutics.,transcriptome-level off-target effect,A,Results; paragraph 9,accept,transcriptome-level off-target effect,True,True,A,0.95,pmc_full_text,True,"RNA-seq analysis of FM10 myotube cultures from the two unaffected first-degree relatives provides another view of off-target effects, unclouded by DUX4 target genes, as unaffected cells express little if any DUX4-fl. For these cells, only three genes differed significantly between FM10 and the control PMO (P-value < 10–4), and this is roughly what one expects by chance when testing ~37,000 genes for differential expression, even if the null hypotheses of equal expression are all true (Figure 2c). No genes had P-value < 10−5 or false discovery rate < 0.72. Thus we observed no clear off-target effects of FM10 based on these samples.",Accept: FM10 PMO is an in-scope therapeutic antisense candidate; RNA-seq directly assessed transcriptome-level off-target effects in treated myotubes.,codex_gpt-5.5_manual_agent,accept,ni_jie,A,
223,offtarget_evidence,222,silencing,25453815,PMC4263527,10.1016/j.bmcl.2014.10.045,Oligonucleotides conjugated with short chemically defined polyethylene glycol chains are efficient antisense agents.,hybridization/mismatch off-target effect,B,Abstract; paragraph 1,reject,NA,False,True,NA,0.91,pmc_full_text,False,NONE,Reject: PEG-conjugated oligonucleotide work measures antisense potency/reporter activity and toxicity; no observed unintended off-target transcript/effect.,codex_gpt-5.5_manual_agent,reject,ni_jie,C,Reject: PMID 25453815; Reject: PEG-conjugated oligonucleotide work measures antisense potency/reporter activity and toxicity; no observed unintended off-target transcript/effect.
224,offtarget_evidence,223,Single,23982190,PMC3759741,10.1038/mtna.2013.46,Improved Performance of Anti-miRNA Oligonucleotides Using a Novel Non-Nucleotide Modifier.,hybridization/mismatch off-target effect,A,Results > AMO specificity; paragraph 33,reject,NA,False,True,NA,0.91,pmc_full_text,False,NONE,"Reject: ZEN anti-miRNA study tests potency and intentional mismatch discrimination in reporter assays; this is design/specificity optimization, not an observed unintended off-target effect.",codex_gpt-5.5_manual_agent,reject,ni_jie,C,"Reject: PMID 23982190; Reject: ZEN anti-miRNA study tests potency and intentional mismatch discrimination in reporter assays; this is design/specificity optimization, not an observed unintended off-target effect."
225,offtarget_evidence,224,single-strand,22615794,PMC3351460,10.1371/journal.pone.0036697,Stable gene targeting in human cells using single-strand oligonucleotides with modified bases.,hybridization/mismatch off-target effect,A,Results > Mismatch-specific EGFP Correction; Figure 1 caption,reject,NA,False,False,NA,0.99,pmc_full_text,False,NONE,"Reject: single-strand oligonucleotides are used for genome targeting/gene editing in cells, not therapeutic oligo administration; RNA-seq concerns cellular immunity/toxicity after gene targeting.",codex_gpt-5.5_manual_agent,reject,ni_jie,C,"Reject: PMID 22615794; Reject: single-strand oligonucleotides are used for genome targeting/gene editing in cells, not therapeutic oligo administration; RNA-seq concerns cellular immunity/toxicity after gene targeting."
226,offtarget_evidence,225,single-stranded,41863245,,10.2174/0115665232388456251203140240,"Challenges in the Stability, Safety, and Efficacy of Antisense Oligonucleotide Therapeutics.",off-target evidence,B,PubMed abstract,reject,NA,False,False,NA,0.98,pubmed_abstract,False,NONE,Reject: review article/abstract summarizing ASO challenges; no primary observed administered/measured off-target result.,codex_gpt-5.5_manual_agent,reject,ni_jie,C,Reject: PMID 41863245; Reject: review article/abstract summarizing ASO challenges; no primary observed administered/measured off-target result.
227,offtarget_evidence,226,situ,41711123,,10.1177/21593337261417504,"Investigating the Biophysical Properties and In Vivo Activity of 7',5'-Alpha-Bicyclo-DNA Phosphodiester Backbone Gapmer Antisense Oligonucleotides.",hybridization/mismatch off-target effect,B,PubMed abstract sentence 5,abstain,none,False,False,NA,0.0,none,False,NONE,no source passage available; abstain required by Task A contract,codex_no_source_abstain_rule,reject,ni_jie,C,Reject: PMID 41711123; no source passage or abstract wording gives a dependable offtarget call for situ.
228,offtarget_evidence,227,significantly,42102394,,10.1158/2767-9764.CRC-25-0511,Novel Mechanism of and Therapeutic Approach for Anthracycline-Induced Cardiotoxicity (AIC).,off-target evidence,B,PubMed abstract,reject,NA,False,False,NA,0.99,pubmed_abstract,False,NONE,"Reject: off-target inhibition is caused by anthracycline small-molecule chemotherapy; TOP2B ASO is a proposed protective intervention, not the source of off-target evidence.",codex_gpt-5.5_manual_agent,reject,ni_jie,C,"Reject: PMID 42102394; Reject: off-target inhibition is caused by anthracycline small-molecule chemotherapy; TOP2B ASO is a proposed protective intervention, not the source of off-target evidence."
229,offtarget_evidence,228,siRNA,41708903,,10.1007/s13346-026-02076-y,Comparative analysis of clinically approved lipid nanoparticles for intranasal siRNA delivery against SARS-CoV-2.,off-target evidence,B,PubMed abstract,accept,off-target evidence,True,True,B,0.93,pubmed_abstract,True,"However, the MC3-based LNP-siRNA (MC3 LNP-siRNA) treatment elicited the least off-target immune activation, with no induction of interferon stimulated genes. Additionally, the MC3 LNP-siRNA remained effective when administered 24 h post-infection, significantly reducing viral RNA levels in vitro. Chemical modification of siRNA with 2'‑O‑methyl incorporation further attenuated immune activation, without compromising efficacy.",Accept: antiviral therapeutic siRNA/LNP treatment is in scope; the abstract reports experimentally measured off-target immune activation/ISG induction and attenuation by siRNA chemical modification.,codex_gpt-5.5_manual_agent,accept,ni_jie,B,
230,offtarget_evidence,229,signatures,42085538,,10.1172/JCI196753,Protein phosphatase 2A regulates senescence and immunogenicity in medulloblastoma models.,off-target evidence,B,PubMed abstract,reject,NA,False,True,NA,0.97,pubmed_abstract,False,NONE,Reject: siRNA platform is used as an alternative to a small-molecule PP2A inhibitor with off-target effects; no siRNA unintended off-target result is reported.,codex_gpt-5.5_manual_agent,reject,ni_jie,C,Reject: PMID 42085538; Reject: siRNA platform is used as an alternative to a small-molecule PP2A inhibitor with off-target effects; no siRNA unintended off-target result is reported.
231,offtarget_evidence,230,siRNA,42097228,,10.1016/j.jconrel.2026.114973,In vivo genetic circuit drives systemic PARP1 siRNA assembly into small extracellular vesicles for BRCA2-deficient breast cancer therapy.,off-target evidence,B,PubMed abstract,abstain,none,False,False,NA,0.0,none,False,NONE,no source passage available; abstain required by Task A contract,codex_no_source_abstain_rule,reject,ni_jie,C,Reject: PMID 42097228 abstract/title reviewed; no clear in-scope off-target evidence endpoint is grounded for siRNA.
232,offtarget_evidence,231,patisiran,42036903,,10.1097/CM9.0000000000004061,"Therapeutic siRNA: Mechanisms, challenges, strategies, and clinical translation.",off-target evidence,B,PubMed abstract,abstain,none,False,False,NA,0.0,none,False,NONE,no source passage available; abstain required by Task A contract,codex_no_source_abstain_rule,reject,ni_jie,C,Reject: PMID 42036903; no source passage or abstract wording gives a dependable offtarget call for patisiran.
233,offtarget_evidence,232,siRNAs,41612090,,10.1208/s12248-026-01209-y,Industry Practices in Oligonucleotide Tissue Biodistribution Assessment: An IQ consortium Cross-Industry Survey of Current Approaches and Emerging Trends.,hybridization/mismatch off-target effect,C,PubMed abstract,abstain,none,False,False,NA,0.0,none,False,NONE,no source passage available; abstain required by Task A contract,codex_no_source_abstain_rule,reject,ni_jie,C,Reject: PMID 41612090; siRNAs remains unsupported for hybridization/mismatch off-target effect after abstract-level review of 'Industry Practices in Oligonucleotide Tissue Biodistribution Assessment: An IQ consortium Cros?'.
234,offtarget_evidence,233,unspecified ASO,41919735,,10.1021/acsabm.5c02525,Alpha-Tocopherol-Conjugated DNA Tetrahedron with Enhanced Cellular Uptake and Cytotoxicity for Cancer Therapeutics.,off-target evidence,C,PubMed abstract,reject,NA,False,False,NA,0.97,pubmed_abstract,False,NONE,"Reject: DNA tetrahedron carries alpha-tocopherol for cancer cytotoxicity; off-target refers to poor drug specificity/chemotherapy delivery, not therapeutic antisense/siRNA off-target evidence.",codex_gpt-5.5_manual_agent,reject,ni_jie,C,"Reject: PMID 41919735; Reject: DNA tetrahedron carries alpha-tocopherol for cancer cytotoxicity; off-target refers to poor drug specificity/chemotherapy delivery, not therapeutic antisense/siRNA off-target evidence."
235,offtarget_evidence,234,siRNA-Loaded,41832714,,10.2174/0113816128410562251204115232,Advances in siRNA-Loaded Nanocarriers: Harnessing Cutting-Edge Technologies for Precision Cancer Treatment.,off-target evidence,B,PubMed abstract,abstain,none,False,False,NA,0.0,none,False,NONE,no source passage available; abstain required by Task A contract,codex_no_source_abstain_rule,reject,ni_jie,C,Reject: PMID 41832714; no source passage or abstract wording gives a dependable offtarget call for siRNA-Loaded.
236,offtarget_evidence,235,site-specific,41437666,,10.1002/anie.202524814,A Photoelectrocatalytic Platform for Sequence-Unrestricted Modification of Oligonucleotide Backbones.,hybridization/mismatch off-target effect,B,PubMed abstract,abstain,none,False,False,NA,0.0,none,False,NONE,no source passage available; abstain required by Task A contract,codex_no_source_abstain_rule,reject,ni_jie,C,Reject: PMID 41437666; no source passage or abstract wording gives a dependable offtarget call for site-specific.
237,offtarget_evidence,236,YBX1,42154661,,10.1152/ajpheart.00135.2026,Myocardial YBX1 is dispensable for cardiac development and function.,transcriptome-level off-target effect,B,PubMed abstract,abstain,none,False,False,NA,0.0,none,False,NONE,no source passage available; abstain required by Task A contract,codex_no_source_abstain_rule,reject,ni_jie,C,Reject: PMID 42154661; 'Myocardial YBX1 is dispensable for cardiac development and function.' does not provide a sufficiently specific administered-oligo offtarget endpoint for YBX1.
238,offtarget_evidence,237,situ,42119979,,10.1016/j.jbc.2026.113139,TIP60 acts as a wound-induced factor essential for efficient regeneration in planaria.,transcriptome-level off-target effect,C,PubMed abstract,abstain,none,False,False,NA,0.0,none,False,NONE,no source passage available; abstain required by Task A contract,codex_no_source_abstain_rule,reject,ni_jie,C,Reject: PMID 42119979; available abstract is not enough to curate transcriptome-level off-target effect for situ as a verified offtarget record.
239,offtarget_evidence,238,significant,42118205,,10.1007/s43630-026-00910-3,Formation and cellular uptake of Bleomycin saccharide decorated molecular spherical nucleic acids evaluated by time-resolved fluorescence spectroscopy.,hybridization/mismatch off-target effect,C,PubMed abstract,abstain,none,False,False,NA,0.0,none,False,NONE,no source passage available; abstain required by Task A contract,codex_no_source_abstain_rule,reject,ni_jie,C,Reject: PMID 42118205; 'Formation and cellular uptake of Bleomycin saccharide decorated molecular spherical nucleic ac?' does not provide a sufficiently specific administered-oligo offtarget endpoint for significant.
240,offtarget_evidence,239,Since,42105839,,10.1016/j.brainres.2026.150375,Type-1 thyrotropin-releasing hormone receptor in the nucleus accumbens participates in the anorectic effect of the stimulation of central nucleus of the amygdala.,hybridization/mismatch off-target effect,C,PubMed abstract,abstain,none,False,False,NA,0.0,none,False,NONE,no source passage available; abstain required by Task A contract,codex_no_source_abstain_rule,reject,ni_jie,C,Reject: PMID 42105839; no source passage or abstract wording gives a dependable offtarget call for Since.
241,offtarget_evidence,240,significant,42090086,,10.1007/s12672-026-04384-8,Exosomal circVANGL1 promotes cisplatin resistance in osteosarcoma cells by regulating the miR-145-5p/E2F3 axis.,hybridization/mismatch off-target effect,C,PubMed abstract,abstain,none,False,False,NA,0.0,none,False,NONE,no source passage available; abstain required by Task A contract,codex_no_source_abstain_rule,reject,ni_jie,C,Reject: PMID 42090086; 'Exosomal circVANGL1 promotes cisplatin resistance in osteosarcoma cells by regulating the miR-?' does not provide a sufficiently specific administered-oligo offtarget endpoint for significant.
242,offtarget_evidence,241,significantly,42061632,,10.1016/j.fsi.2026.111384,Identification of the inhibitors of apoptosis proteins (IAPs) gene family in Portunus trituberculatus and its immune defense under Vibrio parahaemolyticus stress.,hybridization/mismatch off-target effect,C,PubMed abstract,abstain,none,False,False,NA,0.0,none,False,NONE,no source passage available; abstain required by Task A contract,codex_no_source_abstain_rule,reject,ni_jie,C,Reject: PMID 42061632; significantly remains unsupported for hybridization/mismatch off-target effect after abstract-level review of 'Identification of the inhibitors of apoptosis proteins (IAPs) gene family in Portunus trituber?'.
243,offtarget_evidence,242,siRNA,41962054,,10.1158/2326-6066.CIR-25-1073,DDR1 Promotes Immune Evasion in Colorectal Cancer by Orchestrating IL-33-Mediated M2-like Polarization of Tumor-Associated Macrophages.,hybridization/mismatch off-target effect,B,PubMed abstract,abstain,none,False,False,NA,0.0,none,False,NONE,no source passage available; abstain required by Task A contract,codex_no_source_abstain_rule,reject,ni_jie,C,Reject: PMID 41962054; siRNA remains unsupported for hybridization/mismatch off-target effect after abstract-level review of 'DDR1 Promotes Immune Evasion in Colorectal Cancer by Orchestrating IL-33-Mediated M2-like Pola?'.
244,offtarget_evidence,243,single,41838744,,10.3791/69788,Lumbar Intrathecal Injection of SOD1-ASOs for Precise CNS Targeting and Predictive Efficacy in Human SOD1-G93A ALS Mice.,off-target evidence,B,PubMed abstract,abstain,none,False,False,NA,0.0,none,False,NONE,no source passage available; abstain required by Task A contract,codex_no_source_abstain_rule,reject,ni_jie,C,Reject: PMID 41838744; available abstract is not enough to curate off-target evidence for single as a verified offtarget record.
245,offtarget_evidence,244,silica,41783937,,10.1039/d5tb02754c,Ionizable mesoporous silica nanoparticle-mediated siAURKB delivery for colorectal cancer therapy.,off-target evidence,B,PubMed abstract,reject,NA,False,True,NA,0.96,pubmed_abstract,False,NONE,"Reject: siAURKB nanocarrier study reports delivery, target silencing, tumor inhibition, and biocompatibility; off-target toxicity is background about conventional therapy only.",codex_gpt-5.5_manual_agent,reject,ni_jie,C,"Reject: PMID 41783937; Reject: siAURKB nanocarrier study reports delivery, target silencing, tumor inhibition, and biocompatibility; off-target toxicity is background about conventional therapy only."
246,offtarget_evidence,245,signature,41747415,,10.1016/j.compbiolchem.2026.108981,Prognostic signature and immune microenvironment characterization in colorectal cancer based on interleukin-related genes.,hybridization/mismatch off-target effect,B,PubMed abstract,reject,NA,False,False,NA,0.99,pubmed_abstract,False,NONE,"Reject: colorectal cancer prognostic signature and IL20RB siRNA lab knockdown assays; mismatch refers dMMR/MSI status, not oligo hybridization off-target.",codex_gpt-5.5_manual_agent,reject,ni_jie,C,"Reject: PMID 41747415; Reject: colorectal cancer prognostic signature and IL20RB siRNA lab knockdown assays; mismatch refers dMMR/MSI status, not oligo hybridization off-target."
247,offtarget_evidence,246,situ,41605397,,10.1016/j.ijbiomac.2026.150532,Molecular mechanisms of melanin-mediated shell pigmentation in Mytilus coruscus: Functional characterization of Tyr family genes and regulatory pathways.,transcriptome-level off-target effect,C,PubMed abstract,abstain,none,False,False,NA,0.0,none,False,NONE,no source passage available; abstain required by Task A contract,codex_no_source_abstain_rule,reject,ni_jie,C,Reject: PMID 41605397; available abstract is not enough to curate transcriptome-level off-target effect for situ as a verified offtarget record.
248,offtarget_evidence,247,siRNA,41468644,,10.1016/j.bbrc.2025.153176,"Leveraging genomic conservation in emerging SARS-CoV-2 variants for precision diagnostics, vaccines, and RNAi therapeutics.",transcriptome-level off-target effect,B,PubMed abstract,abstain,none,False,False,NA,0.0,none,False,NONE,no source passage available; abstain required by Task A contract,codex_no_source_abstain_rule,reject,ni_jie,C,Reject: PMID 41468644; no source passage or abstract wording gives a dependable offtarget call for siRNA.
249,offtarget_evidence,248,simultaneously,41344487,,10.1016/j.jconrel.2025.114493,Immunological conversion of triple-negative breast cancer by engineered extracellular vesicle-mediated pyroptosis.,off-target evidence,B,PubMed abstract,abstain,none,False,False,NA,0.0,none,False,NONE,no source passage available; abstain required by Task A contract,codex_no_source_abstain_rule,reject,ni_jie,C,Reject: PMID 41344487; simultaneously remains unsupported for off-target evidence after abstract-level review of 'Immunological conversion of triple-negative breast cancer by engineered extracellular vesicle-?'.
250,offtarget_evidence,249,situ,41297216,,10.1016/j.theriogenology.2025.117772,circKANSL1 promotes immature porcine Sertoli cell growth via recruiting the Vimentin to enhance its parental gene KANSL1 expression.,transcriptome-level off-target effect,C,PubMed abstract,abstain,none,False,False,NA,0.0,none,False,NONE,no source passage available; abstain required by Task A contract,codex_no_source_abstain_rule,reject,ni_jie,C,"Reject: PMID 41297216; the abstained record was checked at abstract level, but transcriptome-level off-target effect is still not directly recoverable for situ."
251,offtarget_evidence,250,unspecified CpG oligodeoxynucleotide,41221596,,10.1039/d5mh01849h,Development of a whole cell vaccine to activate dendritic cells using polyvalent CpG.,hybridization/mismatch off-target effect,C,PubMed abstract sentence 2,abstain,none,False,False,NA,0.0,none,False,NONE,no source passage available; abstain required by Task A contract,codex_no_source_abstain_rule,reject,ni_jie,C,Reject: PMID 41221596; unspecified CpG oligodeoxynucleotide remains unsupported for hybridization/mismatch off-target effect after abstract-level review of 'Development of a whole cell vaccine to activate dendritic cells using polyvalent CpG.'.
252,offtarget_evidence,251,single,41167182,,10.1515/cclm-2025-0824,A robust ddPCR assay for the absolute quantification of miR-192-5p in hepatocellular carcinoma liquid biopsies.,hybridization/mismatch off-target effect,B,PubMed abstract,abstain,none,False,False,NA,0.0,none,False,NONE,no source passage available; abstain required by Task A contract,codex_no_source_abstain_rule,reject,ni_jie,C,Reject: PMID 41167182; no source passage or abstract wording gives a dependable offtarget call for single.
253,offtarget_evidence,252,signaling,36786145,,10.2174/1871520623666230214093122,Targeting SHP2 Reverses BRAF Inhibitor Tolerance in Anaplastic Thyroid Carcinoma.,off-target evidence,B,PubMed abstract,abstain,none,False,False,NA,0.0,none,False,NONE,no source passage available; abstain required by Task A contract,codex_no_source_abstain_rule,reject,ni_jie,C,Reject: PMID 36786145; signaling remains unsupported for off-target evidence after abstract-level review of 'Targeting SHP2 Reverses BRAF Inhibitor Tolerance in Anaplastic Thyroid Carcinoma.'.
254,offtarget_evidence,253,signaling,41545031,,10.1152/ajprenal.00336.2025,Loss of transcription factor ATOH8 activates TGF-β signaling and exacerbates glomerulosclerosis in podocytes.,transcriptome-level off-target effect,C,PubMed abstract,abstain,none,False,False,NA,0.0,none,False,NONE,no source passage available; abstain required by Task A contract,codex_no_source_abstain_rule,reject,ni_jie,C,Reject: PMID 41545031; no source passage or abstract wording gives a dependable offtarget call for signaling.
255,offtarget_evidence,254,silencing,40946728,,10.1016/j.jconrel.2025.114233,Ultraviolet-tyrosinase cascade caged antisense oligonucleotide for precise treatment of hyperpigmentation.,off-target evidence,B,PubMed abstract,abstain,none,False,False,NA,0.0,none,False,NONE,no source passage available; abstain required by Task A contract,codex_no_source_abstain_rule,reject,ni_jie,C,Reject: PMID 40946728; no source passage or abstract wording gives a dependable offtarget call for silencing.
256,offtarget_evidence,255,situ,40699429,,10.1007/978-1-0716-4726-4_12,Design and Evaluation of a Truncated Protein Induction Strategy by Antisense Oligonucleotide-Mediated Exon Skipping.,off-target evidence,B,PubMed abstract,abstain,none,False,False,NA,0.0,none,False,NONE,no source passage available; abstain required by Task A contract,codex_no_source_abstain_rule,reject,ni_jie,C,Reject: PMID 40699429; available abstract is not enough to curate off-target evidence for situ as a verified offtarget record.
257,offtarget_evidence,256,size,40540297,,10.1021/jacs.5c04234,Structurally Dynamic Polyplexes Enhance Sentinel Lymph Node Delivery of Antisense Oligonucleotides to Inhibit Breast Cancer Recurrence and Metastasis.,off-target evidence,C,PubMed abstract sentence 4,reject,NA,False,True,NA,0.99,pubmed_abstract,False,NONE,"Reject: TGF-beta1 ASO polyplex evidence is sentinel lymph node delivery and reduced off-target organ distribution, which is PK/biodistribution and explicitly excluded.",codex_gpt-5.5_manual_agent,reject,ni_jie,C,"Reject: PMID 40540297; Reject: TGF-beta1 ASO polyplex evidence is sentinel lymph node delivery and reduced off-target organ distribution, which is PK/biodistribution and explicitly excluded."
258,offtarget_evidence,257,after ASO,39937881,,10.1126/scitranslmed.adn4600,Antisense oligonucleotide-mediated MSH3 suppression reduces somatic CAG repeat expansion in Huntington's disease iPSC-derived striatal neurons.,transcriptome-level off-target effect,B,PubMed abstract,abstain,none,False,False,NA,0.0,none,False,NONE,no source passage available; abstain required by Task A contract,codex_no_source_abstain_rule,reject,ni_jie,C,"Reject: PMID 39937881; the abstained record was checked at abstract level, but transcriptome-level off-target effect is still not directly recoverable for after ASO."
259,offtarget_evidence,258,site,39882764,,10.1177/01926233241311277,Characterizing Antisense Oligonucleotide-Induced Histopathology Findings in Spinal Cord of Mauritius Cynomolgus Monkeys by Molecular Localization Investigation.,hybridization/mismatch off-target effect,B,PubMed abstract,abstain,none,False,False,NA,0.0,none,False,NONE,no source passage available; abstain required by Task A contract,codex_no_source_abstain_rule,reject,ni_jie,C,"Reject: PMID 39882764; the abstained record was checked at abstract level, but hybridization/mismatch off-target effect is still not directly recoverable for site."
260,offtarget_evidence,259,simulations,40912822,,10.1016/j.carbpol.2025.124049,"Novel antibacterial, antioxidant, and anti-inflammatory aminated chitosan hybrid quinoline Schiff base as multi-target agent: Design, molecular docking, and toxicity assessment.",hybridization/mismatch off-target effect,C,PubMed abstract,reject,small molecule/chitosan non-oligo,False,False,NA,0.99,pubmed_abstract,False,NONE,"Passage concerns an aminated chitosan quinoline Schiff base, docking simulations, antibacterial activity, and toxicity prediction; it is not a therapeutic oligonucleotide off-target result.",codex_gpt-5.5_manual_agent,reject,ni_jie,C,"Reject: PMID 40912822; Passage concerns an aminated chitosan quinoline Schiff base, docking simulations, antibacterial activity, and toxicity prediction; it is not a therapeutic oligonucleotide off-target result."
261,offtarget_evidence,260,side,40960849,,10.1021/acs.jmedchem.5c01893,Targeted Delivery of Oligonucleotide-Peptide Conjugates for Enhanced Kidney-Specific Therapy.,off-target evidence,B,PubMed abstract,reject,"PK/biodistribution targeting, not off-target evidence",False,True,NA,0.92,pubmed_abstract,False,NONE,"Passage describes kidney-targeting peptide conjugation, biodistribution, and intended HIF-1alpha repression; off-target interactions are background rationale, not observed unintended oligo off-target evidence.",codex_gpt-5.5_manual_agent,reject,ni_jie,C,"Reject: PMID 40960849; Passage describes kidney-targeting peptide conjugation, biodistribution, and intended HIF-1alpha repression; off-target interactions are background rationale, not observed unintended oligo off-target evidence."
262,offtarget_evidence,261,siRNA,39631700,,10.1016/j.jconrel.2024.11.073,Corosolic acid derivative-based lipid nanoparticles for efficient RNA delivery.,off-target evidence,B,PubMed abstract,reject,carrier biodistribution/off-target transfection,False,False,NA,0.93,pubmed_abstract,False,NONE,"Passage evaluates LNP delivery and undesired hepatic transfection/retention, including mRNA delivery; it does not show seed-, mismatch-, or transcriptome-level unintended off-target effects of a therapeutic oligo.",codex_gpt-5.5_manual_agent,reject,ni_jie,C,"Reject: PMID 39631700; Passage evaluates LNP delivery and undesired hepatic transfection/retention, including mRNA delivery; it does not show seed-, mismatch-, or transcriptome-level unintended off-target effects of a therapeutic oligo."
263,offtarget_evidence,262,significance,41340590,,10.33594/000000833,Identifying Circ-RNF216 as a Regulator of Renal Tubular Epithelial Cell Proliferation Via the TGF-Β1/Smad3-Mediated Pathway in Chronic Kidney Disease.,transcriptome-level off-target effect,C,PubMed abstract,reject,endogenous circRNA biology/lab knockdown,False,False,NA,0.98,pubmed_abstract,False,NONE,"Passage studies endogenous circ-RNF216 biology using shRNA knockdown and RNA sequencing; this is disease-mechanism biology, not therapeutic oligo off-target evidence.",codex_gpt-5.5_manual_agent,reject,ni_jie,C,"Reject: PMID 41340590; Passage studies endogenous circ-RNF216 biology using shRNA knockdown and RNA sequencing; this is disease-mechanism biology, not therapeutic oligo off-target evidence."
264,offtarget_evidence,263,signaling-particularly,41398520,,10.1007/s13346-025-02020-6,Adenosine and guanosine-based oligonucleotides-loaded PLGA nanoparticles attenuates progression of surgically induced osteoarthritis.,off-target evidence,C,PubMed abstract,abstain,none,False,False,NA,0.0,none,False,NONE,no source passage available; abstain required by Task A contract,codex_no_source_abstain_rule,reject,ni_jie,C,Reject: PMID 41398520; available abstract is not enough to curate off-target evidence for signaling-particularly as a verified offtarget record.
265,offtarget_evidence,264,siRNA-treated,40482891,,10.1016/j.antiviral.2025.106210,Residual viral expression in siRNA-treated HBV-replicating cell and mouse models.,hybridization/mismatch off-target effect,B,PubMed abstract,abstain,none,False,False,NA,0.0,none,False,NONE,no source passage available; abstain required by Task A contract,codex_no_source_abstain_rule,reject,ni_jie,C,Reject: PMID 40482891 abstract/title reviewed; no clear in-scope hybridization/mismatch off-target effect endpoint is grounded for siRNA-treated.
266,offtarget_evidence,265,siRNA,40163299,,10.1007/978-1-0716-4418-8_5,A Robust siRNA Screening Approach with Optimized Conditions for Large-Scale Transfection in Multiple Human Cancer Cell Lines.,off-target evidence,B,PubMed abstract,abstain,none,False,False,NA,0.0,none,False,NONE,no source passage available; abstain required by Task A contract,codex_no_source_abstain_rule,reject,ni_jie,C,Reject: PMID 40163299; siRNA remains unsupported for off-target evidence after abstract-level review of 'A Robust siRNA Screening Approach with Optimized Conditions for Large-Scale Transfection in Mu?'.
267,offtarget_evidence,266,siRNA,40024424,,10.1016/j.actbio.2025.02.061,Neutrophil-like cell membrane-coated metal-organic frameworks for siRNA delivery targeting NOX4 to alleviate oxidative stress in acute ischemic injury.,off-target evidence,B,PubMed abstract,abstain,none,False,False,NA,0.0,none,False,NONE,no source passage available; abstain required by Task A contract,codex_no_source_abstain_rule,reject,ni_jie,C,Reject: PMID 40024424; no source passage or abstract wording gives a dependable offtarget call for siRNA.
268,offtarget_evidence,267,siRNA,39798472,,10.1016/j.intimp.2024.113980,"Advancing siRNA Therapeutics targeting MCT-4: A Multifaceted approach integrating Arithmetical Designing, Screening, and molecular dynamics validation.",off-target evidence,C,PubMed abstract,abstain,none,False,False,NA,0.0,none,False,NONE,no source passage available; abstain required by Task A contract,codex_no_source_abstain_rule,reject,ni_jie,C,"Reject: PMID 39798472; the abstained record was checked at abstract level, but off-target evidence is still not directly recoverable for siRNA."
269,offtarget_evidence,268,significant,41249096,,10.1021/acsinfecdis.5c00721,In Vivo MicroRNA-Based Inhibition of Experimental Cestode Infection.,hybridization/mismatch off-target effect,C,PubMed abstract,abstain,none,False,False,NA,0.0,none,False,NONE,no source passage available; abstain required by Task A contract,codex_no_source_abstain_rule,reject,ni_jie,C,Reject: PMID 41249096 abstract/title reviewed; no clear in-scope hybridization/mismatch off-target effect endpoint is grounded for significant.
270,offtarget_evidence,269,silencing,41094015,,10.1038/s41551-025-01515-4,Staple oligomers induce a stable RNA G-quadruplex structure for protein translation inhibition in therapeutics.,off-target evidence,B,PubMed abstract,abstain,none,False,False,NA,0.0,none,False,NONE,no source passage available; abstain required by Task A contract,codex_no_source_abstain_rule,reject,ni_jie,C,Reject: PMID 41094015; 'Staple oligomers induce a stable RNA G-quadruplex structure for protein translation inhibition?' does not provide a sufficiently specific administered-oligo offtarget endpoint for silencing.
271,offtarget_evidence,270,siRNAs,41093250,,10.1016/j.slasd.2025.100283,Comparative analysis of antibody-mediated loss-of-function versus gene knock-out and knock-down.,transcriptome-level off-target effect,B,PubMed abstract,abstain,none,False,False,NA,0.0,none,False,NONE,no source passage available; abstain required by Task A contract,codex_no_source_abstain_rule,reject,ni_jie,C,Reject: PMID 41093250; 'Comparative analysis of antibody-mediated loss-of-function versus gene knock-out and knock-dow?' does not provide a sufficiently specific administered-oligo offtarget endpoint for siRNAs.
272,offtarget_evidence,271,situ,40840014,,10.1016/j.cancergen.2025.08.005,High YEATS4 expression characterizes MDM2-amplified liposarcoma.,hybridization/mismatch off-target effect,C,PubMed abstract,abstain,none,False,False,NA,0.0,none,False,NONE,no source passage available; abstain required by Task A contract,codex_no_source_abstain_rule,reject,ni_jie,C,Reject: PMID 40840014 abstract/title reviewed; no clear in-scope hybridization/mismatch off-target effect endpoint is grounded for situ.
273,offtarget_evidence,272,significant,40812551,,10.1016/j.jconrel.2025.114125,Adenosine triphosphate-triggered aggregable DNA micelles for triple enhanced photothermal therapy in the second near-infrared window.,hybridization/mismatch off-target effect,B,PubMed abstract,abstain,none,False,False,NA,0.0,none,False,NONE,no source passage available; abstain required by Task A contract,codex_no_source_abstain_rule,reject,ni_jie,C,Reject: PMID 40812551; available abstract is not enough to curate hybridization/mismatch off-target effect for significant as a verified offtarget record.
274,offtarget_evidence,273,significantly,40785358,,10.1111/pce.70109,CmPLL16a and CmPLL16b Regulate Cell Wall Remodelling and Somatic Embryogenesis in Castanea mollissima.,off-target evidence,C,PubMed abstract,abstain,none,False,False,NA,0.0,none,False,NONE,no source passage available; abstain required by Task A contract,codex_no_source_abstain_rule,reject,ni_jie,C,Reject: PMID 40785358; significantly remains unsupported for off-target evidence after abstract-level review of 'CmPLL16a and CmPLL16b Regulate Cell Wall Remodelling and Somatic Embryogenesis in Castanea mol?'.
275,offtarget_evidence,274,nusinersen,34445083,PMC8395096,10.3390/ijms22168378,High Concentration of an ISS-N1-Targeting Antisense Oligonucleotide Causes Massive Perturbation of the Transcriptome.,transcriptome-level off-target effect,B,PubMed abstract,abstain,none,False,False,NA,0.0,none,False,NONE,no source passage available; abstain required by Task A contract,codex_no_source_abstain_rule,accept,ni_jie,B,"Accept B: PubMed abstract gives a direct abstract-level signal for transcriptome-level off-target effect in nusinersen; no full passage, so curator kept confidence limited."
276,offtarget_evidence,275,sli-siRNA,29718312,PMC6061797,10.1093/nar/gky287,Differences in silencing of mismatched targets by sliced versus diced siRNAs.,hybridization/mismatch off-target effect,C,PubMed abstract sentence 4,abstain,none,False,False,NA,0.0,none,False,NONE,no source passage available; abstain required by Task A contract,codex_no_source_abstain_rule,reject,ni_jie,C,"Reject: PMID 29718312; the abstained record was checked at abstract level, but hybridization/mismatch off-target effect is still not directly recoverable for sli-siRNA."
277,offtarget_evidence,276,CCR5 siRNA,28542329,PMC5443530,10.1371/journal.pone.0177935,Novel AgoshRNA molecules for silencing of the CCR5 co-receptor for HIV-1 infection.,off-target evidence,B,PubMed abstract,abstain,none,False,False,NA,0.0,none,False,NONE,no source passage available; abstain required by Task A contract,codex_no_source_abstain_rule,reject,ni_jie,C,Reject: PMID 28542329; available abstract is not enough to curate off-target evidence for CCR5 siRNA as a verified offtarget record.
278,offtarget_evidence,277,hAgo2-siRNA,27387838,PMC4962782manuscript-id: NIHMS803700,10.1021/jacs.6b06137,Structure-Guided Control of siRNA Off-Target Effects.,off-target evidence,C,PubMed abstract,abstain,none,False,False,NA,0.0,none,False,NONE,no source passage available; abstain required by Task A contract,codex_no_source_abstain_rule,reject,ni_jie,C,Reject: PMID 27387838; 'Structure-Guided Control of siRNA Off-Target Effects.' does not provide a sufficiently specific administered-oligo offtarget endpoint for hAgo2-siRNA.
279,offtarget_evidence,278,e8-siRNA,26625198,PMC4811489,10.18632/oncotarget.6423,Apoptosis induced by a HIPK2 full-length-specific siRNA is due to off-target effects rather than prevalence of HIPK2-Δe8 isoform.,seed-mediated off-target effect,B,PubMed abstract,abstain,none,False,False,NA,0.0,none,False,NONE,no source passage available; abstain required by Task A contract,codex_no_source_abstain_rule,reject,ni_jie,C,Reject: PMID 26625198; 'Apoptosis induced by a HIPK2 full-length-specific siRNA is due to off-target effects rather th?' does not provide a sufficiently specific administered-oligo offtarget endpoint for e8-siRNA.
280,offtarget_evidence,279,DICER siRNA,26041815,PMC4527486,10.1093/hmg/ddv206,DICER/AGO-dependent epigenetic silencing of D4Z4 repeats enhanced by exogenous siRNA suggests mechanisms and therapies for FSHD.,seed-mediated off-target effect,C,PubMed abstract,abstain,none,False,False,NA,0.0,none,False,NONE,no source passage available; abstain required by Task A contract,codex_no_source_abstain_rule,reject,ni_jie,C,"Reject: PMID 26041815; the abstained record was checked at abstract level, but seed-mediated off-target effect is still not directly recoverable for DICER siRNA."
281,offtarget_evidence,280,bulge-siRNA,21673662,PMC3182346,10.1038/mt.2011.109,Modified siRNA structure with a single nucleotide bulge overcomes conventional siRNA-mediated off-target silencing.,seed-mediated off-target effect,C,PubMed abstract,abstain,none,False,False,NA,0.0,none,False,NONE,no source passage available; abstain required by Task A contract,codex_no_source_abstain_rule,accept,ni_jie,C,"Accept C: PubMed abstract gives a weak abstract-level signal for seed-mediated off-target effect in bulge-siRNA; no full passage, so curator kept confidence limited."
282,offtarget_evidence,281,P2Y siRNA,19521552,PMC2695252,,Silencing of P2Y2 receptor delays Ap4A-corneal re-epithelialization process.,off-target evidence,B,PubMed abstract,abstain,none,False,False,NA,0.0,none,False,NONE,no source passage available; abstain required by Task A contract,codex_no_source_abstain_rule,reject,ni_jie,C,Reject: PMID 19521552; 'Silencing of P2Y2 receptor delays Ap4A-corneal re-epithelialization process.' does not provide a sufficiently specific administered-oligo offtarget endpoint for P2Y siRNA.
283,offtarget_evidence,282,GFP siRNA,18577207,PMC2443166,10.1186/1471-2199-9-60,Off-target effects of siRNA specific for GFP.,transcriptome-level off-target effect,C,PubMed abstract,abstain,none,False,False,NA,0.0,none,False,NONE,no source passage available; abstain required by Task A contract,codex_no_source_abstain_rule,reject,ni_jie,C,Reject: PMID 18577207; available abstract is not enough to curate transcriptome-level off-target effect for GFP siRNA as a verified offtarget record.
284,offtarget_evidence,283,TNFR1 siRNA,18096615,PMC2275081,10.1093/nar/gkm630,Knockdown of TNFR1 by the sense strand of an ICAM-1 siRNA: dissection of an off-target effect.,hybridization/mismatch off-target effect,C,PubMed abstract,abstain,none,False,False,NA,0.0,none,False,NONE,no source passage available; abstain required by Task A contract,codex_no_source_abstain_rule,reject,ni_jie,C,"Reject: PMID 18096615; the abstained record was checked at abstract level, but hybridization/mismatch off-target effect is still not directly recoverable for TNFR1 siRNA."
285,offtarget_evidence,284,siCD46,15781493,PMC1069010,10.1093/nar/gki312,A systematic analysis of the silencing effects of an active siRNA at all single-nucleotide mismatched target sites.,hybridization/mismatch off-target effect,C,PubMed abstract sentence 3,abstain,none,False,False,NA,0.0,none,False,NONE,no source passage available; abstain required by Task A contract,codex_no_source_abstain_rule,reject,ni_jie,C,Reject: PMID 15781493; no source passage or abstract wording gives a dependable offtarget call for siCD46.
286,offtarget_evidence,285,MED-siRNA,31509065,,10.1080/15257770.2019.1663384,Design of 2'-O-methyl RNA and DNA double-stranded oligonucleotides: naturally-occurring nucleotide components with strong RNA interference gene expression inhibitory activity.,off-target evidence,C,PubMed abstract,abstain,none,False,False,NA,0.0,none,False,NONE,no source passage available; abstain required by Task A contract,codex_no_source_abstain_rule,reject,ni_jie,C,"Reject: PMID 31509065; the abstained record was checked at abstract level, but off-target evidence is still not directly recoverable for MED-siRNA."
287,offtarget_evidence,286,HBV siRNA,32738016,,10.1111/hepr.13552,Screening siRNAs against host glycosylation pathways to develop novel antiviral agents against hepatitis B virus.,off-target evidence,C,PubMed abstract,abstain,none,False,False,NA,0.0,none,False,NONE,no source passage available; abstain required by Task A contract,codex_no_source_abstain_rule,reject,ni_jie,C,Reject: PMID 32738016; no source passage or abstract wording gives a dependable offtarget call for HBV siRNA.
288,offtarget_evidence,287,SNCG siRNA,27033537,,10.1007/s10295-016-1759-1,A novel conditional gene silencing method using a tumor-specific and heat-inducible siRNA system.,off-target evidence,C,PubMed abstract,abstain,none,False,False,NA,0.0,none,False,NONE,no source passage available; abstain required by Task A contract,codex_no_source_abstain_rule,reject,ni_jie,C,Reject: PMID 27033537 abstract/title reviewed; no clear in-scope off-target evidence endpoint is grounded for SNCG siRNA.
289,offtarget_evidence,288,siDirect2,23027045,,10.1007/978-1-62703-119-6_3,Designing functional siRNA with reduced off-target effects.,seed-mediated off-target effect,B,PubMed abstract,abstain,none,False,False,NA,0.0,none,False,NONE,no source passage available; abstain required by Task A contract,codex_no_source_abstain_rule,reject,ni_jie,C,Reject: PMID 23027045; no source passage or abstract wording gives a dependable offtarget call for siDirect2.
290,offtarget_evidence,289,siMek1s,23682837,,10.1021/bc300642u,Effects of conformational alteration induced by D-/L-isonucleoside incorporation in siRNA on their stability in serum and silencing activity.,off-target evidence,B,PubMed abstract sentence 5,abstain,none,False,False,NA,0.0,none,False,NONE,no source passage available; abstain required by Task A contract,codex_no_source_abstain_rule,reject,ni_jie,C,Reject: PMID 23682837; available abstract is not enough to curate off-target evidence for siMek1s as a verified offtarget record.
291,offtarget_evidence,290,EGFP siRNA,22612256,,10.1042/CBI20110662,Cell-selective gene silencing in prostate cancer LNCap cells using prostate-specific membrane antigen promoter and enhancer in vitro and in vivo.,off-target evidence,B,PubMed abstract,abstain,none,False,False,NA,0.0,none,False,NONE,no source passage available; abstain required by Task A contract,codex_no_source_abstain_rule,reject,ni_jie,C,Reject: PMID 22612256 abstract/title reviewed; no clear in-scope off-target evidence endpoint is grounded for EGFP siRNA.
292,offtarget_evidence,291,RTP801 siRNA,22304497,,10.1089/jop.2011.0116,"Retina expression and cross-species validation of gene silencing by PF-655, a small interfering RNA against RTP801 for the treatment of ocular disease.",hybridization/mismatch off-target effect,B,PubMed abstract,abstain,none,False,False,NA,0.0,none,False,NONE,no source passage available; abstain required by Task A contract,codex_no_source_abstain_rule,reject,ni_jie,C,Reject: PMID 22304497; available abstract is not enough to curate hybridization/mismatch off-target effect for RTP801 siRNA as a verified offtarget record.
293,offtarget_evidence,292,fork-siRNA,21028964,,10.1089/oli.2010.0246,2'-O-methyl-modified anti-MDR1 fork-siRNA duplexes exhibiting high nuclease resistance and prolonged silencing activity.,hybridization/mismatch off-target effect,C,PubMed abstract,abstain,none,False,False,NA,0.0,none,False,NONE,no source passage available; abstain required by Task A contract,codex_no_source_abstain_rule,reject,ni_jie,C,"Reject: PMID 21028964; the abstained record was checked at abstract level, but hybridization/mismatch off-target effect is still not directly recoverable for fork-siRNA."
294,offtarget_evidence,293,fork-siRNA,15737617,,10.1016/j.bbrc.2005.02.012,Influence of assembly of siRNA elements into RNA-induced silencing complex by fork-siRNA duplex carrying nucleotide mismatches at the 3'- or 5'-end of the sense-stranded siRNA element.,hybridization/mismatch off-target effect,C,PubMed abstract sentence 2,abstain,none,False,False,NA,0.0,none,False,NONE,no source passage available; abstain required by Task A contract,codex_no_source_abstain_rule,reject,ni_jie,C,"Reject: PMID 15737617; the abstained record was checked at abstract level, but hybridization/mismatch off-target effect is still not directly recoverable for fork-siRNA."
295,offtarget_evidence,294,SARS- siRNA,37272117,PMC10243379,10.1080/15476286.2023.2217400,Biochemistry-informed design selects potent siRNAs against SARS-CoV-2.,hybridization/mismatch off-target effect,B,PubMed abstract,abstain,none,False,False,NA,0.0,none,False,NONE,no source passage available; abstain required by Task A contract,codex_no_source_abstain_rule,reject,ni_jie,C,Reject: PMID 37272117; no source passage or abstract wording gives a dependable offtarget call for SARS- siRNA.
296,offtarget_evidence,295,PE- siRNA,38203580,PMC10778708,10.3390/ijms25010401,YB-1 Is a Novel Target for the Inhibition of α-Adrenergic-Induced Hypertrophy.,seed-mediated off-target effect,B,PubMed abstract,abstain,none,False,False,NA,0.0,none,False,NONE,no source passage available; abstain required by Task A contract,codex_no_source_abstain_rule,reject,ni_jie,C,Reject: PMID 38203580; PE- siRNA remains unsupported for seed-mediated off-target effect after abstract-level review of 'YB-1 Is a Novel Target for the Inhibition of α-Adrenergic-Induced Hypertrophy.'.
297,offtarget_evidence,296,SNRPD3 siRNA,34703654,PMC8517100,10.1016/j.omtn.2021.09.004,Non-targeting control for MISSION shRNA library silences SNRPD3 leading to cell death or permanent growth arrest.,off-target evidence,C,PubMed abstract,abstain,none,False,False,NA,0.0,none,False,NONE,no source passage available; abstain required by Task A contract,codex_no_source_abstain_rule,reject,ni_jie,C,Reject: PMID 34703654; no source passage or abstract wording gives a dependable offtarget call for SNRPD3 siRNA.
298,offtarget_evidence,297,PCBP2 siRNA,34095140,PMC8172583,10.3389/fcell.2021.671806,Knockdown of Splicing Complex Protein PCBP2 Reduces Extravillous Trophoblast Differentiation Through Transcript Switching.,transcriptome-level off-target effect,B,PubMed abstract,abstain,none,False,False,NA,0.0,none,False,NONE,no source passage available; abstain required by Task A contract,codex_no_source_abstain_rule,reject,ni_jie,C,Reject: PMID 34095140; PCBP2 siRNA remains unsupported for transcriptome-level off-target effect after abstract-level review of 'Knockdown of Splicing Complex Protein PCBP2 Reduces Extravillous Trophoblast Differentiation T?'.
299,offtarget_evidence,298,INCENP siRNA,31416840,PMC6774870manuscript-id: NIHMS1537537,10.1158/0008-5472.CAN-19-0695,"Targeting the Chromosomal Passenger Complex Subunit INCENP Induces Polyploidization, Apoptosis, and Senescence in Neuroblastoma.",off-target evidence,B,PubMed abstract,abstain,none,False,False,NA,0.0,none,False,NONE,no source passage available; abstain required by Task A contract,codex_no_source_abstain_rule,reject,ni_jie,C,Reject: PMID 31416840; available abstract is not enough to curate off-target evidence for INCENP siRNA as a verified offtarget record.
300,offtarget_evidence,299,HCV siRNA,27441640,PMC4956106,10.1371/journal.pone.0159211,In Silico Design and Experimental Validation of siRNAs Targeting Conserved Regions of Multiple Hepatitis C Virus Genotypes.,off-target evidence,B,PubMed abstract,abstain,none,False,False,NA,0.0,none,False,NONE,no source passage available; abstain required by Task A contract,codex_no_source_abstain_rule,reject,ni_jie,C,"Reject: PMID 27441640; the abstained record was checked at abstract level, but off-target evidence is still not directly recoverable for HCV siRNA."
301,offtarget_evidence,300,dicer-substrate-siRNA,27306408,PMC4956154,10.1177/1744806916653969,Functional inhibition of chemokine receptor CCR2 by dicer-substrate-siRNA prevents pain development.,hybridization/mismatch off-target effect,B,PubMed abstract,abstain,none,False,False,NA,0.0,none,False,NONE,no source passage available; abstain required by Task A contract,codex_no_source_abstain_rule,reject,ni_jie,C,Reject: PMID 27306408 abstract/title reviewed; no clear in-scope hybridization/mismatch off-target effect endpoint is grounded for dicer-substrate-siRNA.
302,offtarget_evidence,301,rnd-siRNA,26516083,PMC4647466,10.1261/rna.053637.115,Properties of short double-stranded RNAs carrying randomized base pairs: toward better controls for RNAi experiments.,seed-mediated off-target effect,B,PubMed abstract sentence 6,abstain,none,False,False,NA,0.0,none,False,NONE,no source passage available; abstain required by Task A contract,codex_no_source_abstain_rule,reject,ni_jie,C,Reject: PMID 26516083; 'Properties of short double-stranded RNAs carrying randomized base pairs: toward better control?' does not provide a sufficiently specific administered-oligo offtarget endpoint for rnd-siRNA.
303,offtarget_evidence,302,RAS siRNA,25100204,PMC4184972manuscript-id: NIHMS620732,10.1158/2159-8290.CD-13-0900,Development of siRNA payloads to target KRAS-mutant cancer.,off-target evidence,B,PubMed abstract,abstain,none,False,False,NA,0.0,none,False,NONE,no source passage available; abstain required by Task A contract,codex_no_source_abstain_rule,reject,ni_jie,C,Reject: PMID 25100204 abstract/title reviewed; no clear in-scope off-target evidence endpoint is grounded for RAS siRNA.
304,offtarget_evidence,303,Peptide-siRNA,25157820,PMC4191028,10.1172/JCI75673,Peptide-siRNA nanocomplexes targeting NF-κB subunit p65 suppress nascent experimental arthritis.,off-target evidence,C,PubMed abstract,abstain,none,False,False,NA,0.0,none,False,NONE,no source passage available; abstain required by Task A contract,codex_no_source_abstain_rule,reject,ni_jie,C,Reject: PMID 25157820; Peptide-siRNA remains unsupported for off-target evidence after abstract-level review of 'Peptide-siRNA nanocomplexes targeting NF-κB subunit p65 suppress nascent experimental arthriti?'.
305,offtarget_evidence,304,ss-siRNA,22939619,PMC3444165manuscript-id: NIHMS400047,10.1016/j.cell.2012.08.002,Single-stranded RNAs use RNAi to potently and allele-selectively inhibit mutant huntingtin expression.,hybridization/mismatch off-target effect,B,PubMed abstract,abstain,none,False,False,NA,0.0,none,False,NONE,no source passage available; abstain required by Task A contract,codex_no_source_abstain_rule,reject,ni_jie,C,Reject: PMID 22939619; no source passage or abstract wording gives a dependable offtarget call for ss-siRNA.
306,offtarget_evidence,305,PARP1 siRNA,22761791,PMC3384639,10.1371/journal.pone.0039419,A magnetic bead-integrated chip for the large scale manufacture of normalized esiRNAs.,off-target evidence,C,PubMed abstract,abstain,none,False,False,NA,0.0,none,False,NONE,no source passage available; abstain required by Task A contract,codex_no_source_abstain_rule,reject,ni_jie,C,Reject: PMID 22761791 abstract/title reviewed; no clear in-scope off-target evidence endpoint is grounded for PARP1 siRNA.
307,offtarget_evidence,306,NET1 siRNA,21284875,PMC3041777,10.1186/1471-2407-11-50,A functional and transcriptomic analysis of NET1 bioactivity in gastric cancer.,transcriptome-level off-target effect,B,PubMed abstract,abstain,none,False,False,NA,0.0,none,False,NONE,no source passage available; abstain required by Task A contract,codex_no_source_abstain_rule,reject,ni_jie,C,Reject: PMID 21284875; NET1 siRNA remains unsupported for transcriptome-level off-target effect after abstract-level review of 'A functional and transcriptomic analysis of NET1 bioactivity in gastric cancer.'.
308,offtarget_evidence,307,SNF2H siRNA,21249171,PMC3023163,10.1128/mBio.00330-10,Cellular SNF2H chromatin-remodeling factor promotes herpes simplex virus 1 immediate-early gene expression and replication.,off-target evidence,C,PubMed abstract,abstain,none,False,False,NA,0.0,none,False,NONE,no source passage available; abstain required by Task A contract,codex_no_source_abstain_rule,reject,ni_jie,C,Reject: PMID 21249171; 'Cellular SNF2H chromatin-remodeling factor promotes herpes simplex virus 1 immediate-early gen?' does not provide a sufficiently specific administered-oligo offtarget endpoint for SNF2H siRNA.
309,offtarget_evidence,308,E6 siRNA,20885450,PMC2994641,10.1038/cgt.2010.38,Highly potent and specific siRNAs against E6 or E7 genes of HPV16- or HPV18-infected cervical cancers.,off-target evidence,B,PubMed abstract,abstain,none,False,False,NA,0.0,none,False,NONE,no source passage available; abstain required by Task A contract,codex_no_source_abstain_rule,reject,ni_jie,C,Reject: PMID 20885450 abstract/title reviewed; no clear in-scope off-target evidence endpoint is grounded for E6 siRNA.
310,offtarget_evidence,309,RANK siRNA,20333451,PMC2885461manuscript-id: NIHMS196456,10.1007/s11095-010-0099-5,siRNA knock-down of RANK signaling to control osteoclast-mediated bone resorption.,off-target evidence,C,PubMed abstract sentence 8,abstain,none,False,False,NA,0.0,none,False,NONE,no source passage available; abstain required by Task A contract,codex_no_source_abstain_rule,reject,ni_jie,C,Reject: PMID 20333451; RANK siRNA remains unsupported for off-target evidence after abstract-level review of 'siRNA knock-down of RANK signaling to control osteoclast-mediated bone resorption.'.
311,offtarget_evidence,310,NR1 siRNA,19185544,PMC2699265manuscript-id: NIHMS110850,10.1016/j.jpain.2008.09.013,siRNA-mediated knockdown of the NR1 subunit gene of the NMDA receptor attenuates formalin-induced pain behaviors in adult rats.,hybridization/mismatch off-target effect,B,PubMed abstract,abstain,none,False,False,NA,0.0,none,False,NONE,no source passage available; abstain required by Task A contract,codex_no_source_abstain_rule,reject,ni_jie,C,Reject: PMID 19185544 abstract/title reviewed; no clear in-scope hybridization/mismatch off-target effect endpoint is grounded for NR1 siRNA.
312,offtarget_evidence,311,MEK siRNA,19919690,PMC2781803,10.1186/1476-4598-8-104,Expression and function of hypoxia inducible factor-1 alpha in human melanoma under non-hypoxic conditions.,off-target evidence,C,PubMed abstract,abstain,none,False,False,NA,0.0,none,False,NONE,no source passage available; abstain required by Task A contract,codex_no_source_abstain_rule,reject,ni_jie,C,"Reject: PMID 19919690; the abstained record was checked at abstract level, but off-target evidence is still not directly recoverable for MEK siRNA."
313,offtarget_evidence,312,short ASO,19430205,PMC2734876manuscript-id: NIHMS116332,10.4161/rna.6.3.8723,A short antisense oligonucleotide masking a unique intronic motif prevents skipping of a critical exon in spinal muscular atrophy.,off-target evidence,B,PubMed abstract,abstain,none,False,False,NA,0.0,none,False,NONE,no source passage available; abstain required by Task A contract,codex_no_source_abstain_rule,reject,ni_jie,C,Reject: PMID 19430205; available abstract is not enough to curate off-target evidence for short ASO as a verified offtarget record.
314,offtarget_evidence,313,HBV siRNA,18378325,PMC7112819,10.1016/j.jviromet.2008.02.008,Inhibition of hepatitis B virus gene expression and replication by endoribonuclease-prepared siRNA.,off-target evidence,C,PubMed abstract,abstain,none,False,False,NA,0.0,none,False,NONE,no source passage available; abstain required by Task A contract,codex_no_source_abstain_rule,reject,ni_jie,C,Reject: PMID 18378325; HBV siRNA remains unsupported for off-target evidence after abstract-level review of 'Inhibition of hepatitis B virus gene expression and replication by endoribonuclease-prepared s?'.
315,offtarget_evidence,314,LEDGF siRNA,16439544,PMC1367129,10.1128/JVI.80.4.1886-1896.2006,Transient and stable knockdown of the integrase cofactor LEDGF/p75 reveals its role in the replication cycle of human immunodeficiency virus.,hybridization/mismatch off-target effect,C,PubMed abstract,abstain,none,False,False,NA,0.0,none,False,NONE,no source passage available; abstain required by Task A contract,codex_no_source_abstain_rule,reject,ni_jie,C,Reject: PMID 16439544; available abstract is not enough to curate hybridization/mismatch off-target effect for LEDGF siRNA as a verified offtarget record.
316,offtarget_evidence,315,siRNA-4,15681418,PMC546545,10.1128/JVI.79.4.2151-2159.2005,Inhibition of coxsackievirus B3 replication by small interfering RNAs requires perfect sequence match in the central region of the viral positive strand.,hybridization/mismatch off-target effect,C,PubMed abstract,abstain,none,False,False,NA,0.0,none,False,NONE,no source passage available; abstain required by Task A contract,codex_no_source_abstain_rule,reject,ni_jie,C,"Reject: PMID 15681418; the abstained record was checked at abstract level, but hybridization/mismatch off-target effect is still not directly recoverable for siRNA-4."
317,offtarget_evidence,316,apoCIII-siRNA,36039858,,10.1002/biof.1885,Treatment of the metabolic syndrome by siRNA targeting apolipoprotein CIII.,off-target evidence,B,PubMed abstract,abstain,none,False,False,NA,0.0,none,False,NONE,no source passage available; abstain required by Task A contract,codex_no_source_abstain_rule,reject,ni_jie,C,Reject: PMID 36039858; apoCIII-siRNA remains unsupported for off-target evidence after abstract-level review of 'Treatment of the metabolic syndrome by siRNA targeting apolipoprotein CIII.'.
318,offtarget_evidence,317,siRNA-7,37478121,,10.1002/biot.202300060,Multiple suppressing small interfering RNA for cancer treatment-Application to triple-negative breast cancer.,transcriptome-level off-target effect,C,PubMed abstract sentence 4,abstain,none,False,False,NA,0.0,none,False,NONE,no source passage available; abstain required by Task A contract,codex_no_source_abstain_rule,reject,ni_jie,C,Reject: PMID 37478121; no source passage or abstract wording gives a dependable offtarget call for siRNA-7.
319,offtarget_evidence,318,BRAFV600E siRNA,29326440,,10.1038/s41388-017-0063-5,BRAF inhibition upregulates a variety of receptor tyrosine kinases and their downstream effector Gab2 in colorectal cancer cell lines.,off-target evidence,B,PubMed abstract,abstain,none,False,False,NA,0.0,none,False,NONE,no source passage available; abstain required by Task A contract,codex_no_source_abstain_rule,reject,ni_jie,C,Reject: PMID 29326440; available abstract is not enough to curate off-target evidence for BRAFV600E siRNA as a verified offtarget record.
320,offtarget_evidence,319,EV siRNA,22921338,,10.1016/j.antiviral.2012.08.003,A novel minicircle vector based system for inhibting the replication and gene expression of enterovirus 71 and coxsackievirus A16.,off-target evidence,B,PubMed abstract,abstain,none,False,False,NA,0.0,none,False,NONE,no source passage available; abstain required by Task A contract,codex_no_source_abstain_rule,reject,ni_jie,C,Reject: PMID 22921338; available abstract is not enough to curate off-target evidence for EV siRNA as a verified offtarget record.
321,offtarget_evidence,320,ALS- siRNA,21362317,,,Design of functional small interfering RNAs targeting amyotrophic lateral sclerosis-associated mutant alleles.,hybridization/mismatch off-target effect,B,PubMed abstract,abstain,none,False,False,NA,0.0,none,False,NONE,no source passage available; abstain required by Task A contract,codex_no_source_abstain_rule,reject,ni_jie,C,Reject: PMID 21362317; available abstract is not enough to curate hybridization/mismatch off-target effect for ALS- siRNA as a verified offtarget record.
322,offtarget_evidence,321,siRNA45,18839783,,,Inhibition of human metapneumovirus replication by small interfering RNA.,hybridization/mismatch off-target effect,B,PubMed abstract,abstain,none,False,False,NA,0.0,none,False,NONE,no source passage available; abstain required by Task A contract,codex_no_source_abstain_rule,reject,ni_jie,C,Reject: PMID 18839783; available abstract is not enough to curate hybridization/mismatch off-target effect for siRNA45 as a verified offtarget record.
323,offtarget_evidence,322,EV71 siRNA,17316836,,10.1016/j.antiviral.2007.01.004,Enhanced potency and efficacy of 29-mer shRNAs in inhibition of Enterovirus 71.,off-target evidence,C,PubMed abstract,abstain,none,False,False,NA,0.0,none,False,NONE,no source passage available; abstain required by Task A contract,codex_no_source_abstain_rule,reject,ni_jie,C,Reject: PMID 17316836; 'Enhanced potency and efficacy of 29-mer shRNAs in inhibition of Enterovirus 71.' does not provide a sufficiently specific administered-oligo offtarget endpoint for EV71 siRNA.
324,offtarget_evidence,323,GFP siRNA,18066915,,10.1080/15257770701504033,RNAi activity of siRNAs modified with 2'-aminoalkyl-substituted fluorinated nucleobases.,hybridization/mismatch off-target effect,C,PubMed abstract,abstain,none,False,False,NA,0.0,none,False,NONE,no source passage available; abstain required by Task A contract,codex_no_source_abstain_rule,reject,ni_jie,C,Reject: PMID 18066915; no source passage or abstract wording gives a dependable offtarget call for GFP siRNA.
325,offtarget_evidence,324,TAK1 siRNA,16843436,,10.1016/j.bbrc.2006.06.121,Small interfering RNAs generated by recombinant dicer induce inflammatory gene expression independent from the TAK1-NFkappaB-MAPK signaling pathways.,transcriptome-level off-target effect,B,PubMed abstract,abstain,none,False,False,NA,0.0,none,False,NONE,no source passage available; abstain required by Task A contract,codex_no_source_abstain_rule,reject,ni_jie,C,Reject: PMID 16843436; TAK1 siRNA remains unsupported for transcriptome-level off-target effect after abstract-level review of 'Small interfering RNAs generated by recombinant dicer induce inflammatory gene expression inde?'.
326,offtarget_evidence,325,siRNA-M184V,16290277,,10.1016/j.antiviral.2005.10.001,Inhibition of drug-resistant HIV-1 by RNA interference.,hybridization/mismatch off-target effect,C,PubMed abstract,abstain,none,False,False,NA,0.0,none,False,NONE,no source passage available; abstain required by Task A contract,codex_no_source_abstain_rule,reject,ni_jie,C,Reject: PMID 16290277; no source passage or abstract wording gives a dependable offtarget call for siRNA-M184V.
327,offtarget_evidence,326,WNV siRNA,16870272,,10.1016/j.antiviral.2006.06.005,Expression of vector-based small interfering RNA against West Nile virus effectively inhibits virus replication.,hybridization/mismatch off-target effect,C,PubMed abstract,abstain,none,False,False,NA,0.0,none,False,NONE,no source passage available; abstain required by Task A contract,codex_no_source_abstain_rule,reject,ni_jie,C,Reject: PMID 16870272; no source passage or abstract wording gives a dependable offtarget call for WNV siRNA.
328,offtarget_evidence,327,DNP-siRNA,16201907,,10.1089/oli.2005.15.196,Biomembrane-permeable and Ribonuclease-resistant siRNA with enhanced activity.,hybridization/mismatch off-target effect,C,PubMed abstract,abstain,none,False,False,NA,0.0,none,False,NONE,no source passage available; abstain required by Task A contract,codex_no_source_abstain_rule,reject,ni_jie,C,Reject: PMID 16201907; 'Biomembrane-permeable and Ribonuclease-resistant siRNA with enhanced activity.' does not provide a sufficiently specific administered-oligo offtarget endpoint for DNP-siRNA.
329,offtarget_evidence,328,EV71 siRNA,16083932,,10.1016/j.virol.2005.06.047,RNA interference against enterovirus 71 infection.,off-target evidence,C,PubMed abstract,abstain,none,False,False,NA,0.0,none,False,NONE,no source passage available; abstain required by Task A contract,codex_no_source_abstain_rule,reject,ni_jie,C,Reject: PMID 16083932; available abstract is not enough to curate off-target evidence for EV71 siRNA as a verified offtarget record.
330,offtarget_evidence,329,GFP siRNA,15707982,,10.1016/j.bbrc.2005.01.066,Transient strong reduction of PTEN expression by specific RNAi induces loss of adhesion of the cells.,transcriptome-level off-target effect,B,PubMed abstract,abstain,none,False,False,NA,0.0,none,False,NONE,no source passage available; abstain required by Task A contract,codex_no_source_abstain_rule,reject,ni_jie,C,Reject: PMID 15707982; no source passage or abstract wording gives a dependable offtarget call for GFP siRNA.
331,offtarget_evidence,330,F7-1 siRNA,22258146,PMC3342946,10.4161/rna.9.1.18121,Single base mismatches in the mRNA target site allow specific seed region-mediated off-target binding of siRNA targeting human coagulation factor 7.,seed-mediated off-target effect,B,Results > Enrichment analysis of seed region matches in F7-1 off-target genes; paragraph 13,abstain,none,False,False,NA,0.0,none,False,NONE,no source passage available; abstain required by Task A contract,codex_no_source_abstain_rule,accept,ni_jie,B,"Accept B: PubMed abstract gives a direct abstract-level signal for seed-mediated off-target effect in F7-1 siRNA; no full passage, so curator kept confidence limited."
332,offtarget_evidence,331,DNA-modified siRNA,18267968,PMC2367719,10.1093/nar/gkn042,Functional dissection of siRNA sequence by systematic DNA substitution: modified siRNA with a DNA seed arm is a powerful tool for mammalian gene silencing with significantly reduced off-target effect.,seed-mediated off-target effect,B,RESULTS > Genome-wide analysis of off-target effects due to DNA-modified-siRNA-dependent gene silencing; paragraph 35,abstain,none,False,False,NA,0.0,none,False,NONE,no source passage available; abstain required by Task A contract,codex_no_source_abstain_rule,reject,ni_jie,C,Reject: PMID 18267968; DNA-modified siRNA remains unsupported for seed-mediated off-target effect after abstract-level review of 'Functional dissection of siRNA sequence by systematic DNA substitution: modified siRNA with a?'.
333,offtarget_evidence,332,ATXN3-AON,41066632,PMC12581821,10.1093/hmg/ddaf153,Determining off-target effects of splice-switching antisense oligonucleotides using short read RNAseq in neuronally differentiated human induced pluripotent stem cells.,hybridization/mismatch off-target effect,B,Results > Hybridization-dependent off-target splicing events do not play a major role after transfection; paragraph 19,accept,transcriptome-level hybridization-dependent off-target effect,True,True,A,0.94,pmc_full_text,True,"In this study, we used three different splice-switching AONs targeting three different human transcripts to study their transcriptome-wide, hybridization-dependent off-target effects with short read RNAseq.",Full-text RNAseq study of splice-switching AONs directly assessed transcriptome-wide hybridization-dependent off-target splicing events.,codex_gpt-5.5_manual_agent,accept,ni_jie,A,
334,offtarget_evidence,333,modified duplex,41994868,PMC13096799,10.1093/nar/gkag345,Acyclic serinol nucleic acid modification of siRNAs overcomes seed region mediated off-target effects while maintaining potency.,seed-mediated off-target effect,B,Results > In vitro gene silencing of modified siRNA containing SNA modifications; paragraph 28,accept,seed-mediated off-target effect,True,True,A,0.95,pmc_full_text,True,"The greatest impact of SNA modification was observed when included at position g7 in si-50, with a relative off-target IC50 increase of ~260-fold over the parent si-47.",Full-text GalNAc-siRNA reporter results show seed-region SNA modification mitigated miRNA-like off-target activity while preserving therapeutic siRNA potency.,codex_gpt-5.5_manual_agent,accept,ni_jie,A,
335,offtarget_evidence,334,E6 siRNA,33664996,PMC7900643,10.1016/j.omtn.2021.01.018,AGO-accessible anticancer siRNAs designed with synergistic miRNA-like activity.,seed-mediated off-target effect,B,Results > Transcriptome-wide analyses of mi/siRNAs targeting E6/E7; paragraph 17,reject,"intentional miRNA-like efficacy, not unintended off-target safety evidence",False,True,NA,0.80,pmc_full_text,False,NONE,The paper intentionally designs anticancer siRNAs to exploit tumor-suppressive miRNA-like seed activity and reports efficacy; this is not observed unintended off-target safety evidence under the v2 contract.,codex_gpt-5.5_manual_agent,reject,ni_jie,C,Reject: PMID 33664996; The paper intentionally designs anticancer siRNAs to exploit tumor-suppressive miRNA-like seed activity and reports efficacy; this is not observed unintended off-target safety evidence under the v2 contract.
336,offtarget_evidence,335,sli-siRNA,29718312,PMC6061797,10.1093/nar/gky287,Differences in silencing of mismatched targets by sliced versus diced siRNAs.,seed-mediated off-target effect,B,RESULTS > Reporters to test the silencing efficiency of RNAi triggers against mismatched targets; paragraph 20,abstain,none,False,False,NA,0.0,none,False,NONE,no source passage available; abstain required by Task A contract,codex_no_source_abstain_rule,reject,ni_jie,C,Reject: PMID 29718312; available abstract is not enough to curate seed-mediated off-target effect for sli-siRNA as a verified offtarget record.
337,offtarget_evidence,336,UNA-T siRNA,21047800,PMC3061082,10.1093/nar/gkq961,Improved specificity of gene silencing by siRNAs containing unlocked nucleobase analogs.,seed-mediated off-target effect,B,RESULTS > Global off-target analysis; paragraph 23,abstain,none,False,False,NA,0.0,none,False,NONE,no source passage available; abstain required by Task A contract,codex_no_source_abstain_rule,accept,ni_jie,B,"Accept B: PubMed abstract gives a direct abstract-level signal for seed-mediated off-target effect in UNA-T siRNA; no full passage, so curator kept confidence limited."
338,offtarget_evidence,337,siCD46 siRNA,18420656,PMC2396434,10.1093/nar/gkn190,Analysis of siRNA specificity on targets with double-nucleotide mismatches.,hybridization/mismatch off-target effect,B,RESULTS > Comparison of site-specific alterations in siRNA or target sequence; paragraph 15,abstain,none,False,False,NA,0.0,none,False,NONE,no source passage available; abstain required by Task A contract,codex_no_source_abstain_rule,accept,ni_jie,C,"Accept C: PubMed abstract gives a weak abstract-level signal for hybridization/mismatch off-target effect in siCD46 siRNA; no full passage, so curator kept confidence limited."
339,offtarget_evidence,338,BTK siRNA,16091630,PMC1184219,10.1093/nar/gki762,siRNA-mediated off-target gene silencing triggered by a 7 nt complementation.,seed-mediated off-target effect,B,RESULTS > A 7 nt complementation between the original GRK4(O)/BTK(O) siRNAs and the hif-1α mRNA triggers the degradation of hif-1α mRNA; paragraph 15,abstain,none,False,False,NA,0.0,none,False,NONE,no source passage available; abstain required by Task A contract,codex_no_source_abstain_rule,accept,ni_jie,C,"Accept C: PubMed abstract gives a weak abstract-level signal for seed-mediated off-target effect in BTK siRNA; no full passage, so curator kept confidence limited."
340,offtarget_evidence,339,GR18-3 ASO,34994962,PMC8766371,10.1007/s40291-021-00573-z,Reduction of Off-Target Effects of Gapmer Antisense Oligonucleotides by Oligonucleotide Extension.,hybridization/mismatch off-target effect,B,Results > Comparative Analysis of Off-Target Effects; paragraph 23,abstain,none,False,False,NA,0.0,none,False,NONE,no source passage available; abstain required by Task A contract,codex_no_source_abstain_rule,accept,ni_jie,B,"Accept B: PubMed abstract gives a direct abstract-level signal for hybridization/mismatch off-target effect in GR18-3 ASO; no full passage, so curator kept confidence limited."
341,offtarget_evidence,340,PCSK9 siRNA,41541269,PMC12800395,10.1016/j.omtn.2025.102801,Ribofuranose-based GalNAc-conjugated siRNA enhances the liver-targeted delivery and elicits robust RNAi-mediated gene silencing.,off-target evidence,B,Results > The tissue pharmacokinetic parameters of GalNAc-siRNA conjugates in Sprague-Dawley rats; paragraph 12,reject,PK/biodistribution specificity only,False,True,NA,0.93,pmc_full_text,False,NONE,"Passage reports GalNAc-siRNA liver targeting, pharmacokinetics, liver-to-kidney ratios, and PCSK9 silencing; off-target effects are only a delivery-specificity rationale, not observed unintended off-target evidence.",codex_gpt-5.5_manual_agent,reject,ni_jie,C,"Reject: PMID 41541269; Passage reports GalNAc-siRNA liver targeting, pharmacokinetics, liver-to-kidney ratios, and PCSK9 silencing; off-target effects are only a delivery-specificity rationale, not observed unintended off-target evidence."
342,offtarget_evidence,341,ss-siRNA,26433227,PMC4627093,10.1093/nar/gkv964,A cytoplasmic pathway for gapmer antisense oligonucleotide-mediated gene silencing in mammalian cells.,off-target evidence,B,RESULTS > Ago-2 modulates PSL-ASO function; Figure 4. caption,abstain,none,False,False,NA,0.0,none,False,NONE,no source passage available; abstain required by Task A contract,codex_no_source_abstain_rule,reject,ni_jie,C,Reject: PMID 26433227 abstract/title reviewed; no clear in-scope off-target evidence endpoint is grounded for ss-siRNA.
343,offtarget_evidence,342,SOD-1,25072142,PMC4114480,10.1371/journal.pone.0101752,Defining the factors that contribute to on-target specificity of antisense oligonucleotides.,hybridization/mismatch off-target effect,B,Results > Higher order structure of the SOD-1 minigene mRNA significantly influences ASO binding; paragraph 27,abstain,none,False,False,NA,0.0,none,False,NONE,no source passage available; abstain required by Task A contract,codex_no_source_abstain_rule,accept,ni_jie,C,"Accept C: PubMed abstract gives a weak abstract-level signal for hybridization/mismatch off-target effect in SOD-1; no full passage, so curator kept confidence limited."
344,offtarget_evidence,343,VIR-2218,35736224,PMC9262600,10.1093/nar/gkac539,From bench to bedside: Improving the clinical safety of GalNAc-siRNA conjugates using seed-pairing destabilization.,seed-mediated off-target effect,B,RESULTS > Application of ESC+ design to improve the specificity and safety of ALN-HBV; paragraph 46,accept,seed-mediated off-target effect,True,True,A,0.94,pmc_full_text,True,"We found that the ESC+ version of ALN-HBV, named ALN-HBV02, with a single GNA substitution at position 6 of the guide strand, and without any further changes in sequence or chemistry, minimizes off-target dysregulation without compromising on-target activity.",Full-text therapeutic GalNAc-siRNA work used reporter/RNA-seq/safety studies to show seed-pairing destabilization reduces off-target dysregulation.,codex_gpt-5.5_manual_agent,accept,ni_jie,A,
345,offtarget_evidence,344,siRNA-5,29459660,PMC5818625,10.1038/s41467-018-02989-4,Selection of GalNAc-conjugated siRNAs with limited off-target-driven rat hepatotoxicity.,seed-mediated off-target effect,B,Results > siRNA off-targets are enriched for seed complementarity; paragraph 17,accept,seed-mediated transcriptome-level off-target effect,True,True,A,0.95,pmc_full_text,True,"Consistent with these data, global transcriptome profiling by RNAseq shows RISC loading-dependent downregulation of RNAs enriched for a seed match to the antisense but not the sense strand of GalNAc-siRNAs.",Full-text GalNAc-siRNA rat hepatotoxicity study connects RISC-loaded seed-match transcriptome downregulation to observed off-target toxicity.,codex_gpt-5.5_manual_agent,accept,ni_jie,A,
346,offtarget_evidence,345,LNA-PS ASO,26338776,PMC4605310,10.1093/nar/gkv857,In silico and in vitro evaluation of exonic and intronic off-target effects form a critical element of therapeutic ASO gapmer optimization.,hybridization/mismatch off-target effect,B,RESULTS > Intronic regions are markedly more susceptible to ASO-silencing than exonic sequence; paragraph 24,accept,hybridization/mismatch off-target effect,True,True,A,0.93,pmc_full_text,True,We demonstrate in vitro mRNA and protein knockdown of off-targets with a wide range of mismatch (MM) and gap patterns.,Full-text therapeutic ASO gapmer optimization experimentally confirms mismatch/gap-pattern off-target mRNA and protein knockdown.,codex_gpt-5.5_manual_agent,accept,ni_jie,A,
347,offtarget_evidence,346,SCR ASO,24440078,PMC3943878manuscript-id: NIHMS552459,10.1016/j.chembiol.2013.12.007,Detection of miRNA expression in intact cells using activatable sensor oligonucleotides.,seed-mediated off-target effect,B,Results; paragraph 7,abstain,none,False,False,NA,0.0,none,False,NONE,no source passage available; abstain required by Task A contract,codex_no_source_abstain_rule,reject,ni_jie,C,Reject: PMID 24440078 abstract/title reviewed; no clear in-scope seed-mediated off-target effect endpoint is grounded for SCR ASO.
348,offtarget_evidence,347,siRNA-604,19815667,PMC2794185,10.1093/nar/gkp835,Profiling of mismatch discrimination in RNAi enabled rational design of allele-specific siRNAs.,hybridization/mismatch off-target effect,B,RESULTS > Rational design of allele-specific siRNA using the mismatch discrimination model as a guide; paragraph 20,abstain,none,False,False,NA,0.0,none,False,NONE,no source passage available; abstain required by Task A contract,codex_no_source_abstain_rule,accept,ni_jie,C,"Accept C: PubMed abstract gives a weak abstract-level signal for hybridization/mismatch off-target effect in siRNA-604; no full passage, so curator kept confidence limited."
349,offtarget_evidence,348,DCA-siRNA,41634015,PMC12976281,10.1038/s41467-026-68993-1,Intradermal delivery of lipophilic siRNAs enables prolonged skin retention and sustained gene silencing in a porcine model.,hybridization/mismatch off-target effect,B,"Results > Intradermal administration of conjugated JAK13033 siRNAs in pigs demonstrates durable skin retention for at least 2 months, minimal systemic exposure, and a favorable safety profile; paragraph 12",reject,PK/biodistribution and safety only,False,True,NA,0.95,pmc_full_text,False,NONE,"Passage reports intradermal siRNA skin retention, systemic exposure, hematology, and safety parameters; it does not present observed hybridization-, seed-, or transcriptome-level unintended off-target evidence.",codex_gpt-5.5_manual_agent,reject,ni_jie,C,"Reject: PMID 41634015; Passage reports intradermal siRNA skin retention, systemic exposure, hematology, and safety parameters; it does not present observed hybridization-, seed-, or transcriptome-level unintended off-target evidence."
350,offtarget_evidence,349,THP-1,41898774,PMC13026121,10.3390/ijms27062915,Functional siRNA Delivery via Jet Nebulization: Proof-of-Concept IL-1ß Silencing in Macrophage-like THP-1 Cells.,seed-mediated off-target effect,B,2. Results > 2.1. Design of siRNAs Targeting IL-1β and Evaluation of Silencing Efficiency; paragraph 7,reject,proof-of-concept on-target silencing only,False,False,NA,0.94,pmc_full_text,False,NONE,Passage designs and tests IL-1beta siRNAs for delivery and on-target knockdown in THP-1 cells; no observed unintended seed-mediated off-target evidence is provided.,codex_gpt-5.5_manual_agent,reject,ni_jie,C,Reject: PMID 41898774; Passage designs and tests IL-1beta siRNAs for delivery and on-target knockdown in THP-1 cells; no observed unintended seed-mediated off-target evidence is provided.
351,offtarget_evidence,350,siVIM-270,41467115,PMC12744844,10.1016/j.omtn.2025.102693,An siRMSD parameter of structural distortion induced by chemical modification is predictive of the off-target effect of siRNA.,seed-mediated off-target effect,B,Results > RNAi and off-target activities of siRNAs with chemical modifications; paragraph 10,accept,seed-mediated off-target effect,True,True,A,0.95,pmc_full_text,True,The effects on off-target genes were validated by microarray and RT-qPCR analyses.,"Full-text reporter, microarray, and RT-qPCR assays measured endogenous seed-dependent off-target effects of chemically modified siRNAs.",codex_gpt-5.5_manual_agent,accept,ni_jie,A,
352,offtarget_evidence,351,RAB18,39380712,PMC11458997,10.1016/j.omtn.2024.102335,RAB18 regulates extrahepatic siRNA-mediated gene silencing efficacy.,transcriptome-level off-target effect,B,Results > Knocking down Rab18 in mouse liver enhances the target gene silencing effect of GalNAc-HPRT1 siRNA; paragraph 9,reject,mechanistic lab knockdown/transcriptomics,False,False,NA,0.90,pmc_full_text,False,NONE,"Passage uses Rab18 siRNA and CRISPR-derived models to study regulation of siRNA-mediated silencing; RNA-seq changes are Rab18 biology/trigger-selection context, not therapeutic oligo off-target safety evidence.",codex_gpt-5.5_manual_agent,reject,ni_jie,C,"Reject: PMID 39380712; Passage uses Rab18 siRNA and CRISPR-derived models to study regulation of siRNA-mediated silencing; RNA-seq changes are Rab18 biology/trigger-selection context, not therapeutic oligo off-target safety evidence."
353,offtarget_evidence,352,SOD1,38979291,PMC11230209,10.1101/2024.06.20.599943,RNAi-mediated silencing of SOD1 profoundly extends survival and functional outcomes in ALS mice.,hybridization/mismatch off-target effect,B,RESULTS > Chemical optimization of di-siRNASOD_123 improves compound durability.; paragraph 20,reject,on-target cross-species mismatch/efficacy,False,True,NA,0.90,pmc_full_text,False,NONE,"Passage describes therapeutic SOD1 siRNA efficacy and tolerated mismatch to the intended NHP SOD1 target; this is on-target cross-reactivity, not unintended off-target evidence.",codex_gpt-5.5_manual_agent,reject,ni_jie,C,"Reject: PMID 38979291; Passage describes therapeutic SOD1 siRNA efficacy and tolerated mismatch to the intended NHP SOD1 target; this is on-target cross-reactivity, not unintended off-target evidence."
354,offtarget_evidence,353,STAT3,38549376,PMC11184339,10.1016/j.ymthe.2024.03.035,RNAi mediated silencing of STAT3/PD-L1 in tumor-associated immune cells induces robust anti-tumor effects in immunotherapy resistant tumors.,hybridization/mismatch off-target effect,B,Results > RNAi-lipid conjugates mediate target mRNA silencing in the TME; paragraph 9,reject,on-target tumor efficacy,False,True,NA,0.94,pmc_full_text,False,NONE,"Passage reports RNAi-mediated silencing of STAT3/PD-L1 and anti-tumor effects; the captured evidence is on-target efficacy, not observed unintended off-target effects.",codex_gpt-5.5_manual_agent,reject,ni_jie,C,"Reject: PMID 38549376; Passage reports RNAi-mediated silencing of STAT3/PD-L1 and anti-tumor effects; the captured evidence is on-target efficacy, not observed unintended off-target effects."
355,offtarget_evidence,354,DM1,37200862,PMC10185704,10.1016/j.omtn.2023.04.010,Block or degrade? Balancing on- and off-target effects of antisense strategies against transcripts with expanded triplet repeats in DM1.,transcriptome-level off-target effect,B,Results > The repeat-blocking ASO and both gapmers lead to downregulation of DMPK RNA; paragraph 8,accept,transcriptome-level off-target effect,True,True,A,0.92,pmc_full_text,True,"by performing RNA sequencing (RNA-seq) for cells after ASO treatment, we assessed both on- and off-target effects of the ASOs on a transcriptome-wide level.",Full-text DM1 ASO study used RNA-seq after ASO treatment to assess on- and off-target transcriptome effects.,codex_gpt-5.5_manual_agent,accept,ni_jie,A,
356,offtarget_evidence,355,199-401,37315786,PMC10362152,10.1016/j.jbc.2023.104916,Disruption of Golgi markers by two RILP-directed shRNAs in neurons: A new role for RILP or a neuron-specific off-target phenotype?,seed-mediated off-target effect,B,Results > Two published sh plasmids targeting rat RILP give different phenotypes with respect to NSG2 degradation; paragraph 5,reject,shRNA excluded,False,False,NA,0.98,pmc_full_text,False,NONE,Passage concerns RILP-directed shRNAs and an off-target phenotype in neurons; shRNA is explicitly excluded by the v2 contract.,codex_gpt-5.5_manual_agent,reject,ni_jie,C,Reject: PMID 37315786; Passage concerns RILP-directed shRNAs and an off-target phenotype in neurons; shRNA is explicitly excluded by the v2 contract.
357,offtarget_evidence,356,RILP shRNA,36945482,PMC10028860,10.1101/2023.03.08.531742,"""Disruption of Golgi markers by two RILP-directed shRNAs in neurons: a new role for RILP or a neuron-specific off-target phenotype?"".",seed-mediated off-target effect,B,Results > Two published short hairpin plasmids targeting rat RILP give different phenotypes with respect to NSG2 degradation.; paragraph 5,reject,shRNA excluded,False,False,NA,0.98,pmc_full_text,False,NONE,Passage concerns RILP shRNA off-target phenotype analysis; shRNA is explicitly excluded by the v2 contract.,codex_gpt-5.5_manual_agent,reject,ni_jie,C,Reject: PMID 36945482; Passage concerns RILP shRNA off-target phenotype analysis; shRNA is explicitly excluded by the v2 contract.
358,offtarget_evidence,357,siNT-1,37554515,PMC10404560,10.1016/j.omtn.2023.06.021,An unbiased seed-based RNAi selection screen identifies small RNAs that inhibit androgen signaling and prostate cancer cell growth.,seed-mediated off-target effect,B,Results > Depleted shRNAs reduce viability and growth of PCa cells and xenografts; paragraph 11,reject,RNAi screen/intentional seed biology,False,False,NA,0.94,pmc_full_text,False,NONE,"Passage describes an unbiased seed-based RNAi screen and prostate cancer growth inhibition; the small RNAs are screening tools/intentional seed biology, not therapeutic oligo unintended off-target evidence.",codex_gpt-5.5_manual_agent,reject,ni_jie,C,"Reject: PMID 37554515; Passage describes an unbiased seed-based RNAi screen and prostate cancer growth inhibition; the small RNAs are screening tools/intentional seed biology, not therapeutic oligo unintended off-target evidence."
359,offtarget_evidence,358,siVwf5,37467023,PMC10582391,10.1182/bloodadvances.2023010643,Small interfering RNA-mediated allele-selective silencing of von Willebrand factor in vitro and in vivo.,seed-mediated off-target effect,B,Results > In-silico design and in vitro selection of mouse strain-selective siRNAs targeting Vwf; paragraph 18,abstain,none,False,False,NA,0.0,none,False,NONE,no source passage available; abstain required by Task A contract,codex_no_source_abstain_rule,reject,ni_jie,C,Reject: PMID 37467023; available abstract is not enough to curate seed-mediated off-target effect for siVwf5 as a verified offtarget record.
360,offtarget_evidence,359,shS1,35356684,PMC8933642,10.1016/j.omtn.2022.02.019,VEGFA-targeting miR-agshRNAs combine efficacy with specificity and safety for retinal gene therapy.,seed-mediated off-target effect,B,"Results > Characterization of two VEGFA-targeting agshRNA-shRNAs pairs, Pol II-driven miR-agshRNAs, and their competition with an endogenous miRNA; paragraph 9",reject,AAV/shRNA gene therapy excluded,False,False,NA,0.98,pmc_full_text,False,NONE,Passage evaluates VEGFA-targeting miR-agshRNAs for retinal gene therapy; AAV/viral gene therapy and shRNA/agshRNA modalities are excluded by the v2 contract.,codex_gpt-5.5_manual_agent,reject,ni_jie,C,Reject: PMID 35356684; Passage evaluates VEGFA-targeting miR-agshRNAs for retinal gene therapy; AAV/viral gene therapy and shRNA/agshRNA modalities are excluded by the v2 contract.
361,offtarget_evidence,360,siCtle1,36445136,PMC9753735,10.1128/mcb.00271-22,Small Interfering RNAs Targeting a Chromatin-Associated RNA Induce Its Transcriptional Silencing in Human Cells.,transcriptome-level off-target effect,B,RESULTS > Repression of transcription by VINK siRNA is dependent on base-pairing to its target site.; FIG 4 caption,abstain,none,False,False,NA,0.0,none,False,NONE,no source passage available; abstain required by Task A contract,codex_no_source_abstain_rule,reject,ni_jie,C,"Reject: PMID 36445136; the abstained record was checked at abstract level, but transcriptome-level off-target effect is still not directly recoverable for siCtle1."
362,offtarget_evidence,361,70 siRNA,33321203,PMC7832576,10.1016/j.ygeno.2020.12.021,A computational approach to design potential siRNA molecules as a prospective tool for silencing nucleocapsid phosphoprotein and surface glycoprotein gene of SARS-CoV-2.,seed-mediated off-target effect,B,Results > Off-target binding exclusion using blast; paragraph 18,abstain,none,False,False,NA,0.0,none,False,NONE,no source passage available; abstain required by Task A contract,codex_no_source_abstain_rule,reject,ni_jie,C,Reject: PMID 33321203; 70 siRNA remains unsupported for seed-mediated off-target effect after abstract-level review of 'A computational approach to design potential siRNA molecules as a prospective tool for silenci?'.
363,offtarget_evidence,362,siSdf1,33020600,PMC7655681manuscript-id: NIHMS1626519,10.1038/s41551-020-00623-7,Nanoparticle-encapsulated siRNAs for gene silencing in the haematopoietic stem-cell niche.,transcriptome-level off-target effect,B,Results > Sdf1/Mcp1 target screening; paragraph 10,abstain,none,False,False,NA,0.0,none,False,NONE,no source passage available; abstain required by Task A contract,codex_no_source_abstain_rule,reject,ni_jie,C,Reject: PMID 33020600; no source passage or abstract wording gives a dependable offtarget call for siSdf1.
364,offtarget_evidence,363,siCdc2,29246303,PMC5675723,10.1016/j.omtn.2017.10.003,Site-Specific Modification Using the 2'-Methoxyethyl Group Improves the Specificity and Activity of siRNAs.,off-target evidence,B,Results > Combination of MOE at Positions 9 and 10 with OMe at Position 14 Diminished or Eliminated Off-Target Effects; paragraph 17,accept,seed-mediated off-target silencing,True,True,B,0.90,pmc_full_text,True,"When the MOE on the guide strand was combined with OMe at position 14 on the passenger strand, the off-target silencing was almost completely eliminated (Figure 8B).",Full-text dual-luciferase and qPCR assays measured unintended passenger-strand off-target silencing and its reduction by site-specific siRNA modifications.,codex_gpt-5.5_manual_agent,accept,ni_jie,B,
365,offtarget_evidence,364,RIsearch2,28108657,PMC5416843,10.1093/nar/gkw1325,RIsearch2: suffix array-based large-scale prediction of RNA-RNA interactions and siRNA off-targets.,seed-mediated off-target effect,B,RESULTS > Computational complexity; paragraph 50,abstain,none,False,False,NA,0.0,none,False,NONE,no source passage available; abstain required by Task A contract,codex_no_source_abstain_rule,reject,ni_jie,C,Reject: PMID 28108657; available abstract is not enough to curate seed-mediated off-target effect for RIsearch2 as a verified offtarget record.
366,offtarget_evidence,365,shR6,29063830,PMC5655136,10.7554/eLife.29702,Many si/shRNAs can kill cancer cells by targeting multiple survival genes through an off-target mechanism.,seed-mediated off-target effect,B,Results > Involvement of canonical RNAi; Figure 3. caption,abstain,none,False,False,NA,0.0,none,False,NONE,no source passage available; abstain required by Task A contract,codex_no_source_abstain_rule,reject,ni_jie,C,Reject: PMID 29063830; 'Many si/shRNAs can kill cancer cells by targeting multiple survival genes through an off-targe?' does not provide a sufficiently specific administered-oligo offtarget endpoint for shR6.
367,offtarget_evidence,366,CDCA7L shRNA,26197079,PMC4511418,10.1371/journal.pone.0131370,Morphological Profiles of RNAi-Induced Gene Knockdown Are Highly Reproducible but Dominated by Seed Effects.,seed-mediated off-target effect,B,Results > The off-target seed effect is stronger than the on-target effect; paragraph 19,abstain,none,False,False,NA,0.0,none,False,NONE,no source passage available; abstain required by Task A contract,codex_no_source_abstain_rule,reject,ni_jie,C,Reject: PMID 26197079 abstract/title reviewed; no clear in-scope seed-mediated off-target effect endpoint is grounded for CDCA7L shRNA.
368,offtarget_evidence,367,27-32,26057633,PMC4673289,10.18632/oncotarget.4269,siRNAs with decreased off-target effect facilitate the identification of essential genes in cancer cells.,hybridization/mismatch off-target effect,B,RESULTS > Match-Mismatch siRNA assays discriminate the siRNA target effect from the off-target effect; paragraph 7,abstain,none,False,False,NA,0.0,none,False,NONE,no source passage available; abstain required by Task A contract,codex_no_source_abstain_rule,reject,ni_jie,C,Reject: PMID 26057633; no source passage or abstract wording gives a dependable offtarget call for 27-32.
369,offtarget_evidence,368,AF9,24517546,PMC3924703,10.1186/1476-4598-13-27,RNAi-mediated silencing of MLL-AF9 reveals leukemia-associated downstream targets and processes.,off-target evidence,B,Results > Specific siRNA knockdown of MLL-AF9; paragraph 8,abstain,none,False,False,NA,0.0,none,False,NONE,no source passage available; abstain required by Task A contract,codex_no_source_abstain_rule,reject,ni_jie,C,Reject: PMID 24517546 abstract/title reviewed; no clear in-scope off-target evidence endpoint is grounded for AF9.
370,offtarget_evidence,369,60 siRNA,24875475,PMC4081087,10.1093/nar/gku480,siPools: highly complex but accurately defined siRNA pools eliminate off-target effects.,seed-mediated off-target effect,B,RESULTS > siPools affect global transcript levels less than single siRNAs; Figure 4. caption,abstain,none,False,False,NA,0.0,none,False,NONE,no source passage available; abstain required by Task A contract,codex_no_source_abstain_rule,accept,ni_jie,C,"Accept C: PubMed abstract gives a weak abstract-level signal for seed-mediated off-target effect in 60 siRNA; no full passage, so curator kept confidence limited."
371,offtarget_evidence,370,DNA-modified siRNA,24561616,PMC4005638,10.1093/nar/gku153,"Interactions between the non-seed region of siRNA and RNA-binding RLC/RISC proteins, Ago and TRBP, in mammalian cells.",seed-mediated off-target effect,B,RESULTS > Difference in RNAi properties of an authentic siRNA and dsDNA-substituted siRNA; paragraph 14,abstain,none,False,False,NA,0.0,none,False,NONE,no source passage available; abstain required by Task A contract,codex_no_source_abstain_rule,reject,ni_jie,C,Reject: PMID 24561616 abstract/title reviewed; no clear in-scope seed-mediated off-target effect endpoint is grounded for DNA-modified siRNA.
372,offtarget_evidence,371,HoxA1,24382894,PMC5546412manuscript-id: NIHMS690470,10.1126/scitranslmed.3007048,Silencing HoxA1 by intraductal injection of siRNA lipidoid nanoparticles prevents mammary tumor progression in mice.,transcriptome-level off-target effect,B,RESULTS > Silencing HoxA1 in human breast cancer; paragraph 12,abstain,none,False,False,NA,0.0,none,False,NONE,no source passage available; abstain required by Task A contract,codex_no_source_abstain_rule,reject,ni_jie,C,Reject: PMID 24382894; available abstract is not enough to curate transcriptome-level off-target effect for HoxA1 as a verified offtarget record.
373,offtarget_evidence,372,353 siRNA,24972830,PMC4117740,10.1093/nar/gku306,Computational detection and suppression of sequence-specific off-target phenotypes from whole genome RNAi screens.,seed-mediated off-target effect,B,RESULTS; Figure 3. caption,abstain,none,False,False,NA,0.0,none,False,NONE,no source passage available; abstain required by Task A contract,codex_no_source_abstain_rule,reject,ni_jie,C,Reject: PMID 24972830 abstract/title reviewed; no clear in-scope seed-mediated off-target effect endpoint is grounded for 353 siRNA.
374,offtarget_evidence,373,IDH1 siRNA,23484018,PMC3590146,10.1371/journal.pone.0058326,Whole-genome thermodynamic analysis reduces siRNA off-target effects.,off-target evidence,B,Results > Check the Potential Off-target Genes of siRNAs; Figure 3 caption,abstain,none,False,False,NA,0.0,none,False,NONE,no source passage available; abstain required by Task A contract,codex_no_source_abstain_rule,reject,ni_jie,C,Reject: PMID 23484018; 'Whole-genome thermodynamic analysis reduces siRNA off-target effects.' does not provide a sufficiently specific administered-oligo offtarget endpoint for IDH1 siRNA.
375,offtarget_evidence,374,ss-siRNA,23935115,PMC3814390,10.1093/nar/gkt693,ss-siRNAs allele selectively inhibit ataxin-3 expression: multiple mechanisms for an alternative gene silencing strategy.,hybridization/mismatch off-target effect,B,RESULTS > Effect of altering chemical modifications; paragraph 29,abstain,none,False,False,NA,0.0,none,False,NONE,no source passage available; abstain required by Task A contract,codex_no_source_abstain_rule,reject,ni_jie,C,Reject: PMID 23935115; available abstract is not enough to curate hybridization/mismatch off-target effect for ss-siRNA as a verified offtarget record.
376,offtarget_evidence,375,siR-04,23145149,PMC3493533,10.1371/journal.pone.0049309,siRNA has greatly elevated mismatch tolerance at 3'-UTR sites.,hybridization/mismatch off-target effect,B,Results > Mismatch Tolerance of siRNA had Greatly Elevated in the 3′-UTR than Coding Region; Figure 1 caption,abstain,none,False,False,NA,0.0,none,False,NONE,no source passage available; abstain required by Task A contract,codex_no_source_abstain_rule,reject,ni_jie,C,Reject: PMID 23145149 abstract/title reviewed; no clear in-scope hybridization/mismatch off-target effect endpoint is grounded for siR-04.
377,offtarget_evidence,376,si2A-AF555,22064859,PMC3287199,10.1093/nar/gkr891,Direct evidence of nuclear Argonaute distribution during transcriptional silencing links the actin cytoskeleton to nuclear RNAi machinery in human cells.,hybridization/mismatch off-target effect,B,RESULTS > siPromA suppresses HIV-1 virus replication; paragraph 19,abstain,none,False,False,NA,0.0,none,False,NONE,no source passage available; abstain required by Task A contract,codex_no_source_abstain_rule,reject,ni_jie,C,"Reject: PMID 22064859; the abstained record was checked at abstract level, but hybridization/mismatch off-target effect is still not directly recoverable for si2A-AF555."
378,offtarget_evidence,377,H1-shRNA,22827812,PMC3424168,10.1186/1472-6750-12-42,Optimization and comparison of knockdown efficacy between polymerase II expressed shRNA and artificial miRNA targeting luciferase and Apolipoprotein B100.,hybridization/mismatch off-target effect,B,Results > Quantification of siRNA molecules processed from the different shRNA and miRNA scaffolds; paragraph 15,abstain,none,False,False,NA,0.0,none,False,NONE,no source passage available; abstain required by Task A contract,codex_no_source_abstain_rule,reject,ni_jie,C,Reject: PMID 22827812; available abstract is not enough to curate hybridization/mismatch off-target effect for H1-shRNA as a verified offtarget record.
379,offtarget_evidence,378,EIF-5A-siRNA,22694849,PMC3438091,10.1186/1471-2180-12-107,"In vitro and in vivo silencing of plasmodial dhs and eIf-5a genes in a putative, non-canonical RNAi-related pathway.",off-target evidence,B,Results > Monitoring in vivo silencing of eIF-5A and DHS in erythrocytic stages after infection of NMRI mice with transgenic schizonts from P. berghei; Figure 3,abstain,none,False,False,NA,0.0,none,False,NONE,no source passage available; abstain required by Task A contract,codex_no_source_abstain_rule,reject,ni_jie,C,"Reject: PMID 22694849; 'In vitro and in vivo silencing of plasmodial dhs and eIf-5a genes in a putative, non-canonical?' does not provide a sufficiently specific administered-oligo offtarget endpoint for EIF-5A-siRNA."
380,offtarget_evidence,379,shRNA18,22174890,PMC3236221,10.1371/journal.pone.0028753,An off-target nucleostemin RNAi inhibits growth in human glioblastoma-derived cancer stem cells.,off-target evidence,B,Results > Characterization of the shRNAs designed to target human nucleostemin; paragraph 8,abstain,none,False,False,NA,0.0,none,False,NONE,no source passage available; abstain required by Task A contract,codex_no_source_abstain_rule,reject,ni_jie,C,Reject: PMID 22174890; shRNA18 remains unsupported for off-target evidence after abstract-level review of 'An off-target nucleostemin RNAi inhibits growth in human glioblastoma-derived cancer stem cell?'.
381,offtarget_evidence,380,000 siRNA,21443765,PMC3073923,10.1186/1471-2164-12-162,A cell spot microarray method for production of high density siRNA transfection microarrays.,transcriptome-level off-target effect,B,Results > Validation of the screening results; paragraph 20,abstain,none,False,False,NA,0.0,none,False,NONE,no source passage available; abstain required by Task A contract,codex_no_source_abstain_rule,reject,ni_jie,C,Reject: PMID 21443765; 'A cell spot microarray method for production of high density siRNA transfection microarrays.' does not provide a sufficiently specific administered-oligo offtarget endpoint for 000 siRNA.
382,offtarget_evidence,381,TGFBR2,21401928,PMC3068080,10.1186/1758-907X-2-3,Off-target effects dominate a large-scale RNAi screen for modulators of the TGF-β pathway and reveal microRNA regulation of TGFBR2.,seed-mediated off-target effect,B,Results > Off-target effects are mediated by miRNA-like target sites > Heptamer seed motifs in TGFBR2 are enriched in screen hits; paragraph 29,abstain,none,False,False,NA,0.0,none,False,NONE,no source passage available; abstain required by Task A contract,codex_no_source_abstain_rule,reject,ni_jie,C,Reject: PMID 21401928; 'Off-target effects dominate a large-scale RNAi screen for modulators of the TGF-β pathway and?' does not provide a sufficiently specific administered-oligo offtarget endpoint for TGFBR2.
383,offtarget_evidence,382,siEGFP1,20453030,PMC2943616,10.1093/nar/gkq341,A screen of chemical modifications identifies position-specific modification by UNA to most potently reduce siRNA off-target effects.,seed-mediated off-target effect,B,RESULTS > siRNA titrations reveal reduced off-targeting by siRNA UNA modification; paragraph 13,abstain,none,False,False,NA,0.0,none,False,NONE,no source passage available; abstain required by Task A contract,codex_no_source_abstain_rule,accept,ni_jie,B,"Accept B: PubMed abstract gives a direct abstract-level signal for seed-mediated off-target effect in siEGFP1; no full passage, so curator kept confidence limited."
384,offtarget_evidence,383,Ago2; Ago1,19767612,PMC2777430,10.1093/nar/gkp735,Off-target and a portion of target-specific siRNA mediated mRNA degradation is Ago2 'Slicer' independent and can be mediated by Ago1.,seed-mediated off-target effect,B,RESULTS > Ago2 is not required for PIK3CB off-target and some on-target siRNA activity; paragraph 15,abstain,none,False,False,NA,0.0,none,False,NONE,no source passage available; abstain required by Task A contract,codex_no_source_abstain_rule,accept,ni_jie,C,"Accept C: PubMed abstract gives a weak abstract-level signal for seed-mediated off-target effect in Ago2; Ago1; no full passage, so curator kept confidence limited."
385,offtarget_evidence,384,MBD6 siRNA,19061642,PMC2741319manuscript-id: NIHMS83647,10.1016/j.molcel.2008.11.009,Multimegabase silencing in nucleolar dominance involves siRNA-directed DNA methylation and specific methylcytosine-binding proteins.,transcriptome-level off-target effect,B,"Results > Evidence for DRM2, DCL3 and RDR2-dependent methylation of rRNA genes; paragraph 16",abstain,none,False,False,NA,0.0,none,False,NONE,no source passage available; abstain required by Task A contract,codex_no_source_abstain_rule,reject,ni_jie,C,Reject: PMID 19061642; no source passage or abstract wording gives a dependable offtarget call for MBD6 siRNA.
386,offtarget_evidence,385,TNFR1,18096615,PMC2275081,10.1093/nar/gkm630,Knockdown of TNFR1 by the sense strand of an ICAM-1 siRNA: dissection of an off-target effect.,seed-mediated off-target effect,B,RESULTS > 736 SENSE STRAND ACTIVITY IS INHIBITED BY CHEMICAL AND SEQUENCE MODIFICATION; paragraph 30,abstain,none,False,False,NA,0.0,none,False,NONE,no source passage available; abstain required by Task A contract,codex_no_source_abstain_rule,accept,ni_jie,C,"Accept C: PubMed abstract gives a weak abstract-level signal for seed-mediated off-target effect in TNFR1; no full passage, so curator kept confidence limited."
387,offtarget_evidence,386,siGL3,16410612,PMC1331994,10.1093/nar/gkj439,Insights into the kinetics of siRNA-mediated gene silencing from live-cell and live-animal bioluminescent imaging.,off-target evidence,B,RESULTS > Kinetics of luciferase knockdown by siRNA in subcutaneous tumors; paragraph 24,abstain,none,False,False,NA,0.0,none,False,NONE,no source passage available; abstain required by Task A contract,codex_no_source_abstain_rule,reject,ni_jie,C,Reject: PMID 16410612; available abstract is not enough to curate off-target evidence for siGL3 as a verified offtarget record.
388,offtarget_evidence,387,14-8 siRNA,19771225,PMC2737221,,Minimizing off-target effects by using diced siRNAs for RNA interference.,seed-mediated off-target effect,B,RESULTS > Secondary effects and off-target effects; paragraph 44,abstain,none,False,False,NA,0.0,none,False,NONE,no source passage available; abstain required by Task A contract,codex_no_source_abstain_rule,reject,ni_jie,C,Reject: PMID 19771225 abstract/title reviewed; no clear in-scope seed-mediated off-target effect endpoint is grounded for 14-8 siRNA.
389,offtarget_evidence,388,10-5,42112101,PMC13156736,10.1016/j.omtn.2026.102933,ClinASO: An open-source platform for rapid drug discovery of gapmer antisense oligonucleotides.,hybridization/mismatch off-target effect,B,Results > ClinASO enables efficient identification of potent ASO against PCSK9; paragraph 12,reject,computational/design-only off-target filtering,False,True,NA,0.92,pmc_full_text,False,NONE,ClinASO uses off-target prediction/filtering as a design criterion and validates on-target ASO knockdown; the captured passage does not provide primary observed off-target effect evidence.,codex_gpt-5.5_manual_agent,reject,ni_jie,C,Reject: PMID 42112101; ClinASO uses off-target prediction/filtering as a design criterion and validates on-target ASO knockdown; the captured passage does not provide primary observed off-target effect evidence.
390,offtarget_evidence,389,TS1-ASO,35801870,PMC9303313,10.1093/nar/gkac562,Identification of nucleobase chemical modifications that reduce the hepatotoxicity of gapmer antisense oligonucleotides.,hybridization/mismatch off-target effect,B,RESULTS > Identification of potential nucleobase modifications that reduce LNA gapmer hepatotoxicity; Figure 2. caption,accept,hybridization-dependent off-target gene-expression effect,True,True,B,0.78,pmc_full_text,True,This means that there is no clear correlation between the changes in the off-target effects and the hepatotoxicity observed with the introduction of nucleobase modification.,"Full-text gapmer ASO study administered hepatotoxic LNA gapmers in mice and compared gene-expression/off-target effect changes with hepatotoxicity; observed off-target changes were measured, though toxicity reduction was inferred mainly hybridization-independent.",codex_gpt-5.5_manual_agent,accept,ni_jie,B,
391,offtarget_evidence,390,S10-1,36511872,PMC9825156,10.1093/nar/gkac1108,G-rich motifs within phosphorothioate-based antisense oligonucleotides (ASOs) drive activation of FXN expression through indirect effects.,hybridization/mismatch off-target effect,B,RESULTS > Indirect FXN activation is unlikely to be mediated by a mutual hybridization-dependent off-target transcript; paragraph 49,accept,transcriptome-level indirect off-target effect,True,True,A,0.91,pmc_full_text,True,"RNA sequencing analyses showed that the two ASOs induced similar transcriptome-wide changes, which did not resemble the transcriptome of wild-type cells.","Full-text RNA-seq showed FXN-activating therapeutic ASOs caused shared transcriptome-wide changes and indirect activity, supporting observed off-target-domain evidence beyond on-target FXN activation.",codex_gpt-5.5_manual_agent,accept,ni_jie,C,Grade adjusted A->C: PMID 36511872; weak/generic or abstract-limited support for hybridization/mismatch off-target effect.
392,offtarget_evidence,391,LNA ASO,26553810,PMC4797265,10.1093/nar/gkv1210,Hepatotoxicity of high affinity gapmer antisense oligonucleotides is mediated by RNase H1 dependent promiscuous reduction of very long pre-mRNA transcripts.,hybridization/mismatch off-target effect,B,RESULTS > Hepatotoxicity of LNA ASOs is RNase H1 dependent; paragraph 35,accept,transcriptome-level off-target RNA knockdown,True,True,A,0.95,pmc_full_text,True,"We observed highly selective transcript knockdown in mice treated with non-hepatotoxic LNA ASOs, while the levels of many unintended transcripts were reduced in mice treated with hepatotoxic LNA ASOs.",Full-text mouse transcriptional profiling directly measured unintended transcript reductions from hepatotoxic high-affinity gapmer ASOs.,codex_gpt-5.5_manual_agent,accept,ni_jie,A,
393,offtarget_evidence,392,SNA2-ASO,40034209,PMC11875678,10.1016/j.omtn.2025.102476,SNA-modified antisense oligonucleotides: A new pathway for renal targeting?,off-target evidence,B,Main text; paragraph 4,reject,NA,False,True,NA,0.93,pmc_full_text,False,NONE,Reject under v2: passage is a commentary/safety discussion of renal-targeted SNA2-ASO chemistry and says transcriptome-wide off-target analyses are still needed; no primary measured unintended off-target result.,codex_gpt-5.5_manual_agent,reject,ni_jie,C,Reject: PMID 40034209; Reject under v2: passage is a commentary/safety discussion of renal-targeted SNA2-ASO chemistry and says transcriptome-wide off-target analyses are still needed; no primary measured unintended off-target result.
394,offtarget_evidence,393,TMEM16a,40926414,PMC12703169,10.1016/j.ymthe.2025.08.045,Restoring chloride efflux in cystic fibrosis with TMEM16a antisense oligonucleotides.,off-target evidence,B,Results > TMEM16a ASO is specific and not toxic; paragraph 12,accept,experimental off-target interaction profiling,True,True,B,0.86,pmc_full_text,True,No notable adverse drug binding of TMEM16a ASO was observed,Full-text primary profiling screened undesirable off-target interactions for a therapeutic TMEM16a ASO and reported no notable adverse drug binding.,codex_gpt-5.5_manual_agent,accept,ni_jie,B,
395,offtarget_evidence,394,JQ1-ASO,40758869,PMC12356583,10.1021/jacs.5c09544,Harnessing BET-Bromodomain Assisted Nuclear Import for Targeted Subcellular Localization and Enhanced Efficacy of Antisense Oligonucleotides.,hybridization/mismatch off-target effect,B,Results; paragraph 8,abstain,none,False,False,NA,0.0,none,False,NONE,no source passage available; abstain required by Task A contract,codex_no_source_abstain_rule,reject,ni_jie,C,Reject: PMID 40758869; 'Harnessing BET-Bromodomain Assisted Nuclear Import for Targeted Subcellular Localization and E?' does not provide a sufficiently specific administered-oligo offtarget endpoint for JQ1-ASO.
396,offtarget_evidence,395,SNORA13,40529507,PMC12171199,10.3389/fphar.2025.1564682,SNORA13 antisense oligonucleotides enhances the therapeutical effects of 5-fluorouracil in colon adenocarcinoma.,transcriptome-level off-target effect,B,Results > Knockdown of SNORA13 represses nicotinamide N-methyltransferase levels; FIGURE 5 caption,abstain,none,False,False,NA,0.0,none,False,NONE,no source passage available; abstain required by Task A contract,codex_no_source_abstain_rule,reject,ni_jie,C,Reject: PMID 40529507; available abstract is not enough to curate transcriptome-level off-target effect for SNORA13 as a verified offtarget record.
397,offtarget_evidence,396,SARM1,40473123,PMC7617922manuscript-id: EMS207275,10.1016/j.nbd.2025.106986,SARM1 activation induces reversible mitochondrial dysfunction and can be prevented in human neurons by antisense oligonucleotides.,off-target evidence,B,Results > ASOs targeting human SARM1 rescue human iPSC-derived dopamine neurons from vacor toxicity; paragraph 18,reject,NA,False,True,NA,0.96,pmc_full_text,False,NONE,"Reject under v2: source reports on-target SARM1 ASO knockdown and rescue of vacor-induced neuronal toxicity, not observed unintended oligo off-target evidence.",codex_gpt-5.5_manual_agent,reject,ni_jie,C,"Reject: PMID 40473123; Reject under v2: source reports on-target SARM1 ASO knockdown and rescue of vacor-induced neuronal toxicity, not observed unintended oligo off-target evidence."
398,offtarget_evidence,397,GNAO1-neurodevelopmental,39897576,PMC11787015,10.1016/j.omtn.2024.102432,Personalized allele-specific antisense oligonucleotides for GNAO1-neurodevelopmental disorder.,hybridization/mismatch off-target effect,B,Results > Screening allele-specific ASOs targeting c.736_738delinsAAA; paragraph 9,abstain,none,False,False,NA,0.0,none,False,NONE,no source passage available; abstain required by Task A contract,codex_no_source_abstain_rule,reject,ni_jie,C,Reject: PMID 39897576; available abstract is not enough to curate hybridization/mismatch off-target effect for GNAO1-neurodevelopmental as a verified offtarget record.
399,offtarget_evidence,398,SSR-5,39027419,PMC11255113,10.1016/j.omtn.2024.102246,Preclinical evaluation of stereopure antisense oligonucleotides for allele-selective lowering of mutant HTT.,hybridization/mismatch off-target effect,B,Results > Stereochemistry impacts allele selectivity for HTT SNPs; paragraph 10,abstain,none,False,False,NA,0.0,none,False,NONE,no source passage available; abstain required by Task A contract,codex_no_source_abstain_rule,reject,ni_jie,C,Reject: PMID 39027419; no source passage or abstract wording gives a dependable offtarget call for SSR-5.
400,offtarget_evidence,399,APOE-1 ASO,38654375,PMC11040766,10.1186/s13024-024-00725-9,Regulation of human microglial gene expression and function via RNAase-H active antisense oligonucleotides in vivo in Alzheimer's disease.,transcriptome-level off-target effect,B,Results > Safety profiles of the lead APOE and TREM2 ASOs; paragraph 65,abstain,none,False,False,NA,0.0,none,False,NONE,no source passage available; abstain required by Task A contract,codex_no_source_abstain_rule,reject,ni_jie,C,Reject: PMID 38654375; APOE-1 ASO remains unsupported for transcriptome-level off-target effect after abstract-level review of 'Regulation of human microglial gene expression and function via RNAase-H active antisense olig?'.
401,offtarget_evidence,400,MeCP2,39379106,PMC11571808,10.1261/rna.080220.124,Site-blocking antisense oligonucleotides as a mechanism to fine-tune MeCP2 expression.,seed-mediated off-target effect,B,RESULTS > MECP2-targeted sbASO design; FIGURE 2. caption,reject,NA,False,True,NA,0.91,pmc_full_text,False,NONE,Reject under v2: site-blocking ASOs are designed to modulate MECP2 3-prime UTR miRNA repression; severe phenotypes are explicitly unknown as on- or off-target and no measured off-target assay supports the claim.,codex_gpt-5.5_manual_agent,reject,ni_jie,C,Reject: PMID 39379106; Reject under v2: site-blocking ASOs are designed to modulate MECP2 3-prime UTR miRNA repression; severe phenotypes are explicitly unknown as on- or off-target and no measured off-target assay supports the claim.
402,offtarget_evidence,401,L858R ASO,39303667,PMC11437961,10.1016/j.ebiom.2024.105356,Customised design of antisense oligonucleotides targeting EGFR driver mutants for personalised treatment of non-small cell lung cancer.,off-target evidence,B,Results > Specific knockdown of mutant genes in NSCLC using ASO-loaded RBCEVs; paragraph 45,abstain,none,False,False,NA,0.0,none,False,NONE,no source passage available; abstain required by Task A contract,codex_no_source_abstain_rule,reject,ni_jie,C,Reject: PMID 39303667; 'Customised design of antisense oligonucleotides targeting EGFR driver mutants for personalised?' does not provide a sufficiently specific administered-oligo offtarget endpoint for L858R ASO.
403,offtarget_evidence,402,STAT6-targeting,38511173,PMC10950871,10.1016/j.omtn.2024.102154,STAT6-targeting antisense oligonucleotides against solitary fibrous tumor.,hybridization/mismatch off-target effect,B,Results > In vivo tolerability testing of STAT6 3′ UTR-targeting ASOs; paragraph 15,abstain,none,False,False,NA,0.0,none,False,NONE,no source passage available; abstain required by Task A contract,codex_no_source_abstain_rule,reject,ni_jie,C,Reject: PMID 38511173; 'STAT6-targeting antisense oligonucleotides against solitary fibrous tumor.' does not provide a sufficiently specific administered-oligo offtarget endpoint for STAT6-targeting.
404,offtarget_evidence,403,PC-3,37588686,PMC10425675,10.1016/j.omtn.2023.07.022,Cathepsin B-activatable cyclic antisense oligonucleotides for cell-specific target gene knockdown in vitro and in vivo.,off-target evidence,B,Results > In vivo TCTP gene silencing and antitumor effect with cASOTCTP-CBs in a xenograft tumor model; paragraph 15,reject,NA,False,True,NA,0.90,pmc_full_text,False,NONE,Reject under v2: cyclic ASO passage mainly supports conditional target knockdown and expected lower off-target binding; the off-target claim is design/expectation rather than a primary observed unintended off-target result.,codex_gpt-5.5_manual_agent,reject,ni_jie,C,Reject: PMID 37588686; Reject under v2: cyclic ASO passage mainly supports conditional target knockdown and expected lower off-target binding; the off-target claim is design/expectation rather than a primary observed unintended off-target result.
405,offtarget_evidence,404,STAT6,36700864,PMC10099280manuscript-id: NIHMS1870081,10.1158/2326-6066.CIR-22-0547,Inhibition of STAT6 with Antisense Oligonucleotides Enhances the Systemic Antitumor Effects of Radiotherapy and Anti-PD-1 in Metastatic Non-Small Cell Lung Cancer.,off-target evidence,B,Results > STAT6 ASOs inhibit target mRNA expression in macrophages in vitro and in vivo; paragraph 26,abstain,none,False,False,NA,0.0,none,False,NONE,no source passage available; abstain required by Task A contract,codex_no_source_abstain_rule,reject,ni_jie,C,Reject: PMID 36700864; no source passage or abstract wording gives a dependable offtarget call for STAT6.
406,offtarget_evidence,405,nusinersen,36516128,PMC9940807,10.1089/nat.2022.0060,Consensus Guidelines for the Design and In Vitro Preclinical Efficacy Testing N-of-1 Exon Skipping Antisense Oligonucleotides.,transcriptome-level off-target effect,B,Designing Exon Skipping ASOs; paragraph 18,abstain,none,False,False,NA,0.0,none,False,NONE,no source passage available; abstain required by Task A contract,codex_no_source_abstain_rule,reject,ni_jie,C,Reject: PMID 36516128 abstract/title reviewed; no clear in-scope transcriptome-level off-target effect endpoint is grounded for nusinersen.
407,offtarget_evidence,406,PS ASO,35858356,PMC9304022,10.1073/pnas.2113180119,Targeting oncogenic KRAS with molecular brush-conjugated antisense oligonucleotides.,hybridization/mismatch off-target effect,B,"Results > Cellular Uptake, KRAS Depletion, and Cell Viability.; paragraph 13",abstain,none,False,False,NA,0.0,none,False,NONE,no source passage available; abstain required by Task A contract,codex_no_source_abstain_rule,reject,ni_jie,C,Reject: PMID 35858356; available abstract is not enough to curate hybridization/mismatch off-target effect for PS ASO as a verified offtarget record.
408,offtarget_evidence,407,T0 ASO,34521352,PMC8439024,10.1186/s12863-021-00992-1,The choice of negative control antisense oligonucleotides dramatically impacts downstream analysis depending on the cellular background.,transcriptome-level off-target effect,B,Results > Negative control B causes deregulation of genes associated with LEC proliferation; paragraph 11,abstain,none,False,False,NA,0.0,none,False,NONE,no source passage available; abstain required by Task A contract,codex_no_source_abstain_rule,reject,ni_jie,C,Reject: PMID 34521352; available abstract is not enough to curate transcriptome-level off-target effect for T0 ASO as a verified offtarget record.
409,offtarget_evidence,408,STAT3,33203730,PMC7888537manuscript-id: NIHMS1643398,10.1158/1535-7163.MCT-20-0599,Targeting STAT3 with Proteolysis Targeting Chimeras and Next-Generation Antisense Oligonucleotides.,hybridization/mismatch off-target effect,B,Antisense Oligonucleotides; paragraph 22,abstain,none,False,False,NA,0.0,none,False,NONE,no source passage available; abstain required by Task A contract,codex_no_source_abstain_rule,reject,ni_jie,C,Reject: PMID 33203730; available abstract is not enough to curate hybridization/mismatch off-target effect for STAT3 as a verified offtarget record.
410,offtarget_evidence,409,TGFBR2-A,32178467,PMC7139664,10.3390/ijms21061952,Antisense Oligonucleotide in LNA-Gapmer Design Targeting TGFBR2-A Key Single Gene Target for Safe and Effective Inhibition of TGFβ Signaling.,hybridization/mismatch off-target effect,B,2. Results > 2.4. LNA Pattern Modifications Changed Activity of Antisense Oligonucleotides against TGFBR2; paragraph 12,reject,NA,False,True,NA,0.94,pmc_full_text,False,NONE,"Reject under v2: TGFBR2-A candidate selection used in-silico specificity and mismatch criteria plus efficacy/toxicity screening, but no primary observed unintended off-target effect.",codex_gpt-5.5_manual_agent,reject,ni_jie,C,"Reject: PMID 32178467; Reject under v2: TGFBR2-A candidate selection used in-silico specificity and mismatch criteria plus efficacy/toxicity screening, but no primary observed unintended off-target effect."
411,offtarget_evidence,410,PS-ASO,29390093,PMC5861398,10.1093/nar/gky060,Acute hepatotoxicity of 2' fluoro-modified 5-10-5 gapmer phosphorothioate oligonucleotides in mice correlates with intracellular protein binding and the loss of DBHS proteins.,hybridization/mismatch off-target effect,B,RESULTS > Hybridization-dependent toxicity is not likely to account for the 2′ F PS-ASO-induced hepatotoxicity; Figure 5. caption,accept,microarray off-target transcript assessment,True,True,B,0.88,pmc_full_text,True,"based on analysis of the microarray data, none of the potential off-target transcripts were reduced by >50%",Full-text microarray analysis experimentally checked predicted off-target transcripts after therapeutic gapmer dosing and grounded the off-target-domain conclusion.,codex_gpt-5.5_manual_agent,accept,ni_jie,B,
412,offtarget_evidence,411,PS ASO,28080221,PMC5372764,10.1089/nat.2016.0656,Molecular Mechanisms of Antisense Oligonucleotides.,hybridization/mismatch off-target effect,B,Hybridization; paragraph 13,abstain,none,False,False,NA,0.0,none,False,NONE,no source passage available; abstain required by Task A contract,codex_no_source_abstain_rule,reject,ni_jie,C,Reject: PMID 28080221; available abstract is not enough to curate hybridization/mismatch off-target effect for PS ASO as a verified offtarget record.
413,offtarget_evidence,412,45-47,27285612,PMC4927712,10.3791/53776,Multi-exon Skipping Using Cocktail Antisense Oligonucleotides in the Canine X-linked Muscular Dystrophy.,off-target evidence,B,Protocol > 1. Design of Antisense Oligos; paragraph 8,abstain,none,False,False,NA,0.0,none,False,NONE,no source passage available; abstain required by Task A contract,codex_no_source_abstain_rule,reject,ni_jie,C,Reject: PMID 27285612; 45-47 remains unsupported for off-target evidence after abstract-level review of 'Multi-exon Skipping Using Cocktail Antisense Oligonucleotides in the Canine X-linked Muscular?'.
414,offtarget_evidence,413,CD-1,24550163,PMC4005641,10.1093/nar/gku142,Sequence motifs associated with hepatotoxicity of locked nucleic acid--modified antisense oligonucleotides.,off-target evidence,B,RESULTS > Evaluation of hepatotoxicity in mice; paragraph 14,accept,reporter-assay sequence-motif off-target stress response,True,True,B,0.84,pmc_full_text,True,"The P53 and Nrf2/ARE reporters were substantially induced by compound 3 but not by 1a or 1b, suggesting these pathways may be associated with motif-related hepatotoxicity.",Full-text in vivo reporter profiling measured ASO sequence-motif-associated stress pathway activation linked to unintended hepatotoxicity.,codex_gpt-5.5_manual_agent,accept,ni_jie,B,
415,offtarget_evidence,414,WRN-108,42095135,PMC13140060,10.1016/j.omtn.2026.102930,Development of an exon 27-skipping antisense oligonucleotide as a targeted therapy for refractory skin ulcers in Werner syndrome.,hybridization/mismatch off-target effect,B,Results > Translational activity in non-human primates; paragraph 29,accept,hybridization/mismatch off-target validation,True,True,B,0.90,pmc_full_text,True,"expression levels of HHLA2, GRHL2, and DPP10 were unchanged compared with vehicle-treated controls",Full-text in vitro validation tested predicted mismatch-related off-target genes for therapeutic WRN-108 and found no detectable downregulation.,codex_gpt-5.5_manual_agent,accept,ni_jie,B,
416,offtarget_evidence,415,KCNT1,41981306,PMC13099374,10.1038/s41591-026-04314-9,Antisense oligonucleotide-mediated knockdown therapy in two infants with severe KCNT1 epileptic encephalopathy.,transcriptome-level off-target effect,B,Results > KCNT1-knockdown-ASO screening in cell lines and patient iPSC-derived neurons; paragraph 8,accept,transcriptome-wide off-target RNA-seq assessment,True,True,A,0.94,pmc_full_text,True,We used RNA sequencing (RNA-seq) to perform transcriptome-wide analysis of gene expression patterns in human iPSC-derived neurons before and after gymnotic treatment and found none of these potential targets to be significantly perturbed by KT777,Full-text therapeutic KCNT1 ASO development included RNA-seq off-target assessment in patient iPSC-derived neurons.,codex_gpt-5.5_manual_agent,accept,ni_jie,A,
417,offtarget_evidence,416,HIV-1,41704705,PMC12907196,10.3389/fmed.2026.1719202,Investigation of the activity of phosphothioate and phosphothioate-LNA-modified oligonucleotides against HIV-1.,hybridization/mismatch off-target effect,B,Results > Study of antiretroviral activity; paragraph 38,accept,mismatch-control nonspecific off-target activity,True,True,B,0.82,pmc_full_text,True,oligonucleotide with a mismatched sequence,"Full-text HIV ASO assay used a mismatched control oligonucleotide and observed retained antiviral activity, supporting nonspecific phosphorothioate-mediated activity rather than purely antisense target engagement.",codex_gpt-5.5_manual_agent,accept,ni_jie,B,
418,offtarget_evidence,417,PS-ASO,41630988,PMC12860984,10.1016/j.omtn.2026.102832,Identification and functional validation of intracellular protein partners of phosphorothioate splice-switching oligonucleotides using AP-MS.,hybridization/mismatch off-target effect,B,Results > Knockdown of selected candidates is associated with a decrease in exon skipping efficacy in muscle cells; paragraph 15,abstain,none,False,False,NA,0.0,none,False,NONE,no source passage available; abstain required by Task A contract,codex_no_source_abstain_rule,reject,ni_jie,C,"Reject: PMID 41630988; the abstained record was checked at abstract level, but hybridization/mismatch off-target effect is still not directly recoverable for PS-ASO."
419,offtarget_evidence,418,BLOC1S1,41383013,PMC12974195,10.1016/j.ymthe.2025.12.026,BLOC1S1 depletion via splice-switching oligonucleotides improves mitochondrial respiration and rescues ALS phenotypes.,off-target evidence,B,Results > BLOC1S1 SSO extends disease-free survival in SOD1 mice; paragraph 17,abstain,none,False,False,NA,0.0,none,False,NONE,no source passage available; abstain required by Task A contract,codex_no_source_abstain_rule,reject,ni_jie,C,Reject: PMID 41383013; available abstract is not enough to curate off-target evidence for BLOC1S1 as a verified offtarget record.
420,offtarget_evidence,419,siRNA-3,41012491,PMC12472881,10.3390/pharmaceutics17091154,Whole-Body Physiologically Based Pharmacokinetic-Pharmacodynamic Modeling for Interspecies Translation and Mechanistic Characterization of Plasma and Tissue Disposition of GalNAc-siRNAs.,off-target evidence,B,4. Results > 4.4. Sensitivity Analysis; paragraph 29,reject,NA,False,True,NA,0.97,pmc_full_text,False,NONE,Reject under v2: source is PBPK/PK-PD modeling of GalNAc-siRNA tissue disposition and off-target organ exposure; contract explicitly rejects PK/biodistribution-only evidence.,codex_gpt-5.5_manual_agent,reject,ni_jie,C,Reject: PMID 41012491; Reject under v2: source is PBPK/PK-PD modeling of GalNAc-siRNA tissue disposition and off-target organ exposure; contract explicitly rejects PK/biodistribution-only evidence.
421,offtarget_evidence,420,DFNA2,40898620,PMC12703183,10.1016/j.ymthe.2025.08.044,Antisense oligonucleotide therapy mitigates autosomal dominant progressive hearing loss in a murine model of human DFNA2.,hybridization/mismatch off-target effect,B,Results > In vitro screening of candidate allele-specific ASOs targeting the Kcnq4 p.W277S mutation; paragraph 10,abstain,none,False,False,NA,0.0,none,False,NONE,no source passage available; abstain required by Task A contract,codex_no_source_abstain_rule,reject,ni_jie,C,Reject: PMID 40898620; DFNA2 remains unsupported for hybridization/mismatch off-target effect after abstract-level review of 'Antisense oligonucleotide therapy mitigates autosomal dominant progressive hearing loss in a m?'.
422,offtarget_evidence,421,NRAS ASO,40473796,PMC12141655,10.1038/s43856-025-00932-5,Suppression of NRAS-mutant melanoma growth with NRAS-targeting Antisense Oligonucleotide treatment reveals therapeutically relevant kinase co-dependencies.,hybridization/mismatch off-target effect,B,Results > NRAS ASO treatment significantly induced apoptosis and reduced cell and tumor growth in NRAS-mutant melanoma; paragraph 43,abstain,none,False,False,NA,0.0,none,False,NONE,no source passage available; abstain required by Task A contract,codex_no_source_abstain_rule,reject,ni_jie,C,"Reject: PMID 40473796; the abstained record was checked at abstract level, but hybridization/mismatch off-target effect is still not directly recoverable for NRAS ASO."
423,offtarget_evidence,422,ASO-1570,39955311,PMC11829967,10.1038/s41467-025-56913-8,Antisense oligonucleotide-mediated TRA2β poison exon inclusion induces the expression of a lncRNA with anti-tumor effects.,transcriptome-level off-target effect,B,Results > ASO-mediated inclusion of the TRA2β-PE causes toxicity across multiple tumor types; paragraph 8,abstain,none,False,False,NA,0.0,none,False,NONE,no source passage available; abstain required by Task A contract,codex_no_source_abstain_rule,reject,ni_jie,C,Reject: PMID 39955311 abstract/title reviewed; no clear in-scope transcriptome-level off-target effect endpoint is grounded for ASO-1570.
424,offtarget_evidence,423,1504-818,39292801,PMC12038428manuscript-id: NIHMS2073408,10.1126/scitranslmed.adk0845,A deep intronic splice-altering AIRE variant causes APECED syndrome through antisense oligonucleotide-targetable pseudoexon inclusion.,hybridization/mismatch off-target effect,B,RESULTS > ASO treatment reverses the pseudoexon inclusion caused by AIRE c.1504-818 G>A; paragraph 18,abstain,none,False,False,NA,0.0,none,False,NONE,no source passage available; abstain required by Task A contract,codex_no_source_abstain_rule,reject,ni_jie,C,"Reject: PMID 39292801; the abstained record was checked at abstract level, but hybridization/mismatch off-target effect is still not directly recoverable for 1504-818."
425,offtarget_evidence,424,MECP2,39277796,PMC11555823,10.1093/hmg/ddae135,Modeling antisense oligonucleotide therapy in MECP2 duplication syndrome human iPSC-derived neurons reveals gene expression programs responsive to MeCP2 levels.,transcriptome-level off-target effect,B,Results > Analysis of global gene dysregulation in MDS iNeurons; paragraph 14,abstain,none,False,False,NA,0.0,none,False,NONE,no source passage available; abstain required by Task A contract,codex_no_source_abstain_rule,reject,ni_jie,C,"Reject: PMID 39277796; the abstained record was checked at abstract level, but transcriptome-level off-target effect is still not directly recoverable for MECP2."
426,offtarget_evidence,425,CALM2 ASO,39155863,PMC11747850manuscript-id: NIHMS2014126,10.1161/CIRCULATIONAHA.123.068111,Antisense Oligonucleotide Therapy for Calmodulinopathy.,hybridization/mismatch off-target effect,B,RESULTS > Selective transcript depletion by CALM1-targeting ASO; paragraph 20,abstain,none,False,False,NA,0.0,none,False,NONE,no source passage available; abstain required by Task A contract,codex_no_source_abstain_rule,reject,ni_jie,C,Reject: PMID 39155863; no source passage or abstract wording gives a dependable offtarget call for CALM2 ASO.
427,offtarget_evidence,426,siTie2,38973655,PMC11823468manuscript-id: NIHMS2006301,10.1002/adma.202313791,"Expanding RNAi to Kidneys, Lungs, and Spleen via Selective ORgan Targeting (SORT) siRNA Lipid Nanoparticles.",transcriptome-level off-target effect,B,Results > SORT LNPs target major cell types in liver and extrahepatic tissues.; paragraph 15,reject,NA,False,True,NA,0.94,pmc_full_text,False,NONE,"Reject under v2: SORT siRNA LNP passage reports organ targeting, reporter knockdown, biodistribution, and toxicology, not unintended molecular off-target evidence.",codex_gpt-5.5_manual_agent,reject,ni_jie,C,"Reject: PMID 38973655; Reject under v2: SORT siRNA LNP passage reports organ targeting, reporter knockdown, biodistribution, and toxicology, not unintended molecular off-target evidence."
428,offtarget_evidence,427,IGF-1,38189760,PMC10977368,10.3233/JND-230118,Antisense Oligonucleotide-Mediated Downregulation of IGFBPs Enhances IGF-1 Signaling.,transcriptome-level off-target effect,B,RESULTS > Differentially expressed genes in response to IGFBP3 downregulation; Fig. 4 caption,reject,NA,False,True,NA,0.94,pmc_full_text,False,NONE,"Reject under v2: RNA-seq describes downstream transcriptome after intended IGFBP3 knockdown and myogenesis biology, not unintended off-target analysis.",codex_gpt-5.5_manual_agent,reject,ni_jie,C,"Reject: PMID 38189760; Reject under v2: RNA-seq describes downstream transcriptome after intended IGFBP3 knockdown and myogenesis biology, not unintended off-target analysis."
429,offtarget_evidence,428,ABCA4,36910710,PMC9999166,10.1016/j.omtn.2023.02.020,Antisense oligonucleotide therapy corrects splicing in the common Stargardt disease type 1-causing variant ABCA4 c.5461-10T>C.,transcriptome-level off-target effect,B,Results > Selection of lead AON candidates in ABCA4 minigene and midigene model; paragraph 8,abstain,none,False,False,NA,0.0,none,False,NONE,no source passage available; abstain required by Task A contract,codex_no_source_abstain_rule,reject,ni_jie,C,Reject: PMID 36910710; no source passage or abstract wording gives a dependable offtarget call for ABCA4.
430,offtarget_evidence,429,nusinersen,36669889,PMC10019362,10.1261/rna.079540.122,"Development of tailored splice-switching oligonucleotides for progressive brain disorders in Europe: development, regulation, and implementation considerations.",hybridization/mismatch off-target effect,B,LESSONS FROM REGULATORY INTERACTIONS FOR INDIVIDUALIZED ASO DEVELOPMENT IN THE EUROPEAN UNION > Safety studies; paragraph 17,abstain,none,False,False,NA,0.0,none,False,NONE,no source passage available; abstain required by Task A contract,codex_no_source_abstain_rule,reject,ni_jie,C,Reject: PMID 36669889; available abstract is not enough to curate hybridization/mismatch off-target effect for nusinersen as a verified offtarget record.
431,offtarget_evidence,430,PRNP ASO,36824749,PMC9948956,10.1101/2023.02.14.528473,A single-cell map of antisense oligonucleotide activity in the brain.,transcriptome-level off-target effect,B,RESULTS > Generation and cell type classification of single nucleus transcriptomes.; paragraph 14,abstain,none,False,False,NA,0.0,none,False,NONE,no source passage available; abstain required by Task A contract,codex_no_source_abstain_rule,reject,ni_jie,C,Reject: PMID 36824749; no source passage or abstract wording gives a dependable offtarget call for PRNP ASO.
432,offtarget_evidence,431,shRPL9,37552050,PMC10409502,10.7554/eLife.84792,Precision RNAi using synthetic shRNAmir target sites.,seed-mediated off-target effect,B,Results; paragraph 3,reject,NA,False,False,NA,0.98,pmc_full_text,False,NONE,Reject under v2: ARTi/shRNAmir is an shRNA loss-of-function tool and target-validation system; shRNA and lab-tool RNAi are explicitly out of scope.,codex_gpt-5.5_manual_agent,reject,ni_jie,C,Reject: PMID 37552050; Reject under v2: ARTi/shRNAmir is an shRNA loss-of-function tool and target-validation system; shRNA and lab-tool RNAi are explicitly out of scope.
433,offtarget_evidence,432,MALAT1,37235843,PMC10219656,10.18632/oncotarget.28447,Deconstructing the role of MALAT1 in MAPK-signaling in melanoma: insights from antisense oligonucleotide treatment.,hybridization/mismatch off-target effect,B,RESULTS > ASO-mediated targeting of MALAT1 has high “on-target” and low “off-target” specificity.; paragraph 6,abstain,none,False,False,NA,0.0,none,False,NONE,no source passage available; abstain required by Task A contract,codex_no_source_abstain_rule,reject,ni_jie,C,Reject: PMID 37235843; available abstract is not enough to curate hybridization/mismatch off-target effect for MALAT1 as a verified offtarget record.
434,offtarget_evidence,433,11-15,37043556,PMC10263181manuscript-id: NIHMS1897836,10.1126/scitranslmed.add8280,Antisense oligonucleotide therapy for H3.3K27M diffuse midline glioma.,hybridization/mismatch off-target effect,B,Results > Gapmer ASO screen to reduce mutant H3-3A mRNA and H3.3K27M protein; paragraph 8,abstain,none,False,False,NA,0.0,none,False,NONE,no source passage available; abstain required by Task A contract,codex_no_source_abstain_rule,reject,ni_jie,C,Reject: PMID 37043556; no source passage or abstract wording gives a dependable offtarget call for 11-15.
435,offtarget_evidence,434,nusinersen,37193356,PMC10174585manuscript-id: NIHMS1854175,10.1016/j.cotox.2022.100373,Nephrotoxicity of marketed antisense oligonucleotide drugs.,off-target evidence,B,Possible molecular mechanisms of ASO drug-induced nephrotoxicity; paragraph 31,reject,NA,False,True,NA,0.95,pmc_full_text,False,NONE,"Reject under v2: review article on marketed ASO nephrotoxicity and safety warnings, not a primary observed off-target experiment.",codex_gpt-5.5_manual_agent,reject,ni_jie,C,"Reject: PMID 37193356; Reject under v2: review article on marketed ASO nephrotoxicity and safety warnings, not a primary observed off-target experiment."
436,offtarget_evidence,435,ASO-001933,36090761,PMC9424863,10.1016/j.omtn.2022.07.027,Identification and characterization of a MAPT-targeting locked nucleic acid antisense oligonucleotide therapeutic for tauopathies.,seed-mediated off-target effect,B,Results > Initial tiling screen identified a parental ASO targeting the 3′ UTR of MAPT with high cross-species reactivity; paragraph 6,accept,transcriptome-wide off-target RNA-seq assessment,True,True,A,0.94,pmc_full_text,True,Our RNA-seq data revealed that MAPT is the only differentially regulated gene,Full-text therapeutic MAPT ASO study performed RNA-seq off-target assessment in human neurons and found only the intended target differentially regulated.,codex_gpt-5.5_manual_agent,accept,ni_jie,A,
437,offtarget_evidence,436,siRNA-3,35037525,PMC8765274,10.1080/10717544.2022.2026532,Utilizing RNA nanotechnology to construct negatively charged and ultrasound-responsive nanodroplets for targeted delivery of siRNA.,hybridization/mismatch off-target effect,B,Results > Construction and characterization of Chol/A10-3.2/siCAT-1/3WJ-pRNA nanoparticles; paragraph 21,reject,NA,False,True,NA,0.94,pmc_full_text,False,NONE,"Reject under v2: siRNA nanodroplet passage supports targeted delivery, cytotoxicity, and anti-tumor knockdown, with no measured unintended off-target result.",codex_gpt-5.5_manual_agent,reject,ni_jie,C,"Reject: PMID 35037525; Reject under v2: siRNA nanodroplet passage supports targeted delivery, cytotoxicity, and anti-tumor knockdown, with no measured unintended off-target result."
438,offtarget_evidence,437,GAAA-3,35327991,PMC8952432,10.3390/genes13030436,The Effect of Dicer Knockout on RNA Interference Using Various Dicer Substrate Small Interfering RNA (DsiRNA) Structures.,hybridization/mismatch off-target effect,B,3. Results > 3.1. Design of DsiRNAs Targeting hnRNPH1; paragraph 14,abstain,none,False,False,NA,0.0,none,False,NONE,no source passage available; abstain required by Task A contract,codex_no_source_abstain_rule,reject,ni_jie,C,Reject: PMID 35327991; GAAA-3 remains unsupported for hybridization/mismatch off-target effect after abstract-level review of 'The Effect of Dicer Knockout on RNA Interference Using Various Dicer Substrate Small Interferi?'.
439,offtarget_evidence,438,WT siRNA,34492058,PMC8423273,10.1371/journal.pone.0256863,Beyond identity: Understanding the contribution of the 5' nucleotide of the antisense strand to RNAi activity.,hybridization/mismatch off-target effect,B,Results > RNAi effects by siRNAs variants in protoplasts; paragraph 31,abstain,none,False,False,NA,0.0,none,False,NONE,no source passage available; abstain required by Task A contract,codex_no_source_abstain_rule,reject,ni_jie,C,Reject: PMID 34492058; WT siRNA remains unsupported for hybridization/mismatch off-target effect after abstract-level review of 'Beyond identity: Understanding the contribution of the 5' nucleotide of the antisense strand t?'.
440,offtarget_evidence,439,BCL-2,33978760,PMC8266634,10.1093/nar/gkab334,Beyond small molecules: targeting G-quadruplex structures with oligonucleotides and their analogues.,hybridization/mismatch off-target effect,B,G4-STABILIZATION AND OTHER APPROACHES NOT INVOLVING INTERMOLECULAR QUADRUPLEX FORMATION: TARGETING QUADRUPLEX LOOPS AND FLANKING REGIONS; paragraph 67,abstain,none,False,False,NA,0.0,none,False,NONE,no source passage available; abstain required by Task A contract,codex_no_source_abstain_rule,reject,ni_jie,C,"Reject: PMID 33978760; the abstained record was checked at abstract level, but hybridization/mismatch off-target effect is still not directly recoverable for BCL-2."
441,offtarget_evidence,440,T39 ASO,32180554,PMC7036698,10.1016/j.molmet.2020.01.010,Antisense oligonucleotide treatment produces a type I interferon response that protects against diet-induced obesity.,off-target evidence,B,Results > ASOs targeting human mRNAs can also induce a type I IFN response in cultured THP1 cells; paragraph 31,accept,experimentally observed off-target phenotypic and RNA-seq response,True,True,A,0.95,pmc_full_text,True,strongly suggesting an off-target effect of the T39 ASO,Full-text ASO study used target-knockout mice and RNA-seq/qRT-PCR IFN-response assays to show an off-target type I interferon phenotype.,codex_gpt-5.5_manual_agent,accept,ni_jie,A,
442,offtarget_evidence,441,NR2E3-Associated,31083481,PMC6562693,10.3390/genes10050363,Antisense Oligonucleotide-Based Downregulation of the G56R Pathogenic Variant Causing NR2E3-Associated Autosomal Dominant Retinitis Pigmentosa.,hybridization/mismatch off-target effect,B,3. Results > 3.1. AON Design; paragraph 14,abstain,none,False,False,NA,0.0,none,False,NONE,no source passage available; abstain required by Task A contract,codex_no_source_abstain_rule,reject,ni_jie,C,"Reject: PMID 31083481; the abstained record was checked at abstract level, but hybridization/mismatch off-target effect is still not directly recoverable for NR2E3-Associated."
443,offtarget_evidence,442,SSO-1,29858079,PMC5992345,10.1016/j.omtn.2018.02.005,Liver-Targeted Anti-HBV Single-Stranded Oligonucleotides with Locked Nucleic Acid Potently Reduce HBV Gene Expression In Vivo.,hybridization/mismatch off-target effect,B,Results > A Pan-genotypic HBV LNA-SSO that Potently Inhibits HBsAg Production; paragraph 9,reject,NA,False,True,NA,0.93,pmc_full_text,False,NONE,"Reject under v2: HBV SSO passage reports pan-genotypic viral target conservation, antiviral efficacy, and immunotoxicity/hepatotoxicity screens, not unintended off-target evidence.",codex_gpt-5.5_manual_agent,reject,ni_jie,C,"Reject: PMID 29858079; Reject under v2: HBV SSO passage reports pan-genotypic viral target conservation, antiviral efficacy, and immunotoxicity/hepatotoxicity screens, not unintended off-target evidence."
444,offtarget_evidence,443,CTGTAGGCACCATCAAT-3,23217017,PMC3556230manuscript-id: NIHMS426223,10.1111/mmi.12117,The structure and repertoire of small interfering RNAs in Leishmania (Viannia) braziliensis reveal diversification in the trypanosomatid RNAi pathway.,hybridization/mismatch off-target effect,B,Results > The siRNA repertoire; paragraph 12,abstain,none,False,False,NA,0.0,none,False,NONE,no source passage available; abstain required by Task A contract,codex_no_source_abstain_rule,reject,ni_jie,C,Reject: PMID 23217017; no source passage or abstract wording gives a dependable offtarget call for CTGTAGGCACCATCAAT-3.
445,offtarget_evidence,444,F5-3,22615794,PMC3351460,10.1371/journal.pone.0036697,Stable gene targeting in human cells using single-strand oligonucleotides with modified bases.,hybridization/mismatch off-target effect,B,Results > Mismatch-specific EGFP Correction; Figure 1 caption,reject,NA,False,False,NA,0.98,pmc_full_text,False,NONE,"Reject under v2: single-strand oligos are used for EGFP reporter genome targeting in human cells, a lab genome-engineering tool rather than therapeutic oligo safety evidence.",codex_gpt-5.5_manual_agent,reject,ni_jie,C,"Reject: PMID 22615794; Reject under v2: single-strand oligos are used for EGFP reporter genome targeting in human cells, a lab genome-engineering tool rather than therapeutic oligo safety evidence."
446,offtarget_evidence,445,VEGF siRNA,21744502,PMC3388104manuscript-id: NIHMS387288,10.1002/biot.201100054,Current progress of siRNA/shRNA therapeutics in clinical trials.,off-target evidence,B,8 Concluding remarks; paragraph 59,abstain,none,False,False,NA,0.0,none,False,NONE,no source passage available; abstain required by Task A contract,codex_no_source_abstain_rule,reject,ni_jie,C,Reject: PMID 21744502; 'Current progress of siRNA/shRNA therapeutics in clinical trials.' does not provide a sufficiently specific administered-oligo offtarget endpoint for VEGF siRNA.
447,offtarget_evidence,446,42-49,19430205,PMC2734876manuscript-id: NIHMS116332,10.4161/rna.6.3.8723,A short antisense oligonucleotide masking a unique intronic motif prevents skipping of a critical exon in spinal muscular atrophy.,seed-mediated off-target effect,B,Results > An ultra-refined antisense microwalk revealed shortest motif for splicing correction; paragraph 8,abstain,none,False,False,NA,0.0,none,False,NONE,no source passage available; abstain required by Task A contract,codex_no_source_abstain_rule,reject,ni_jie,C,Reject: PMID 19430205; 'A short antisense oligonucleotide masking a unique intronic motif prevents skipping of a criti?' does not provide a sufficiently specific administered-oligo offtarget endpoint for 42-49.
448,offtarget_evidence,447,PCSK9 ASO,41810141,PMC12969788,10.1016/j.omtn.2026.102871,Enhanced liver-targeted delivery with ribofuranose-based GalNAc conjugates.,off-target evidence,B,Main text; paragraph 3,reject,NA,False,True,NA,0.96,pmc_full_text,False,NONE,"Reject under v2: commentary on GalNAc delivery scaffold, PCSK9/AGT siRNA toxicology, and liver targeting; no observed unintended off-target assay.",codex_gpt-5.5_manual_agent,reject,ni_jie,C,"Reject: PMID 41810141; Reject under v2: commentary on GalNAc delivery scaffold, PCSK9/AGT siRNA toxicology, and liver targeting; no observed unintended off-target assay."
449,offtarget_evidence,448,HTT siRNA,42033217,PMC13107126,10.1093/nar/gkag287,Divalent siRNA for prion disease.,hybridization/mismatch off-target effect,B,Results > Identification of compounds targeting human PRNP; paragraph 45,abstain,none,False,False,NA,0.0,none,False,NONE,no source passage available; abstain required by Task A contract,codex_no_source_abstain_rule,reject,ni_jie,C,Reject: PMID 42033217 abstract/title reviewed; no clear in-scope hybridization/mismatch off-target effect endpoint is grounded for HTT siRNA.
450,offtarget_evidence,449,HTT siRNA,41867745,PMC13001464,10.1101/2024.12.05.627039,Divalent siRNA for prion disease.,hybridization/mismatch off-target effect,B,Results > Identification of compounds targeting human PRNP; paragraph 40,abstain,none,False,False,NA,0.0,none,False,NONE,no source passage available; abstain required by Task A contract,codex_no_source_abstain_rule,reject,ni_jie,C,"Reject: PMID 41867745; the abstained record was checked at abstract level, but hybridization/mismatch off-target effect is still not directly recoverable for HTT siRNA."
451,offtarget_evidence,450,IGF2BP2,41859644,PMC12996677,10.1016/j.mtbio.2026.102999,An exosome-biomimetic photothermal nanocarrier for IGF2BP2 siRNA delivery and enhanced ferroptosis in head and neck squamous cell carcinoma.,seed-mediated off-target effect,B,Results > IGF2BP2 Knockdown promotes ferroptosis in HNSCC via reduced NRF2 mRNA stability; paragraph 10,accept,seed-mediated off-target RNA-seq assessment,True,True,A,0.90,pmc_full_text,True,no enrichment of predicted off-target transcripts among genes with significantly downregulated expressions was observed,Full-text therapeutic IGF2BP2 siRNA study integrated seed-based 3-prime UTR off-target prediction with RNA-seq and measured no enrichment among downregulated transcripts.,codex_gpt-5.5_manual_agent,accept,ni_jie,A,
452,offtarget_evidence,451,AAV9; CMT1A,41948127,PMC13051718,,"Safety, efficacy, and distal nerve Schwann cell biodistribution in mice and NHPs to support translation of AAV9 RNAi therapy for CMT1A.",transcriptome-level off-target effect,B,Results > In vitro on-/off-target assessment in human cells; paragraph 8,reject,other,False,False,NA,0.98,pmc_full_text,False,NONE,"reject: AAV-delivered miRNA/gene therapy is explicitly excluded; passage concerns on-target specificity, toxicity, and biodistribution, not observed oligo off-target evidence",codex_gpt-5.5_manual_agent,reject,ni_jie,C,"Reject: PMID 41948127; reject: AAV-delivered miRNA/gene therapy is explicitly excluded; passage concerns on-target specificity, toxicity, and biodistribution, not observed oligo off-target evidence"
453,offtarget_evidence,452,siPD-L1,42139331,PMC13178567,,Helper lipid-engineered extracellular vesicles enable PET imaging-guided pulmonary siRNA delivery to treat lung metastasis.,off-target evidence,B,RESULTS > Intracellular transportation and gene silencing efficiency of TMVs-DOTAP/siRNA; Fig. 4. caption,reject,pk_biodistribution,False,True,NA,0.93,pmc_full_text,False,NONE,"reject: EV siPD-L1 passage reports lung targeting, biodistribution, protein corona, and tumor efficacy; no observed unintended molecular off-target effect",codex_gpt-5.5_manual_agent,reject,ni_jie,C,"Reject: PMID 42139331; reject: EV siPD-L1 passage reports lung targeting, biodistribution, protein corona, and tumor efficacy; no observed unintended molecular off-target effect"
454,offtarget_evidence,453,FGFR2 siRNA,41647289,PMC12869795,,A smart nanocomposite bioactive ink for controlled siRNA delivery in calvarial mesenchymal stromal cells as a minimally invasive treatment for craniosynostosis.,off-target evidence,B,Results > siRNA targeting FGFR2 significantly modulates the FGFR2-related osteogenic cascade in CS patients’ cells; Figure 2 caption,reject,delivery_or_efficacy,False,True,NA,0.90,pmc_full_text,False,NONE,"reject: FGFR2 siRNA passage reports delivery and intended FGFR2/osteogenic modulation; off-target language is generic/prior rationale, not a primary observed off-target result",codex_gpt-5.5_manual_agent,reject,ni_jie,C,"Reject: PMID 41647289; reject: FGFR2 siRNA passage reports delivery and intended FGFR2/osteogenic modulation; off-target language is generic/prior rationale, not a primary observed off-target result"
455,offtarget_evidence,454,IRS2,41612694,PMC13054860manuscript-id: NIHMS2148369,,Therapeutic delivery of albumin-binding siRNA targeting IRS2 to diverse cell types reduces mammary tumor growth.,seed-mediated off-target effect,B,"Results > Identification of human-specific, mouse-specific, and human/mouse cross reactive siRNAs that selectively silence IRS2; paragraph 10",reject,computational_designonly,False,True,NA,0.93,pmc_full_text,False,NONE,reject: IRS2 siRNAs were computationally filtered to minimize seed/complementarity risks; no observed unintended off-target knockdown result is reported in the loaded passage,codex_gpt-5.5_manual_agent,reject,ni_jie,C,Reject: PMID 41612694; reject: IRS2 siRNAs were computationally filtered to minimize seed/complementarity risks; no observed unintended off-target knockdown result is reported in the loaded passage
456,offtarget_evidence,455,modified siRNA,41552385,PMC12804371,,An acyclic nucleic acid-modified siRNA targeting CAG expansions for polyglutamine disease treatment.,hybridization/mismatch off-target effect,B,Results > Screening of SNA-modified siRNAs targeting CAG repeats; paragraph 8,accept,hybridization/mismatch off-allele reporter effect,True,True,B,0.82,pmc_full_text,True,"In the first reporter assay using the AR28Q or AR54Q vectors, REP suppressed both the AR28Q and AR54Q proteins, whereas P9, S9, P9S9, P9S10, and P9S910 selectivity suppressed the AR54Q protein (Figure S1C).","Full-text reporter assay shows CAG-repeat siRNA designs differentially affect expanded versus normal AR reporters; accepted as observed mismatch/allele off-target selectivity evidence, albeit close to allele-specific efficacy.",codex_gpt-5.5_manual_agent,accept,ni_jie,B,
457,offtarget_evidence,456,LNP-siRNA,40770503,PMC12573146manuscript-id: NIHMS2117976,,"Thermoreversibly assembled polymersomes for highly efficient loading, processing and delivery of protein and siRNA biologics.",off-target evidence,B,Results > PSs outperform clinically used LNPs in RNAi; paragraph 20,accept,experimentally observed off-target housekeeping-gene control,True,True,C,0.74,pmc_full_text,True,there is no off-target downregulation for housekeeping genes,"Therapeutic siVEGF-A/siBcl-2 delivery study includes a primary measured negative off-target downregulation control; evidence is narrow, so grade C.",codex_gpt-5.5_manual_agent,reject,ni_jie,C,"Reject after curator re-read: PMID 40770503; previous accept was too weak/generic for off-target evidence in LNP-siRNA. Basis checked: Therapeutic siVEGF-A/siBcl-2 delivery study includes a primary measured negative off-target downregulation control; evidence is narrow, so grade C."
458,offtarget_evidence,457,PKM-ASO,42009652,PMC13096517,10.1038/s41421-026-00882-9,ASO-based PKM splice-switching therapy increases anti-CTLA-4 antibody efficacy in pancreatic ductal adenocarcinoma.,off-target evidence,B,Results > PKM-ASO inhibits MIA PaCa-2 cell growth in an immunodeficient mouse model; paragraph 17,abstain,none,False,False,NA,0.0,none,False,NONE,no source passage available; abstain required by Task A contract,codex_no_source_abstain_rule,reject,ni_jie,C,Reject: PMID 42009652; PKM-ASO remains unsupported for off-target evidence after abstract-level review of 'ASO-based PKM splice-switching therapy increases anti-CTLA-4 antibody efficacy in pancreatic d?'.
459,offtarget_evidence,458,AsOBP21f,41872964,PMC13134246,,"Functional characterization of AsOBP21f, an odorant-binding protein involved in human odor detection in the malaria vector Anopheles sinensis.",transcriptome-level off-target effect,B,Results > Cloning and expression analysis of the AsOBP21f gene; paragraph 23,reject,other,False,False,NA,0.99,pmc_full_text,False,NONE,reject: mosquito/insect RNAi functional knockdown is explicitly excluded and is not therapeutic oligo off-target evidence,codex_gpt-5.5_manual_agent,reject,ni_jie,C,Reject: PMID 41872964; reject: mosquito/insect RNAi functional knockdown is explicitly excluded and is not therapeutic oligo off-target evidence
460,offtarget_evidence,459,shRNA-GNEM743T,41770218,PMC12962615,10.1080/20565623.2026.2635722,Preclinical assessment of GNE(wt)/bi-shRNA-GNE(M743T) lipoplex product development for GNE myopathy.,seed-mediated off-target effect,B,"Results > Construction of GNEwt/bi-shRNA-GNEM743T dual function plasmids and GNEwt, GNEM743T expression plasmids; paragraph 34",abstain,none,False,False,NA,0.0,none,False,NONE,no source passage available; abstain required by Task A contract,codex_no_source_abstain_rule,reject,ni_jie,C,"Reject: PMID 41770218; the abstained record was checked at abstract level, but seed-mediated off-target effect is still not directly recoverable for shRNA-GNEM743T."
461,offtarget_evidence,460,PSMD1,41632828,PMC13197978,10.1182/blood.2025029358,Proteasome subunit PSMD1 is a key therapeutic target in multiple myeloma.,transcriptome-level off-target effect,B,Results > Clinical impact and functional significance of PSMD1 in MM; paragraph 13,abstain,none,False,False,NA,0.0,none,False,NONE,no source passage available; abstain required by Task A contract,codex_no_source_abstain_rule,reject,ni_jie,C,Reject: PMID 41632828; available abstract is not enough to curate transcriptome-level off-target effect for PSMD1 as a verified offtarget record.
462,offtarget_evidence,461,si098-DV29P,40385635,PMC12083919,,"Design, pharmacology, and toxicology of a novel chemically modified siRNA targeting hepatic angiotensinogen.",seed-mediated off-target effect,B,Results > In vivo silencing of AGT by GalNAc-siRNAs; paragraph 13,accept,seed-mediated off-target effect,True,True,A,0.97,pmc_full_text,True,"However, two siRNAs, si098-DV29P and si086-DV26P, exerted relatively strong inhibition on their potential off-target genes (Figures S10B and S10E), suggesting that measures should be taken to prevent and control the off-target risk.",Full-text AGT therapeutic siRNA study experimentally verified predicted seed-region off-target genes by qPCR and found strong off-target inhibition for named candidates.,codex_gpt-5.5_manual_agent,accept,ni_jie,A,
463,offtarget_evidence,462,YAP1; WWTR1,41341748,PMC12670904,,A novel bispecific siRNA concept: Efficient dual knockdown of YAP1 and WWTR1 with a single guide strand.,seed-mediated off-target effect,B,Results > Characterization of off-target activities of bsYW-61; paragraph 14,accept,seed-mediated/reporter and RNA-seq off-target effect,True,True,A,0.96,pmc_full_text,True,"bsYW-61 reduced luciferase activity in the guide strand seed reporter, confirming seed-mediated off-target effects (Figure 6I).",Full-text bispecific therapeutic siRNA study directly measured seed-mediated reporter off-target activity and also used RNA-seq/RT-qPCR for off-target profiling.,codex_gpt-5.5_manual_agent,accept,ni_jie,A,
464,offtarget_evidence,463,ACTB ASO,40672232,PMC12265680,,Targeted RNA editing by direct delivery of an adenosine deaminase-antisense oligo conjugate.,transcriptome-level off-target effect,B,RESULTS > RNP delivery reduces transcriptome-wide off-target editing; paragraph 22,accept,transcriptome-wide off-target editing,True,True,A,0.95,pmc_full_text,True,transcriptome-wide off-target editing events as compared to plasmid-based expression of TadA8.20-HaloTag.,Full-text ASO-guided RNA-editing work used RNA-seq to measure transcriptome-wide off-target editing after ACTB ASO RNP delivery.,codex_gpt-5.5_manual_agent,accept,ni_jie,A,
465,offtarget_evidence,464,TNF ASO,39778469,PMC11763583,10.1016/j.redox.2025.103488,Exosome-equipped TNF antisense oligodeoxynucleotide or 2-deoxy-D-glucose ameliorated nonalcoholic steatohepatitis by modulating superoxide dismutase 1 in mice.,transcriptome-level off-target effect,B,"Results > TNF and IL1β were up-regulated in NASH patients or mouse NASH model, primarily originating from hepatic macrophages; paragraph 22",abstain,none,False,False,NA,0.0,none,False,NONE,no source passage available; abstain required by Task A contract,codex_no_source_abstain_rule,reject,ni_jie,C,Reject: PMID 39778469 abstract/title reviewed; no clear in-scope transcriptome-level off-target effect endpoint is grounded for TNF ASO.
466,offtarget_evidence,465,EGFR siRNA,40893381,PMC12395518,,Self-assembled extracellular matrix-lipid nanoparticle composite for site-specific siRNA delivery to improve cardiac repair post-myocardial infarction.,transcriptome-level off-target effect,B,Results > Interfering with EGFR activation promoted M2-like macrophage polarization; paragraph 59,reject,delivery_or_efficacy,False,True,NA,0.91,pubmed_abstract,False,NONE,"reject: ECM-EGFR siRNA passage reports cardiac delivery, fibrosis repair, and EGFR pathway efficacy; no observed unintended off-target molecular effect",codex_gpt-5.5_manual_agent,reject,ni_jie,C,"Reject: PMID 40893381; reject: ECM-EGFR siRNA passage reports cardiac delivery, fibrosis repair, and EGFR pathway efficacy; no observed unintended off-target molecular effect"
467,offtarget_evidence,466,A4GALT-siRNA,40520362,PMC12167060,10.1016/j.omtn.2025.102573,A4GALT-targeting siRNA lipid nanoparticles ameliorate Fabry disease phenotype: Greater efficacy in endothelial cells than in podocytes.,transcriptome-level off-target effect,B,Results > Alterations in gene expression in hiPSC-derived cell types following A4GALT siRNA-HLNP treatment; paragraph 12,abstain,none,False,False,NA,0.0,none,False,NONE,no source passage available; abstain required by Task A contract,codex_no_source_abstain_rule,reject,ni_jie,C,Reject: PMID 40520362; A4GALT-siRNA remains unsupported for transcriptome-level off-target effect after abstract-level review of 'A4GALT-targeting siRNA lipid nanoparticles ameliorate Fabry disease phenotype: Greater efficac?'.
468,offtarget_evidence,467,15 siRNA,40171444,PMC11960531,,Improving the potency prediction for chemically modified siRNAs through insights from molecular modeling of individual sequence positions.,seed-mediated off-target effect,B,Results > Interaction energy ΔE decomposition and SASA on a per base pair basis; paragraph 16,reject,computational_designonly,False,False,NA,0.94,pmc_full_text,False,NONE,"reject: modified siRNA potency/modeling study focuses on thermodynamics, molecular modeling, and activity prediction; no administered therapeutic off-target result",codex_gpt-5.5_manual_agent,reject,ni_jie,C,"Reject: PMID 40171444; reject: modified siRNA potency/modeling study focuses on thermodynamics, molecular modeling, and activity prediction; no administered therapeutic off-target result"
469,offtarget_evidence,468,CD47,41402667,PMC12708450,,Targeting tumor-infiltrating regulatory T cells: combining CD47 and PD-L1 inhibition via a novel aptamer-siRNA chimera.,off-target evidence,B,Results > PD-L1-targeting aptamer-siRNA chimera selectively targets intratumoral Treg cells and induces effective CD47 silencing; paragraph 9,reject,delivery_or_targeting_specificity,False,True,NA,0.90,pmc_full_text,False,NONE,"reject: aptamer-siRNA chimera evidence concerns PD-L1 binding specificity, peripheral sparing, biodistribution, and antitumor efficacy; no observed unintended siRNA off-target effect",codex_gpt-5.5_manual_agent,reject,ni_jie,C,"Reject: PMID 41402667; reject: aptamer-siRNA chimera evidence concerns PD-L1 binding specificity, peripheral sparing, biodistribution, and antitumor efficacy; no observed unintended siRNA off-target effect"
470,offtarget_evidence,469,EGFR-siRNA,41045966,PMC12677201manuscript-id: NIHMS2117124,,Lipid and polymeric nanocarriers for siRNA delivery to the brain.,off-target evidence,B,Polymeric Nanocarriers > Surface Modification for Single Targeting; paragraph 32,reject,review_or_delivery,False,False,NA,0.98,pubmed_abstract,False,NONE,"reject: review-style nanocarrier passage about brain siRNA delivery, not primary observed off-target evidence for an administered therapeutic oligo",codex_gpt-5.5_manual_agent,reject,ni_jie,C,"Reject: PMID 41045966; reject: review-style nanocarrier passage about brain siRNA delivery, not primary observed off-target evidence for an administered therapeutic oligo"
471,offtarget_evidence,470,SKOV3,40917515,PMC12408407,,Cancer-metastasis-on-a-chip reveals efficacy of bevacizumab and siRNA in overcoming carboplatin resistance in SKOV3 ovarian cancer within a fibrotic metastatic microenvironment.,seed-mediated off-target effect,B,Results > Inhibitory effect of combined bevacizumab treatment and gene silencing on SKOV3 cell invasion toward fibrotic lung tissue; paragraph 20,reject,efficacy,False,False,NA,0.96,pmc_full_text,False,NONE,reject: SKOV3 siRNAs are used as cancer-on-chip knockdown tools for invasion/efficacy; no observed unintended off-target evidence,codex_gpt-5.5_manual_agent,reject,ni_jie,C,Reject: PMID 40917515; reject: SKOV3 siRNAs are used as cancer-on-chip knockdown tools for invasion/efficacy; no observed unintended off-target evidence
472,offtarget_evidence,471,BACE1,40873646,PMC12380061,,Enhanced Blood-Brain Barrier Penetrability of BACE1 SiRNA-Loaded Prussian Blue Nanocomplexes for Alzheimer's Disease Synergy Therapy.,transcriptome-level off-target effect,B,Results > Gene Expression Analysis; paragraph 31,reject,transcriptomic_efficacy,False,True,NA,0.87,pmc_full_text,False,NONE,"reject: BACE1 siRNA transcriptome analysis compares treated AD mice with disease controls and supports therapeutic mechanism/biocompatibility, not unintended off-target effects",codex_gpt-5.5_manual_agent,reject,ni_jie,C,"Reject: PMID 40873646; reject: BACE1 siRNA transcriptome analysis compares treated AD mice with disease controls and supports therapeutic mechanism/biocompatibility, not unintended off-target effects"
473,offtarget_evidence,472,UU-3,40861898,PMC12375242,,Development of conditional-siRNA programmable riboswitch for targeting adverse cardiac remodeling.,off-target evidence,B,Results > Synthesis of a Cond-siRNA construct based on RNA sensor Nppa and target gene calcineurin; paragraph 11,accept,experimentally observed off-target/stress-response effect,True,True,B,0.84,pmc_full_text,True,"Unexpectedly, the 2nd generation Cond-siRNA also appeared to decrease NFATc1 levels in the PBS group (independent of its effect on PPP3CA), suggesting an off-target effect or a cellular stress response to this chemical entity.",Full-text conditional therapeutic siRNA study reports an unexpected protein-level effect in the unstressed PBS condition and explicitly labels it off-target or stress response.,codex_gpt-5.5_manual_agent,accept,ni_jie,B,
474,offtarget_evidence,473,NSUN4; CD8,40761479,PMC12318824,,Nanoparticle-Delivered siRNA Targeting NSUN4 Relieves Systemic Lupus Erythematosus through Declining Mitophagy-Mediated CD8+T Cell Exhaustion.,hybridization/mismatch off-target effect,B,Results > Conjoint Analyses of scRNA‐seq and m5C‐seq Reveal the Crucial Role of NSUN4 in Regulating CD8+T Cell Exhaustion; FIGURE 6 caption,reject,efficacy_or_mechanism,False,True,NA,0.91,pmc_full_text,False,NONE,"reject: NSUN4 siRNA passage concerns SLE mechanism, CD8 exhaustion, and therapeutic efficacy; scRNA/m5C data are disease biology, not oligo off-target evidence",codex_gpt-5.5_manual_agent,reject,ni_jie,C,"Reject: PMID 40761479; reject: NSUN4 siRNA passage concerns SLE mechanism, CD8 exhaustion, and therapeutic efficacy; scRNA/m5C data are disease biology, not oligo off-target evidence"
475,offtarget_evidence,474,sFRP2,40715133,PMC12297473,10.1038/s41467-025-62248-1,Identifying fibroblast-derived sFRP2 as a therapeutic target and engineering siRNA therapy for uterine scarring.,transcriptome-level off-target effect,B,Results > sFRP2 activates the non-canonical Wnt signaling pathway to regulate fibroblast-mediated scarring; paragraph 25,abstain,none,False,False,NA,0.0,none,False,NONE,no source passage available; abstain required by Task A contract,codex_no_source_abstain_rule,reject,ni_jie,C,Reject: PMID 40715133; sFRP2 remains unsupported for transcriptome-level off-target effect after abstract-level review of 'Identifying fibroblast-derived sFRP2 as a therapeutic target and engineering siRNA therapy for?'.
476,offtarget_evidence,475,siSmyd3,40704506,PMC12452061,10.1242/dmm.052370,Chemoprevention of hepatocellular carcinoma using N-acetylgalactosamine-conjugated siRNAs.,off-target evidence,B,RESULTS > Testing siRNA chemoprevention in the NRASG12V/shp53 HCC model; paragraph 12,abstain,none,False,False,NA,0.0,none,False,NONE,no source passage available; abstain required by Task A contract,codex_no_source_abstain_rule,reject,ni_jie,C,Reject: PMID 40704506; no source passage or abstract wording gives a dependable offtarget call for siSmyd3.
477,offtarget_evidence,476,DUX4,40673060,PMC12264612,,A systemically deliverable lipid-conjugated siRNA targeting DUX4 as an facioscapulohumeral muscular dystrophy therapeutic.,transcriptome-level off-target effect,B,Results > Subcutaneous delivery of DCA lipid-conjugated siRNADUX4 knocked down DUX4 target gene expression in FSHD patient muscle xenografts; paragraph 11,reject,transcriptomic_safety_specificity,False,True,NA,0.82,pmc_full_text,False,NONE,reject: DUX4 siRNA RNA-seq supports target specificity and toxicity/safety assessment; no passage-grounded unintended off-target effect is reported,codex_gpt-5.5_manual_agent,reject,ni_jie,C,Reject: PMID 40673060; reject: DUX4 siRNA RNA-seq supports target specificity and toxicity/safety assessment; no passage-grounded unintended off-target effect is reported
478,offtarget_evidence,477,CD39,40415115,PMC12206921manuscript-id: NIHMS2097439,,Antisense to human CD39 dysregulates immune metabolism in inflammatory bowel disease.,transcriptome-level off-target effect,B,RESULTS > Silencing of CD39-AS RNA controls Treg glucose metabolism; paragraph 6,reject,other,False,False,NA,0.96,pmc_full_text,False,NONE,reject: endogenous CD39 antisense/lncRNA immune-metabolism biology and knockdown experiments are excluded; no therapeutic off-target evidence,codex_gpt-5.5_manual_agent,reject,ni_jie,C,Reject: PMID 40415115; reject: endogenous CD39 antisense/lncRNA immune-metabolism biology and knockdown experiments are excluded; no therapeutic off-target evidence
479,offtarget_evidence,478,siRNA2,39657790,PMC11724309,10.1093/nar/gkae1195,High resistance barrier and prophylactic protection in preclinical models of SARS-CoV-2 with two siRNA combination.,seed-mediated off-target effect,B,Results > Identity of target site mutations after single siRNA treatment; paragraph 36,abstain,none,False,False,NA,0.0,none,False,NONE,no source passage available; abstain required by Task A contract,codex_no_source_abstain_rule,reject,ni_jie,C,Reject: PMID 39657790; 'High resistance barrier and prophylactic protection in preclinical models of SARS-CoV-2 with t?' does not provide a sufficiently specific administered-oligo offtarget endpoint for siRNA2.
480,offtarget_evidence,479,siRNA8,39632755,PMC11704396,,"Design, Screening and Development of Asymmetric siRNAs Targeting the MYC Oncogene in Triple-Negative Breast Cancer.",seed-mediated off-target effect,B,RESULTS > The knockdown efficacy of asiRNAs is similar to that of symmetric siRNAs; paragraph 36,reject,design_or_efficacy,False,True,NA,0.88,pmc_full_text,False,NONE,"reject: MYC asiRNA study discusses off-target mitigation and uses scramble/mismatch controls, but loaded passage reports design and antitumor knockdown efficacy rather than observed off-target activity",codex_gpt-5.5_manual_agent,reject,ni_jie,C,"Reject: PMID 39632755; reject: MYC asiRNA study discusses off-target mitigation and uses scramble/mismatch controls, but loaded passage reports design and antitumor knockdown efficacy rather than observed off-target activity"
481,offtarget_evidence,480,CD81 ASO,41341746,PMC12670902,10.1016/j.omtn.2025.102766,"An unbiased whole-genome open reading frame overexpression screen identifies B3GALT2, a novel inducer of cellular ASO activity.",transcriptome-level off-target effect,B,Results > B3GALT2 overexpression induces increased uptake of ASO; paragraph 10,abstain,none,False,False,NA,0.0,none,False,NONE,no source passage available; abstain required by Task A contract,codex_no_source_abstain_rule,reject,ni_jie,C,Reject: PMID 41341746 abstract/title reviewed; no clear in-scope transcriptome-level off-target effect endpoint is grounded for CD81 ASO.
482,offtarget_evidence,481,CXCR4-Targeted,41226635,PMC12607363,,Anti-Angiogenic RNAi-Based Treatment of Endometriosis in a Rat Model Using CXCR4-Targeted Peptide Nanoparticles.,off-target evidence,B,2. Results > 2.5. Evaluation of the Trasnsfection Properties of Ternary Polyplexes In Vitro; paragraph 24,reject,delivery_or_targeting_specificity,False,True,NA,0.90,pmc_full_text,False,NONE,"reject: CXCR4-targeted anti-VEGFA siRNA passage reports polyplex delivery, targeting specificity, and lesion efficacy; no observed unintended off-target molecular effect",codex_gpt-5.5_manual_agent,reject,ni_jie,C,"Reject: PMID 41226635; reject: CXCR4-targeted anti-VEGFA siRNA passage reports polyplex delivery, targeting specificity, and lesion efficacy; no observed unintended off-target molecular effect"
483,offtarget_evidence,482,SMILR siRNA,40928446,PMC12790151,,Small Interfering RNA Therapy Targeting the Long Noncoding RNA SMILR for Therapeutic Intervention in Coronary Artery Bypass Graft Failure.,seed-mediated off-target effect,B,Results > Transcriptomic analyses of BHF7-transfected vSMCs demonstrates expected changes to known SMILR regulated genes without apparent toxic effect; paragraph 43,accept,transcriptome-level off-target safety,True,True,A,0.88,pmc_full_text,True,"We further demonstrate using RNA-sequencing that BHF7 down-regulates the expression of genes associated with proliferation and does not induce the expression of interferon or apoptosis genes, suggesting it has a favorable safety profile, both on- and off-target.",Full-text therapeutic SMILR siRNA study used RNA-seq plus cytotoxicity/apoptosis assays to measure transcriptome-level on/off-target safety after BHF7 treatment.,codex_gpt-5.5_manual_agent,accept,ni_jie,B,Grade adjusted A->B: PMID 40928446; pmc_full_text evidence was direct but less than full primary-detail confidence for seed-mediated off-target effect.
484,offtarget_evidence,483,KRAS siRNA,40762837,PMC12483557,,Inverted chimeric RNAi molecules synergistically cotarget MYC and KRAS in KRAS-driven cancers.,seed-mediated off-target effect,B,Results > Chimeric bridge cleavage results in more potent 5′-guide overhangs.; paragraph 22,reject,target_specificity,False,True,NA,0.86,pmc_full_text,False,NONE,"reject: MYC/KRAS chimera RNA-seq is used to conclude intended target specificity; off-target transcriptional profiling is stated as future work, not an observed result",codex_gpt-5.5_manual_agent,reject,ni_jie,C,"Reject: PMID 40762837; reject: MYC/KRAS chimera RNA-seq is used to conclude intended target specificity; off-target transcriptional profiling is stated as future work, not an observed result"
485,offtarget_evidence,484,SSEA-2,40060931,PMC11889396,,Potential ASO-based personalized treatment for Charcot-Marie-Tooth disease type 2S.,hybridization/mismatch off-target effect,B,Results > VCA-894A has limited off-target binding; paragraph 16,reject,computational_designonly,False,True,NA,0.96,pmc_full_text,False,NONE,reject: VCA-894A off-target binding was assessed by in silico BLAST/predicted transcriptome matches; no observed administered/measured off-target result,codex_gpt-5.5_manual_agent,reject,ni_jie,C,Reject: PMID 40060931; reject: VCA-894A off-target binding was assessed by in silico BLAST/predicted transcriptome matches; no observed administered/measured off-target result
486,offtarget_evidence,485,KRAS siRNA,40290881,PMC12022660,10.1016/j.mtbio.2025.101732,"An exosome-based nanoplatform for siRNA delivery combined with starvation therapy promotes tumor cell death through autophagy, overcoming refractory KRAS-mutated tumors and restoring cetuximab chemosensitivity.",off-target evidence,B,Results > In vitro gene silencing and inhibition of proliferation and migration; paragraph 24,reject,generic_or_delivery_safety,False,True,NA,0.94,pmc_full_text,False,NONE,reject: passage contains only generic siRNA off-target-risk language and delivery/efficacy results; no primary measured unintended KRAS siRNA off-target effect,codex_gpt-5.5_manual_agent,reject,ni_jie,C,Reject: PMID 40290881; reject: passage contains only generic siRNA off-target-risk language and delivery/efficacy results; no primary measured unintended KRAS siRNA off-target effect
487,offtarget_evidence,486,0001 ASO,40141224,PMC11942597,10.3390/ijms26062583,Valproic Acid Improves Antisense-Mediated Exon-Skipping Efficacy in mdx Mice.,off-target evidence,B,2. Results > 2.1. Effect of Valproic Acid on Exon-Skipping Therapy Following a 12-Week Treatment in mdx Mice; paragraph 9,abstain,none,False,False,NA,0.0,none,False,NONE,no source passage available; abstain required by Task A contract,codex_no_source_abstain_rule,reject,ni_jie,C,"Reject: PMID 40141224; the abstained record was checked at abstract level, but off-target evidence is still not directly recoverable for 0001 ASO."
488,offtarget_evidence,487,siSTT1,39752485,PMC11698097,10.1126/sciadv.adp7126,Treating myocardial infarction via a nano-ultrasonic contrast agent-mediated high-efficiency drug delivery system targeting macrophages.,transcriptome-level off-target effect,B,RESULTS > Synergistic regulation of the macrophage phenotype by OA-NO2 and siSTAT1; Fig. 5. caption,reject,on_target_transcriptomic_mechanism,False,True,NA,0.94,pmc_full_text,False,NONE,"reject: scRNA-seq/transcriptome data support macrophage targeting and intended OA-NO2/siSTAT1 phenotype modulation, not unintended siSTAT1 off-target evidence",codex_gpt-5.5_manual_agent,reject,ni_jie,C,"Reject: PMID 39752485; reject: scRNA-seq/transcriptome data support macrophage targeting and intended OA-NO2/siSTAT1 phenotype modulation, not unintended siSTAT1 off-target evidence"
489,offtarget_evidence,488,PA5-78644,39558155,PMC11662670,10.1093/nar/gkae1034,Selective recognition of RNA G-quadruplex in vitro and in cells by L-aptamer-D-oligonucleotide conjugate.,hybridization/mismatch off-target effect,B,Results > Design of a novel L-aptamer–ASO conjugate that can recognize a particular rG4 region of interest; paragraph 20,abstain,none,False,False,NA,0.0,none,False,NONE,no source passage available; abstain required by Task A contract,codex_no_source_abstain_rule,reject,ni_jie,C,Reject: PMID 39558155; available abstract is not enough to curate hybridization/mismatch off-target effect for PA5-78644 as a verified offtarget record.
490,offtarget_evidence,489,STAT3,39171140,PMC11338104,10.1016/j.omtn.2024.102268,Bi-functional CpG-STAT3 decoy oligonucleotide triggers multilineage differentiation of acute myeloid leukemia in mice.,transcriptome-level off-target effect,B,Results > Blocking STAT3 orchestrates TLR9-dependent leukemic cell differentiation; paragraph 7,reject,on_target_transcriptomic_mechanism,False,True,NA,0.95,pmc_full_text,False,NONE,reject: RNA-seq/scRNA-seq results describe intended CpG-STAT3d leukemic-cell differentiation and immune reprogramming; no observed unintended oligo off-target result,codex_gpt-5.5_manual_agent,reject,ni_jie,C,Reject: PMID 39171140; reject: RNA-seq/scRNA-seq results describe intended CpG-STAT3d leukemic-cell differentiation and immune reprogramming; no observed unintended oligo off-target result
491,offtarget_evidence,490,EZH2-driven,38664825,PMC11046805,10.1186/s13058-024-01827-4,siRNA treatment targeting integrin α11 overexpressed via EZH2-driven axis inhibits drug-resistant breast cancer progression.,transcriptome-level off-target effect,B,Results > Integrin α11 overexpression is essential for drug-resistant breast cancer cell survival; paragraph 36,reject,lab_knockdown_tool,False,False,NA,0.96,pmc_full_text,False,NONE,"reject: siRNAs are used as mechanistic knockdown tools for drug-resistant breast cancer pathways; transcriptome/microarray data identify targets and efficacy mechanisms, not oligo off-target effects",codex_gpt-5.5_manual_agent,reject,ni_jie,C,"Reject: PMID 38664825; reject: siRNAs are used as mechanistic knockdown tools for drug-resistant breast cancer pathways; transcriptome/microarray data identify targets and efficacy mechanisms, not oligo off-target effects"
492,offtarget_evidence,491,JAK1,38304729,PMC10831156,10.1016/j.omtn.2024.102117,Multispecies-targeting siRNAs for the modulation of JAK1 in the skin.,seed-mediated off-target effect,B,Results > Identification of multispecies-targeting siRNAs that efficiently silence JAK1 across various species; paragraph 8,reject,computational_designonly,False,True,NA,0.94,pmc_full_text,False,NONE,reject: JAK1 siRNAs were filtered for seed/complementarity and cross-species targetability; no experimental unintended off-target silencing result is reported,codex_gpt-5.5_manual_agent,reject,ni_jie,C,Reject: PMID 38304729; reject: JAK1 siRNAs were filtered for seed/complementarity and cross-species targetability; no experimental unintended off-target silencing result is reported
493,offtarget_evidence,492,PH-762,39697325,PMC11652358,10.3389/fimmu.2024.1501679,Self-delivering RNAi immunotherapeutic PH-762 silences PD-1 to generate local and abscopal antitumor efficacy.,transcriptome-level off-target effect,B,Results > PH-762 is a stabilized self-delivering siRNA compound designed to potently silence PDCD1 mRNA with high specificity; paragraph 10,accept,hybridization/mismatch off-target validation,True,True,B,0.90,pmc_full_text,True,"The in silico predictions were confirmed experimentally in CD3/CD28 bead-activated human pan T cells, where no off-target silencing GRAMD4 mRNA was observed, such that an IC50 for PH-762 toward GRAMD4 mRNA could not be determined",accept: therapeutic PH-762 siRNA had a predicted sequence-mediated off-target transcript experimentally tested in activated human T cells with no GRAMD4 off-target silencing observed,codex_gpt-5.5_manual_agent,accept,ni_jie,B,
494,offtarget_evidence,493,CCL7,39902039,PMC11788141,10.3389/fimmu.2024.1513196,Inflammatory biomarkers and therapeutic potential of milk exosome-mediated CCL7 siRNA in murine intestinal ischemia-reperfusion injury.,transcriptome-level off-target effect,B,Results > M-Exo/siCCL7 treatment attenuates intestinal ischemia-reperfusion injury; paragraph 49,reject,delivery_or_efficacy,False,True,NA,0.95,pmc_full_text,False,NONE,reject: transcriptome sequencing identified IIRI biomarkers and CCL7 therapeutic rationale; off-target language is future/generic delivery discussion without measured unintended siCCL7 off-target evidence,codex_gpt-5.5_manual_agent,reject,ni_jie,C,Reject: PMID 39902039; reject: transcriptome sequencing identified IIRI biomarkers and CCL7 therapeutic rationale; off-target language is future/generic delivery discussion without measured unintended siCCL7 off-target evidence
495,offtarget_evidence,494,HIF-1,39225143,PMC11485800,10.1080/17435889.2024.2393075,A drug delivery system of HIF-1α siRNA nanoparticles loaded by mesenchymal stem cells on choroidal neovascularization.,off-target evidence,B,Results > The biosafety of MSCs loaded with hybrid-siRNA NPs via intravenous injection; paragraph 57,reject,pk_biodistribution,False,True,NA,0.95,pmc_full_text,False,NONE,"reject: passage reports MSC/NP biodistribution, organ accumulation, and systemic safety; no observed molecular HIF-1? siRNA off-target effect",codex_gpt-5.5_manual_agent,reject,ni_jie,C,"Reject: PMID 39225143; reject: passage reports MSC/NP biodistribution, organ accumulation, and systemic safety; no observed molecular HIF-1? siRNA off-target effect"
496,offtarget_evidence,495,APOE ASO,38348876,PMC11109952,10.1093/nar/gkae100,A combinatorial approach for achieving CNS-selective RNAi.,seed-mediated off-target effect,B,Results > Chemical engineering to achieve selective CNS target silencing; paragraph 46,abstain,none,False,False,NA,0.0,none,False,NONE,no source passage available; abstain required by Task A contract,codex_no_source_abstain_rule,reject,ni_jie,C,Reject: PMID 38348876; 'A combinatorial approach for achieving CNS-selective RNAi.' does not provide a sufficiently specific administered-oligo offtarget endpoint for APOE ASO.
497,offtarget_evidence,496,Il6,38727303,PMC11083178,10.3390/cells13090767,Cholesterol-Modified Anti-Il6 siRNA Reduces the Severity of Acute Lung Injury in Mice.,hybridization/mismatch off-target effect,B,3. Results > 3.1. Silencing Activities of Anti-Il6 siRNAs In Vitro; paragraph 20,abstain,none,False,False,NA,0.0,none,False,NONE,no source passage available; abstain required by Task A contract,codex_no_source_abstain_rule,reject,ni_jie,C,Reject: PMID 38727303; no source passage or abstract wording gives a dependable offtarget call for Il6.
498,offtarget_evidence,497,PS-ASO,37788110,PMC10688987,10.1172/JCI163464,A splice-switching oligonucleotide treatment ameliorates glycogen storage disease type 1a in mice with G6PC c.648G>T.,hybridization/mismatch off-target effect,B,Results > Preclinical safety assessments of DS-4108b.; paragraph 13,abstain,none,False,False,NA,0.0,none,False,NONE,no source passage available; abstain required by Task A contract,codex_no_source_abstain_rule,reject,ni_jie,C,Reject: PMID 37788110; 'A splice-switching oligonucleotide treatment ameliorates glycogen storage disease type 1a in m?' does not provide a sufficiently specific administered-oligo offtarget endpoint for PS-ASO.
499,offtarget_evidence,498,nusinersen,37438524,PMC10371869,10.1038/s41586-023-06277-0,A framework for individualized splice-switching oligonucleotide therapy.,hybridization/mismatch off-target effect,B,Correcting c.7865C>T and c.5763-1050A>G; paragraph 32,reject,computational_designonly,False,True,NA,0.94,pmc_full_text,False,NONE,reject: ASO off-target profiles are in silico genomic predictions compared with nusinersen/milasen plus toxicity testing; no observed off-target hybridization result,codex_gpt-5.5_manual_agent,reject,ni_jie,C,Reject: PMID 37438524; reject: ASO off-target profiles are in silico genomic predictions compared with nusinersen/milasen plus toxicity testing; no observed off-target hybridization result
500,offtarget_evidence,499,BC-893,36727438,PMC9976930,10.1093/nar/gkad023,Simultaneous inhibition of endocytic recycling and lysosomal fusion sensitizes cells and tissues to oligonucleotide therapeutics.,off-target evidence,B,RESULTS > Simultaneous PIKfyve and ARF6 inhibition is both necessary and sufficient for ASO potentiation by SH-BC-893; paragraph 28,reject,small_molecule_or_delivery_modulator,False,False,NA,0.95,pmc_full_text,False,NONE,reject: BC-893 is a small-molecule endolysosomal trafficking modulator and off-target wording concerns small-molecule inhibitor specificity; not observed therapeutic oligo off-target evidence,codex_gpt-5.5_manual_agent,reject,ni_jie,C,Reject: PMID 36727438; reject: BC-893 is a small-molecule endolysosomal trafficking modulator and off-target wording concerns small-molecule inhibitor specificity; not observed therapeutic oligo off-target evidence
501,offtarget_evidence,500,JAK1-selective,37925520,PMC10625637,10.1038/s41467-023-42714-4,Rational design of a JAK1-selective siRNA inhibitor for the modulation of autoimmunity in the skin.,seed-mediated off-target effect,B,Results > Local administration of si3033 reduces skin infiltration of autoreactive CD8+ T cells and prevents skin depigmentation in a mouse model of vitiligo; paragraph 15,reject,on_target_specificity,False,True,NA,0.95,pmc_full_text,False,NONE,"reject: JAK-family and reporter assays measure intended JAK1 selectivity/signaling efficacy; off-target-risk discussion is design rationale, not unintended siRNA off-target observation",codex_gpt-5.5_manual_agent,reject,ni_jie,C,"Reject: PMID 37925520; reject: JAK-family and reporter assays measure intended JAK1 selectivity/signaling efficacy; off-target-risk discussion is design rationale, not unintended siRNA off-target observation"
502,offtarget_evidence,501,RBCEV siRNA,37016578,PMC10188904,10.1016/j.ymthe.2023.03.036,Red blood cell extracellular vesicles deliver therapeutic siRNAs to skeletal muscles for treatment of cancer cachexia.,off-target evidence,B,Results > Intramuscular delivery of siRNAs using RBCEVs is non-toxic and non-inflammatory; paragraph 22,reject,delivery_or_safety,False,True,NA,0.94,pmc_full_text,False,NONE,"reject: RBCEV passage reports siRNA delivery, cachexia efficacy, toxicity and inflammation safety; no primary observed unintended off-target gene effect",codex_gpt-5.5_manual_agent,reject,ni_jie,C,"Reject: PMID 37016578; reject: RBCEV passage reports siRNA delivery, cachexia efficacy, toxicity and inflammation safety; no primary observed unintended off-target gene effect"
503,offtarget_evidence,502,modified siRNA,36881759,PMC10085713,10.1093/nar/gkad067,"Chemistry, structure and function of approved oligonucleotide therapeutics.",seed-mediated off-target effect,B,RNAi THERAPEUTICS: DOUBLE-STRANDED MECHANISM OF ACTION > Conformational flexibility and reduced off-target effects: GNA; paragraph 103,reject,secondary_review,False,False,NA,0.98,pmc_full_text,False,NONE,"reject: review article discusses oligonucleotide chemistry and general off-target risks, not a primary administered/measured off-target result for a specific therapeutic oligo",codex_gpt-5.5_manual_agent,reject,ni_jie,C,"Reject: PMID 36881759; reject: review article discusses oligonucleotide chemistry and general off-target risks, not a primary administered/measured off-target result for a specific therapeutic oligo"
504,offtarget_evidence,503,Atp1a2; SOD1,38015828,PMC10683999,10.1371/journal.pone.0294731,Targeted ASO-mediated Atp1a2 knockdown in astrocytes reduces SOD1 aggregation and accelerates disease onset in mutant SOD1 mice.,transcriptome-level off-target effect,B,Results > ASO-mediated Atp1a2 knockdown induces transcriptomic changes in primary mouse astrocytes and spinal cord tissue from SOD1*G93A mice; paragraph 36,reject,on_target_transcriptomic_mechanism,False,True,NA,0.92,pmc_full_text,False,NONE,reject: transcriptomics describe pathways downstream of intended Atp1a2 knockdown in ALS models; abstract states no off-target/systemic toxicity but gives no grounded measured unintended off-target effect,codex_gpt-5.5_manual_agent,reject,ni_jie,C,Reject: PMID 38015828; reject: transcriptomics describe pathways downstream of intended Atp1a2 knockdown in ALS models; abstract states no off-target/systemic toxicity but gives no grounded measured unintended off-target effect
505,offtarget_evidence,504,C5-siRNA,36789273,PMC9900455,10.1016/j.omtn.2023.01.005,Identification of potent siRNA targeting complement C5 and its robust activity in pre-clinical models of myasthenia gravis and collagen-induced arthritis.,transcriptome-level off-target effect,B,Results > In vitro and in vivo screening identified candidate C5-siRNA; paragraph 8,reject,on_target_specificity,False,True,NA,0.94,pmc_full_text,False,NONE,reject: C5-siRNA sequence-walk and screening demonstrate intended target specificity and efficacy; no unintended transcript or seed-mediated off-target result,codex_gpt-5.5_manual_agent,reject,ni_jie,C,Reject: PMID 36789273; reject: C5-siRNA sequence-walk and screening demonstrate intended target specificity and efficacy; no unintended transcript or seed-mediated off-target result
506,offtarget_evidence,505,siIGF1R-1,37251692,PMC10220282,10.1016/j.omtn.2023.04.028,Modified ASO conjugates encapsulated with cytidinyl/cationic lipids exhibit more potent and longer-lasting anti-HCC effects.,hybridization/mismatch off-target effect,B,Results > Transcriptomics and proteomics analysis of modified CT102s; paragraph 23,accept,transcriptome/proteome hybridization-mismatch off-target effect,True,True,B,0.82,pmc_full_text,True,"It was found that modified CT102s could decrease IGF1R mRNA expression levels in both the nucleus and cytoplasm (Figure 6F) and had a significant effect on the expression of GAS2 (GenBank: NM_001143830), POLA2 (GenBank: NM_002689), LGALS2 (GenBank: NM_006498), and IGFBP1 (GenBank: NM_000596), which have functional roles in the occurrence and development of tumors, possibly by imperfect base pairing","accept: therapeutic IGF1R ASO CT102 variants underwent transcriptome/proteome and qPCR analysis showing additional genes affected, attributed as possible imperfect-base-pairing off-target regulation",codex_gpt-5.5_manual_agent,accept,ni_jie,B,
507,offtarget_evidence,506,TR-siRNA,37031257,PMC10082758,10.1038/s41467-023-37774-5,RNAi-mediated rheostat for dynamic control of AAV-delivered transgenes.,seed-mediated off-target effect,B,Results > Identification of potent and specific transgene regulator siRNAs; paragraph 29,reject,excluded_aav_transgene_rheostat,False,False,NA,0.98,pmc_full_text,False,NONE,reject: study is an AAV-delivered transgene rheostat using siRNA/shRNA/REVERSIR; AAV and shRNA/vector transgene-control systems are explicitly excluded despite off-target reporter data,codex_gpt-5.5_manual_agent,reject,ni_jie,C,Reject: PMID 37031257; reject: study is an AAV-delivered transgene rheostat using siRNA/shRNA/REVERSIR; AAV and shRNA/vector transgene-control systems are explicitly excluded despite off-target reporter data
508,offtarget_evidence,507,A01406-33,37272117,PMC10243379,10.1080/15476286.2023.2217400,Biochemistry-informed design selects potent siRNAs against SARS-CoV-2.,seed-mediated off-target effect,B,Results > Rationale for siRNA design; paragraph 13,abstain,none,False,False,NA,0.0,none,False,NONE,no source passage available; abstain required by Task A contract,codex_no_source_abstain_rule,reject,ni_jie,C,Reject: PMID 37272117; A01406-33 remains unsupported for seed-mediated off-target effect after abstract-level review of 'Biochemistry-informed design selects potent siRNAs against SARS-CoV-2.'.
509,offtarget_evidence,508,siT10,37353152,PMC10528676manuscript-id: NIHMS1914607,10.1016/j.addr.2023.114968,siRNA drug delivery across the blood-brain barrier in Alzheimer's disease.,hybridization/mismatch off-target effect,B,siRNA delivery systems targeting selected genes for AD therapy > siRNA delivery systems against APP and BACE-1; paragraph 56,abstain,none,False,False,NA,0.0,none,False,NONE,no source passage available; abstain required by Task A contract,codex_no_source_abstain_rule,reject,ni_jie,C,Reject: PMID 37353152; available abstract is not enough to curate hybridization/mismatch off-target effect for siT10 as a verified offtarget record.
510,offtarget_evidence,509,SLN360,35737426,PMC9516055,10.1093/toxsci/kfac067,"Preclinical Toxicological Assessment of A Novel siRNA, SLN360, Targeting Elevated Lipoprotein (a) in Cardiovascular Disease.",seed-mediated off-target effect,B,RESULTS > SLN360 Specifically Downregulates LPA in Primary Hepatocytes; paragraph 28,accept,hybridization/mismatch off-target validation,True,True,B,0.94,pmc_full_text,True,"Except for the pseudogene LPAL2, none of the other identified potential off targets, nor PLG, showed any concentration-dependent reduction in mRNA expression up to SLN360 concentrations of 1000 nM, over 300-fold the IC50 for SLN360 in primary human hepatocytes",accept: liver-targeted therapeutic SLN360 siRNA had predicted human off-target genes experimentally assayed by mRNA expression in primary human hepatocytes,codex_gpt-5.5_manual_agent,accept,ni_jie,B,
511,offtarget_evidence,510,LNA ASO,35922434,PMC9349213,10.1038/s41467-022-32216-0,An intranasal ASO therapeutic targeting SARS-CoV-2.,hybridization/mismatch off-target effect,B,Results > Intranasal administration of 5’-ASO#26 did not induce significant immune stimulatory effect; paragraph 10,abstain,none,False,False,NA,0.0,none,False,NONE,no source passage available; abstain required by Task A contract,codex_no_source_abstain_rule,reject,ni_jie,C,Reject: PMID 35922434 abstract/title reviewed; no clear in-scope hybridization/mismatch off-target effect endpoint is grounded for LNA ASO.
512,offtarget_evidence,511,siCpWnt3,36180523,PMC9525680,10.1038/s41598-022-20476-1,siRNA-mediated gene knockdown via electroporation in hydrozoan jellyfish embryos.,hybridization/mismatch off-target effect,B,Results > Wnt3 knockdown with siRNA in Cladonema pacificum; paragraph 41,abstain,none,False,False,NA,0.0,none,False,NONE,no source passage available; abstain required by Task A contract,codex_no_source_abstain_rule,reject,ni_jie,C,Reject: PMID 36180523; no source passage or abstract wording gives a dependable offtarget call for siCpWnt3.
513,offtarget_evidence,512,KCNQ1; QT1,35409410,PMC9000197,10.3390/ijms23074053,shRNAs Targeting a Common KCNQ1 Variant Could Alleviate Long-QT1 Disease Severity by Inhibiting a Mutant Allele.,seed-mediated off-target effect,B,2. Results > 2.1. Allele-Specific Targeting of Common SNPs in KCNQ1; paragraph 11,abstain,none,False,False,NA,0.0,none,False,NONE,no source passage available; abstain required by Task A contract,codex_no_source_abstain_rule,reject,ni_jie,C,"Reject: PMID 35409410; the abstained record was checked at abstract level, but seed-mediated off-target effect is still not directly recoverable for KCNQ1; QT1."
514,offtarget_evidence,513,siHJ1D8,34286840,PMC8864631,10.1093/ecco-jcc/jjab129,Therapeutic siRNAs Targeting the JAK/STAT Signalling Pathway in Inflammatory Bowel Diseases.,seed-mediated off-target effect,B,3. Results > 3.3. Specificity of siRNA targeting JAK1 and JAK3; paragraph 30,abstain,none,False,False,NA,0.0,none,False,NONE,no source passage available; abstain required by Task A contract,codex_no_source_abstain_rule,reject,ni_jie,C,Reject: PMID 34286840; no source passage or abstract wording gives a dependable offtarget call for siHJ1D8.
515,offtarget_evidence,514,LINC01257,34683974,PMC8539450,10.3390/pharmaceutics13101681,Development of siRNA-Loaded Lipid Nanoparticles Targeting Long Non-Coding RNA LINC01257 as a Novel and Safe Therapeutic Approach for t(8;21) Pediatric Acute Myeloid Leukemia.,off-target evidence,B,3. Results > 3.6. LNP-si-LINC01257 Impairs Kasumi-1 Cell Proliferation without Affecting Healthy PBMCs; paragraph 29,reject,healthy_cell_toxicity_or_delivery,False,True,NA,0.93,pmc_full_text,False,NONE,"reject: LINC01257 siRNA-LNP results address lncRNA-targeted AML efficacy and healthy PBMC viability/toxicity, not measured unintended off-target transcript silencing",codex_gpt-5.5_manual_agent,reject,ni_jie,C,"Reject: PMID 34683974; reject: LINC01257 siRNA-LNP results address lncRNA-targeted AML efficacy and healthy PBMC viability/toxicity, not measured unintended off-target transcript silencing"
516,offtarget_evidence,515,CAG-siRNA,33738134,PMC7937577,10.1016/j.omtn.2021.02.007,Selective suppression of polyglutamine-expanded protein by lipid nanoparticle-delivered siRNA targeting CAG expansions in the mouse CNS.,hybridization/mismatch off-target effect,B,Results > Selective suppression of mutant androgen receptor by UNA-modified CAG-siRNA in human fibroblasts; paragraph 8,reject,allele_selective_on_target_specificity,False,True,NA,0.88,pmc_full_text,False,NONE,reject: CAG-siRNA reporter and mismatch data measure mutant-vs-normal CAG/AR allele selectivity and efficacy; no clearly observed unintended non-target transcript off-target effect,codex_gpt-5.5_manual_agent,reject,ni_jie,C,Reject: PMID 33738134; reject: CAG-siRNA reporter and mismatch data measure mutant-vs-normal CAG/AR allele selectivity and efficacy; no clearly observed unintended non-target transcript off-target effect
517,offtarget_evidence,516,EGFR siRNA,34959463,PMC8703291,10.3390/pharmaceutics13122182,Non-Cationic RGD-Containing Protein Nanocarrier for Tumor-Targeted siRNA Delivery.,off-target evidence,B,3. Results > 3.7. Tumor-Targeting Capability In Vivo; paragraph 28,reject,delivery_or_toxicity,False,True,NA,0.95,pmc_full_text,False,NONE,"reject: EGFR siRNA carrier passage concerns tumor-targeted delivery, serum stability, and low toxicity; off-target wording is generic delivery-vector background",codex_gpt-5.5_manual_agent,reject,ni_jie,C,"Reject: PMID 34959463; reject: EGFR siRNA carrier passage concerns tumor-targeted delivery, serum stability, and low toxicity; off-target wording is generic delivery-vector background"
518,offtarget_evidence,517,ORF1ab,33519276,PMC7833792,10.1016/j.sjbs.2020.11.066,In silico prediction and experimental validation of siRNAs targeting ORF1ab of MERS-CoV in Vero cell line.,transcriptome-level off-target effect,B,"Results > MERS-CoV genome analysis, in silico prediction and selection of potential siRNAs; paragraph 16",reject,computational_designonly,False,True,NA,0.96,pmc_full_text,False,NONE,"reject: MERS-CoV ORF1ab siRNAs were computationally filtered to avoid human off-target matches; experimental work validates antiviral efficacy/cytotoxicity, not off-target silencing",codex_gpt-5.5_manual_agent,reject,ni_jie,C,"Reject: PMID 33519276; reject: MERS-CoV ORF1ab siRNAs were computationally filtered to avoid human off-target matches; experimental work validates antiviral efficacy/cytotoxicity, not off-target silencing"
519,offtarget_evidence,518,siUC7,33992805,PMC8118699,10.1016/j.ymthe.2021.05.004,A SARS-CoV-2 targeted siRNA-nanoparticle therapy for COVID-19.,seed-mediated off-target effect,B,Results > siRNA targeting SARS-CoV-2; paragraph 5,abstain,none,False,False,NA,0.0,none,False,NONE,no source passage available; abstain required by Task A contract,codex_no_source_abstain_rule,reject,ni_jie,C,"Reject: PMID 33992805; the abstained record was checked at abstract level, but seed-mediated off-target effect is still not directly recoverable for siUC7."
520,offtarget_evidence,519,siCoV3,34696460,PMC8539227,10.3390/v13102030,Inhibition of SARS-CoV-2 Replication by a Small Interfering RNA Targeting the Leader Sequence.,seed-mediated off-target effect,B,3. Results > 3.1. Design of siRNAs Targeting the 5′-UTR of SARS-CoV-2; paragraph 14,abstain,none,False,False,NA,0.0,none,False,NONE,no source passage available; abstain required by Task A contract,codex_no_source_abstain_rule,reject,ni_jie,C,Reject: PMID 34696460; 'Inhibition of SARS-CoV-2 Replication by a Small Interfering RNA Targeting the Leader Sequence.' does not provide a sufficiently specific administered-oligo offtarget endpoint for siCoV3.
521,offtarget_evidence,520,207 siRNA,32416156,PMC7408447,10.1016/j.jcmgh.2020.05.002,High Content Imaging of Barrett's-Associated High-Grade Dysplasia Cells After siRNA Library Screening Reveals Acid-Responsive Regulators of Cellular Transitions.,transcriptome-level off-target effect,B,Results > Gene Silencing-Dependent Changes in Cell Morphology Are Associated With Altered Cell Migration; paragraph 12,reject,lab_knockdown_tool,False,False,NA,0.98,pmc_full_text,False,NONE,"reject: siRNA library screening is used as a discovery/knockdown tool in Barrett/EAC cells; microarray data are disease/low-pH gene-expression context, not therapeutic oligo off-target evidence",codex_gpt-5.5_manual_agent,reject,ni_jie,C,"Reject: PMID 32416156; reject: siRNA library screening is used as a discovery/knockdown tool in Barrett/EAC cells; microarray data are disease/low-pH gene-expression context, not therapeutic oligo off-target evidence"
522,offtarget_evidence,521,AS-siRNA,31705875,PMC7395648manuscript-id: NIHMS1613077,10.1016/j.jid.2019.09.022,Allele-Specific Small Interfering RNA Corrects Aberrant Cellular Phenotype in Keratitis-Ichthyosis-Deafness Syndrome Keratinocytes.,seed-mediated off-target effect,B,RESULTS > Low-level off-target effects of AS-siRNA S7; paragraph 17,abstain,none,False,False,NA,0.0,none,False,NONE,no source passage available; abstain required by Task A contract,codex_no_source_abstain_rule,reject,ni_jie,C,Reject: PMID 31705875; 'Allele-Specific Small Interfering RNA Corrects Aberrant Cellular Phenotype in Keratitis-Ichthy?' does not provide a sufficiently specific administered-oligo offtarget endpoint for AS-siRNA.
523,offtarget_evidence,522,ADAR1,32817447,PMC7668262,10.1261/rna.076745.120,Processing of Alu small RNAs by DICER/ADAR1 complexes and their RNAi targets.,seed-mediated off-target effect,B,RESULTS > Sense Alu siRNAs target CDCP1 and induce apoptosis in HeLa cells; paragraph 16,abstain,none,False,False,NA,0.0,none,False,NONE,no source passage available; abstain required by Task A contract,codex_no_source_abstain_rule,reject,ni_jie,C,Reject: PMID 32817447; no source passage or abstract wording gives a dependable offtarget call for ADAR1.
524,offtarget_evidence,523,TPPP siRNA,32296040,PMC7160116,10.1038/s41467-020-14978-7,A high-content RNAi screen reveals multiple roles for long noncoding RNAs in cell division.,transcriptome-level off-target effect,B,Results > Linc0889-dependent regulation of TPPP in mitotic progression; paragraph 16,abstain,none,False,False,NA,0.0,none,False,NONE,no source passage available; abstain required by Task A contract,codex_no_source_abstain_rule,reject,ni_jie,C,Reject: PMID 32296040; no source passage or abstract wording gives a dependable offtarget call for TPPP siRNA.
525,offtarget_evidence,524,eIF3m,31855834,PMC6926209,10.1016/j.omtn.2019.11.009,In Vivo RNAi-Mediated eIF3m Knockdown Affects Ribosome Biogenesis and Transcription but Has Limited Impact on mRNA-Specific Translation.,seed-mediated off-target effect,B,Results > In Vivo Knockdown of eIF3m in Mouse Liver; paragraph 7,abstain,none,False,False,NA,0.0,none,False,NONE,no source passage available; abstain required by Task A contract,codex_no_source_abstain_rule,reject,ni_jie,C,Reject: PMID 31855834; available abstract is not enough to curate seed-mediated off-target effect for eIF3m as a verified offtarget record.
526,offtarget_evidence,525,HTT siRNA,31375812,PMC6879195manuscript-id: NIHMS1533065,10.1038/s41587-019-0205-0,A divalent siRNA chemical scaffold for potent and sustained modulation of gene expression throughout the central nervous system.,seed-mediated off-target effect,B,Results > Di-siRNA modulates HTT expression with minimal off-target events; paragraph 33,accept,seed-mediated transcriptome-wide off-target effect,True,True,A,0.96,pmc_full_text,True,"Thus, there were only two potential genes, APOLD1 (~ 40% down) and ANLN (~ 20% down), that may be down-regulated due to miRNA-like off-target silencing",accept: therapeutic Di-siRNAHTT was administered in NHP CNS and RNA-seq/seed-enrichment analysis identified two possible miRNA-like off-target silencing events,codex_gpt-5.5_manual_agent,accept,ni_jie,A,
527,offtarget_evidence,526,85 siRNA,31213643,PMC6582146,10.1038/s41598-019-45159-2,A cross-species whole genome siRNA screen in suspension-cultured Chinese hamster ovary cells identifies novel engineering targets.,seed-mediated off-target effect,B,Results > Identifying valid siRNAs; paragraph 32,abstain,none,False,False,NA,0.0,none,False,NONE,no source passage available; abstain required by Task A contract,codex_no_source_abstain_rule,reject,ni_jie,C,Reject: PMID 31213643; no source passage or abstract wording gives a dependable offtarget call for 85 siRNA.
528,offtarget_evidence,527,SMARCB1,30860482,PMC6436895,10.7554/eLife.44161,Renal medullary carcinomas depend upon SMARCB1 loss and are sensitive to proteasome inhibition.,seed-mediated off-target effect,B,Results > RNAi and CRISPR-Cas9 loss-of-function screens and small-molecule screens in RMC models identify proteasome inhibition as a vulnerability; paragraph 25,abstain,none,False,False,NA,0.0,none,False,NONE,no source passage available; abstain required by Task A contract,codex_no_source_abstain_rule,reject,ni_jie,C,Reject: PMID 30860482; available abstract is not enough to curate seed-mediated off-target effect for SMARCB1 as a verified offtarget record.
529,offtarget_evidence,528,Serpinh1,31100613,PMC6520554,10.1016/j.omtn.2019.04.014,Reversal of Vocal Fold Mucosal Fibrosis Using siRNA against the Collagen-Specific Chaperone Serpinh1.,transcriptome-level off-target effect,B,Results > Serpinh1 Knockdown Induces a Transcriptome-Level Shift in Cell Phenotype; paragraph 10,abstain,none,False,False,NA,0.0,none,False,NONE,no source passage available; abstain required by Task A contract,codex_no_source_abstain_rule,reject,ni_jie,C,Reject: PMID 31100613; available abstract is not enough to curate transcriptome-level off-target effect for Serpinh1 as a verified offtarget record.
530,offtarget_evidence,529,CEP290; LCA10,30114557,PMC6092551,10.1016/j.omtn.2018.07.010,Splice-Modulating Oligonucleotide QR-110 Restores CEP290 mRNA and Function in Human c.2991+1655A>G LCA10 Models.,hybridization/mismatch off-target effect,B,"Results > QR-110 Treatment Reduces Aberrant Splicing, Increases Wild-Type CEP290 in Homozygous Retinal Organoids, and Shows No Off-Target Pharmacology; paragraph 15",accept,transcriptome-wide hybridization-dependent off-target assessment,True,True,A,0.95,pmc_full_text,True,"Using a 2-fold change as a cutoff, 44 differentially expressed genes were identified, but none has complementarity to QR-110 (Table S8)","accept: therapeutic splice-switching ASO QR-110 was tested by RNA-seq in retinal organoids for hybridization-dependent off-target effects, with differential genes lacking QR-110 complementarity",codex_gpt-5.5_manual_agent,accept,ni_jie,A,
531,offtarget_evidence,530,GluN3A,29438442,PMC5811004,10.1371/journal.pone.0192242,"The siRNA-mediated knockdown of GluN3A in 46C-derived neural stem cells affects mRNA expression levels of neural genes, including known iGluR interactors.",transcriptome-level off-target effect,B,Results > Transcriptome analysis of 46C-derived NSCs after knockdown of GluN3A; Fig 7 caption,abstain,none,False,False,NA,0.0,none,False,NONE,no source passage available; abstain required by Task A contract,codex_no_source_abstain_rule,reject,ni_jie,C,Reject: PMID 29438442 abstract/title reviewed; no clear in-scope transcriptome-level off-target effect endpoint is grounded for GluN3A.
532,offtarget_evidence,531,7C1 siRNA,29963629,PMC6021147,10.1126/sciadv.aar8409,Endothelial siRNA delivery in nonhuman primates using ionizable low-molecular weight polymeric nanoparticles.,off-target evidence,B,RESULTS > 7C1 and siRNA validation and characterization; paragraph 5,abstain,none,False,False,NA,0.0,none,False,NONE,no source passage available; abstain required by Task A contract,codex_no_source_abstain_rule,reject,ni_jie,C,Reject: PMID 29963629 abstract/title reviewed; no clear in-scope off-target evidence endpoint is grounded for 7C1 siRNA.
533,offtarget_evidence,532,Upf3b,29334995,PMC5769327,10.1186/s13059-017-1386-9,Antisense suppression of the nonsense mediated decay factor Upf3b as a potential treatment for diseases caused by nonsense mutations.,transcriptome-level off-target effect,B,Results > Upf3b-ASO treatment stabilizes hF9_R29X mRNA and has minimum impact on the normal liver transcriptome in a mouse model of hemophilia B; paragraph 24,abstain,none,False,False,NA,0.0,none,False,NONE,no source passage available; abstain required by Task A contract,codex_no_source_abstain_rule,reject,ni_jie,C,Reject: PMID 29334995; 'Antisense suppression of the nonsense mediated decay factor Upf3b as a potential treatment for?' does not provide a sufficiently specific administered-oligo offtarget endpoint for Upf3b.
534,offtarget_evidence,533,89E-06,28918038,PMC5537172,10.1016/j.omtn.2017.07.003,Strategies for In Vivo Screening and Mitigation of Hepatotoxicity Associated with Antisense Drugs.,hybridization/mismatch off-target effect,B,Results > High Confirmation Rate of In Silico Predicted OTEs in Mouse Liver; paragraph 14,accept,transcriptome-wide RNA-seq hybridization-mediated off-target effect,True,True,B,0.94,pmc_full_text,True,Our data show that liver toxicity of LNA-containing gapmer ASOs is associated with their ability to hybridize to off-target transcripts and downregulate their expression.,Full-text primary therapeutic LNA gapmer study administered ASOs in mice and used liver transcriptome profiling/DE overlap to show hybridization-mediated off-target transcript downregulation; grade B because evidence is for an ASO panel/aggregate rather than molecule 89E-06 as a named compound.,codex_gpt-5.5_manual_agent,accept,ni_jie,B,
535,offtarget_evidence,534,LNA-siRNA,28423565,PMC5410294,10.18632/oncotarget.15517,Identification and characterization of L1-specific endo-siRNAs essential for early embryonic development in pig.,hybridization/mismatch off-target effect,B,RESULTS > Endo-siRNAs derived from porcine L1 retrotransposon; Figure 2 caption,abstain,none,False,False,NA,0.0,none,False,NONE,no source passage available; abstain required by Task A contract,codex_no_source_abstain_rule,reject,ni_jie,C,Reject: PMID 28423565 abstract/title reviewed; no clear in-scope hybridization/mismatch off-target effect endpoint is grounded for LNA-siRNA.
536,offtarget_evidence,535,shRT5,27928054,PMC5397164,10.1093/nar/gkw1203,The influence of the 5΄-terminal nucleotide on AgoshRNA activity and biogenesis: importance of the polymerase III transcription initiation site.,hybridization/mismatch off-target effect,B,RESULTS > Importance of the bottom basepair position in AgoshRT5 molecules; paragraph 17,abstain,none,False,False,NA,0.0,none,False,NONE,no source passage available; abstain required by Task A contract,codex_no_source_abstain_rule,reject,ni_jie,C,"Reject: PMID 27928054; the abstained record was checked at abstract level, but hybridization/mismatch off-target effect is still not directly recoverable for shRT5."
537,offtarget_evidence,536,VEGF siRNA,28860767,PMC5573052,10.2147/IJN.S142739,VEGF siRNA delivered by polycation liposome-encapsulated calcium phosphate nanoparticles for tumor angiogenesis inhibition in breast cancer.,transcriptome-level off-target effect,B,Results > VEGF inhibition in vitro; paragraph 17,abstain,none,False,False,NA,0.0,none,False,NONE,no source passage available; abstain required by Task A contract,codex_no_source_abstain_rule,reject,ni_jie,C,Reject: PMID 28860767; available abstract is not enough to curate transcriptome-level off-target effect for VEGF siRNA as a verified offtarget record.
538,offtarget_evidence,537,EGFR-siRNA,28181832,PMC8241002,10.1080/10717544.2016.1267821,A tumor-targeting cRGD-EGFR siRNA conjugate and its anti-tumor effect on glioblastoma in vitro and in vivo.,transcriptome-level off-target effect,B,Results > Synthesis and serum stability of cRGD-siEGFR; Figure 1. caption,abstain,none,False,False,NA,0.0,none,False,NONE,no source passage available; abstain required by Task A contract,codex_no_source_abstain_rule,reject,ni_jie,C,Reject: PMID 28181832; available abstract is not enough to curate transcriptome-level off-target effect for EGFR-siRNA as a verified offtarget record.
539,offtarget_evidence,538,siCIP2A,28797448,PMC5580030manuscript-id: NIHMS894760,10.1016/j.oraloncology.2017.07.004,Dual peptide-mediated targeted delivery of bioactive siRNAs to oral cancer cells in vivo.,off-target evidence,B,"Results > The GE11R9 peptide targets delivery of siRNAs to cells with high expression of EGFR, but is not capable of delivering bioactive siRNAs; paragraph 18",abstain,none,False,False,NA,0.0,none,False,NONE,no source passage available; abstain required by Task A contract,codex_no_source_abstain_rule,reject,ni_jie,C,Reject: PMID 28797448; no source passage or abstract wording gives a dependable offtarget call for siCIP2A.
540,offtarget_evidence,539,MORC-1,28535375,PMC5527976manuscript-id: NIHMS872127,10.1016/j.devcel.2017.04.023,MORC-1 Integrates Nuclear RNAi and Transgenerational Chromatin Architecture to Promote Germline Immortality.,transcriptome-level off-target effect,B,Results > morc-1 mediates endo-siRNA effector function; paragraph 14,abstain,none,False,False,NA,0.0,none,False,NONE,no source passage available; abstain required by Task A contract,codex_no_source_abstain_rule,reject,ni_jie,C,Reject: PMID 28535375; 'MORC-1 Integrates Nuclear RNAi and Transgenerational Chromatin Architecture to Promote Germlin?' does not provide a sufficiently specific administered-oligo offtarget endpoint for MORC-1.
541,offtarget_evidence,540,HMGB1,28352154,PMC5359008,10.2147/DDDT.S129913,HMGB1 siRNA can reduce damage to retinal cells induced by high glucose in vitro and in vivo.,off-target evidence,B,Results > Intravitreal injection of HMGB1 siRNA significantly inhibited the expression of HMGB1 in the retina; paragraph 27,abstain,none,False,False,NA,0.0,none,False,NONE,no source passage available; abstain required by Task A contract,codex_no_source_abstain_rule,reject,ni_jie,C,Reject: PMID 28352154; available abstract is not enough to curate off-target evidence for HMGB1 as a verified offtarget record.
542,offtarget_evidence,541,000 shRNA,26997282,PMC7616965manuscript-id: EMS129567,10.1016/j.celrep.2016.02.082,Genome-wide RNAi Screen Identifies Cohesin Genes as Modifiers of Renewal and Differentiation in Human HSCs.,off-target evidence,B,Results > Genome-wide RNAi Screen in Primitive Human Hematopoietic Cells Defines Genes and Pathways Associated with Cell Expansion and Cancer Development; parag,abstain,none,False,False,NA,0.0,none,False,NONE,no source passage available; abstain required by Task A contract,codex_no_source_abstain_rule,reject,ni_jie,C,Reject: PMID 26997282 abstract/title reviewed; no clear in-scope off-target evidence endpoint is grounded for 000 shRNA.
543,offtarget_evidence,542,TLR-3,27259398,PMC4958528manuscript-id: NIHMS793943,10.1016/j.addr.2016.05.010,Delivery strategies and potential targets for siRNA in major cancer types.,hybridization/mismatch off-target effect,B,4. Future prospects > 4.1. Delivery challenge; paragraph 58,abstain,none,False,False,NA,0.0,none,False,NONE,no source passage available; abstain required by Task A contract,codex_no_source_abstain_rule,reject,ni_jie,C,"Reject: PMID 27259398; the abstained record was checked at abstract level, but hybridization/mismatch off-target effect is still not directly recoverable for TLR-3."
544,offtarget_evidence,543,80 siRNA,26815386,PMC5153885manuscript-id: NIHMS816236,10.1021/acs.molpharmaceut.5b00831,Peptide- and Amine-Modified Glucan Particles for the Delivery of Therapeutic siRNA.,transcriptome-level off-target effect,B,RESULTS > Amine- and peptide-modified GPs efficiently deliver siRNA and silence genes in macrophages in lean mice in vivo; paragraph 44,abstain,none,False,False,NA,0.0,none,False,NONE,no source passage available; abstain required by Task A contract,codex_no_source_abstain_rule,reject,ni_jie,C,Reject: PMID 26815386 abstract/title reviewed; no clear in-scope transcriptome-level off-target effect endpoint is grounded for 80 siRNA.
545,offtarget_evidence,544,OVCAR-8,27583545,PMC5410868manuscript-id: NIHMS855238,10.1021/acs.bioconjchem.6b00304,Comparison of Modular PEG Incorporation Strategies for Stabilization of Peptide-siRNA Nanocomplexes.,off-target evidence,B,Results > PEG-containing TPNs show improved blood circulation and organ biodistribution; paragraph 10,abstain,none,False,False,NA,0.0,none,False,NONE,no source passage available; abstain required by Task A contract,codex_no_source_abstain_rule,reject,ni_jie,C,Reject: PMID 27583545; OVCAR-8 remains unsupported for off-target evidence after abstract-level review of 'Comparison of Modular PEG Incorporation Strategies for Stabilization of Peptide-siRNA Nanocomp?'.
546,offtarget_evidence,545,PINK1 siRNA,26902267,PMC5477503,10.1038/ncomms10578,An interactive web-based application for Comprehensive Analysis of RNAi-screen Data.,seed-mediated off-target effect,B,Results > Application of common seed analysis (CSA) in CARD; paragraph 9,abstain,none,False,False,NA,0.0,none,False,NONE,no source passage available; abstain required by Task A contract,codex_no_source_abstain_rule,reject,ni_jie,C,Reject: PMID 26902267; PINK1 siRNA remains unsupported for seed-mediated off-target effect after abstract-level review of 'An interactive web-based application for Comprehensive Analysis of RNAi-screen Data.'.
547,offtarget_evidence,546,siRND4,26516083,PMC4647466,10.1261/rna.053637.115,Properties of short double-stranded RNAs carrying randomized base pairs: toward better controls for RNAi experiments.,seed-mediated off-target effect,B,RESULTS > Position of randomized sites influences the silencing properties of rnd-siRNAs; paragraph 14,abstain,none,False,False,NA,0.0,none,False,NONE,no source passage available; abstain required by Task A contract,codex_no_source_abstain_rule,reject,ni_jie,C,Reject: PMID 26516083; 'Properties of short double-stranded RNAs carrying randomized base pairs: toward better control?' does not provide a sufficiently specific administered-oligo offtarget endpoint for siRND4.
548,offtarget_evidence,547,THIOMAB-siRNA,25550431,PMC4333408,10.1093/nar/gku1362,Systematic evaluation of antibody-mediated siRNA delivery using an industrial platform of THIOMAB-siRNA conjugates.,hybridization/mismatch off-target effect,B,"RESULTS > A broad platform of ARCs to assess antibody, siRNA and cellular properties that impact delivery and silencing; paragraph 22",abstain,none,False,False,NA,0.0,none,False,NONE,no source passage available; abstain required by Task A contract,codex_no_source_abstain_rule,reject,ni_jie,C,Reject: PMID 25550431; available abstract is not enough to curate hybridization/mismatch off-target effect for THIOMAB-siRNA as a verified offtarget record.
549,offtarget_evidence,548,20-70,25100204,PMC4184972manuscript-id: NIHMS620732,10.1158/2159-8290.CD-13-0900,Development of siRNA payloads to target KRAS-mutant cancer.,hybridization/mismatch off-target effect,B,Results > Low dose shRNA and siRNA minimizes off-target effects; paragraph 11,abstain,none,False,False,NA,0.0,none,False,NONE,no source passage available; abstain required by Task A contract,codex_no_source_abstain_rule,reject,ni_jie,C,"Reject: PMID 25100204; the abstained record was checked at abstract level, but hybridization/mismatch off-target effect is still not directly recoverable for 20-70."
550,offtarget_evidence,549,IKK1,24523631,PMC3913291,10.1155/2014/193803,RNAi-mediated knockdown of IKK1 in transgenic mice using a transgenic construct containing the human H1 promoter.,off-target evidence,B,3. Results > 3.1. Selection of an Effective Sequence for Interfering IKK1 Expression; paragraph 19,abstain,none,False,False,NA,0.0,none,False,NONE,no source passage available; abstain required by Task A contract,codex_no_source_abstain_rule,reject,ni_jie,C,Reject: PMID 24523631; 'RNAi-mediated knockdown of IKK1 in transgenic mice using a transgenic construct containing the?' does not provide a sufficiently specific administered-oligo offtarget endpoint for IKK1.
551,offtarget_evidence,550,siEphA2,24619206,PMC4112501manuscript-id: NIHMS588692,10.1038/ncomms4459,2'-OMe-phosphorodithioate-modified siRNAs show increased loading into the RISC complex and enhanced anti-tumour activity.,hybridization/mismatch off-target effect,B,Results > In vivo application of MePS2-1 siRNA; paragraph 15,abstain,none,False,False,NA,0.0,none,False,NONE,no source passage available; abstain required by Task A contract,codex_no_source_abstain_rule,reject,ni_jie,C,Reject: PMID 24619206 abstract/title reviewed; no clear in-scope hybridization/mismatch off-target effect endpoint is grounded for siEphA2.
552,offtarget_evidence,551,HIV-1,25373910,PMC4926641manuscript-id: NIHMS796462,10.1016/j.celrep.2014.09.031,Comprehensive identification of host modulators of HIV-1 replication using multiple orthologous RNAi reagents.,transcriptome-level off-target effect,B,RESULTS > MORR Screens Find Host Factors that Modulate HIV-1 Replication; paragraph 6,abstain,none,False,False,NA,0.0,none,False,NONE,no source passage available; abstain required by Task A contract,codex_no_source_abstain_rule,reject,ni_jie,C,Reject: PMID 25373910; no source passage or abstract wording gives a dependable offtarget call for HIV-1.
553,offtarget_evidence,552,GAPDH siRNA,24145823,PMC3884671,10.1261/rna.039677.113,Rational design of microRNA-siRNA chimeras for multifunctional target suppression.,seed-mediated off-target effect,B,RESULTS > aiRNAs and miRNAs share similar targeting characteristics; paragraph 10,abstain,none,False,False,NA,0.0,none,False,NONE,no source passage available; abstain required by Task A contract,codex_no_source_abstain_rule,reject,ni_jie,C,Reject: PMID 24145823; GAPDH siRNA remains unsupported for seed-mediated off-target effect after abstract-level review of 'Rational design of microRNA-siRNA chimeras for multifunctional target suppression.'.
554,offtarget_evidence,553,DARPP-32 siRNA,23844368,PMC3703404,10.1155/2013/782041,Recent developments in nanoparticle-based siRNA delivery for cancer therapy.,off-target evidence,B,5. Targeted Delivery; paragraph 19,abstain,none,False,False,NA,0.0,none,False,NONE,no source passage available; abstain required by Task A contract,codex_no_source_abstain_rule,reject,ni_jie,C,Reject: PMID 23844368; no source passage or abstract wording gives a dependable offtarget call for DARPP-32 siRNA.
555,offtarget_evidence,554,NRF2; KEAP1; CCL11,23061798,PMC3546844,10.1186/1465-9921-13-92,Gene expression profiling following NRF2 and KEAP1 siRNA knockdown in human lung fibroblasts identifies CCL11/Eotaxin-1 as a novel NRF2 regulated gene.,transcriptome-level off-target effect,B,Results > Gene expression profiling following NRF2 and KEAP1 siRNA knock-down; paragraph 20,abstain,none,False,False,NA,0.0,none,False,NONE,no source passage available; abstain required by Task A contract,codex_no_source_abstain_rule,reject,ni_jie,C,Reject: PMID 23061798; no source passage or abstract wording gives a dependable offtarget call for NRF2; KEAP1; CCL11.
556,offtarget_evidence,555,2016-27,22100984,PMC3265162manuscript-id: NIHMS339060,10.1016/j.bcp.2011.11.005,Kinome-wide siRNA screening identifies molecular targets mediating the sensitivity of pancreatic cancer cells to Aurora kinase inhibitors.,transcriptome-level off-target effect,B,Supplementary Material; caption 32,abstain,none,False,False,NA,0.0,none,False,NONE,no source passage available; abstain required by Task A contract,codex_no_source_abstain_rule,reject,ni_jie,C,Reject: PMID 22100984 abstract/title reviewed; no clear in-scope transcriptome-level off-target effect endpoint is grounded for 2016-27.
557,offtarget_evidence,556,CSNK2A1 siRNA,23118925,PMC3484153,10.1371/journal.pone.0048057,DSIR: assessing the design of highly potent siRNA by testing a set of cancer-relevant target genes.,seed-mediated off-target effect,B,Results > 3 Relationship between siRNA Efficacy and Potential off-target Effects; paragraph 24,abstain,none,False,False,NA,0.0,none,False,NONE,no source passage available; abstain required by Task A contract,codex_no_source_abstain_rule,reject,ni_jie,C,"Reject: PMID 23118925; the abstained record was checked at abstract level, but seed-mediated off-target effect is still not directly recoverable for CSNK2A1 siRNA."
558,offtarget_evidence,557,ss-siRNA,22939619,PMC3444165manuscript-id: NIHMS400047,10.1016/j.cell.2012.08.002,Single-stranded RNAs use RNAi to potently and allele-selectively inhibit mutant huntingtin expression.,hybridization/mismatch off-target effect,B,RESULTS > Involvement of AGO2 protein; paragraph 23,abstain,none,False,False,NA,0.0,none,False,NONE,no source passage available; abstain required by Task A contract,codex_no_source_abstain_rule,reject,ni_jie,C,Reject: PMID 22939619; 'Single-stranded RNAs use RNAi to potently and allele-selectively inhibit mutant huntingtin exp?' does not provide a sufficiently specific administered-oligo offtarget endpoint for ss-siRNA.
559,offtarget_evidence,558,PEG-2000,22309035,PMC3332089manuscript-id: NIHMS357565,10.1021/nn204102q,Delivery of small interfering RNA by peptide-targeted mesoporous silica nanoparticle-supported lipid bilayers.,off-target evidence,B,Results > Gene-Specific Silencing by siRNA-Loaded Protocells; paragraph 10,abstain,none,False,False,NA,0.0,none,False,NONE,no source passage available; abstain required by Task A contract,codex_no_source_abstain_rule,reject,ni_jie,C,Reject: PMID 22309035 abstract/title reviewed; no clear in-scope off-target evidence endpoint is grounded for PEG-2000.
560,offtarget_evidence,559,SSB siRNA,23209368,PMC3511191,10.2147/IJN.S35567,Low molecular weight chitosan conjugated with folate for siRNA delivery in vitro: optimization studies.,hybridization/mismatch off-target effect,B,Results > In vitro gene silencing of folate-chitosan-siRNA nanoparticles; paragraph 26,abstain,none,False,False,NA,0.0,none,False,NONE,no source passage available; abstain required by Task A contract,codex_no_source_abstain_rule,reject,ni_jie,C,Reject: PMID 23209368; 'Low molecular weight chitosan conjugated with folate for siRNA delivery in vitro: optimization?' does not provide a sufficiently specific administered-oligo offtarget endpoint for SSB siRNA.
561,offtarget_evidence,560,QGP-1,22934950,PMC3678258manuscript-id: NIHMS454501,10.2174/138620712803519671,"A simple method for analyzing actives in random RNAi screens: introducing the ""H Score"" for hit nomination & gene prioritization.",seed-mediated off-target effect,B,RESULTS > BDA method to assess nominated hits in published RNAi screens > Case Study Two: Pooled shRNA hairpin Screening Data Re-Analysis; paragraph 37,abstain,none,False,False,NA,0.0,none,False,NONE,no source passage available; abstain required by Task A contract,codex_no_source_abstain_rule,reject,ni_jie,C,Reject: PMID 22934950 abstract/title reviewed; no clear in-scope seed-mediated off-target effect endpoint is grounded for QGP-1.
562,offtarget_evidence,561,STAT6,22162773,PMC3230611,10.1371/journal.pone.0028509,Small interfering RNA against transcription factor STAT6 leads to increased cholesterol synthesis in lung cancer cell lines.,off-target evidence,B,Results > Promoter analysis and validation of Candidate Transcription Factors; Figure 4 caption,abstain,none,False,False,NA,0.0,none,False,NONE,no source passage available; abstain required by Task A contract,codex_no_source_abstain_rule,reject,ni_jie,C,Reject: PMID 22162773; available abstract is not enough to curate off-target evidence for STAT6 as a verified offtarget record.
563,offtarget_evidence,562,LFA-1,21356167,PMC3282624manuscript-id: NIHMS356115,,Optimizing siRNA delivery to the genital mucosa.,off-target evidence,B,What Next?; paragraph 19,abstain,none,False,False,NA,0.0,none,False,NONE,no source passage available; abstain required by Task A contract,codex_no_source_abstain_rule,reject,ni_jie,C,"Reject: PMID 21356167; the abstained record was checked at abstract level, but off-target evidence is still not directly recoverable for LFA-1."
564,offtarget_evidence,563,LRRK2,21712955,PMC3119704,10.1371/journal.pone.0021352,Efficient allele-specific targeting of LRRK2 R1441 mutations mediated by RNAi.,hybridization/mismatch off-target effect,B,Results > Targeting of LRRK2 G2019S mutation is less effective; paragraph 17,abstain,none,False,False,NA,0.0,none,False,NONE,no source passage available; abstain required by Task A contract,codex_no_source_abstain_rule,reject,ni_jie,C,Reject: PMID 21712955; LRRK2 remains unsupported for hybridization/mismatch off-target effect after abstract-level review of 'Efficient allele-specific targeting of LRRK2 R1441 mutations mediated by RNAi.'.
565,offtarget_evidence,564,21-5,21819628,PMC3175162,10.1186/1471-2199-12-34,The effects of stem length and core placement on shRNA activity.,hybridization/mismatch off-target effect,B,Results > The entire length of a 29 bp hairpin stem is not equally processed; paragraph 22,abstain,none,False,False,NA,0.0,none,False,NONE,no source passage available; abstain required by Task A contract,codex_no_source_abstain_rule,reject,ni_jie,C,Reject: PMID 21819628; 'The effects of stem length and core placement on shRNA activity.' does not provide a sufficiently specific administered-oligo offtarget endpoint for 21-5.
