entity_id,entity_table,sid,molecule,pmid,pmcid,doi,title,v1_claimed_evidence_type,v1_grade,v1_claimed_location,v2_proposed_decision,v2_evidence_type,v2_domain_match,v2_in_scope,v2_grade,v2_confidence,v2_passage_kind,v2_grounding_verified,v2_grounding_quote,v2_reason,extractor_model,human_decision,human_curator_id,human_evidence_grade,human_note
1,toxicity_endpoint,0,phosphorothioate ASO panel from PMID 41760661,41760661,PMC12954066,,Dysregulation of the DNA damage response by phosphorothioate antisense oligonucleotides.,genotoxicity/DNA damage response,A,Results > ASO treatment cause activation of DNA repair enzymes and these proteins are enriched in ASO-seeded PS bodies; paragraph 15,accept,genotoxicity/DNA damage response,True,True,A,0.96,pmc_full_text,True,"Notably, these condensates become enzymatically active and erroneously elicit the DNA damage response in the absence of DNA damage, activating cell cycle checkpoints, disturbing endogenous repair and causing accumulation of toxic DNA lesions.",Full-text mechanistic results link PS-ASO treatment to DNA damage response activation and toxic DNA lesions.,codex_gpt-5.5_manual_agent,accept,ni_jie,A,
2,toxicity_endpoint,1,tool ASO safety panel from PMID 41918821,41918821,PMC13034028,,Integrating transcriptomics and proteomics to assess antisense oligonucleotide safety and efficacy: a time-resolved approach.,hepatic/hepatotoxicity,A,Results > Tool ASO safety profile characterization in vitro and in vivo; paragraph 32,accept,hepatic/hepatotoxicity,True,True,A,0.94,pmc_full_text,True,"Safety characterization is based on in vitro, in vivo, and clinical data from literature and an in-house study where ALT levels were measured in an acute tolerability study in male BALB/c mice administered with 150 mg/kg ASO by subcutaneous injection.",Full-text safety characterization directly compares liver-toxic and non-liver-toxic RNase H1 ASOs with ALT measured after ASO administration.,codex_gpt-5.5_manual_agent,accept,ni_jie,A,
3,toxicity_endpoint,2,GalNAc-siCEBP?,41783787,PMC12955106,,GalNAc-conjugated siRNA targeting C/EBPβ reverses metabolic dysfunction and restores liver homeostasis in a murine MASLD model.,cytotoxicity/cytotoxicity,C,Results > In vitro silencing activity of GalNAc-siCEBPβ in primary mouse hepatocytes; paragraph 6,accept,cytotoxicity/cell viability,True,True,C,0.78,pmc_full_text,True,"No cytotoxicity was observed at any concentration (data not shown), supporting the suitability of this construct for in vivo testing.","Full-text Results state no cytotoxicity for GalNAc-siCEBP?, but the cytotoxicity data are not shown, so the evidence is weak.",codex_gpt-5.5_manual_agent,reject,ni_jie,C,"Reject after curator re-read: PMID 41783787; previous accept was too weak/generic for cytotoxicity/cytotoxicity in GalNAc-siCEBP?. Basis checked: Full-text Results state no cytotoxicity for GalNAc-siCEBP?, but the cytotoxicity data are not shown, so the evidence is weak."
4,toxicity_endpoint,3,5?-CP-modified PS-ASO panel from PMID 41467114,41467114,PMC12744863,,Unraveling and controlling late-onset neurotoxicity of antisense oligonucleotides through strategic chemical modifications.,neurological/neurotoxicity,A,Results > Gap modification of 5′-CP mitigates cytotoxicity and in vivo neurotoxicity across various PS-ASOs; paragraph 25,accept,neurological/neurotoxicity,True,True,A,0.97,pmc_full_text,True,"ASO2 and ASO3 caused a severe reduction in body weight, whereas ASO1 and ASO4 also induced a significant decrease (Figure S3).","Full-text rodent neurotoxicity assays after CNS ASO administration report body-weight and neurobehavioral toxicity, with mitigation by 5-prime-CP modification.",codex_gpt-5.5_manual_agent,accept,ni_jie,A,
5,toxicity_endpoint,4,BND6482,41480638,PMC12754785,,IGF1R-targeted delivery of a bridged nucleic acid oligonucleotide-peptide conjugate for microRNA-21 inhibition in triple-negative breast cancer.,hepatic/hepatotoxicity,B,Results > Liver and kidney toxicity assessment of BND6482; paragraph 61,accept,hepatic/renal toxicity,True,True,A,0.96,pmc_full_text,True,"Compared to the vehicle and scrambled control groups, BND6482-treated mice showed no significant alterations in serum markers indicative of hepatotoxicity (Fig. 10A).",Full-text Results measured serum liver and kidney toxicity markers after therapeutic BND6482 dosing in tumor-bearing mice.,codex_gpt-5.5_manual_agent,accept,ni_jie,A,
6,toxicity_endpoint,5,L2-Htt,41446212,PMC12724171,,Evaluating the effects of aging on biodistribution and gene silencing activity of lipid-siRNA conjugates delivered into cerebrospinal fluid.,general safety/safety/tolerability,B,Results > Safety assessments reveal L2-Htt is well tolerated in aged mice; paragraph 43,accept,systemic safety/neuroinflammation,True,True,A,0.95,pmc_full_text,True,"Collectively, these data demonstrate that L2-siRNA is well tolerated in aged mice, with no evidence of systemic toxicity, neuroinflammation, or organ dysfunction.","Full-text safety section measured serum chemistry, cytokines, gliosis, and organ function after L2-Htt/L2-siRNA administration in aged mice.",codex_gpt-5.5_manual_agent,accept,ni_jie,A,
7,toxicity_endpoint,6,TP-siRC@tHyNPs (CYP3A4-siRNA),40700483,PMC12285696,,Engineering hybrid nanoparticles for targeted codelivery of triptolide and CYP3A4-siRNA against pulmonary metastatic melanoma.,general safety/safety/tolerability,C,RESULTS > Anti-PMM effect of TP-siRC@tHyNPs in vivo; paragraph 30,accept,systemic safety,True,True,A,0.92,pmc_full_text,True,"In contrast, mice treated with TP-siRC@tHyNPs maintained stable hematological and biochemical indices throughout the 28-day administration period.",Full-text long-term biocompatibility data link the siRNA-containing hybrid delivery product to hematology and biochemical safety endpoints.,codex_gpt-5.5_manual_agent,accept,ni_jie,A,
8,toxicity_endpoint,7,anti-miR-21-SNA,40178922,PMC12233840,,Ameliorative Effect of an Anti-MicroRNA-21 Oligonucleotide on Animal and Human Models of Cystic Kidney Disease.,hepatic/hepatotoxicity,B,Results > Anti–miR-21-SNA Treatment Inhibits Kidney Cyst Growth; paragraph 32,accept,renal/hepatic safety,True,True,A,0.94,pmc_full_text,True,blood urea nitrogen levels without inducing hepatotoxicity,Full-text article reports administered anti-miR-21-SNA improved BUN without hepatotoxicity in a cystic kidney disease mouse model.,codex_gpt-5.5_manual_agent,accept,ni_jie,A,
9,toxicity_endpoint,8,LEM-S401,40160160,PMC11955805,,"A First-In-Human Phase 1 Study to Evaluate the Safety and Tolerability of LEM-S401, a Novel siRNA-DegradaBALL Drug Targeting CTGF in Healthy Adults.",general safety/safety/tolerability,A,Results > Safety and Tolerability; paragraph 24,accept,adverse events/tolerability,True,True,A,0.97,pmc_full_text,True,injection site reactions including pain and erythema,"First-in-human full-text clinical study reports adverse events, laboratory tests, cytokines, and tolerability for LEM-S401.",codex_gpt-5.5_manual_agent,accept,ni_jie,A,
10,toxicity_endpoint,9,hypoxanthine-substituted LNA-gapmer ASO1 panel from PMID 41928909,41928909,PMC13040562,,Guanine base modifications in antisense oligonucleotides mitigate acute central nervous system toxicity.,neurological/neurotoxicity,A,Result > Nucleobase-dependent effects of hypoxanthine substitution on in vivo CNS toxicity; Fig. 3 caption,accept,neurological/neurotoxicity,True,True,A,0.97,pmc_full_text,True,"We next evaluated the cytotoxicity of ASO1 and ASO2 as well as the effect of hypoxanthine substitution, Neuro-2a mouse neuroblastoma cells were transfected with ASOs, and LDH release together with cell viability was measured 48 h later.",Full-text in vitro and in vivo assays directly measure ASO neurotoxicity/cytotoxicity and its mitigation by nucleobase modification.,codex_gpt-5.5_manual_agent,accept,ni_jie,A,
11,toxicity_endpoint,10,nebulized siIL-1beta.2 from PMID 41898774,41898774,PMC13026121,,Functional siRNA Delivery via Jet Nebulization: Proof-of-Concept IL-1ß Silencing in Macrophage-like THP-1 Cells.,general safety/cytotoxicity,C,2. Results > 2.6. Knockdown of Endogenously Expressed IL-1β by Nebulized siRNA; paragraph 27,accept,cytotoxicity/cell viability,True,True,A,0.93,pmc_full_text,True,exhibited cell viability >95% (Figure 1A),Full-text XTT/LDH assays directly measured cytotoxicity for designed siRNAs including nebulized siIL-1beta.2 candidate.,codex_gpt-5.5_manual_agent,accept,ni_jie,A,
12,toxicity_endpoint,11,RGLS4326 anti-miR-17 ASO,41315228,PMC12663328,,The nucleobase guanine at the 3'-terminus of oligonucleotide RGLS4326 drives off-target AMPAR inhibition and CNS toxicity.,neurological/neurotoxicity,A,Results > CNS toxicity after RGLS4326 treatment in nonclinical toxicity studies; paragraph 7,accept,neurological/neurotoxicity,True,True,A,0.98,pmc_full_text,True,"During development of RGLS4326, unexpected CNS toxicity (characterized by abnormal gait, lateral recumbency, ataxia, and lethargy) and mortality (including unscheduled euthanasia due to moribundity) were observed in a chronic toxicity study in mice (Supplementary Table 1).","Full-text nonclinical toxicity studies link RGLS4326 administration to CNS toxicity and mortality, with SAR identifying the 3-prime guanine driver.",codex_gpt-5.5_manual_agent,accept,ni_jie,A,
13,toxicity_endpoint,12,SNS812,40116355,PMC11926758,,"Pharmacokinetics and Safety Profile of SNS812, a First in Human Fully Modified siRNA Targeting Wide-Spectrum SARS-CoV-2, in Healthy Subjects.",general safety/safety/tolerability,A,Results > Primary Efficacy: Safety; paragraph 27,accept,adverse events/tolerability,True,True,A,0.98,pmc_full_text,True,TEAEs caused discontinuation or deaths were observed.,"Phase 1 full-text clinical study reports TEAEs, SAEs, TRAEs, discontinuations, deaths, labs, vital signs, and tolerability for inhaled SNS812.",codex_gpt-5.5_manual_agent,accept,ni_jie,A,
14,toxicity_endpoint,13,PNAT524 biomolecule-conjugated ASO panel from PMID 41220634,41220634,PMC12599544,,"Enhancing the intracellular delivery of antisense oligonucleotides (ASO) : a comparative study of aptamer, vitamin E, and cholesterol ASO conjugates.",general safety/cytotoxicity,B,Results > Cytotoxicity of conjugates; paragraph 50,reject,NA,False,True,NA,0.96,pmc_full_text,False,NONE,"Reject: the claimed cytotoxicity is cancer-cell-killing/anti-cancer efficacy for PNAT524 conjugates, which the toxicity contract excludes.",codex_gpt-5.5_manual_agent,reject,ni_jie,C,"Reject: PMID 41220634; Reject: the claimed cytotoxicity is cancer-cell-killing/anti-cancer efficacy for PNAT524 conjugates, which the toxicity contract excludes."
15,toxicity_endpoint,14,siSNCA PEI/PPI nanoparticle panel from PMID 40978531,40978531,PMC12447568,,Nose-to-brain siRNA delivery by PEI/PPI-based nanoparticles reduces α-synuclein expression in a Parkinson's disease mouse model.,general safety/cytotoxicity,C,Results > PEI/PPI-based nanoparticles reveal low cytotoxic potential and polymer-dependently knock down SNCA mRNA in vitro; paragraph 6,accept,cytotoxicity/biocompatibility,True,True,A,0.95,pmc_full_text,True,indicating the absence of acute cytotoxicity,Full-text Results directly measure LDH cytotoxicity of siSNCA-loaded PEI/PPI nanoparticle complexes and report low acute cytotoxicity.,codex_gpt-5.5_manual_agent,accept,ni_jie,A,
16,toxicity_endpoint,15,JNJ-3989/JNJ-73763989 GalNAc-siRNA regimen from PMID 40919077,40919077,PMC12409438,,Peginterferon-alpha-2a add-on to treatment with siRNA JNJ-73763989 in virologically suppressed chronic hepatitis B: The phase II PENGUIN study.,general safety/safety/tolerability,B,Results > Safety; paragraph 22,accept,adverse events/tolerability,True,True,A,0.90,pmc_full_text,True,"Safety and tolerability of study drugs and procedures were evaluated via assessments of adverse events (AEs), including serious AEs (SAEs), physical examination, and laboratory abnormalities, including changes in ALT throughout the study.","Full-text phase II regimen study includes administered JNJ-3989 GalNAc-siRNA and reports safety/tolerability endpoints, although AEs are largely consistent with PegIFN profile.",codex_gpt-5.5_manual_agent,accept,ni_jie,A,
17,toxicity_endpoint,16,scFv-MML@LPCAT1si from PMID 40898177,40898177,PMC12406594,,Biomimetic nanoparticles coated with ScFv-modified macrophage membranes for siRNA delivery to relieve brain metastases of lung cancer.,general safety/systemic safety,B,Results > In vivo safety access; paragraph 30,accept,systemic safety,True,True,A,0.96,pmc_full_text,True,"Furthermore, blood tests for hepatic function indicators (ALT and AST levels) and renal function indicators (creatinine and BUN levels) revealed no significant systemic toxicity across all groups (Fig. 6B).",Full-text in vivo safety assessment measured organ histology and serum liver/renal markers after scFv-MML@LPCAT1si treatment.,codex_gpt-5.5_manual_agent,accept,ni_jie,A,
18,toxicity_endpoint,17,Cet/siFAK@ZIF-8@TCM from PMID 40735032,40735032,PMC12305587,,pH-responsive biomimetic zeolitic imidazolate framework-based nanoparticles for co-delivery of cetuximab and siRNA in synergistic therapy of laryngeal squamous cell carcinoma.,general safety/cytotoxicity,C,"Results > In vitro evaluation of cytotoxicity, homologous targeting, and immune escape; paragraph 32",accept,systemic safety/hemolysis,True,True,A,0.94,pmc_full_text,True,"No differences in the indicators of liver and kidney function were observed among the control, Cet@ZIF-8@TCM, siFAK@ZIF-8@TCM, and Cet/siFAK@ZIF-8@TCM groups (Fig. 7A).",Accept based on systemic biosafety and hemolysis/liver/kidney endpoints for the siFAK co-delivery product; tumor-cell cytotoxicity alone was not used.,codex_gpt-5.5_manual_agent,accept,ni_jie,A,
19,toxicity_endpoint,18,EM/siKEAP1@Fe-MOF@HA from PMID 40688667,40688667,PMC12274865,,Hyaluronic acid-anchored nanoparticles co-delivering emodin and siRNA confers protection against rheumatoid arthritis via macrophage polarization.,general safety/systemic safety,B,Results > Assessment of biosafety in vivo; paragraph 42,accept,systemic safety,True,True,A,0.95,pmc_full_text,True,"Detection for serum levels of ALT, AST, BUN, and Cre also indicated no significant differences in liver and kidney functions among the groups (Fig. 8C).","Full-text in vivo biosafety section reports body weight, H&E organ morphology, and serum liver/renal markers after EM/siKEAP1@Fe-MOF@HA treatment.",codex_gpt-5.5_manual_agent,accept,ni_jie,A,
20,toxicity_endpoint,19,DCA-siRNADUX4/DU01 from PMID 40673060,40673060,PMC12264612,,A systemically deliverable lipid-conjugated siRNA targeting DUX4 as an facioscapulohumeral muscular dystrophy therapeutic.,general safety/transcriptome toxicity,C,Results > Transcriptomic analysis of FSHD myotubes after siRNADUX4 treatment; paragraph 9,accept,transcriptome toxicity,True,True,B,0.86,pmc_full_text,True,"Toxicity, apoptosis, and oxidative stress genes were not significantly increased or decreased indicating that siRNADUX4 treatment does not cause generalized toxicity (Figure 3C).",Full-text RNA-seq toxicity analysis measured toxicity/apoptosis/oxidative-stress gene signatures after siRNADUX4 treatment; evidence is indirect but on-domain.,codex_gpt-5.5_manual_agent,accept,ni_jie,C,Grade adjusted B->C: PMID 40673060; weak/generic or abstract-limited support for general safety/transcriptome toxicity.
21,toxicity_endpoint,20,hEV@FAP-siTGFbeta1 from PMID 40046817,40046817,PMC11881639,,Injured Cardiac Tissue-Targeted Delivery of TGFβ1 siRNA by FAP Aptamer-Functionalized Extracellular Vesicles Promotes Cardiac Repair.,general safety/systemic safety,B,Results > In vivo Safety of hEV@FAP-siTGFβ1; paragraph 42,accept,systemic safety,True,True,A,0.96,pmc_full_text,True,"Histological examination of major organs, including the heart, liver, spleen, lung, and kidneys, revealed no noticeable changes or damage in H&E-stained sections following intravenous injection of each EV sample (Figure 6A).",Full-text in vivo safety section measured organ histology and serum biochemical parameters after hEV@FAP-siTGFbeta1 administration.,codex_gpt-5.5_manual_agent,accept,ni_jie,A,
22,toxicity_endpoint,21,siAURKA-loaded milk extracellular vesicles from PMID 40896585,40896585,PMC12396431,,RNAi delivery mediated by milk extracellular vesicles in colon cancer.,immunotoxicity/immune activation,B,Results > Safety and immune-response of siRNA-loaded mEVs; paragraph 15,accept,cytotoxicity/immune activation,True,True,B,0.88,pmc_full_text,True,"The results showed that cell viability in the mEV-treated group was comparable to that of the untreated control at all time points, indicating good biocompatibility of the treatment.","Full-text safety and immune-response section measured cell viability and PBMC activation for siRNA-loaded mEV delivery; cargo used scrambled siRNA for safety, so grade is weaker.",codex_gpt-5.5_manual_agent,accept,ni_jie,C,Grade adjusted B->C: PMID 40896585; weak/generic or abstract-limited support for immunotoxicity/immune activation.
23,toxicity_endpoint,22,BSCgal gold-siRNA supracluster from PMID 39448881,39448881,PMC12018592manuscript-id: NIHMS2046510,,Gold-siRNA supraclusters enhance the anti-tumor immune response of stereotactic ablative radiotherapy at primary and metastatic tumors.,general safety/systemic safety,B,Results > In vivo clearance and traceable delivery of supraclusters; paragraph 9,accept,systemic safety/immune activation,True,True,A,0.95,pmc_full_text,True,"Moreover, ELISA indicated that GSC and BSCgal treatments did not trigger an elevation of inflammatory markers, such as C-reactive protein, procalcitonin and interleukin-6, in mouse serum, further verifying the excellent biocompatibility of supraclusters (Supplementary Fig. 16).","Full-text in vivo biocompatibility results measure organ histology, blood chemistry, and inflammatory markers for BSCgal gold-siRNA supraclusters.",codex_gpt-5.5_manual_agent,accept,ni_jie,A,
24,toxicity_endpoint,23,G-clamp/BNAP-AEO modified Malat1 ASO panel from PMID 38978695,38978695,PMC11229412,,"Favorable efficacy and reduced acute neurotoxicity by antisense oligonucleotides with 2',4'-BNA/LNA with 9-(aminoethoxy)phenoxazine.",neurological/neurotoxicity,A,Results > G-clamp modification in ASO targeting Malat1 RNA mitigates acute CNS toxicity of ASO; paragraph 11,accept,neurological/neurotoxicity,True,True,A,0.97,pmc_full_text,True,"The 20-mer ASO including only DNA (ASO1) and the 20-mer ASO with two LNAs (ASO2) induced high acute CNS toxicity in the acute toxicity scoring system compared with PBS (Video S1), and this toxicity persisted for 4 h after ICV administration.",Full-text acute CNS toxicity scoring and open-field testing after ICV ASO administration directly measure neurotoxicity and mitigation by G-clamp/BNAP-AEO modification.,codex_gpt-5.5_manual_agent,accept,ni_jie,A,
25,toxicity_endpoint,24,aCSF+-formulated CNS ASO/di-siRNA panel from PMID 39554992,39554992,PMC11567125,,Preventing acute neurotoxicity of CNS therapeutic oligonucleotides with the addition of Ca(2+) and Mg(2+) in the formulation.,neurological/neurotoxicity,A,Results > Using aCSF+ reduces the acute neurotoxicity of CNS-administered ASOs; paragraph 26,accept,neurological/neurotoxicity,True,True,A,0.98,pmc_full_text,True,decreased the severity of adverse events in a dose-dependent manner,Full-text CNS administration study directly measured oligonucleotide-induced seizures/adverse events and showed mitigation by aCSF+ divalent cation formulation.,codex_gpt-5.5_manual_agent,accept,ni_jie,A,
26,toxicity_endpoint,25,pVEC-ASO panel from PMID 38391508,38391508,PMC10885958,,General and Specific Cytotoxicity of Chimeric Antisense Oligonucleotides in Bacterial Cells and Human Cell Lines.,general safety/cytotoxicity,,,accept,cytotoxicity/cell viability,True,True,A,0.95,pmc_full_text,True,The final MTT assays were performed in non-tumor human fibroblast cell line Lep3 (Figure 8). The experiment was conducted to measure the cell toxicity and cell proliferation of all the designed pVEC-ASOs.,Full-text Results report MTT-based cell toxicity/viability testing of the named pVEC-ASO panel in non-tumor human fibroblast cells.,codex_gpt-5.5_manual_agent,accept,ni_jie,A,
27,toxicity_endpoint,26,LNP-siTGFbetaRI from PMID 39264964,39264964,PMC11421824,,Development of a Lipid-encapsulated TGFβRI-siRNA Drug for Liver Fibrosis Induced by Schistosoma mansoni.,general safety/systemic safety,,,accept,systemic safety/organ toxicity,True,True,A,0.95,pmc_full_text,True,no systemic toxicity was observed in major organs.,Full-text/abstract safety result links LNP-siTGFbetaRI treatment context to observed absence of systemic organ toxicity.,codex_gpt-5.5_manual_agent,accept,ni_jie,A,
28,toxicity_endpoint,27,CT102,38573183,PMC11534120,,Preclinical and phase I studies of an antisense oligonucleotide drug targeting IGF-1R in liver cancer.,general safety/safety/tolerability,,,accept,clinical safety/tolerability,True,True,A,0.95,pmc_full_text,True,CT102 showed safety and tolerability in participants with advanced primary liver cancer. The maximum tolerated dose of a single dose of CT102 was 3.96 mg/kg.,Phase I clinical trial reports administered CT102 safety/tolerability and maximum tolerated dose in patients.,codex_gpt-5.5_manual_agent,accept,ni_jie,A,
29,toxicity_endpoint,28,LKA-LP@STAT3-siRNA from PMID 40074308,40074308,PMC11897972,,In vitro study of a siRNA delivery liposome constructed with an ionizable cationic lipid.,general safety/cytotoxicity,,,reject,NA,False,True,NA,0.90,pmc_full_text,False,NONE,"Rejected: reported cytotoxicity is specific HeLa tumor-cell killing from STAT3-siRNA gene silencing, an anticancer efficacy readout excluded from toxicity curation.",codex_gpt-5.5_manual_agent,reject,ni_jie,C,"Reject: PMID 40074308; Rejected: reported cytotoxicity is specific HeLa tumor-cell killing from STAT3-siRNA gene silencing, an anticancer efficacy readout excluded from toxicity curation."
30,toxicity_endpoint,29,GxS5/siRNA polyplexes from PMID 39263399,39263399,PMC11386170,,Efficient siRNA delivery to murine melanoma cells via a novel genipin-based nano-polymer.,general safety/cytotoxicity,,,accept,cytotoxicity/cell viability,True,True,B,0.90,pmc_full_text,True,"GxS5 efficiently internalized into B16F10 murine melanoma cells, and exhibited strong siRNA-complexing ability and they were able to elicit up to 60% of gene knock-down without any toxicity.",Source passage links the GxS5/siRNA delivery polymer to measured siRNA knockdown without observed toxicity; weaker because detailed toxicity endpoint is summarized.,codex_gpt-5.5_manual_agent,accept,ni_jie,C,Grade adjusted B->C: PMID 39263399; weak/generic or abstract-limited support for general safety/cytotoxicity.
31,toxicity_endpoint,30,GBE-PLL/H2O-PLL solid lipid nanoparticle siRNA carriers from PMID 39684010,39684010,PMC11644305,,Bio-Inspired Polymeric Solid Lipid Nanoparticles for siRNA Delivery: Cytotoxicity and Cellular Uptake In Vitro.,general safety/apoptosis/cytotoxicity,,,accept,cytotoxicity/apoptosis,True,True,A,0.95,pmc_full_text,True,"The GBE-PLL-SLNPs had an average size of 93.2 nm and demonstrated enhanced binding and protection of the siRNA from enzyme digestion, with minimal cytotoxicity in HEK293 (<10%) and SH-SY5Y cells (<15%).",Full-text/abstract reports direct in vitro cytotoxicity measurements for siRNA carrier nanoparticles in HEK293 and SH-SY5Y cells.,codex_gpt-5.5_manual_agent,accept,ni_jie,A,
32,toxicity_endpoint,31,P-E/S Lip PD-L1 siRNA nanovesicle from PMID 39068444,39068444,PMC11282766,,PD-L1 siRNA hitched polyethyleneimine-elastase constituting nanovesicle induces tumor immunogenicity and PD-L1 silencing for synergistic antitumor immunotherapy.,general safety/cytotoxicity,,,accept,systemic safety/body weight/histology,True,True,A,0.95,pmc_full_text,True,"Results indicated that mouse body weights were generally stable during the dosing period, and histologic analysis data showed no apparent damage or lesions in major organs (Fig. S8c-S8d).","Full-text Results report systemic administration biosafety endpoints for P-E/S Lip treatment, including body weight and major-organ histology.",codex_gpt-5.5_manual_agent,accept,ni_jie,A,
33,toxicity_endpoint,32,SWNT-PL-PEG-S-S-siLUC conjugate from PMID 39627280,39627280,PMC11615393,,Polyethylene glycol-phospholipid functionalized single-walled carbon nanotubes for enhanced siRNA systemic delivery.,general safety/acute systemic safety,,,accept,acute systemic safety/body weight,True,True,A,0.95,pmc_full_text,True,No significant body weight loss was observed following administration of SWNT-PL-PEG-S-S-siLUC to the HCT-116 xenograft in BALB/C nude mice.,Full-text figure caption directly reports body-weight safety after systemic administration of SWNT-PL-PEG-S-S-siLUC.,codex_gpt-5.5_manual_agent,accept,ni_jie,A,
34,toxicity_endpoint,33,OligoA-11/Skeen-11 phosphorothioate oligonucleotide panel from PMID 37185731,37185731,PMC10137061,,Inhibitory Effect of Phosphorothioate Oligonucleotide Complementary to G6PD mRNA on Murine Melanoma.,hepatic; renal/hepatic and renal toxicity,,,accept,hepatic and renal toxicity,True,True,B,0.90,pmc_full_text,True,The introduction of phosphorothioate oligonucleotides does not have significant additional destructive effects on the liver and kidneys of animals.,Full-text toxicology discussion reports liver/kidney histology interpretation for administered phosphorothioate oligonucleotides; grade B due tumor-bearing confounding and partly class-level wording.,codex_gpt-5.5_manual_agent,accept,ni_jie,B,
35,toxicity_endpoint,34,miR-125a-5p agomir from PMID 36632217,36632217,PMC9830430,,Therapeutic delivery of microRNA-125a-5p oligonucleotides improves recovery from myocardial ischemia/reperfusion injury in mice and swine.,general safety/cardiac and systemic safety,,,accept,cardiac/systemic safety,True,True,A,0.95,pmc_full_text,True,Myocardial I/R swine receiving miR-125a-5p agomir show no alterations in arrhythmic occurrences and serum chemistries,Full-text Results heading and section report arrhythmia monitoring and serum chemistry safety endpoints for miR-125a-5p agomir in swine.,codex_gpt-5.5_manual_agent,accept,ni_jie,A,
36,toxicity_endpoint,35,CLCN7G215R-siRNA-SiS12 formulation from PMID 37680985,37680985,PMC10480457,,Novel hybrid silicon-lipid nanoparticles deliver a siRNA to cure autosomal dominant osteopetrosis in mice. Implications for gene therapy in humans.,general safety/systemic safety,,,accept,systemic safety/liver and kidney biomarkers/body weight,True,True,A,0.95,pmc_full_text,True,serological disease biomarkers of liver (alanine aminotransferase and alkaline phosphatase) (Figure 5I) and kidney (urea) (Figure 5K) were unchanged in all treated ADO2 mice compared with the WT controls.,Full-text Results and Figure 5 safety analysis measured body/organ weights and liver/kidney biomarkers after siRNA-SiS12 sshLNP treatment.,codex_gpt-5.5_manual_agent,accept,ni_jie,A,
37,toxicity_endpoint,36,RBCEV-delivered siMstn and siMlycd from PMID 37016578,37016578,PMC10188904,,Red blood cell extracellular vesicles deliver therapeutic siRNAs to skeletal muscles for treatment of cancer cachexia.,immunotoxicity/immune and systemic safety,,,accept,immunotoxicity/systemic safety/inflammation,True,True,B,0.90,pmc_full_text,True,"repeated intramuscular administrations with Mstn siRNA or Mlycd siRNA loaded into red blood cell extracellular vesicles result in inhibition of Mstn or Mlycd gene expression, increased muscle growth, and prevention of cachexia in cancer-bearing mice without considerably systemic toxicity and inflammation.","Loaded passage reports repeated RBCEV-siRNA administration without considerable systemic toxicity or inflammation; detailed Results are truncated in the loaded passage, so grade B.",codex_gpt-5.5_manual_agent,accept,ni_jie,B,
38,toxicity_endpoint,37,ASO1-ASO3 modified ASO panel from PMID 36700050,36700050,PMC9843489,,Change of intracellular calcium level causes acute neurotoxicity by antisense oligonucleotides via CSF route.,neurological/neurotoxicity,,,accept,neurotoxicity/behavioral toxicity,True,True,A,0.95,pmc_full_text,True,The toxic ASOs were found to reduce consciousness and locomotor function in mice in a dose-dependent manner.,Full-text/abstract reports administered ASOs causing dose-dependent behavioral neurotoxicity in mice.,codex_gpt-5.5_manual_agent,accept,ni_jie,A,
39,toxicity_endpoint,38,TS1-ASO nucleobase modification panel from PMID 35801870,35801870,PMC9303313,,Identification of nucleobase chemical modifications that reduce the hepatotoxicity of gapmer antisense oligonucleotides.,hepatic/hepatotoxicity,,,accept,hepatotoxicity/serum transaminases,True,True,A,0.95,pmc_full_text,True,reduced serum AST/ALT levels by 0.3,Full-text Results and Figure 2 report serum AST/ALT hepatotoxicity changes for the TS1-ASO modification panel in mice.,codex_gpt-5.5_manual_agent,accept,ni_jie,A,
40,toxicity_endpoint,39,ESC+ GalNAc-siRNA D1/D4/D6/D9 panel from PMID 35736224,35736224,PMC9262600,,From bench to bedside: Improving the clinical safety of GalNAc-siRNA conjugates using seed-pairing destabilization.,hepatic/hepatotoxicity,,,accept,hepatotoxicity/ALT/AST/GLDH,True,True,A,0.95,pmc_full_text,True,"The increased levels of ALT, AST and GLDH observed in animals treated with the parent D1 were completely normalized with D16, which closely mimicked that of the saline control (Figure 4D).",Full-text rat toxicity study reports liver enzyme normalization by ESC+ GalNAc-siRNA redesign relative to hepatotoxic parent siRNA.,codex_gpt-5.5_manual_agent,accept,ni_jie,A,
41,toxicity_endpoint,40,DLin-MC3-DMA-conjugated siRNA panel from PMID 35917865,35917865,PMC10281028manuscript-id: NIHMS1882446,,Engineered ionizable lipid siRNA conjugates enhance endosomal escape but induce toxicity in vivo.,general safety/transcriptome toxicity,,,accept,transcriptome/off-target toxicity,True,True,B,0.85,pmc_full_text,True,we observed non-specific modulation of gene expression in tissues with high accumulation of DLin-MC3-DMA siRNAs (>20 pmol/mg of tissue) while limited non-specific gene modulation has been observed in tissues with lower siRNA accumulation.,Full-text in vivo study links DLin-MC3-DMA-conjugated siRNA accumulation to non-specific transcriptome modulation; accepted as weaker toxicity-domain evidence.,codex_gpt-5.5_manual_agent,accept,ni_jie,C,Grade adjusted B->C: PMID 35917865; weak/generic or abstract-limited support for general safety/transcriptome toxicity.
42,toxicity_endpoint,41,siLuc-ALC-0315 LNP from PMID 35642083,35642083,PMC9621687manuscript-id: NIHMS1814479,,Comparison of DLin-MC3-DMA and ALC-0315 for siRNA Delivery to Hepatocytes and Hepatic Stellate Cells.,hepatic/hepatotoxicity,,,accept,hepatotoxicity/ALT/bile acids,True,True,A,0.95,pmc_full_text,True,Mice treated with siLuc-ALC-0315 had significantly higher serum levels of ALT and bile acids,Full-text Results report liver toxicity markers after high-dose siLuc-ALC-0315 LNP administration.,codex_gpt-5.5_manual_agent,accept,ni_jie,A,
43,toxicity_endpoint,42,PEG-SSN/siRNA nanoparticle formulation from PMID 36412852,36412852,PMC9680366,,PEGylated Strontium Sulfite Nanoparticles with Spontaneously Formed Surface-Embedded Protein Corona Restrict Off-Target Distribution and Accelerate Breast Tumour-Selective Delivery of siRNA.,general safety/cytotoxicity and hemolysis,,,accept,cytotoxicity and hemolysis,True,True,A,0.95,pmc_full_text,True,"As shown in Figure 8B, no noticeable hemolysis was found for SSNs and PEG-SSNs compared to the control group.","Full-text biocompatibility section reports hemolysis testing for PEG-SSN delivery nanoparticles, with companion MTT cytotoxicity testing.",codex_gpt-5.5_manual_agent,accept,ni_jie,A,
44,toxicity_endpoint,43,AMC11 CDplex siRNA panel from PMID 36365241,36365241,PMC9692777,,A β-Cyclodextrin-Based Nanoparticle with Very High Transfection Efficiency Unveils siRNA-Activated TLR3 Responses in Human Prostate Cancer Cells.,immunotoxicity/immune activation/cytotoxicity,,,reject,NA,False,True,NA,0.90,pmc_full_text,False,NONE,"Rejected: LDH/cell-death readouts are docetaxel-induced prostate cancer cell killing and siRNA knockdown efficacy, not a safety/tolerability endpoint under the toxicity contract.",codex_gpt-5.5_manual_agent,reject,ni_jie,C,"Reject: PMID 36365241; Rejected: LDH/cell-death readouts are docetaxel-induced prostate cancer cell killing and siRNA knockdown efficacy, not a safety/tolerability endpoint under the toxicity contract."
45,toxicity_endpoint,44,GalNAc-G-quadruplex oligonucleotide panel from PMID 35745067,35745067,PMC9228010,,Properties of Parallel Tetramolecular G-Quadruplex Carrying N-Acetylgalactosamine as Potential Enhancer for Oligonucleotide Delivery to Hepatocytes.,general safety/cytotoxicity,,,accept,cytotoxicity/cell viability,True,True,A,0.95,pmc_full_text,True,"Prior the evaluation of internalization and antisense inhibition of luciferase, we evaluate the potential toxicity of GalNAc-oligonucleotides by using MTT assay at 60 nM, 120 nM and 300 nM oligonucleotide concentration after 24 h.",Full-text toxicity assay section directly reports MTT toxicity testing of GalNAc-oligonucleotides before functional assays.,codex_gpt-5.5_manual_agent,accept,ni_jie,A,
46,toxicity_endpoint,45,A10-3.2/siCAT-1/3WJ nanodroplets from PMID 35037525,35037525,PMC8765274,,Utilizing RNA nanotechnology to construct negatively charged and ultrasound-responsive nanodroplets for targeted delivery of siRNA.,general safety/cytotoxicity,,,accept,cytotoxicity/biosafety,True,True,A,0.95,pmc_full_text,True,"At used concentration for cell experiments in this study (<0.2 mg/mL), the cell survival rate was all above 95%, which indicates that these NDs have high bio-safety.",Full-text biosafety section reports CCK-8 cell survival for A10-3.2/siCAT-1/3WJ nanodroplet materials at experimental concentrations.,codex_gpt-5.5_manual_agent,accept,ni_jie,A,
47,toxicity_endpoint,46,CYP3A5 PMO/PSO panel from PMID 33633318,33633318,PMC7907328,,Antisense oligonucleotide development for the selective modulation of CYP3A5 in renal disease.,renal/renal safety,,,accept,renal safety/cellular toxicity,True,True,B,0.90,pmc_full_text,True,"Efficiency of restoration of CYP3A5 activity by the 3A5*3 PMO was donor-dependent (Donor 3; See Supplemental Table 1), and was not related to cellular toxicity, as PMO treatments did not alter normal PTEC morphology (see Supplemental Fig. 9).",Full-text renal cell model reports CYP3A5-targeting PMO activity was not associated with cellular toxicity or altered PTEC morphology; grade B for limited morphology-based safety endpoint.,codex_gpt-5.5_manual_agent,accept,ni_jie,B,
48,toxicity_endpoint,47,HsPCSK9-1811-LNA/GalNAc ASO panel from PMID 34760338,34760338,PMC8560717,,Drug discovery and development scheme for liver-targeting bridged nucleic acid antisense oligonucleotides.,renal; hepatic/renal and hepatic safety,,,accept,renal and hepatic safety,True,True,A,0.95,pmc_full_text,True,"Histopathological examination revealed mild injury with degeneration, karyomegaly, single-cell necrosis, and vacuolation in proximal tubules in both animals dosed at 30 mg/kg.",Full-text safety studies report kidney histopathology and serum chemistry findings after HsPCSK9-1811-LNA dosing.,codex_gpt-5.5_manual_agent,accept,ni_jie,A,
49,toxicity_endpoint,48,LNA-ASO renal histopathology panel from PMID 34629736,34629736,PMC8484925,,Karnovsky's fixative prevents artifacts appearing as vacuolation derived from tissue processing in kidneys treated with antisense oligonucleotide.,renal/renal histopathology,,,accept,renal histopathology,True,True,A,0.95,pmc_full_text,True,"Microscopically, vacuoles and basophilic granules in the proximal tubules were observed in the kidneys fixed with NBF.",Full-text renal histopathology study reports observed proximal-tubule vacuoles/granules in kidneys from LNA-ASO-treated rats; interpretation addresses artifact versus true nephrotoxicity.,codex_gpt-5.5_manual_agent,accept,ni_jie,A,
50,toxicity_endpoint,49,LUNAR-REPU910 siRNA from PMID 33738134,33738134,PMC7937577,,Selective suppression of polyglutamine-expanded protein by lipid nanoparticle-delivered siRNA targeting CAG expansions in the mouse CNS.,general safety/neurodevelopmental safety,,,accept,neurodevelopmental safety/motor growth survival,True,True,A,0.95,pmc_full_text,True,"I.c.v. injection of maximum dose (1,800 ng) of REPU910 had no adverse effect on mouse phenotypes, including motor function, growth, and survival.","Full-text in vivo mouse CNS study reports no adverse motor, growth, or survival phenotype after maximum-dose LUNAR-REPU910 siRNA.",codex_gpt-5.5_manual_agent,accept,ni_jie,A,
51,toxicity_endpoint,50,LNPssPalmO-Phe-ASOap/ASOgr from PMID 33924589,33924589,PMC8070490,10.3390/pharmaceutics13040544,Delivery of Oligonucleotides Using a Self-Degradable Lipid-Like Material.,hepatic/hepatotoxicity,B,3. Results > 3.3. Application for the Delivery of ASO > 3.3.2. Comparison of Hepatotoxicity between ASO and LNPssPalmO-Phe–ASO; paragraph 24,accept,hepatic/hepatotoxicity,True,True,A,0.95,pmc_full_text,True,LNPssPalmO-Phe–ASOap induced severe hepatotoxicity when injected at a dose of 0.37 mg/kg,Full-text Results show administered LNPssPalmO-Phe-ASO caused serum AST/ALT hepatotoxicity in mice.,codex_gpt-5.5_manual_agent,accept,ni_jie,A,
52,toxicity_endpoint,51,2'-O-methoxyethyl chimeric ASO tolerability dataset from PMID 34242101,34242101,PMC8713270,10.1089/nat.2020.0917,"Improvements in the Tolerability Profile of 2'-O-Methoxyethyl Chimeric Antisense Oligonucleotides in Parallel with Advances in Design, Screening, and Other Methods.",general safety/tolerability events,C,Results > Incidence and percentage of doses leading to adverse events; paragraph 22,accept,general safety/tolerability adverse events,True,True,A,0.95,pmc_full_text,True,"The incidence and mean percentage of doses leading to ISR, LCRIS, and FLR events were significantly lower in the test group, compared with mipomersen (Table 3 and Fig. 2).",Full-text clinical Results quantify injection-site/local/flu-like tolerability events for 2?MOE ASOs versus mipomersen.,codex_gpt-5.5_manual_agent,accept,ni_jie,A,
53,toxicity_endpoint,52,dual-RGD/EGFR siRNA protein nanocarrier from PMID 34959463,34959463,PMC8703291,10.3390/pharmaceutics13122182,Non-Cationic RGD-Containing Protein Nanocarrier for Tumor-Targeted siRNA Delivery.,general safety/systemic safety,C,3. Results > 3.9. Toxicity Assessment; paragraph 31,accept,general systemic safety/cytotoxicity,True,True,A,0.90,pmc_full_text,True,H&E staining revealed that there was no discernible abnormality observed in dual-RGD protein-treated groups compared with the saline-treated control.,Full-text toxicity assessment measured in vivo organ histology after systemic dual-RGD carrier treatment for siRNA delivery.,codex_gpt-5.5_manual_agent,accept,ni_jie,A,
54,toxicity_endpoint,53,PMO-P6 conjugate from PMID 34841414,34841414,PMC8611673,10.1021/jacsau.1c00327,Deep Learning Enables Discovery of a Short Nuclear Targeting Peptide for Efficient Delivery of Antisense Oligomers.,renal/renal safety,B,Results > In Vivo Studies; paragraph 30,accept,renal/renal safety,True,True,A,0.95,pmc_full_text,True,No changes were found in the levels of these three renal function markers 7 days post-treatment which indicates that PMO–P6 is not toxic to the kidney at the doses tested,"Full-text Results measured BUN, creatinine, and cystatin C after PMO-P6 administration and found no renal toxicity.",codex_gpt-5.5_manual_agent,accept,ni_jie,A,
55,toxicity_endpoint,54,PM1(GT/siMMP-9) hydrogel from PMID 33952251,33952251,PMC8097905,10.1186/s12951-021-00869-6,Sustained delivery of MMP-9 siRNA via thermosensitive hydrogel accelerates diabetic wound healing.,general safety/local and systemic safety,B,Results > In vivo biocompatibility of PM1(GT/siMMP-910) hydrogel; paragraph 60,accept,general safety/local and systemic safety,True,True,A,0.95,pmc_full_text,True,"Serum AST, ALT, Cr and BUN levels indicated no significant differences in all treated groups compared to negative control (PBS treated group) (Additional file 1: Table S5).",Full-text biocompatibility Results measured liver/kidney chemistry after GT/siMMP-9 or PM1(GT/siMMP-9) hydrogel treatment.,codex_gpt-5.5_manual_agent,accept,ni_jie,A,
56,toxicity_endpoint,55,stereocontrolled cEt gapmer ASO panel from PMID 31980820,31980820,PMC7038945,10.1093/nar/gkaa031,Understanding the effect of controlling phosphorothioate chirality in the DNA gap on the potency and safety of gapmer antisense oligonucleotides.,general safety/cytotoxicity,B,RESULTS > Biological evaluation of fully Rp and Sp gap modified ASOs; paragraph 18,accept,cell viability/cytotoxicity and hepatic enzyme toxicity,True,True,A,0.95,pmc_full_text,True,ASO FR7S-G showed the best potency but was extremely toxic at all doses which made it difficult to calculate an ED50 for CXCl12 mRNA reduction (Figure 3).,Full-text Results report toxicity and ALT tolerability outcomes for stereocontrolled cEt gapmer ASOs.,codex_gpt-5.5_manual_agent,accept,ni_jie,A,
57,toxicity_endpoint,56,306-O12B-3 ASO/LNP formulation from PMID 32160706,32160706,PMC7036716,10.1016/j.omtn.2020.01.018,Efficient Delivery of Antisense Oligonucleotides Using Bioreducible Lipid Nanoparticles In Vitro and In Vivo.,general safety/cytotoxicity,C,Results > Screening the Bioreducible Lipids for ASO Delivery In Vitro; paragraph 16,accept,hepatic and renal safety,True,True,A,0.95,pmc_full_text,True,"The LNPs comprising 306-O12B-3 were well tolerated at all dose levels and observed no clinically significant change in mouse behavior, spleen size, and key hepatotoxic or nephrotoxic parameters (Table 1).","Full-text mouse tolerability table measured ALT, AST, creatinine, BUN, and spleen after 306-O12B-3 ASO/LNP dosing.",codex_gpt-5.5_manual_agent,accept,ni_jie,A,
58,toxicity_endpoint,57,H51(+67)W tcDNA-ASO from PMID 31881528,31881528,PMC7063478,10.1016/j.omtn.2019.11.020,Identifying and Avoiding tcDNA-ASO Sequence-Specific Toxicity for the Development of DMD Exon 51 Skipping Therapy.,hepatic; renal/hepatic and renal safety,A,Results > Safety Biomarkers at the End of H51(+67)W Treatment; paragraph 14,accept,immune/complement/coagulation/platelet toxicity,True,True,A,0.95,pmc_full_text,True,"In vivo and in vitro assays revealed complement activation, prolonged coagulation times, and platelet activation, correlating with the observed toxicity.","Full-text study links H51 PS-tcDNA-ASO administration to complement, coagulation, and platelet toxicity, then detoxifies the candidate.",codex_gpt-5.5_manual_agent,accept,ni_jie,A,
59,toxicity_endpoint,58,GalNAc AON-B/D/E panel from PMID 30583097,30583097,PMC6305803,10.1016/j.omtn.2018.11.005,GalNAc Conjugation Attenuates the Cytotoxicity of Antisense Oligonucleotide Drugs in Renal Tubular Cells.,renal/renal safety,A,Results > GalNAc Conjugation Masked the In Vivo Nephrotoxicity Potential of AON Drug Candidates; paragraph 7,accept,renal/nephrotoxicity,True,True,A,0.95,pmc_full_text,True,"Indeed, mild histopathological abnormalities were observed in the renal cortex of one rat treated with GalNac AON-B in a 2-week study (Figure 2A).",Full-text in vivo rat study reports renal histopathology after GalNAc AON-B and compares with naked AON-B.,codex_gpt-5.5_manual_agent,accept,ni_jie,A,
60,toxicity_endpoint,59,GalNAc-siRNA hepatotoxicity panel with REVERSIR from PMID 29459660,29459660,PMC5818625,10.1038/s41467-018-02989-4,Selection of GalNAc-conjugated siRNAs with limited off-target-driven rat hepatotoxicity.,hepatic/hepatotoxicity,A,Results > Blocking siRNA-loaded RISC activity mitigates hepatotoxicity; paragraph 12,accept,hepatic/hepatotoxicity,True,True,A,0.95,pmc_full_text,True,"In the rat, hepatotoxic siRNAs (siRNA-1 shown here) had hepatocellular degeneration (bracketed area), increased sinusoidal cells due to Kupffer cell hyperplasia and/or leukocyte infiltration (#), single cell necrosis (*), increased mitoses (^), and hepatocellular vacuolation (arrow).",Full-text Figure legend and toxicity studies report liver histopathology for hepatotoxic GalNAc-siRNAs and mitigation by REVERSIR.,codex_gpt-5.5_manual_agent,accept,ni_jie,A,
61,toxicity_endpoint,60,236-LNA-ASO hepatotoxicity screening panel from PMID 29499955,29499955,PMC5725219,10.1016/j.omtn.2017.11.004,A Sensitive In Vitro Approach to Assess the Hybridization-Dependent Toxic Potential of High Affinity Gapmer Oligonucleotides.,hepatic/hepatotoxicity,A,Results > Apoptosis Induction by Hepatotoxic LNA-ASOs In Vitro Is RNase H1 Dependent; paragraph 8,accept,hepatic/hepatotoxicity screening,True,True,A,0.95,pmc_full_text,True,"This in vitro assay accurately reflects in vivo findings and relates hepatotoxicity to RNase H1 activity, off-target RNA downregulation, and LNA-ASO-binding affinity.",Full-text study validates an in vitro assay against 236 LNA-ASOs with known hepatotoxic potential.,codex_gpt-5.5_manual_agent,accept,ni_jie,A,
62,toxicity_endpoint,61,nephrotoxic AON A/B/C panel from PMID 28325303,28325303,PMC5363415,10.1016/j.omtn.2016.11.006,Inhibition of EGF Uptake by Nephrotoxic Antisense Drugs In Vitro and Implications for Preclinical Safety Profiling.,renal/renal safety,A,Results > Identification of Extracellular EGF as an In Vitro Marker of AON-Induced Tubulotoxicity; paragraph 9,accept,renal/tubulotoxicity safety screening,True,True,A,0.90,pmc_full_text,True,"elevation of EGF in the supernatant of PTEC-TERT1 is most likely a result of dysfunctional uptake by EGFR rather than a stimulated production and secretion of EGF. We verified this hypothesis by confirming that PTEC-TERT1 efficiently deplete EGF from the medium within 72 hr (Figure 3A), express EGFR, and do not express detectable level of EGF even after exposure to AONs (Figure 3B). In addition, we compared the EGF profile of AON-treated PTEC-TERT1 in the presence and absence of extracellular EGF in the medium and observed that accumulation of soluble EGF occurred only when the medium was supplemented with EGF (Figure 3C). To visualize the capacity of AON-treated cells to internalize extracellular EGF, PTEC-TERT1 were exposed to AONs for 6 days, incubated overnight without EGF, and incubated 10 min at 37°C with a fluorescently labeled EGF (EGF-488) in AON-free medium (scheme Figure 3D). EGF uptake and intracellular accumulation was visible in the form of green foci in vehicle-treated cells and was fully blocked by simultaneous incubation with cetuximab, a monoclonal antibody that blocks EGF binding to EGFR19 (Figure 3D, upper panels). AON-A-treated cells normally accumulated EGF-488, whereas pre-exposure to toxic AON-D, AON-B, AON-C, and AON-E significantly reduced the number of EGF-488 foci (Figure 3D, lower panels; see Figure S6 for quantification). The decreased number of intracellular EGF foci together with the accumulation of EGF in the medium suggest that EGF uptake is dysfunctional in toxic AON-treated PTEC-TERT1 cells. To determine whether AON-mediated alterations in EGF transport are restricted to a renal epithelial cell model, we replaced PTEC-TERT1 with human primary hepatocytes, a cell model that is competent for gymnotic uptake of AONs,20 expresses EGFR but is not dependent on EGF for in vitro proliferation and survival (Figure S7). Human hepatocytes cultivated and seeded in a conventional EGF-free medium were exposed to safe and tubulotoxic AONs along with 10 ng/mL of EGF. Intracellular ATP and extracellular EGF were measured concomitantly after 3 days of AON exposure. AON-B and AON-C showed significantly elevated EGF levels whereas AONs D and E had minimal changes in EGF (Figure 3E). AON-C did not lead to a substantial reduction in intracellular ATP in human hepatocytes despite strong EGF elevation, thus uncoupling the two readouts and implying that reduced EGF uptake is not solely caused by a general cellular deterioration. In addition, we exposed the ARPE-19 retinal pigment epithelial cell line to AONs in cell medium supplemented with EGF. We observed an accumulation of EGF in the supernatant of AON-C-treated ARPE-19 associated with a decrease in intracellular ATP (Figure 3F). Interestingly, ARPE-19 did not show signs of cytotoxicity in response to AON-B and AON-E, thus highlighting the importance of choosing the most appropriate and responsive cell model to fully capture the toxicity potential of AONs with correlation to histopathology findings. Blockage of EGF-Induced and EGFR-Dependent Cellular Activity by Toxic AONs Following the finding that tubulotoxic AONs impair EGF uptake, we assessed whether tubulotoxicity is correlated with the amount of extracellular EGF in the medium. PTEC-TERT1 were grown until confluence in regular EGF-containing medium (10 ng/mL) and measurements of intracellular ATP and extracellular EGF accumulation were performed after simultaneous incubation with AON along with 0, 1, 3, 10, 30, or 100 ng/mL of EGF. This experiment showed that regulation of intracellular ATP levels in confluent, non-dividing PTEC-TERT1 is dependent on EGF concentration (Figure 4A). Remarkably, the toxicity profile of AONs D, B, and C was no longer observed at 0 and 1 ng/mL of EGF, and noticeable differences between innocuous and toxic AONs required 10 ng/mL or higher concentrations of EGF (Figure 4A). Importantly, AON target reduction was not affected by the presence or absence of EGF (Figure 4B). These data suggest that toxic AONs may block EGF-dependent cellular energy production. To further investigate this hypothesis, we monitored the effect of AONs after inhibition of EGFR signaling with Cetuximab. Similar to toxic AONs, cetuximab alone reduced EGF-induced intracellular ATP (Figure 4C). The combination of AONs and cetuximab had little synergistic or additional effects on ATP levels, suggestive of a common mode of action via inhibition of EGFR signaling. To corroborate these observations, the toxicity profile of AONs was assessed in the presence of erlotinib, a small molecule inhibitor of EGFR kinase activity. In agreement with our hypothesis, the ATP profile of innocuous and toxic AONs was undistinguishable in EGFR-inactivated cells via erlotinib (Figure 4D). Altogether, these data provide strong evidence that inhibition of EGFR signaling may be a central mechanism of AON-induced cytotoxicity in PTEC models. Modulation of EGFR Trafficking and Signaling by Toxic AONs AONs are poly-anionic molecules capable of binding to cell surface proteins and growth factors,21, 22 and it is conceivable that direct AON/EGF or AON/EGFR interactions initiate a negative regulation of EGFR that progressively leads to weakening of EGFR activity and decreased cellular activity. We assessed the direct interactions of five selected AONs with EGF and the extracellular domain of EGFR, separately and in combination, using label-free surface plasmon resonance (SPR). Despite robust interaction between EGF and EGFR, no direct AON/protein interaction could be detected between any of the five tested AONs and EGF or EGFR (Figure S8). Moreover, the data suggest that AONs did not interfere with the binding of EGF to EGFR in a cell-free system. We therefore used a fluorescence-based cellular assay that preserves the native conformation of membrane-bound receptors to visualize the binding of EGF to EGFR and the internalization of the EGF/EGFR complex. Briefly, EGF-starved PTEC-TERT1 were exposed to innocuous and toxic AONs in the presence of a fluorescently labeled EGF (EGF-488) for 10 min on ice to prevent internalization from the plasma membrane. PTEC-TERT1 cells were fixed and EGFR was visualized by immuno-detection. Binding of EGF-488 to the cellular membrane was evident for all conditions including PTEC-TERT1 exposed to toxic AONs (Figure 5A, upper panels). Addition of cetuximab completely abolished the binding of EGF-488 to the cell membrane and thereby confirmed the specific and effective binding of EGF-488 to EGFR for all treatments (Figure 5A, lower panels). Next, to visualize the internalization of EGF/EGFR, PTEC-TERT1 were incubated with EGF-488 at 37°C. Cellular uptake of EGF-488 was evident in both the vehicle and AON-exposed PTEC-TERT1 (Figure 5B, upper panels) and exclusively mediated by EGFR because the addition of cetuximab completely abolished the internalization of EGF-488 in all conditions (Figure 5B, lower panels). In agreement with this image-based assay, quantification by flow cytometry showed similar EGF-488 uptake by PTEC-TERT1 in the presence of innocuous and toxic AONs (Figure S9). We conclude that these AONs do not significantly interfere with EGF binding to EGFR and that simultaneous acute incubation with EGF and AONs does not directly block EGF uptake. Intriguingly, in cells exposed to AONs D, B, C, and E, EGFR was internalized in the presence of cetuximab and was not associated with any detectable EGF-488 signal (Figures 5B and 5C, arrows). In all conditions except vehicle and AON-A, a subpopulation of cells showed a perinuclear distribution of EGFR (Figure 5C, arrows). We developed a method to quantify the presence of EGFR foci located at a fixed distance from the nucleus (perinuclear EGFR) and determined the mean intensity of perinuclear EGFR per cell. In vehicle-treated cells, co-incubation with EGF and cetuximab maintained EGFR at the cell membrane (Figure 5C, arrow), which is translated as a left shift on the quantification graph of perinuclear EGFR (Figure 5D). Incubation with toxic AONs significantly disrupted the cetuximab-dependent distribution of EGFR between the plasma membrane and the perinuclear compartment: the amount of EGFR at the cell membrane was diminished and accumulation of perinuclear EGFR was increased (Figures 5D and S10). The molecular nature of perinuclear EGFR foci caused by toxic AONs, unveiled here by the use of cetuximab, remains to be elucidated in future studies. Nevertheless, these observations suggest that toxic AONs induce ligand-independent internalization of EGFR. Next, the acute effect of AONs on EGFR kinase activity was determined by immunoblot analysis of AKT and ERK1/2 phosphorylation. PTEC-TERT1 were exposed to EGF and AONs and harvested after 10 min of incubation. Downregulation of phosphorylation of AKT by toxic AON-C and E was readily apparent after 10 min of exposure (Figures 5E, left panel, and S11). The effects of toxic AON-B, AON-C, and AON-E on phosphorylation of AKT and ERK1/2 were more pronounced after 24 and 72 hr of AON exposure (Figures 5E, middle and right panels, and S11), likely reflecting a reduced steady-state level of EGFR signaling in toxic AON-exposed cells. Such reduction is not caused by a general toxicity effect, since the nephrotoxicant cyclosporine A (CysA) did not reduce the phosphorylation level of AKT and ERK1/2 relative to the GAPDH protein loading control (Figure S12). The effect of AON-D on EGFR activity could not be detected by measurement of AKT and ERK1/2 phosphorylation level, hypothetically due to compensatory signals or feedback mechanisms, which would also explain the variable profile of AON-D across in vivo studies in rodents (Table 1; Figure S5). Together, these results reveal acute effects of toxic AONs on EGFR cellular distribution and kinase activity and suggest that reduced EGF uptake in toxic AON-exposed PTEC-TERT1 occurs progressively as a consequence of dysfunctional EGFR trafficking and signaling. Impairment of an EGF Transcriptional Signature by Toxic AONs In order to further investigate the effects of AONs on EGF-dependent responses at early time points, we used molecular phenotyping, a recently introduced technology to infer human pathway activities by quantifying expression of pathway-reporter genes with next-generation sequencing.23 PTEC-TERT1 were treated with innocuous and toxic AONs in the presence or absence of EGF for 6 hr, total RNA was isolated and pathway reporter genes were quantified based on sequencing of predefined amplicons.24 To derive a list of genes that are modulated by extracellular EGF in PTEC-TERT1 (EGF signature herein), we compared expression profiles of vehicle-treated cells with and without EGF and identified 66 genes that are consistently positively or negatively modulated by EGF. We performed functional enrichment analysis of EGF signatures and observed that genes induced by EGF have versatile biological functions such as signal transduction, cytokine production, response to oxidative stress and hypoxia, defense response, and fatty acid metabolism (Figure 6A). It is worth mentioning that no gene set directly associated with cell cycle or apoptosis passed the significance threshold. The signature allowed us to interrogate whether AON treatments impaired EGF signaling. Cluster analysis of EGF-induced changes of the signature revealed that treatment with toxic AONs altered the downstream expression output of EGF signaling as early as 6 hr compared with vehicle control. At 30 and 100 μM, the innocuous AON-A and vehicle clustered together while AON-B, AON-C, AON-D, and AON-E displayed substantially different profiles (Figure 6B). Next, we used heatmap visualization of expression changes to compare the effects of AONs on the EGF signature after 6 hr of exposure at 30 μM. The vehicle control highlights positively and negatively regulated genes in the EGF versus no-EGF condition (Figure 6C). The EGF-induced signature (red signals) is preserved in AON A-treated cells consistent with the innocuous profile observed in vitro and in vivo under our experimental conditions. Interestingly, several genes strongly downregulated by the presence of EGF (blue signals) were less modulated in the presence of AON-A, suggesting a general effect of AONs that is not deleterious for normal cellular function. Remarkably, AON-B, AON-C, AON-D, and AON-E almost abolished the EGF signature of both positive and negative EGF-dependent modulation (Figure 6C). Interestingly, all four potentially toxic AONs showed a similar profile in this analysis, including AON-D. Therefore, molecular phenotyping analysis of EGF-induced signature is a sensitive and powerful approach to detect the tubulotoxicity potential of AONs. Overall, molecular phenotyping data revealed that only known toxic AONs inhibit EGF signaling as early as 6 hr after treatment, consistent with molecular and cellular analyses of EGFR signaling. Safety Assessment across Pre-clinical AON Series Using Extracellular EGF To validate the use of EGF as a biomarker in discovery and pre-clinical kidney safety screens, we reviewed pre-clinical studies available to our group and selected an additional 12 LNA-AON compounds targeting MYD88 or BCL11A with reported gross anatomical changes in mouse kidneys or histopathological findings in rat kidneys (Table S1). Two additional innocuous AONs were included as controls. For all 14 AONs",Full-text Results validate an EGF uptake/supernatant biomarker for nephrotoxic AON liabilities.,codex_gpt-5.5_manual_agent,accept,ni_jie,A,
63,toxicity_endpoint,62,Acsl1/GR LNA gapmer panel from PMID 27461380,27461380,PMC4961955,10.1038/srep30377,Ribonuclease H1-dependent hepatotoxicity caused by locked nucleic acid-modified gapmer antisense oligonucleotides.,hepatic/hepatotoxicity,A,Results > In vivo hepatotoxicity of gapmers and ‘non-gapmers’; paragraph 8,accept,hepatic/hepatotoxicity,True,True,A,0.95,pmc_full_text,True,The Acsl1 gapmer used in this study significantly increases plasma ALT/AST levels within a few days after a single administration.,Full-text Results describe LNA gapmer-induced plasma ALT/AST hepatotoxicity and RNase H1 dependence.,codex_gpt-5.5_manual_agent,accept,ni_jie,A,
64,toxicity_endpoint,63,toxic LNA/MOE gapmer ASO panel from PMID 26553810,26553810,PMC4797265,10.1093/nar/gkv1210,Hepatotoxicity of high affinity gapmer antisense oligonucleotides is mediated by RNase H1 dependent promiscuous reduction of very long pre-mRNA transcripts.,hepatic/hepatotoxicity,A,RESULTS > Targeted down-regulation of several long pre-mRNA transcripts by mixtures of MOE ASOs mimics LNA ASOs hepatotoxicity; paragraph 39,accept,hepatic/hepatotoxicity,True,True,A,0.95,pmc_full_text,True,"We observed highly selective transcript knockdown in mice treated with non-hepatotoxic LNA ASOs, while the levels of many unintended transcripts were reduced in mice treated with hepatotoxic LNA ASOs.",Full-text study compares hepatotoxic and non-hepatotoxic LNA ASO panels and links transcriptome perturbation to transaminitis.,codex_gpt-5.5_manual_agent,accept,ni_jie,A,
65,toxicity_endpoint,64,PMO-GF formulation from PMID 26964641,26964641,PMC4793046,10.1038/ncomms10981,Hexose enhances oligonucleotide delivery and exon skipping in dystrophin-deficient mdx mice.,general safety/systemic safety,B,Results > PMO-GF yields long-term efficacy and functional improvement; paragraph 8,accept,hepatic/renal/systemic safety,True,True,A,0.95,pmc_full_text,True,"Analysis of serum biochemical indices including aspartate aminotransferase (AST), alanine aminotransferase (ALT), alkaline phosphatase, serum creatinine, urea, urinary kidney injury molecule-1 and serum glucose, and histology revealed no evidence of liver or renal toxicity, or abnormal increase in serum glucose levels (Supplementary Fig. 2a–d, n=6) and no inflammatory cell activation (Supplementary Fig. 2e, n=6)","Full-text Results measured serum chemistry, urinary kidney marker, histology, and inflammation after PMO-GF dosing.",codex_gpt-5.5_manual_agent,accept,ni_jie,A,
66,toxicity_endpoint,65,3-8-3 LNA gapmer hepatotoxicity panel from PMID 24550163,24550163,PMC4005641,10.1093/nar/gku142,Sequence motifs associated with hepatotoxicity of locked nucleic acid--modified antisense oligonucleotides.,hepatic/hepatotoxicity,A,RESULTS > Evaluation of hepatotoxicity in mice; paragraph 14,accept,hepatic/hepatotoxicity,True,True,A,0.95,pmc_full_text,True,"Over 80 unique 3-8-3 gapmers targeting the mRNAs for human Apoc3, Crtc2 or GR were tested for tolerability in vivo.",Full-text repeated-dose mouse studies classify LNA 3-8-3 gapmer sequences by hepatotoxicity and sequence motifs.,codex_gpt-5.5_manual_agent,accept,ni_jie,A,
67,toxicity_endpoint,66,Bepirovirsen,41085094,PMC12856967,10.1002/cpdd.1615,"A Phase 1, Randomized, Open-Label, Parallel Group Study to Evaluate the Relative Bioavailability and Safety of Subcutaneous Bepirovirsen when Delivered from a Vial or Prefilled Syringe Fitted with a Safety Syringe Device in Healthy Adult Participants.",hepatic/hepatotoxicity,C,Abstract; paragraph 1,accept,hepatic enzyme adverse events and general tolerability,True,True,A,0.95,pmc_full_text,True,"A total of 2 participants reported events within the AESI of ALT increases; 1 participant in the HCP‐administered PFS SSD group, and 1 participant in the self‐administered PFS SSD with training group each reported an AE of ALT increase and aspartate aminotransferase increase",Full-text Phase 1 safety Results report ALT/AST adverse events after subcutaneous bepirovirsen dosing.,codex_gpt-5.5_manual_agent,accept,ni_jie,A,
68,toxicity_endpoint,67,siRNA candidate from PMID 41076269,41076269,PMC12766900manuscript-id: NIHMS2123465,10.1016/j.jtha.2025.09.012,Preclinical safety and bleeding evaluation in swine for a small interfering RNA-lipid nanoparticle that prevents excess fibrinogen synthesis.,immunotoxicity/immune activation,A,RESULTS > siFibrinogen did not cause adverse effects; paragraph 23,accept,general toxicity/infusion reactions and bleeding safety,True,True,A,0.95,pmc_full_text,True,No infusion-related reactions or toxicity was observed.,"Full-text swine preclinical safety study administered siFibrinogen LNP and assessed hemostasis, infusion reactions, and toxicity.",codex_gpt-5.5_manual_agent,accept,ni_jie,A,
69,toxicity_endpoint,68,siRNA candidate from PMID 41716677,41716677,PMC12914854,10.1016/j.bioactmat.2026.02.009,Spatiotemporal reprogramming of cardiac lipid metabolism by platelet-engineered RNA therapy epigenetically modulate heart repair and regeneration.,immunotoxicity/immune activation,B,Results > Platelet-mediated siRNA delivery exhibits a favorable safety profile; paragraph 32,accept,immune/cytokine/platelet and organ safety,True,True,A,0.95,pmc_full_text,True,"Systemic inflammatory responses were assessed by cytokine profiling, which revealed no significant induction of IL-1β, IL-2, IL-4, IL-5, IL-6, IL-8, TNF-α, IFN-α, or IFN-γ following siCD36@MSNs@Plt treatment (Fig. S4O)","Full-text safety section measured cytokines, platelet markers, coagulation, organ chemistry, histology, and survival after siCD36@MSNs@Plt administration.",codex_gpt-5.5_manual_agent,accept,ni_jie,A,
70,toxicity_endpoint,69,siRNA candidate from PMID 40692538,40692538,PMC12277184,10.2147/IJN.S510937,Protective Effects of GalNac-Modified Red Blood Cell-Derived Extracellular Vesicles Against Liver Diseases.,hematologic/platelet/bleeding safety,A,Results > Drugs-Loaded GalNac-RBC-EVs Were Non-Toxic to Mice; paragraph 42,accept,general systemic/vital-organ toxicity,True,True,B,0.82,pmc_full_text,True,"No significant toxicity was observed in vital organs (ALT/AST levels, P>0.05; histopathology scores, P>0.05).","Passage reports vital-organ toxicity measures for drug-loaded GalNAc-RBC-EVs including GalNac-Rab7-siRNA co-delivery, but the grounding is abstract-level and mixed with non-oligo payload.",codex_gpt-5.5_manual_agent,accept,ni_jie,B,
71,toxicity_endpoint,70,Plozasiran,41094680,PMC12523034,10.1186/s12933-025-02929-9,"Safety, pharmacokinetics and pharmacodynamics of Plozasiran in Chinese healthy volunteers.",hematologic/platelet/bleeding safety,A,Results > Safety; paragraph 28,accept,general safety/tolerability adverse events,True,True,A,0.95,pmc_full_text,True,"There were no reported TEAEs that led to withdrawal from the trial, no serious TEAEs or treatment-induced SAEs occurred, and no deaths were reported during the study period.","Full-text Phase 1 Results report TEAEs, serious events, deaths, and laboratory adverse events after plozasiran dosing.",codex_gpt-5.5_manual_agent,accept,ni_jie,A,
72,toxicity_endpoint,71,siRNA candidate from PMID 40825982,40825982,PMC12361575,10.1038/s41467-025-63037-6,Targeting intestinal inflammation using locked nucleic acids delivered via lipid nanoparticles.,renal/renal safety,B,Results > LNPs biodistribution to the inflamed colon; paragraph 17,accept,hepatic and hematologic safety,True,True,A,0.95,pmc_full_text,True,"The enzymes ALP, ALT, and AST, remained at the same level in all treated groups when compared to the healthy group (Fig. 6g–i), indicating the absence of inflammation and liver toxicity",Full-text in vivo safety section measured liver enzymes and blood-cell counts after LNA-loaded LNP administration.,codex_gpt-5.5_manual_agent,accept,ni_jie,A,
73,toxicity_endpoint,72,siRNA candidate from PMID 40574039,40574039,PMC12196245,10.3390/pharmaceutics17060726,In Vitro Efficacy of PEI-Derived Lipopolymers in Silencing of Toxic Proteins in a Neuronal Model of Huntington's Disease.,neurological/neurotoxicity,C,3. Results > 3.1. Leu-Fect Series of Transfection Reagents Exhibit Low Cellular Toxicity; paragraph 19,reject,cell viability/cytotoxicity,True,False,NA,0.80,pmc_full_text,False,NONE,"Reject: passage reports in vitro Leu-Fect transfection reagent cytotoxicity with control siRNA in a cell model; no named therapeutic oligonucleotide administered/measured, so it fails the in-scope therapeutic oligo gate.",codex_gpt-5.5_manual_agent,reject,ni_jie,C,"Reject: PMID 40574039; Reject: passage reports in vitro Leu-Fect transfection reagent cytotoxicity with control siRNA in a cell model; no named therapeutic oligonucleotide administered/measured, so it fails the in-scope therapeutic oligo gate."
74,toxicity_endpoint,73,siRNA candidate from PMID 40314193,40314193,PMC12051533,10.1080/13880209.2025.2498169,Delivery of small interfering RNA through lyophilized natural lipid nanoparticles: effects of natural lipid selection.,immunotoxicity/immune activation,C,Introduction; paragraph 7,accept,cell viability/cytotoxicity,True,True,C,0.72,pmc_full_text,True,"These findings demonstrate that the toxicity of the three new LNPs was consistent across all three cell types, with no significant change in cell viability within the concentration range tested.","Full-text Results measure cell viability for natural LNP delivery products used for siRNA delivery, but the therapeutic oligo is generic and evidence is in vitro carrier safety.",codex_gpt-5.5_manual_agent,accept,ni_jie,C,
75,toxicity_endpoint,74,siRNA candidate from PMID 41214041,41214041,PMC12603185,10.1038/s41598-025-22922-2,LINC02178 drives lung adenocarcinoma progression and serves as a therapeutic target for nanodelivery-based intervention.,hepatic/hepatotoxicity,C,Results > Evaluation of the cytotoxicity and siRNA transfection efficiency of LaN; paragraph 27,accept,general systemic safety/in vivo organ toxicity,True,True,A,0.90,pmc_full_text,True,"Compared with those in the control group, no significant differences in tissue integrity or cellular morphology were observed in the experimental group (Fig. 7).",Full-text in vivo biocompatibility section evaluates H&E organ toxicity after intravenous NPs/2178 siRNA nanoparticle treatment; cancer-cell-killing cytotoxicity was not used as evidence.,codex_gpt-5.5_manual_agent,accept,ni_jie,A,
76,toxicity_endpoint,75,siRNA candidate from PMID 40503175,40503175,PMC12156227,,Targeting CIDEB alleviates liver steatosis and fibrosis in mouse MASH models.,hepatic/hepatotoxicity,B,Results > Therapeutic potential of GalNAc-siCIDEB in MASH; paragraph 16,accept,hepatic/renal safety; body weight; histopathology,True,True,A,0.95,pmc_full_text,True,"Histological analysis revealed no treatment-related liver abnormalities, including fibrosis, necrosis, or hepatocellular degeneration (Figure 3G).","Full-text rat repeat-dose toxicity study of therapeutic GalNAc-siCIDEB measured liver/kidney chemistry, body weight, food intake, and liver histology with no observed toxicity.",codex_gpt-5.5_manual_agent,accept,ni_jie,A,
77,toxicity_endpoint,76,siRNA candidate from PMID 39896757,39896757,PMC11782793,,Isoprenaline-Modified Polyethyleneimine as an Efficient Gene Delivery System for Targeted Asthma Therapy and Airway Remodeling Inhibition.,renal/renal safety,C,Discussion; paragraph 45,accept,cell viability/cytotoxicity,True,True,A,0.88,pmc_full_text,True,"Thus, all tested groups, including the siRNA/PEI–isoprenaline complex, are well tolerated by Beas2B cells at the concentrations tested in this study.","Full-text MTT assay directly measured cytotoxicity of the therapeutic ARG1 siRNA delivery complex; evidence supports cytotoxicity/biocompatibility, not renal-specific safety.",codex_gpt-5.5_manual_agent,accept,ni_jie,B,Grade adjusted A->B: PMID 39896757; pmc_full_text evidence was direct but less than full primary-detail confidence for renal/renal safety.
78,toxicity_endpoint,77,Inclisiran,38371290,PMC10866732,,Efficacy and Safety of Inclisiran in Asian Patients: Results From ORION-18.,hepatic/hepatotoxicity,A,Results; paragraph 18,accept,hepatic safety/adverse events,True,True,A,0.94,pmc_full_text,True,TEAEs associated with hepatic safety were balanced between the treatment groups (inclisiran group: 12.4%; placebo group: 10.9%).,Phase 3 ORION-18 full-text safety results directly report hepatic treatment-emergent adverse events for administered inclisiran versus placebo.,codex_gpt-5.5_manual_agent,accept,ni_jie,A,
79,toxicity_endpoint,78,ASO candidate from PMID 37365583,37365583,PMC10294514,,"Safety and activity of the first-in-class locked nucleic acid (LNA) miR-221 selective inhibitor in refractory advanced cancer patients: a first-in-human, phase 1, open-label, dose-escalation study.",hematologic/platelet/bleeding safety,A,Results > Safety of LNA-i-miR-221; paragraph 28,accept,clinical safety/tolerability,True,True,A,0.91,pmc_full_text,True,"LNA-i-miR-221 was well tolerated at all dose levels, with no grade 3–4 dose-limiting toxicity (DLT) observed in any cohort.",First-in-human phase 1 trial directly assessed safety of LNA-i-miR-221; passage supports tolerability and absence of high-grade DLT rather than a strong platelet-specific endpoint.,codex_gpt-5.5_manual_agent,accept,ni_jie,A,
80,toxicity_endpoint,79,siRNA candidate from PMID 36302886,36302886,PMC9610362,,Development of lipid nanoparticles and liposomes reference materials (II): cytotoxic profiles.,general safety/cytotoxicity,C,Results > Systematic toxicity assessment of LNPs-siRNA and liposomes in HL60 cells and A549 cells; paragraph 25,reject,NA,False,False,NA,0.90,pmc_full_text,False,NONE,"Out of scope under v2: the passage evaluates generic lipid nanoparticle/liposome reference materials and cytotoxic profiles, not a named therapeutic oligonucleotide candidate.",codex_gpt-5.5_manual_agent,reject,ni_jie,C,"Reject: PMID 36302886; Out of scope under v2: the passage evaluates generic lipid nanoparticle/liposome reference materials and cytotoxic profiles, not a named therapeutic oligonucleotide candidate."
81,toxicity_endpoint,80,ASO candidate from PMID 28853853,28853853,PMC5694563manuscript-id: NIHMS917707,,BNA(NC) Gapmers Revert Splicing and Reduce RNA Foci with Low Toxicity in Myotonic Dystrophy Cells.,hepatic/hepatotoxicity,B,article body; paragraph 5,accept,cell viability/cytotoxicity/caspase activity,True,True,A,0.92,pmc_full_text,True,"Cytotoxicity was only elevated in cells treated with the positive control digitonin, indicating the ASOs tested do not display cytotoxic effects at 30 nM (Figure S2B).","Full-text cellular toxicity assays measured membrane integrity, viability, and caspase activity for therapeutic BNANC/LNA gapmers targeting myotonic dystrophy RNA.",codex_gpt-5.5_manual_agent,accept,ni_jie,A,
82,toxicity_endpoint,81,PMO candidate from PMID 24806225,24806225,PMC4182913manuscript-id: NIHMS631580,,Lessons learned from vivo-morpholinos: How to avoid vivo-morpholino toxicity.,hepatic/hepatotoxicity,B,Materials and methods > Investigation into the cause of death; paragraph 14,reject,NA,False,False,NA,0.88,pmc_full_text,False,NONE,"Out of scope under v2: the vivo-morpholinos were used as laboratory gene-silencing tools for Anxa6/Casq1 rather than named therapeutic oligonucleotide candidates, despite observed mortality.",codex_gpt-5.5_manual_agent,reject,ni_jie,C,"Reject: PMID 24806225; Out of scope under v2: the vivo-morpholinos were used as laboratory gene-silencing tools for Anxa6/Casq1 rather than named therapeutic oligonucleotide candidates, despite observed mortality."
83,toxicity_endpoint,82,Imetelstat,41135032,PMC12614338manuscript-id: NIHMS2109501,,US Food and Drug Administration Approval Summary: Imetelstat for Selected Patients With Low- to Intermediate-1 Risk Myelodysplastic Syndromes With Transfusion-Dependent Anemia.,hematologic/platelet/bleeding safety,C,Abstract; paragraph 1,accept,hematologic toxicity/thrombocytopenia and liver laboratory abnormalities,True,True,A,0.93,pmc_full_text,True,"Common treatment-emergent adverse reactions (TEAR) in the imetelstat arm, including laboratory abnormalities, were decreased platelets, white blood cells, and neutrophils, increased AST, alkaline phosphatase, and ALT","FDA approval summary full text reports measured safety findings from the randomized imetelstat trial, including platelet and other hematologic/liver laboratory adverse reactions.",codex_gpt-5.5_manual_agent,accept,ni_jie,A,
84,toxicity_endpoint,83,Inotersen,32343462,PMC7496583,,Early data on long-term efficacy and safety of inotersen in patients with hereditary transthyretin amyloidosis: a 2-year update from the open-label extension of the NEURO-TTR trial.,hematologic/platelet/bleeding safety,A,Results > Safety and tolerability > Thrombocytopenia and glomerulonephritis; paragraph 30,accept,platelet and renal safety,True,True,A,0.95,pmc_full_text,True,There was no evidence of increased risk for grade 4 thrombocytopenia or severe renal events with increased duration of inotersen exposure.,Open-label extension clinical results directly assess long-term inotersen platelet and renal safety monitoring outcomes.,codex_gpt-5.5_manual_agent,accept,ni_jie,A,
85,toxicity_endpoint,84,ASO candidate from PMID 41978261,41978261,PMC13076217,,Phosphorothioate antisense oligonucleotide induced innate immune activation is attenuated by tryptophan oxidation products.,immunotoxicity/immune activation,B,Results > Kinetics of cytokines released in response to PS ASOs vary according to sequence and chemistry; paragraph 30,accept,innate immune activation/cytokine induction,True,True,A,0.93,pmc_full_text,True,"Considering all the cytokines evaluated, these data show that PS-ASOs segregate into multiple classes based on the extent of innate immune activation and the kinetics of cytokine induction","Full-text cell assays directly measured TNF-alpha, IL-1beta, IL-6, and IL-10 cytokine responses to phosphorothioate ASOs as immunotoxicity evidence.",codex_gpt-5.5_manual_agent,accept,ni_jie,A,
86,toxicity_endpoint,85,SRN001,42052104,PMC13112037,,"Safety and Pharmacokinetics of SRN001, a Novel siRNA Drug Targeting Amphiregulin via the SAMiRNA Platform.",hepatic/hepatotoxicity,B,Results > Safety Assessment; paragraph 23,accept,clinical safety/tolerability/adverse events,True,True,A,0.95,pmc_full_text,True,"Among 25 participants, SRN001 was generally well tolerated.","First-in-human phase 1 trial directly administered SRN001 and assessed TEAEs, labs, ECG, vital signs, cytokines, and injection reactions.",codex_gpt-5.5_manual_agent,accept,ni_jie,A,
87,toxicity_endpoint,86,Alox15-targeting siRNA from PMID 41847300,41847300,PMC12990253,,Dual knockdown of Alox15 and TGF-β1 by lipid nanoparticle-delivered siRNA in bleomycin-induced pulmonary fibrosis.,renal/renal safety,C,Results > Assessing in vivo LNP safety: biochemical indicators and vital organ health; paragraph 29,accept,in vivo toxicity; biochemical and histologic organ safety,True,True,A,0.90,pmc_full_text,True,"No in vivo toxicity observed in mice treated with LNPs encapsulating siRNAs, as analyzed with biochemical indicators in vital organs.","Full-text in vivo LNP-siRNA safety assessment measured biochemical indicators, complete blood counts, serum chemistry, and histology after therapeutic siRNA delivery.",codex_gpt-5.5_manual_agent,accept,ni_jie,A,
88,toxicity_endpoint,87,ASO candidate from PMID 39850319,39850319,PMC11754010,,In vivo efficacy and safety of systemically administered serinol nucleic acid-modified antisense oligonucleotides in mouse kidney.,renal/renal safety,B,Results > SGLT2-SNA2-ASO suppressed renal SGLT2 expression without severe liver and renal tubular damage; paragraph 12,accept,hepatic and renal safety,True,True,A,0.94,pmc_full_text,True,These data indicated that SNA2-ASO was safer than MOE-ASO in terms of adverse hepatic and renal events.,"Full-text mouse study of SGLT2-SNA2-ASO measured renal function, creatinine, IL-6, liver enzymes, kidney/liver weights, and histology after systemic administration.",codex_gpt-5.5_manual_agent,accept,ni_jie,A,
89,toxicity_endpoint,88,ASO candidate from PMID 40243849,40243849,PMC11988723,,Inhibiting Myostatin Expression by the Antisense Oligonucleotides Improves Muscle Wasting in a Chronic Kidney Disease Mouse Model.,renal/renal safety,B,2. Results > 2.4. MSTN-ASO Treatment Does Not Affect Kidney Functions; paragraph 15,accept,renal safety/function markers,True,True,A,0.86,pmc_full_text,True,"kidney weight, BUN, and creatinine levels in the CKD + Low-Dose ASO group and CKD + High-Dose ASO group showed no significant differences from the untreated CKD group","Full-text CKD mouse study administered MSTN-ASO and measured kidney weight, BUN, creatinine, and renal histology; evidence supports no added renal worsening, not renal efficacy.",codex_gpt-5.5_manual_agent,accept,ni_jie,B,Grade adjusted A->B: PMID 40243849; pmc_full_text evidence was direct but less than full primary-detail confidence for renal/renal safety.
90,toxicity_endpoint,89,TLR9-targeted; STAT3; PD1-targeting ASO from PMID 40214214,40214214,PMC12526143,,Multimodal glioma immunotherapy combining TLR9-targeted STAT3 antisense oligodeoxynucleotides with PD1 immune checkpoint blockade.,immunotoxicity/immune activation,B,Results > Reduced IFN-I-Related Neurotoxicities after Intracranial Administration of CpG-STAT3dsASO; paragraph 29,accept,neurotoxicity/acute toxicity score and inflammatory mediators,True,True,A,0.94,pmc_full_text,True,"CpG-ssSTAT3ASOLNA treatment increased average ATSS score across all tested doses (0.1-1 mg/kg) with marked signs of toxicity, including decreased consciousness and impaired movement at the highest dose",Full-text glioma immunotherapy study directly compared intracranial STAT3 ASO designs using acute toxicity scoring and immune mediator measurements.,codex_gpt-5.5_manual_agent,accept,ni_jie,A,
91,toxicity_endpoint,90,Imetelstat,41390988,PMC12702135,,"No Effect of Immunogenicity on Pharmacokinetics, Efficacy, and Safety of the Oligonucleotide Telomerase Inhibitor Imetelstat in Lower-Risk Myelodysplastic Syndromes.",immunotoxicity/immune activation,C,Abstract; paragraph 1,accept,immunogenicity/anti-drug antibodies and safety,True,True,A,0.90,pmc_full_text,True,"The rates of drug‐related grade ≥ 3, serious, or fatal TEAEs were similar or lower in ADA‐positive versus ADA‐negative patients.",Full-text post hoc IMerge analysis directly measured imetelstat ADA incidence and compared selected safety outcomes between ADA-positive and ADA-negative patients.,codex_gpt-5.5_manual_agent,accept,ni_jie,A,
92,toxicity_endpoint,91,siRNA candidate from PMID 41625362,41625362,PMC12859616,,Tumor-homing exosomes enable targeted delivery of siRNA and isoimperatorin for overcoming BTK inhibitor resistance in DLBCL.,immunotoxicity/immune activation,C,Discussion; paragraph 29,accept,in vivo organ safety/histopathology,True,True,A,0.87,pmc_full_text,True,"No obvious injury was observed on major organ tissue of mice in each treatment group, consistently with mice in control and empty exosome groups (Fig. 8).","Full-text tumor-bearing mouse study measured major-organ H&E safety of ISOIM/siBTK exosome therapy; immune activation readouts are mainly efficacy, but organ toxicity evidence is valid.",codex_gpt-5.5_manual_agent,accept,ni_jie,B,Grade adjusted A->B: PMID 41625362; pmc_full_text evidence was direct but less than full primary-detail confidence for immunotoxicity/immune activation.
93,toxicity_endpoint,92,siRNA candidate from PMID 41360814,41360814,PMC12804779,,Inflammation-specific DNA origami nanodevice for delivery of siRNAs to treat ulcerative colitis.,renal/renal safety,B,Results > Biodistribution of the nanodevice; paragraph 11,accept,in vivo liver/kidney toxicity and serum chemistry,True,True,A,0.92,pmc_full_text,True,"The nanodevice exhibited good in vivo biosafety, with no observed toxicity to the liver or kidneys, and no abnormalities in serum biochemical indices (Supplementary Fig. 22).",Full-text UC mouse study directly assessed in vivo biosafety of a siRNA-delivering DNA origami nanodevice with liver/kidney toxicity and serum chemistry endpoints.,codex_gpt-5.5_manual_agent,accept,ni_jie,A,
94,toxicity_endpoint,93,CD11b-modified-targeting siRNA from PMID 40977834,40977834,PMC12446780,,CD11b-modified ROS/pH-responsive nanoparticles co-deliver Dioscin and siRNA to improve cardiac repair after myocardial infarction by reducing neutrophil recruitment.,renal/renal safety,B,Results > In vivo biosafety assessment; paragraph 50,accept,in vivo biosafety; hepatic/renal function and histopathology,True,True,A,0.86,pmc_full_text,True,Dio/siICAM-1@MSN@PDA-CD11b exhibited excellent in vivo biosafety profiles.,Full-text MI mouse study reports in vivo biosafety of the siICAM-1 co-delivery nanosystem with organ histology and ALT/AST/BUN/creatinine methods supporting hepatic/renal assessment.,codex_gpt-5.5_manual_agent,accept,ni_jie,B,Grade adjusted A->B: PMID 40977834; pmc_full_text evidence was direct but less than full primary-detail confidence for renal/renal safety.
95,toxicity_endpoint,94,siRNA candidate from PMID 40380202,40380202,PMC12082952,,A novel pH-sensitive nanoparticles encapsulating anti-PD-1 antibody and MDK-siRNA overcome immune checkpoint blockade resistance in HCC via reshaping immunosuppressive TME.,immunotoxicity/immune activation,B,Methods > Biosafety of nanodrug; paragraph 27,accept,immune/cytokine safety and hepato-renal toxicity,True,True,A,0.88,pmc_full_text,True,"no evidence of systemic inflammatory or immune responses resulting from nanodrug administration, as evidenced by the normal levels of pro-inflammatory cytokines","Full-text HCC nanodrug study administered MDK-siRNA/aPD-1 nanoparticle and assessed acute/chronic toxicity, hepato-renal markers, histopathology, and inflammatory cytokines.",codex_gpt-5.5_manual_agent,accept,ni_jie,B,Grade adjusted A->B: PMID 40380202; pmc_full_text evidence was direct but less than full primary-detail confidence for immunotoxicity/immune activation.
96,toxicity_endpoint,95,Angptl4-targeting ASO from PMID 39259836,39259836,PMC11687395,,Liver-targeted Angptl4 silencing by antisense oligonucleotide treatment attenuates hyperlipidaemia and atherosclerosis development in APOE*3-Leiden.CETP mice.,immunotoxicity/immune activation,A,Results > Short-term liver-targeted Angptl3 and Angptl4 silencing does not induce hepatic inflammation; paragraph 27,accept,hepatic inflammation/toxicology/adverse effects,True,True,A,0.96,pmc_full_text,True,a 4-week toxicology study in cynomolgus monkeys showed that anti-ANGPTL4 ASO treatment (weekly subcutaneous injections of up to 30 mg/kg) was well tolerated and did not induce any adverse effects,"Full-text mouse and cynomolgus monkey data directly assessed liver inflammation, ALT/AST, histology, cytokines, and adverse effects of liver-targeted ANGPTL4 ASO.",codex_gpt-5.5_manual_agent,accept,ni_jie,A,
97,toxicity_endpoint,96,siRNA candidate from PMID 39606561,39606561,PMC11598607,,A Multifunctional Nanodrug Co-Delivering VEGF-siRNA and Dexamethasone for Synergistic Therapy in Ocular Neovascular Diseases.,renal/renal safety,B,Results > Biocompatibility of MPDA Nanodrugs; paragraph 43,accept,ocular and systemic organ safety; hematology/histopathology,True,True,A,0.90,pmc_full_text,True,"H&E staining also revealed no noticeable pathological abnormalities in the eyes (including eyeball, cornea, and retina) (Figures 6F and 7E) and major organs (including heart, liver, spleen, lung, and kidney)","Full-text ocular VEGF-siRNA nanodrug study measured cellular cytotoxicity, ocular irritation/inflammation, hematology, and major-organ histopathology including kidney.",codex_gpt-5.5_manual_agent,accept,ni_jie,A,
98,toxicity_endpoint,97,siRNA candidate from PMID 39065632,39065632,PMC11280363,,ROS-Responsive Ferrocenyl Amphiphilic PAMAM Dendrimers for On-Demand Delivery of siRNA Therapeutics to Cancer Cells.,renal/renal safety,C,3. Results and Discussions > 3.3. Best Performance of Fc-AmDs in siRNA Delivery and the Underlying Rationale; paragraph 39,accept,cell viability/metabolic cytotoxicity in normal and cancer cell lines,True,True,C,0.72,pmc_full_text,True,"all Fc-AmDs exhibited no significant influence on the proliferation of all the tested cell lines, including mouse fibroblast L929 cells, human–derived normal liver L02 cells, Madin–Darby canine kidney cells, and ovarian cancer SKOV–3 cells.","Full-text MTT assay measured cytotoxicity of the siRNA delivery dendrimers, including a kidney cell line; accepted as delivery-product toxicity evidence but graded weak/generic for a non-specific siRNA therapeutic candidate.",codex_gpt-5.5_manual_agent,reject,ni_jie,C,"Reject after curator re-read: PMID 39065632; previous accept was too weak/generic for renal/renal safety in siRNA candidate from PMID 39065632. Basis checked: Full-text MTT assay measured cytotoxicity of the siRNA delivery dendrimers, including a kidney cell line; accepted as delivery-product toxicity evidence but graded weak/generic for a non-sp?"
99,toxicity_endpoint,98,siRNA candidate from PMID 38089931,38089931,PMC10711485,,"Dendritic amphiphilic siRNA: Selective albumin binding, in vivo efficacy, and low toxicity.",hematologic/platelet/bleeding safety,B,Results > D-siRNA has a better safety profile; paragraph 15,accept,"platelet/CBC, blood chemistry, body weight, organ histology",True,True,A,0.95,pmc_full_text,True,The data showed no detectable alteration of parameters in D-siRNA-injected mice compared with PBS-injected mice,"Full-text in vivo D-siRNA safety study measured blood chemistry, CBC/platelets, body weight, and liver/kidney histology after high-dose dosing.",codex_gpt-5.5_manual_agent,accept,ni_jie,A,
100,toxicity_endpoint,99,ASO candidate from PMID 36631935,36631935,PMC10087069,,Correlations between preclinical BJAB assay ranking of antisense drugs and clinical trial adverse events.,general safety/safety/tolerability,A,RESULTS > Correlations identified using adverse event network analysis; FIGURE 1 caption,accept,clinical adverse events/tolerability; inflammatory reactions,True,True,A,0.92,pmc_full_text,True,Adverse events associated with FLRs were more strongly correlated with the inflammation signals predicted by the BJAB assay than adverse events associated with injection site reactions.,Full-text analysis uses clinical adverse-event data from subcutaneously administered ASO trials and BJAB cytokine assay ranking to evaluate inflammatory tolerability signals.,codex_gpt-5.5_manual_agent,accept,ni_jie,A,
101,toxicity_endpoint,100,ASO candidate from PMID 37346977,37346977,PMC10280097,10.1016/j.omtn.2023.05.005,Lipid nanoparticle delivery limits antisense oligonucleotide activity and cellular distribution in the brain after intracerebroventricular injection.,neurological/neurotoxicity,B,Results > LNPs increase TA2 potency in vitro by decreasing lysosomal trafficking or increasing ASO uptake; paragraph 11,accept,immune activation/neuroinflammation,True,True,A,0.95,pmc_full_text,True,ASO delivery via both gymnosis and LNPs triggered an ASO-mediated microgliosis response that was evident by increased Iba1 signal and transcriptional activation of inflammatory pathways in the brain.,Full-text mouse ICV results link TA2 ASO/free and LNP delivery to microgliosis and inflammatory pathway activation in brain.,codex_gpt-5.5_manual_agent,accept,ni_jie,A,
102,toxicity_endpoint,101,siRNA candidate from PMID 38168301,38168301,PMC10760232,10.21203/rs.3.rs-3713164/v1,Evaluation of mAb 2C5-modified dendrimer-based micelles for the co-delivery of siRNA and chemotherapeutic drug in xenograft mice model.,renal/renal safety,B,Results > Gender differences; paragraph 25,accept,general safety/body weight/systemic toxicity,True,True,A,0.90,pmc_full_text,True,Despite a higher DOX concentration and residence time we did not observe any systemic toxicities in the nanoparticle groups.,"Full-text xenograft study reports systemic safety for the siRNA/doxorubicin nanoparticle delivery product, with body-weight toxicity mainly in free doxorubicin controls.",codex_gpt-5.5_manual_agent,accept,ni_jie,A,
103,toxicity_endpoint,102,siRNA candidate from PMID 37273265,37273265,PMC10236467,10.1016/j.jsps.2023.05.017,GL67 lipid-based liposomal formulation for efficient siRNA delivery into human lung cancer cells.,hepatic/hepatotoxicity,C,Introduction; paragraph 4,accept,cell viability/cytotoxicity,True,True,C,0.82,pmc_full_text,True,"The application of lipoplexes demonstrated a high cellular viability of A549 (i.e., > 85 %) for all formulations over 24 h, which could be relatively safe at different contents of GL67 lipid.",Full-text in vitro delivery-formulation results measure A549 viability after siRNA lipoplex exposure; evidence is generic formulation toxicity rather than a named clinical oligo.,codex_gpt-5.5_manual_agent,reject,ni_jie,C,Reject after curator re-read: PMID 37273265; previous accept was too weak/generic for hepatic/hepatotoxicity in siRNA candidate from PMID 37273265. Basis checked: Full-text in vitro delivery-formulation results measure A549 viability after siRNA lipoplex exposure; evidence is generic formulation toxicity rather than a named clinical oligo.
104,toxicity_endpoint,103,Bepirovirsen,35971951,PMC9804925,10.1002/cpdd.1154,"Preclinical and Phase 1 Assessment of Antisense Oligonucleotide Bepirovirsen in Hepatitis B Virus-Transgenic Mice and Healthy Human Volunteers: Support for Clinical Dose Selection and Evaluation of Safety, Tolerability, and Pharmacokinetics of Single and Multiple Doses.",hepatic/hepatotoxicity,C,Discussion; paragraph 52,accept,general safety/adverse events/tolerability,True,True,A,0.95,pmc_full_text,True,"across the single and multiple dose cohorts, 197 treatment‐emergent adverse events were reported, with 99% and 65% classified as mild in severity and local injection site reactions, respectively.",Named therapeutic ASO bepirovirsen has primary phase 1 safety/tolerability adverse-event results; hepatic-specific claim is broadened to general safety.,codex_gpt-5.5_manual_agent,accept,ni_jie,A,
105,toxicity_endpoint,104,ASO candidate from PMID 33567808,33567808,PMC8804562,10.3324/haematol.2020.260059,"Sequence-specific 2'-O-methoxyethyl antisense oligonucleotides activate human platelets through glycoprotein VI, triggering formation of platelet-leukocyte aggregates.",hematologic/platelet/bleeding safety,B,Results > 2’MOE ASO (104838 and 501861) and CpG ASO increase platelet P-selectin expression in platelet-rich plasma and whole blood; Figure 1. caption,accept,platelet activation/hematologic safety,True,True,A,0.97,pmc_full_text,True,104838 and 501861 triggered moderate platelet activation and sykdependent formation of platelet-leukocyte aggregates.,Primary human blood/platelet assays show sequence-specific platelet activation by 2-MOE phosphorothioate ASOs.,codex_gpt-5.5_manual_agent,accept,ni_jie,A,
106,toxicity_endpoint,105,siRNA candidate from PMID 35992044,35992044,PMC9384066,10.1016/j.omtn.2022.08.011,A model system for antiviral siRNA therapeutics using exosome-based delivery.,hepatic/hepatotoxicity,B,Results > Delivery of antiviral antigens simultaneously in vitro; paragraph 22,accept,cell viability/cytotoxicity,True,True,C,0.80,pmc_full_text,True,"When treated with either exosomes alone, EPM, or EPM loaded with nucleic acids as used in this study, HEK293T cells had similar survival as compared to untreated cells, indicating the lack of detectable cytotoxicity.",Figure-linked in vitro survival assay supports lack of detectable cytotoxicity for the exosome/polyethyleneimine nucleic-acid delivery formulation; oligo identity is generic.,codex_gpt-5.5_manual_agent,accept,ni_jie,C,
107,toxicity_endpoint,106,siRNA candidate from PMID 30544191,30544191,PMC6379722,10.1093/nar/gky1239,Diverse lipid conjugates for functional extra-hepatic siRNA delivery in vivo.,renal/renal safety,B,RESULTS > The chemical nature of the lipid conjugate defines the liver/kidney distribution profile; paragraph 29,accept,general toxicity/tolerability,True,True,C,0.68,pmc_full_text,True,"Our study found that some lipid conjugates, particularly DCA and PC-DCA, support higher siRNA accumulation than cholesterol in extra-hepatic tissues, including muscle, heart, fat and lung, without causing overt toxicity.",Full-text discussion reports absence of overt toxicity for lipid-conjugated siRNAs after in vivo study; endpoint detail is weak and not renal-specific.,codex_gpt-5.5_manual_agent,accept,ni_jie,C,
108,toxicity_endpoint,107,ASO candidate from PMID 29107969,29107969,PMC5673186,10.1371/journal.pone.0187574,Assessing single-stranded oligonucleotide drug-induced effects in vitro reveals key risk factors for thrombocytopenia.,immunotoxicity/immune activation,C,Results > Immunostimulatory effect of ONs; paragraph 44,accept,platelet activation/immunotoxicity,True,True,A,0.97,pmc_full_text,True,phosphorothioate (PS)-ONs can bind to platelet proteins such as platelet collagen receptor glycoprotein VI (GPVI) and activate human platelets in vitro to various extents.,"Primary in vitro assays show phosphorothioate oligonucleotides activate human platelets and bind GPVI/PF4, supporting thrombocytopenia-risk evidence.",codex_gpt-5.5_manual_agent,accept,ni_jie,A,
109,toxicity_endpoint,108,siRNA candidate from PMID 40654369,40654369,PMC12254698,10.1016/j.apsb.2025.03.015,Silencing PTPN2 with nanoparticle-delivered small interfering RNA remodels tumor microenvironment to sensitize immunotherapy in hepatocellular carcinoma.,hepatic/hepatotoxicity,C,Results > HPssPT delivers siRNA into HCC cells with potent transfection efficiency and favorable safety performance; paragraph 47,accept,cell viability/cytotoxicity,True,True,A,0.93,pmc_full_text,True,HA/PEIss@siNC (HPssNC) at various concentrations revealed no significant changes in cell viability (Fig. 2F).,Full-text Results safety assay used negative-control siRNA nanoparticle to show the HPss platform did not directly reduce cell viability.,codex_gpt-5.5_manual_agent,accept,ni_jie,A,
110,toxicity_endpoint,109,Nedosiran,39875734,PMC12031765,10.1007/s00467-025-06675-8,"Nedosiran in pediatric patients with PH1 and relatively preserved kidney function, a phase 2 study (PHYOX8).",renal/renal safety,A,Results > Safety; paragraph 24,accept,renal safety/general adverse events,True,True,A,0.96,pmc_full_text,True,"Median percent change from baseline in eGFR was 2.5%, indicating preservation of renal function.",Named RNAi therapeutic nedosiran has pediatric clinical renal-function safety data plus AE reporting.,codex_gpt-5.5_manual_agent,accept,ni_jie,A,
111,toxicity_endpoint,110,Nedosiran,38707801,PMC11068990,10.1016/j.ekir.2024.02.1439,Nedosiran Safety and Efficacy in PH1: Interim Analysis of PHYOX3.,renal/renal safety,A,Results > Participants; paragraph 20,accept,renal safety/general adverse events,True,True,A,0.96,pmc_full_text,True,mean estimated glomerular filtration rate (egfr) remained stable (62–84.2 ml/min per 1.73 m2) to month 30.,Named RNAi therapeutic nedosiran has long-term clinical renal-function stability and safety monitoring.,codex_gpt-5.5_manual_agent,accept,ni_jie,A,
112,toxicity_endpoint,111,DNA/RNA heteroduplex oligonucleotide candidate from PMID 39252874,39252874,PMC11382116,10.1016/j.omtn.2024.102289,DNA/RNA heteroduplex technology with cationic oligopeptide reduces class-related adverse effects of nucleic acid drugs.,immunotoxicity/immune activation,B,Results > The effect of HDO formation on class-related toxicities; paragraph 7,accept,complement activation/coagulation/platelet toxicity,True,True,A,0.95,pmc_full_text,True,HDOs significantly decreased C3a levels compared to ASOs in both base lengths in the ex vivo assay (Figures 1E and 1F).,"Full-text ex vivo and mouse experiments evaluate class-related HDO/ASO toxicities including complement activation, aPTT prolongation, and thrombocytopenia.",codex_gpt-5.5_manual_agent,accept,ni_jie,A,
113,toxicity_endpoint,112,Viltolarsen,37005891,PMC10200237,10.3233/JND-221656,"Efficacy and Safety of Viltolarsen in Boys With Duchenne Muscular Dystrophy: Results From the Phase 2, Open-Label, 4-Year Extension Study.",renal/renal safety,A,RESULTS > Safety; paragraph 21,accept,renal safety,True,True,A,0.95,pmc_full_text,True,"Laboratory data on renal function (including cystatin C) were followed for the whole length of the study, with no clinically significant findings being reported.",Named exon-skipping ASO viltolarsen has long-term clinical renal laboratory safety follow-up.,codex_gpt-5.5_manual_agent,accept,ni_jie,A,
114,toxicity_endpoint,113,Viltolarsen,35634851,PMC9398057,10.3233/JND-220811,Long-Term Functional Efficacy and Safety of Viltolarsen in Patients with Duchenne Muscular Dystrophy.,general safety/safety/tolerability,A,RESULTS > Safety; paragraph 21,accept,general safety/adverse events,True,True,A,0.93,pmc_full_text,True,"Safety was similar to that observed in the previous 24-week trial, which was predominantly mild.",Named exon-skipping ASO viltolarsen has long-term extension safety results with no treatment-related serious AEs or discontinuations.,codex_gpt-5.5_manual_agent,accept,ni_jie,A,
115,toxicity_endpoint,114,ASO candidate from PMID 32530964,32530964,PMC7292364,10.1371/journal.pone.0232603,Refining LNA safety profile by controlling phosphorothioate stereochemistry.,hepatic/hepatotoxicity,C,Conclusion; paragraph 41,accept,hepatotoxicity/nephrotoxicity/cytotoxicity,True,True,A,0.96,pmc_full_text,True,when tested in primary mouse hepatocytes and human proximal tubular epithelial cells treatment with c1 resulted in “severe toxicity” in both cell systems.,Full-text in vitro assays directly measured toxicity of an LNA gapmer in primary hepatocytes and proximal tubular epithelial cells.,codex_gpt-5.5_manual_agent,accept,ni_jie,A,
116,toxicity_endpoint,115,Inclisiran,37850379,PMC10815002,10.1161/CIRCULATIONAHA.122.063460,"Efficacy, Safety, and Tolerability of Inclisiran in Patients With Homozygous Familial Hypercholesterolemia: Results From the ORION-5 Randomized Clinical Trial.",general safety/safety/tolerability,A,RESULTS > Safety Evaluation; paragraph 46,accept,general safety/adverse events/tolerability,True,True,A,0.95,pmc_full_text,True,Adverse events and serious adverse events did not differ between the inclisiran and placebo groups throughout the study.,Named therapeutic siRNA inclisiran has randomized clinical safety/tolerability adverse-event results.,codex_gpt-5.5_manual_agent,accept,ni_jie,A,
117,toxicity_endpoint,116,siRNA candidate from PMID 41949334,41949334,PMC13059674,10.1111/cts.70536,A Long-Term Human Liver Spheroid Model for Assessing Silencing and Durability of GalNAc-Conjugated siRNAs.,hepatic/hepatotoxicity,B,Results > Treatment of Hepatic Spheroids With Chemically Modified GalNAc‐Conjugated siRNA; FIGURE 2 caption,accept,hepatotoxicity/cell viability,True,True,A,0.90,pmc_full_text,True,No signs of hepatotoxicity were observed under the conditions used.,Full-text human liver spheroid study reports no hepatotoxicity and maintained viability under GalNAc-siRNA treatment conditions.,codex_gpt-5.5_manual_agent,accept,ni_jie,A,
118,toxicity_endpoint,117,ASO candidate from PMID 41754970,41754970,PMC12944301,10.3390/pharmaceutics18020228,Unconventional Lysine-Type Lipid Assemblies Enable Efficient Antisense Oligonucleotide Delivery with Distinct Structural Features.,hepatic/hepatotoxicity,C,3. Results and Discussions > 3.3. In Vitro Delivery of Splice-Switch ASO; paragraph 26,accept,cell viability/cytotoxicity,True,True,A,0.90,pmc_full_text,True,"in spleen cells, no noticeable cytotoxicity was observed at concentrations up to 100 µm (figure 2).",Full-text ASO lipid-formulation study measured cell viability/cytotoxicity in spleen and liver cell lines and cytokine profiling in PBMCs.,codex_gpt-5.5_manual_agent,accept,ni_jie,A,
119,toxicity_endpoint,118,Vutrisiran,41984862,PMC13082648,10.1371/journal.pone.0347417,Assessing the real-world safety of vutrisiran for transthyretin-mediated amyloidosis with polyneuropathy: Based on WHO-VigiAccess and FAERS databases.,neurological/neurotoxicity,C,Discussion; paragraph 43,accept,postmarketing adverse events/general safety,True,True,B,0.90,pmc_full_text,True,"During the research process, WHO-VigiAccess reported 721 adverse reaction reports related to vutrisiran, while FAERS documented 732 ADR reports.",Named therapeutic siRNA vutrisiran has real-world pharmacovigilance ADR analysis; observational database evidence is safety-relevant but weaker than controlled primary clinical results.,codex_gpt-5.5_manual_agent,accept,ni_jie,C,Grade adjusted B->C: PMID 41984862; weak/generic or abstract-limited support for neurological/neurotoxicity.
120,toxicity_endpoint,119,ASO candidate from PMID 41399312,41399312,PMC12877987,10.1002/smll.202509094,Delivery of Antisense Oligonucleotides Using the Nano-Cell Vesicle Technology System (nCVTs) for Targeted Cancer Therapy.,renal/renal safety,C,Results and Discussion; paragraph 25,accept,renal/hepatic safety,True,True,A,0.94,pmc_full_text,True,"Remarkably, both ALT and creatinine concentrations remained comparable to control levels, indicating that our treatment did not induce any significant liver or kidney toxicity (Figure S8B,C, Supporting Information).",Full-text in vivo AS014/nCVT ASO delivery study measured ALT and creatinine and found no significant liver or kidney toxicity.,codex_gpt-5.5_manual_agent,accept,ni_jie,A,
121,toxicity_endpoint,120,siRNA candidate from PMID 41755009,41755009,PMC12944025,10.3390/pharmaceutics18020268,Calcium/Aluminum-Cored Asymmetric Bilayer Nanoparticles for Codelivery of Ziyuglycoside II and PD-L1 siRNA Exert Anti-Breast Tumor Effects.,renal/renal safety,C,3. Results and Discussion > 3.12. Assessment of Biochemical Parameters; paragraph 53,accept,body weight/systemic toxicity,True,True,A,0.88,pmc_full_text,True,"body weight measurements indicated that none of the three formulations (CA-c-L, CA/ZYII-ssi-c-L, or CA/ZYII-siP-c-L) induced significant changes in mouse body weight, suggesting minimal systemic toxicity (Figure 4C).","Full-text mouse study reports systemic toxicity monitoring for PD-L1 siRNA codelivery formulations; renal/hepatic assays were described, but grounded result is body-weight systemic toxicity.",codex_gpt-5.5_manual_agent,accept,ni_jie,B,Grade adjusted A->B: PMID 41755009; pmc_full_text evidence was direct but less than full primary-detail confidence for renal/renal safety.
122,toxicity_endpoint,121,siRNA candidate from PMID 41810468,41810468,PMC12907858,10.1016/j.ajps.2026.101126,In vivo self-assembled siRNAs targeting VEGFR2 and mTOR for renal cell carcinoma treatment.,renal/renal safety,C,Results and discussion > Characterization of the IVSA-siRNA targeting solely VEGFR2; paragraph 42,reject,NA,False,False,NA,0.86,pmc_full_text,False,NONE,"Reject under v2: the IVSA-siRNA modality is generated after intravenous injection of naked DNA plasmid genetic circuits that reprogram host liver, so the passage does not provide in-scope administered therapeutic oligonucleotide toxicity evidence.",codex_gpt-5.5_manual_agent,reject,ni_jie,C,"Reject: PMID 41810468; Reject under v2: the IVSA-siRNA modality is generated after intravenous injection of naked DNA plasmid genetic circuits that reprogram host liver, so the passage does not provide in-scope administered therapeutic oligonucleotide toxicity evidence."
123,toxicity_endpoint,122,siRNA candidate from PMID 41477663,41477663,PMC12752751,10.1016/j.bioactmat.2025.11.049,Chiral metal nanozyme-enabled SOD2 activation and siRNA delivery cooperatively mitigating chronic heart failure.,immunotoxicity/immune activation,C,Results and discussion > Biosafety of MnO2 nanozymes; paragraph 22,accept,hemolysis/hematology/immune activation/biosafety,True,True,A,0.92,pmc_full_text,True,"Collectively, these results indicate that the chiral MnO2 nanozymes did not induce detectable adaptive immune activation and exhibited excellent biosafety in vivo.","Although DOX-cardiotoxicity efficacy readouts are excluded, the passage also reports primary safety testing of the siRNA delivery nanozyme, including hemolysis, blood counts, serum chemistry, histology, and immune activation.",codex_gpt-5.5_manual_agent,accept,ni_jie,A,
124,toxicity_endpoint,123,siRNA candidate from PMID 41896932,41896932,PMC13151111,10.1186/s12951-026-04311-7,Overcoming lysosomal barrier via V-ATPase: an exosome-based co-delivery platform for combined chemo/RNAi therapy against breast cancer.,renal/renal safety,C,Result and discussion > In vivo safety assessment; paragraph 61,accept,general biosafety/tolerability,True,True,C,0.70,pmc_full_text,True,in vivo studies validated that the nano-delivery system exhibits potent antitumor efficacy in a 4T1 murine breast cancer model while maintaining a favorable biosafety profile.,Passage gives only broad in vivo biosafety support for the siSurvivin codelivery platform; tumor-cell killing cytotoxicity readouts were not used as toxicity evidence.,codex_gpt-5.5_manual_agent,accept,ni_jie,C,
125,toxicity_endpoint,124,Nusinersen,39829133,PMC11743982,10.1002/brb3.70221,Safety and Efficacy of Nusinersen Focusing on Renal and Hematological Parameters in Spinal Muscular Atrophy.,renal/renal safety,C,Abstract; paragraph 6,accept,renal safety/platelet safety,True,True,A,0.95,pmc_full_text,True,No significant adverse effects on platelet counts or renal functions were observed.,Named therapeutic ASO nusinersen has retrospective clinical laboratory safety results for renal parameters and platelet counts.,codex_gpt-5.5_manual_agent,accept,ni_jie,A,
126,toxicity_endpoint,125,Pelacarsen,41021771,PMC12478598,10.1111/cts.70344,"Pharmacokinetics and Safety of Pelacarsen, a GalNAc(3)-Conjugated Antisense Oligonucleotide Targeting Apo(a), in Participants With Mild Hepatic Impairment.",renal/renal safety,C,Introduction; paragraph 4,accept,clinical safety/tolerability,True,True,A,0.95,pmc_full_text,True,No safety concerns were identified in participants with mild HI or in matched controls.,Full-text phase I study administered pelacarsen and reported safety/tolerability findings in treated participants.,codex_gpt-5.5_manual_agent,accept,ni_jie,A,
127,toxicity_endpoint,126,RO7239958,41186228,PMC12691668,10.1128/aac.00679-25,"Safety, pharmacokinetics, and pharmacodynamics of the antisense oligonucleotide RO7239958 in healthy volunteers and adults with chronic hepatitis B infection.",neurological/neurotoxicity,C,INTRODUCTION; paragraph 4,accept,hepatic/transaminase safety,True,True,A,0.95,pmc_full_text,True,"RO7239958 was generally well tolerated in healthy volunteers; transaminase elevations occurred at the highest doses, including one reversible Grade 3 elevation.",First-in-human RO7239958 study directly reports treatment tolerability and liver enzyme toxicity.,codex_gpt-5.5_manual_agent,accept,ni_jie,A,
128,toxicity_endpoint,127,ASO candidate from PMID 40654713,40654713,PMC12247940,10.1101/2025.05.01.651722,"Anti-Sense Oligonucleotide as a Therapeutic for Synucleinopathies: Pharmacokinetic, Safety and Efficacy Evaluation.",neurological/neurotoxicity,C,Abstract; paragraph 1,accept,systemic toxicity,True,True,B,0.86,pmc_full_text,True,Acute and subacute toxicity studies revealed no systemic toxicity at the highest non-lethal dose (32 mg/kg).,"Passage reports administered ApoB11:ASO-alpha-Syn toxicity testing, but evidence is summary-level rather than detailed results table.",codex_gpt-5.5_manual_agent,accept,ni_jie,C,Grade adjusted B->C: PMID 40654713; weak/generic or abstract-limited support for neurological/neurotoxicity.
129,toxicity_endpoint,128,ASO candidate from PMID 41169576,41169576,PMC12569656,10.1021/jacsau.5c01005,"Cycloalkane Incorporation Into the 2',4'-Bridge of Locked Nucleic Acid: Enhancing Nuclease Stability, Reducing Phosphorothioate Modifications, and Lowering Hepatotoxicity in Antisense Oligonucleotides.",renal/renal safety,C,Results and Discussion > Reduction of Hepatotoxicity by scpBNA Series; paragraph 23,accept,hepatic/hepatotoxicity,True,True,A,0.93,pmc_full_text,True,"ON30 effectively reduced liver Nr3c1 expression but caused significant hepatotoxicity, as evidenced by elevated ALT and AST levels and reduced body weight","Full-text mouse ASO results directly measure ALT, AST, body weight, and hepatotoxicity for named ASO variants.",codex_gpt-5.5_manual_agent,accept,ni_jie,A,
130,toxicity_endpoint,129,ASO/siRNA mixed context candidate from PMID 41268339,41268339,PMC12628137,10.1016/j.bioactmat.2025.09.007,A naturally derived lipopeptide lipid nanoparticle platform enabling multiple nucleic acids delivery.,immunotoxicity/immune activation,C,Results and discussion > Discussion; paragraph 49,accept,hepatic/renal/inflammatory safety,True,True,A,0.96,pmc_full_text,True,"RmHnC-DOPE LNPs did not induce any abnormal elevations in biochemical parameters, indicating well-preserved hepatic and renal functions.","Full-text mouse study reports biochemical, histology, cytokine, mortality, and organ-function safety for siRNA LNP formulations.",codex_gpt-5.5_manual_agent,accept,ni_jie,A,
131,toxicity_endpoint,130,siRNA candidate from PMID 41439881,41439881,PMC12730731,10.3390/biomimetics10120812,"Biocompatible Copolymerized Gold Nanoclusters: Anti-TNF-α siRNA Binding, Cellular Uptake, Cytotoxicity, Oxidative Stress and Cell Cycle Effects In Vitro.",hepatic/hepatotoxicity,C,3. Results and Discussion > 3.3. Cytotoxicity Studies > 3.3.1. MTT Cytotoxicity Assay; paragraph 40,accept,cell viability/cytotoxicity,True,True,A,0.91,pmc_full_text,True,"cell viabilities remained above this threshold, indicating that all nanocomplexes were non-toxic in all cells.",Full-text MTT cytotoxicity assay reports non-toxic FAuNC-siRNA nanocomplexes in HEK293 and breast cancer cell lines.,codex_gpt-5.5_manual_agent,accept,ni_jie,A,
132,toxicity_endpoint,131,siRNA candidate from PMID 40911569,40911569,PMC12412931,10.1371/journal.pone.0327375,"Upscaling, toxicity and efficacy of multifaceted dressing embedded with dsirna-loaded gold nanoparticles for enhancing diabetic wound treatment.",renal/renal safety,C,3 Results and discussion > 3.7. Sub-acute skin toxicity of PF127 gel > 3.7.5. Assessment of renal function and potential toxicity.; paragraph 102,accept,renal safety,True,True,A,0.94,pmc_full_text,True,indicating no renal injury or abnormalities in renal function.,Full-text 28-day rat toxicity study reports urea/creatinine renal-function safety for AuNPs-DsiRNA gel.,codex_gpt-5.5_manual_agent,accept,ni_jie,A,
133,toxicity_endpoint,132,siRNA candidate from PMID 41256914,41256914,PMC12621563,10.1016/j.ijpx.2025.100428,Engineered extracellular vesicles demonstrate altered endocytosis and biodistribution and have superior oral siRNA delivery efficiency compared to lipid nanoparticles.,renal/renal safety,C,Results and discussion > Effect of LNPs and EV-LNP hybrids on cell viability; paragraph 45,reject,cell viability/cytotoxicity,True,False,NA,0.88,pmc_full_text,False,NONE,"Reject: in-scope gate fails because the passage uses GAPDH/control siRNA as an oral-delivery benchmark, not a named therapeutic oligonucleotide; non-accept quote set to NONE.",codex_gpt-5.5_manual_agent,reject,ni_jie,C,"Reject: PMID 41256914; Reject: in-scope gate fails because the passage uses GAPDH/control siRNA as an oral-delivery benchmark, not a named therapeutic oligonucleotide; non-accept quote set to NONE."
134,toxicity_endpoint,133,ASO candidate from PMID 40604820,40604820,PMC12225093,10.1186/s12951-025-03529-1,Ultrasmall nanoparticles for co-delivery of antisense oligonucleotides targeting miR-21 and miR-210 to treat glioblastoma.,hepatic/hepatotoxicity,C,Result and discussion > In-vitro cytotoxicity evaluation of surface-modified USMP; paragraph 45,accept,cell viability/cytotoxicity,True,True,A,0.90,pmc_full_text,True,"We have successfully demonstrated that by optimizing the PEI ratio with close to neutral surface charge, we were able to reduce PEI-induced cytotoxicity without compromising the transfection efficiency.",Full-text cytotoxicity/safety optimization of USMP-PEI antisense oligonucleotide delivery product; exact quote repaired by main reviewer after hard grounding check.,codex_gpt-5.5_manual_agent+main_grounding_repair,accept,ni_jie,A,
135,toxicity_endpoint,134,siRNA candidate from PMID 40006524,40006524,PMC11859093,10.3390/pharmaceutics17020157,Engineering Lipid Nanoparticles to Enhance Intracellular Delivery of Transforming Growth Factor-Beta siRNA (siTGF-β1) via Inhalation for Improving Pulmonary Fibrosis Post-Bleomycin Challenge.,renal/renal safety,C,"3. Results and Discussion > 3.7. Toxicity Evaluation of Heart, Kidney, Liver, and Spleen; paragraph 55",accept,organ histopathology/biosafety,True,True,A,0.95,pmc_full_text,True,"no obvious toxicity-related lesions were observed in the heart, liver, spleen, lung, and kidneys of mice treated with",Full-text in vivo histology directly reports organ safety after siTGFbeta1-LNP treatment.,codex_gpt-5.5_manual_agent,accept,ni_jie,A,
136,toxicity_endpoint,135,Fitusiran,39642315,PMC11914172,10.1182/bloodadvances.2024013900,"Long-term safety and efficacy of fitusiran prophylaxis, and perioperative management, in people with hemophilia A or B.",hepatic/hepatotoxicity,B,Results > Safety; paragraph 20,accept,hepatic/transaminase and adverse events,True,True,A,0.96,pmc_full_text,True,"After implementation of the AT-based dose regimen, there were no thrombotic events, and a reduction in the incidence of elevated transaminases and biliary events was reported.",Clinical phase 2 extension directly reports adverse events and hepatic safety outcomes for administered fitusiran.,codex_gpt-5.5_manual_agent,accept,ni_jie,A,
137,toxicity_endpoint,136,Ce6-targeting siRNA from PMID 41299672,41299672,PMC12837076,10.1186/s12951-025-03872-3,Peptide-modified phase-transition nanoparticles co-deliver FTO siRNA and Ce6 for sonodynamic metabolism-immunotherapy of melanoma.,hepatic/hepatotoxicity,C,Results and discussion > Preparation and characterization of si-Ce6@tLyP-1-NPs; paragraph 13,accept,cell viability/cytotoxicity,True,True,A,0.88,pmc_full_text,True,"cell viability remained above 90% at concentrations of 1.0 mg/ml, which indicated the low cytotoxicity of the nanoparticles",Full-text biocompatibility assay reports low cytotoxicity for siFTO/Ce6 therapeutic nanoparticles before efficacy testing.,codex_gpt-5.5_manual_agent,accept,ni_jie,B,Grade adjusted A->B: PMID 41299672; pmc_full_text evidence was direct but less than full primary-detail confidence for hepatic/hepatotoxicity.
138,toxicity_endpoint,137,siRNA candidate from PMID 41007671,41007671,PMC12467891,10.3390/biomedicines13092108,Crossing Barriers: PEGylated Gold Nanoparticles as Promising Delivery Vehicles for siRNA Delivery in Alzheimer's Disease.,hepatic/hepatotoxicity,C,4. Discussion; paragraph 29,accept,genotoxicity/cytotoxicity,True,True,A,0.90,pmc_full_text,True,"Both tested nanoparticles proved to be less genotoxic when they were complexed with siRNA, showing a DNA disruption at levels below 10%",Full-text safety assays report genotoxicity/cytotoxicity of siRNA-complexed gold nanoparticles for CNS delivery.,codex_gpt-5.5_manual_agent,accept,ni_jie,A,
139,toxicity_endpoint,138,siRNA candidate from PMID 40573259,40573259,PMC12196244,10.3390/ph18060864,Engineering Lipid-Polymer Nanoparticles for siRNA Delivery to Cancer Cells.,hepatic/hepatotoxicity,C,2. Results and Discussion > 2.8. Cytotoxicity of LPNPs in MDA-MB-231 Cells; paragraph 34,reject,cell viability/cytotoxicity,True,False,NA,0.90,pmc_full_text,False,NONE,"Reject: in-scope gate fails because toxicity was measured during GFP/scrambled/model siRNA delivery optimization, not for a therapeutic oligonucleotide; non-accept quote set to NONE.",codex_gpt-5.5_manual_agent,reject,ni_jie,C,"Reject: PMID 40573259; Reject: in-scope gate fails because toxicity was measured during GFP/scrambled/model siRNA delivery optimization, not for a therapeutic oligonucleotide; non-accept quote set to NONE."
140,toxicity_endpoint,139,siRNA candidate from PMID 40433119,40433119,PMC12106909,10.2147/IJN.S510514,Lipid-Coated Ag@MnO(2) Core-Shell Nanoparticles for Co-Delivery of Survivin siRNA in Breast Tumor Therapy.,renal/renal safety,C,Results and Discussion > Biochemical Parameter Determination; paragraph 50,accept,hepatic/renal systemic toxicity,True,True,A,0.94,pmc_full_text,True,"we observed no significant changes in the levels of biochemical indicators (including AST, ALT, BUN, and CRE-L) in the treatment groups relative to the model group, confirming the absence of damage to the normal liver and kidney functions","Full-text in vivo study directly reports body weight, biochemical liver/kidney markers, and H&E safety for survivin siRNA nanoparticles.",codex_gpt-5.5_manual_agent,accept,ni_jie,A,
141,toxicity_endpoint,140,siRNA candidate from PMID 39990947,39990947,PMC11843345,10.1021/acsbiomedchemau.4c00061,Development of Small Interfering RNA Loaded Cationic Lipid Nanoparticles for the Treatment of Liver Cancer with Elevated α-Fetoprotein Expression.,hepatic/hepatotoxicity,C,Results and Discussion > Safety Profile of DDAB-cLNPs on Liver Cancer Cells; paragraph 28,accept,cell viability/cytotoxicity,True,True,A,0.91,pmc_full_text,True,no significant toxicity of siSCR-loaded DDAB-cLNPs (siSCR@DDAB-cLNPs) was observed across all concentrations,Full-text cell-viability assay directly reports cytotoxicity of the siRNA-loaded DDAB-cLNP delivery product used for liver cancer siRNA delivery.,codex_gpt-5.5_manual_agent,accept,ni_jie,A,
142,toxicity_endpoint,141,Imetelstat,39980062,PMC11842220,10.1111/cts.70169,"Low Proarrhythmic Risk of Imetelstat, a Novel Oligonucleotide Telomerase Inhibitor: A Translational Analysis.",hepatic/hepatotoxicity,C,Introduction; paragraph 4,accept,cardiac/proarrhythmic safety,True,True,A,0.97,pmc_full_text,True,Clinical evaluations showed no significant effects on QTcF or other electrocardiogram parameters at 7.1 mg/kg.,Nonclinical and clinical cardiac safety assessments directly measure ECG/QTc effects of imetelstat.,codex_gpt-5.5_manual_agent,accept,ni_jie,A,
143,toxicity_endpoint,142,siRNA candidate from PMID 39934917,39934917,PMC11816505,10.1186/s13287-025-04151-6,Development and evaluation of siRNA-mediated gene silencing strategies for ADO2 therapy utilizing iPSCs model and DMPC-SPIONs delivery system.,immunotoxicity/immune activation,C,Discussion; paragraph 15,accept,cell viability/cytotoxicity,True,True,A,0.90,pmc_full_text,True,The CCK-8 assay results indicate that the cell viability of each experimental group exceeded 97%,Full-text biosafety testing reports cell viability and apoptosis after DMPC-SPION exposure for siRNA delivery in ADO2 iPSCs.,codex_gpt-5.5_manual_agent,accept,ni_jie,A,
144,toxicity_endpoint,143,Inclisiran,40735483,PMC12303805,10.3389/fphar.2025.1554631,Systemic evaluation of inclisiran on the risk of new-onset diabetes and hyperglycemia compared to evolocumab and atorvastatin.,hepatic/hepatotoxicity,C,Abstract > Methods and results; paragraph 2,accept,metabolic adverse events/diabetes risk,True,True,C,0.78,pmc_full_text,True,"Atorvastatin had a higher ROR for type 2 diabetes (195.03) than inclisiran (0.95) and evolocumab, but it was not statistically significant.","Pharmacovigilance/meta-analysis passage links inclisiran to observed diabetes/hyperglycemia adverse-event outcomes, but evidence is indirect and weaker than a primary trial report.",codex_gpt-5.5_manual_agent,accept,ni_jie,C,
145,toxicity_endpoint,144,siRNA candidate from PMID 40444266,40444266,PMC12120247,10.34133/bmr.0209,Reactive Oxygen Species-Responsive Ferrocene Nanoparticles Delivering Small Interfering RNA Targeting NOP2/Sun RNA Methyltransferase Family Member 2 for Gastric Cancer Therapy.,renal/renal safety,C,Results and Discussion > In vivo biosafety evaluation; paragraph 42,accept,hemolysis/hematology/organ toxicity,True,True,A,0.96,pmc_full_text,True,"no significant differences in the levels of ALT, AST, UREA, CRE, RBC, WBC, HGB, and PLT among the treatment groups.","Full-text biosafety study directly reports hemolysis, hematology, liver/kidney markers, and organ histology for PRPFc@siNSUN2.",codex_gpt-5.5_manual_agent,accept,ni_jie,A,
146,toxicity_endpoint,145,siRNA candidate from PMID 39829590,39829590,PMC11740622,10.1021/acsomega.4c08314,"Comparative Study of Functionalized Carbosilane Dendrimers for siRNA Delivery: Synthesis, Cytotoxicity, and Biophysical Properties.",immunotoxicity/immune activation,C,Introduction; paragraph 4,reject,cell viability/cytotoxicity,True,False,NA,0.84,pmc_full_text,False,NONE,Reject: in-scope gate fails because the study uses generic/model siRNA nanocarrier complexation rather than an administered named therapeutic oligonucleotide; non-accept quote set to NONE.,codex_gpt-5.5_manual_agent,reject,ni_jie,C,Reject: PMID 39829590; Reject: in-scope gate fails because the study uses generic/model siRNA nanocarrier complexation rather than an administered named therapeutic oligonucleotide; non-accept quote set to NONE.
147,toxicity_endpoint,146,Nusinersen,40011938,PMC11866593,10.1186/s13023-025-03603-9,Real-world analysis of the efficacy and safety of nusinersen in pediatric patients with spinal muscular atrophy.,hematologic/platelet/bleeding safety,A,Results > Safety of nusinersen sodium injection for the treatment of SMA; paragraph 41,accept,clinical adverse events,True,True,A,0.95,pmc_full_text,True,"Regarding safety, the incidence of adverse events was 40.48%, with fever being the most common adverse reaction, occurring in 36.36% of cases.",Real-world clinical nusinersen study directly reports adverse-event incidence in treated pediatric SMA patients.,codex_gpt-5.5_manual_agent,accept,ni_jie,A,
148,toxicity_endpoint,147,siRNA candidate from PMID 41304812,41304812,PMC12655120,10.3390/pharmaceutics17111476,Heterofunctional Cationic Polyester Dendrimers as Potent Nonviral Vectors for siRNA Delivery.,neurological/neurotoxicity,C,3. Results and Discussion; paragraph 21,accept,cell viability/cytotoxicity,True,True,A,0.90,pmc_full_text,True,Lactate dehydrogenase (LDH) release assays in T98G glioblastoma cells demonstrated excellent biocompatibility of both dendritic families.,Full-text LDH cytotoxicity assays directly report biocompatibility of siRNA dendrimer delivery systems.,codex_gpt-5.5_manual_agent,accept,ni_jie,A,
149,toxicity_endpoint,148,PMO candidate from PMID 39119918,39119918,PMC11417397,10.1093/nar/gkae686,"Efficacy, biodistribution and safety comparison of chemically modified antisense oligonucleotides in the retina.",neurological/neurotoxicity,C,Discussion; paragraph 46,accept,ocular toxicity,True,True,A,0.97,pmc_full_text,True,octa-guanidine-dendrimer-conjugated in vivo PMO-oligonucleotides (ivPMO) caused toxicity.,"Full-text retina AON study directly compares in vivo ocular toxicity of clinically relevant AON chemistries, including ivPMO and unmodified PMO.",codex_gpt-5.5_manual_agent,accept,ni_jie,A,
150,toxicity_endpoint,149,Olezarsen,39363329,PMC11448427,10.1186/s12944-024-02297-5,Efficacy and safety of olezarsen in lowering apolipoprotein C-III and triglycerides in healthy Japanese Americans.,hematologic/platelet/bleeding safety,A,Results > Primary endpoint: safety results; paragraph 19,accept,clinical safety/tolerability,True,True,A,0.96,pmc_full_text,True,"For the primary endpoint, no serious adverse events or clinically relevant laboratory abnormalities were reported.",Randomized phase 1 olezarsen study directly reports primary safety/tolerability outcomes and laboratory safety.,codex_gpt-5.5_manual_agent,accept,ni_jie,A,
151,toxicity_endpoint,150,ASO/siRNA mixed context candidate from PMID 38271438,38271438,PMC10810432,10.1371/journal.pone.0294847,A phase 2 open-label study of the safety and efficacy of weekly dosing of ATL1102 in patients with non-ambulatory Duchenne muscular dystrophy and pharmacology in mdx mice.,hepatic/hepatotoxicity,A,Results > Clinical trial results > Safety; paragraph 32,accept,clinical safety/tolerability/adverse events,True,True,A,0.96,pmc_full_text,True,There were no serious adverse events (SAEs) or suspected or unexpected serious adverse reactions (SUSARs).,Full-text phase 2 ATL1102 trial administered weekly ASO and reported adverse-event safety outcomes.,codex_gpt-5.5_manual_agent,accept,ni_jie,A,
152,toxicity_endpoint,151,siRNA candidate from PMID 39539730,39539730,PMC11558258,10.1016/j.bioactmat.2024.06.008,Gelatin and lipidoid integrate to create gelasomes to enhance siRNA delivery with low toxicity.,renal/renal safety,C,Results and discussion > Design of gelasomes; paragraph 27,accept,systemic toxicity/body weight/hematology/serum chemistry,True,True,B,0.88,pmc_full_text,True,"toxicity studies in mice indicate that repeated administration of Gelasomes (up to 48 mg/kg BW) is well-tolerated with no notable changes in body weight, hematology, or serum chemistry.","Gelasome siRNA delivery product has administered mouse toxicity evidence, but the clearest loaded quote is summary/abstract-level.",codex_gpt-5.5_manual_agent,accept,ni_jie,B,
153,toxicity_endpoint,152,Fesomersen,38563414,PMC10985948,10.1111/cts.13784,"Pharmacokinetics, pharmacodynamics, and safety of fesomersen, a novel antisense inhibitor of factor XI, in healthy Chinese, Japanese, and Caucasian volunteers.",hematologic/platelet/bleeding safety,C,Abstract; paragraph 1,accept,clinical safety/bleeding tolerability,True,True,B,0.90,pmc_full_text,True,Fesomersen demonstrated good safety and tolerability in all three studies. No major bleeding events were observed.,Clinical fesomersen studies report safety/tolerability and absence of major bleeding after subcutaneous dosing; quote is summary-level.,codex_gpt-5.5_manual_agent,accept,ni_jie,C,Grade adjusted B->C: PMID 38563414; weak/generic or abstract-limited support for hematologic/platelet/bleeding safety.
154,toxicity_endpoint,153,Inclisiran,38220186,PMC11150722,10.5551/jat.64454,"Efficacy, Safety, and Pharmacokinetics of Inclisiran in Japanese Patients: Results from ORION-15.",hepatic/hepatotoxicity,A,Results; paragraph 46,accept,hepatic adverse events/liver enzyme safety,True,True,A,0.94,pmc_full_text,True,"The incidence of TEAEs associated with the liver was higher in the inclisiran sodium 300 mg group, but all were mild in severity.",ORION-15 full text directly reports inclisiran-associated liver adverse-event severity and laboratory liver-enzyme safety.,codex_gpt-5.5_manual_agent,accept,ni_jie,A,
155,toxicity_endpoint,154,siRNA candidate from PMID 38126895,38126895,PMC7616748manuscript-id: EMS199502,10.1002/smll.202308775,Pulmonary siRNA Delivery with Sophisticated Amphiphilic Poly(Spermine Acrylamides) for the Treatment of Lung Fibrosis.,immunotoxicity/immune activation,C,Introduction; paragraph 2,accept,immunotoxicity/cytokine response,True,True,A,0.93,pmc_full_text,True,"For most of the tested cytokines, P(SpAA-co-DAA)3 treated mice showed similar or lower levels of inflammation than untreated mice (IL-23, IL-27, IFN-y, IL-12p70, IL-10, IFN-b).",Full-text mouse pulmonary siRNA polyplex study measured BALF cytokine responses after intratracheal treatment.,codex_gpt-5.5_manual_agent,accept,ni_jie,A,
156,toxicity_endpoint,155,siRNA candidate from PMID 39274180,39274180,PMC11398103,10.3390/polym16172547,Chitosan siRNA Nanoparticles Produce Significant Non-Toxic Functional Gene Silencing in Kidney Cortices.,immunotoxicity/immune activation,C,4. Discussion; paragraph 46,accept,immune stimulation/hematologic/renal-hepatic biomarkers,True,True,A,0.95,pmc_full_text,True,"Pro-inflammatory type-I cytokines (IL-1β, TNF-α, INFγ, IL-6 and KC) measured in serum 4 h post-injection were markedly increased by bacterial LPS and InvLNPs (Figure 4). No significant induction was observed with uncoated and HA-coated NPs.","Full-text chitosan siRNA nanoparticle results measured cytokines, hematology, and liver/kidney biomarkers after intravenous administration.",codex_gpt-5.5_manual_agent,accept,ni_jie,A,
157,toxicity_endpoint,156,siRNA candidate from PMID 39684325,39684325,PMC11641217,10.3390/ijms252312614,Non-Viral Systems Based on PAMAM-Calix-Dendrimers for Regulatory siRNA Delivery into Cancer Cells.,hepatic/hepatotoxicity,C,2. Results and Discussion > 2.3. Biological Activity of Dendrimer/siRNA Complexes > 2.3.3. Cytotoxic Effect of Dendrimers and Their Complexes with siRNAs on HeLa Cells; paragraph 30,accept,cell viability/cytotoxicity,True,True,C,0.76,pmc_full_text,True,PAMAM-calix-dendrimers are low-toxic at the concentration required for efficient RNA binding.,"Full-text delivery-system cytotoxicity is linked to siRNA complexes, but the oligo is generic and the evidence is carrier-level rather than a named therapeutic product.",codex_gpt-5.5_manual_agent,accept,ni_jie,C,
158,toxicity_endpoint,157,ASO candidate from PMID 39329032,39329032,PMC11424689,10.2147/IJN.S461167,Ion Doped Hollow Silica Nanoparticles as Promising Oligonucleotide Delivery Systems to Mesenchymal Stem Cells.,immunotoxicity/immune activation,C,Introduction; paragraph 5,accept,cell viability/cytotoxicity,True,True,C,0.72,pmc_full_text,True,HSN were biocompatible in hMSCs up to 300 µg/mL except for Cu2+ doped HSNs which were cytotoxic even at ~10 µg/mL.,"Loaded passage reports cytotoxicity/biocompatibility of oligonucleotide-loaded hollow silica delivery systems, but it is generic delivery-platform evidence.",codex_gpt-5.5_manual_agent,accept,ni_jie,C,
159,toxicity_endpoint,158,ASO candidate from PMID 37920238,37920238,PMC10618110,10.1016/j.omtm.2023.101122,Awake intracerebroventricular delivery and safety assessment of oligonucleotides in a large animal model.,neurological/neurotoxicity,B,Materials and methods > Lateral i.c.v. catheter and reservoir implantation through new anchoring system; paragraph 37,accept,neurological/neurotoxicity/seizure,True,True,A,0.93,pmc_full_text,True,"Animals that received high doses of the test oligonucleotide (i.e., four times the baseline dose) showed EEG abnormalities, with sharp spikes and waves consistent with seizures (Figure 4B), followed by tonic-clonic movements (Figure 4C).",Full-text sheep ICV oligonucleotide administration produced directly observed EEG and behavioral seizure toxicity at high dose.,codex_gpt-5.5_manual_agent,accept,ni_jie,A,
160,toxicity_endpoint,159,PMO candidate from PMID 37538053,37538053,PMC10393622,10.1016/j.omtn.2023.06.022,The endosomal escape vehicle platform enhances delivery of oligonucleotides in preclinical models of neuromuscular disorders.,neurological/neurotoxicity,C,Discussion; paragraph 16,reject,NA,False,True,NA,0.91,pmc_full_text,False,NONE,"Reject: loaded passage provides efficacy/pharmacodynamic results and background statements about PMO low toxicity, but no primary measured toxicity or safety endpoint for the administered EEV-PMO product.",codex_gpt-5.5_manual_agent,reject,ni_jie,C,"Reject: PMID 37538053; Reject: loaded passage provides efficacy/pharmacodynamic results and background statements about PMO low toxicity, but no primary measured toxicity or safety endpoint for the administered EEV-PMO product."
161,toxicity_endpoint,160,wireframe DNA origami NANP,37040258,PMC10189729manuscript-id: NIHMS1894368,10.1021/acsabm.3c00155,Evaluation of Nonmodified Wireframe DNA Origami for Acute Toxicity and Biodistribution in Mice.,hepatic/hepatotoxicity,C,Abstract; paragraph 1,accept,hepatic/renal/systemic/immunotoxicity,True,True,A,0.94,pmc_full_text,True,"We assayed liver and kidney biochemistry after administration of PB84 and observed no phenotype for the following biomarkers for toxicity: alkaline phosphatase, aspartate aminotransferase, alanine aminotransferase, blood urea nitrogen, creatinine, total serum protein, albumin, globulin, glucose, and bilirubin (Figure 2c).",Full-text DNA NANP study measured liver/kidney biochemistry after PB84 administration and found no toxicity phenotype.,codex_gpt-5.5_manual_agent,accept,ni_jie,A,
162,toxicity_endpoint,161,wireframe DNA origami NANP,36909507,PMC10002694,10.1101/2023.02.25.530026,Evaluation of non-modified wireframe DNA origami for acute toxicity and biodistribution in mice.,hepatic/hepatotoxicity,C,Abstract; paragraph 1,accept,hepatic/renal/systemic/immunotoxicity,True,True,A,0.94,pmc_full_text,True,"We assayed liver and kidney biochemistry after administration of PB84 and observed no phenotype for the following biomarkers for toxicity: alkaline phosphatase, aspartate aminotransferase, alanine aminotransferase, blood urea nitrogen, creatinine, total serum protein, albumin, globulin, glucose, and bilirubin (Figure 2.C).",Full-text DNA NANP study measured liver/kidney biochemistry after PB84 administration and found no toxicity phenotype.,codex_gpt-5.5_manual_agent,accept,ni_jie,A,
163,toxicity_endpoint,162,unspecified siRNA,37110552,PMC10144622,10.3390/molecules28083318,A Straightforward Method for the Development of Positively Charged Gold Nanoparticle-Based Vectors for Effective siRNA Delivery.,general safety/cell viability/cytotoxicity,A,2. Results > 2.5. Cell Viability; paragraph 14,accept,cell viability/cytotoxicity,True,True,C,0.80,pmc_full_text,True,Neither CPP-AuNPs nor siRNA/CPP-AuNPs samples showed elevated cytotoxicity.,"Full-text siRNA gold-nanoparticle delivery study measured cell viability/cytotoxicity, but the siRNA is generic delivery-platform cargo.",codex_gpt-5.5_manual_agent,accept,ni_jie,C,
164,toxicity_endpoint,163,unspecified antisense oligonucleotide,35213032,PMC9703292,10.1007/978-1-0716-2010-6_26,Preclinical Evaluation of the Renal Toxicity of Oligonucleotide Therapeutics in Mice.,hepatic/hepatotoxicity,B,Abstract; paragraph 1,reject,renal toxicity,True,True,NA,0.95,pmc_full_text,False,NONE,Reject: loaded passage is a methods/chapter-style description of renal-toxicity assessment and lacks a primary observed/administered/measured ASO toxicity result.,codex_gpt-5.5_manual_agent,reject,ni_jie,C,Reject: PMID 35213032; Reject: loaded passage is a methods/chapter-style description of renal-toxicity assessment and lacks a primary observed/administered/measured ASO toxicity result.
165,toxicity_endpoint,164,SLN360,35737426,PMC9516055,10.1093/toxsci/kfac067,"Preclinical Toxicological Assessment of A Novel siRNA, SLN360, Targeting Elevated Lipoprotein (a) in Cardiovascular Disease.",hepatic/hepatotoxicity,B,DISCUSSION; paragraph 52,accept,preclinical toxicology/hepatic-renal safety,True,True,A,0.97,pmc_full_text,True,"In rat and nonhuman primate 29-day toxicology studies, SLN360 was well tolerated at all doses.",Full-text SLN360 preclinical toxicology directly reports repeated-dose rat and NHP safety findings.,codex_gpt-5.5_manual_agent,accept,ni_jie,A,
166,toxicity_endpoint,165,unspecified siRNA,36191773,PMC10695009manuscript-id: NIHMS1944143,10.1016/j.actbio.2022.09.065,Development of amino acid-modified biodegradable lipid nanoparticles for siRNA delivery.,hepatic/hepatotoxicity,A,"Results and discussion > Characterization of LHHK LNPs for morphology, toxicity, serum stability, and hemolytic assay; paragraph 33",accept,cell viability/cytotoxicity/hemolysis,True,True,C,0.82,pmc_full_text,True,"The cytotoxicity of LHHK LNPs increased with the higher dose, however higher doses of LHHK LNPs were less cytotoxic compared to Lipofectamine-2000 at some extent (Fig. 5B).","Full-text LHHK siRNA LNP study measured cytotoxicity and hemolysis, but evidence is generic cancer-delivery carrier safety rather than a named therapeutic oligo.",codex_gpt-5.5_manual_agent,accept,ni_jie,C,
167,toxicity_endpoint,166,inotersen,35908242,PMC9618524,10.1007/s00415-022-11276-8,Long-term efficacy and safety of inotersen for hereditary transthyretin amyloidosis: NEURO-TTR open-label extension 3-year update.,hepatic/hepatotoxicity,A,Results > Safety and tolerability; paragraph 28,accept,clinical safety/platelet and renal monitoring,True,True,A,0.96,pmc_full_text,True,"With a maximum exposure of 6.2 years, inotersen was not associated with any additional safety concerns or increased toxicity in the OLE study.","Long-term inotersen OLE full text reports clinical safety, toxicity, platelet, and renal monitoring outcomes.",codex_gpt-5.5_manual_agent,accept,ni_jie,A,
168,toxicity_endpoint,167,HeyA8; seed13; GL261,35332222,PMC8948288,10.1038/s41598-022-09051-w,Identification of the toxic 6mer seed consensus for human cancer cells.,hepatic/hepatotoxicity,A,Results and discussion > The most toxic 6mer seeds differ slightly between human and mouse; paragraph 6,reject,NA,False,False,NA,0.96,pmc_full_text,False,NONE,"Reject: passage concerns toxic 6mer seed cancer-cell killing/DISE efficacy screens, which the toxicity contract excludes as cancer-cell-killing cytotoxicity efficacy rather than therapeutic safety.",codex_gpt-5.5_manual_agent,reject,ni_jie,C,"Reject: PMID 35332222; Reject: passage concerns toxic 6mer seed cancer-cell killing/DISE efficacy screens, which the toxicity contract excludes as cancer-cell-killing cytotoxicity efficacy rather than therapeutic safety."
169,toxicity_endpoint,168,RAW264; cck8,36064365,PMC9446571,10.1186/s12951-022-01603-6,Hydrogel-metal-organic-framework hybrids mediated efficient oral delivery of siRNA for the treatment of ulcerative colitis.,hepatic/hepatotoxicity,A,Results and discussion > In vitro inhibition of siTNFα; paragraph 21,accept,cell viability/cytotoxicity,True,True,A,0.92,pmc_full_text,True,Results in Fig. 4a demonstrated that there was no cytotoxicity for different particles.,Full-text siTNF-alpha oral delivery study measured RAW264.7 cell viability after treatment with siRNA formulations.,codex_gpt-5.5_manual_agent,accept,ni_jie,A,
170,toxicity_endpoint,169,SKOV3,34382360,PMC11468224,10.1002/adhm.202101202,Functional siRNA Delivery by Extracellular Vesicle-Liposome Hybrid Nanoparticles.,hepatic/hepatotoxicity,B,Discussion; paragraph 36,accept,cell viability/cytotoxicity,True,True,C,0.78,pmc_full_text,True,"In SKOV3 cells, liposomes showed a dose‐dependent decrease in cell viability whereas this effect was not observed for hybrids (1:100 and 1:50) indicating increased biocompatibility of hybrids as compared to liposomes.","Full-text EV-liposome siRNA delivery study measured nanoparticle toxicity by cell viability, but it is generic carrier-level evidence.",codex_gpt-5.5_manual_agent,accept,ni_jie,C,
171,toxicity_endpoint,170,HER2,36015328,PMC9416266,10.3390/pharmaceutics14081698,Efficient Delivery of DNA Using Lipid Nanoparticles.,hepatic/hepatotoxicity,B,Abstract; paragraph 1,reject,cell viability/cytotoxicity,True,False,NA,0.93,pmc_full_text,False,NONE,"Reject: loaded passage evaluates plasmid DNA vaccine LNP delivery and in-vitro LNP cytotoxicity, not an in-scope therapeutic oligonucleotide safety result.",codex_gpt-5.5_manual_agent,reject,ni_jie,C,"Reject: PMID 36015328; Reject: loaded passage evaluates plasmid DNA vaccine LNP delivery and in-vitro LNP cytotoxicity, not an in-scope therapeutic oligonucleotide safety result."
172,toxicity_endpoint,171,RTR5001,34575518,PMC8470776,10.3390/pharmaceutics13091442,"Safety Testing of an Antisense Oligonucleotide Intended for Pediatric Indications in the Juvenile Göttingen Minipig, including an Evaluation of the Ontogeny of Key Nucleases.",hepatic/hepatotoxicity,B,4. Discussion; paragraph 49,accept,juvenile toxicology/clinical chemistry/tolerability,True,True,A,0.95,pmc_full_text,True,"All animals survived up to the scheduled humane killing, and RTR5001 was clinically well-tolerated at 20 mg/kg/dose.","Full-text juvenile minipig ASO repeat-dose toxicology reports survival, tolerability, clinical pathology, liver enzyme, and complement findings.",codex_gpt-5.5_manual_agent,accept,ni_jie,A,
173,toxicity_endpoint,172,casimersen,34105177,PMC9290993,10.1002/mus.27347,"Safety, tolerability, and pharmacokinetics of casimersen in patients with Duchenne muscular dystrophy amenable to exon 45 skipping: A randomized, double-blind, placebo-controlled, dose-titration trial.",hepatic/hepatotoxicity,B,DISCUSSION; paragraph 40,accept,clinical safety/tolerability/adverse events,True,True,A,0.96,pmc_full_text,True,"There were no deaths, dose reductions, abnormalities in laboratory parameters or vital signs, or casimersen‐related serious AEs.","Clinical casimersen trial directly reports adverse events, deaths, dose changes, laboratory/vital-sign abnormalities, and serious AEs.",codex_gpt-5.5_manual_agent,accept,ni_jie,A,
174,toxicity_endpoint,173,HepG2; LO2,34042551,PMC8168781,10.1080/10717544.2021.1928794,cRGD peptide-conjugated polyethylenimine-based lipid nanoparticle for intracellular delivery of siRNA in hepatocarcinoma therapy.,hepatic/hepatotoxicity,A,Results > Cytotoxicity tests; paragraph 28,accept,in vivo organ histology/hepatic-renal safety,True,True,A,0.94,pmc_full_text,True,"There were no obvious histological differences between the major organs including heart, liver, spleen, lungs, and kidney of cRGD-NP/S, cRGD-PSH-NP/S, and saline-treated mice (Figure 8).",Full-text survivin siRNA nanoparticle study measured major-organ histology after repeated treatment in mice.,codex_gpt-5.5_manual_agent,accept,ni_jie,A,
175,toxicity_endpoint,174,Nusinersen,33899154,PMC8563549,10.1007/s00415-021-10569-8,Nusinersen treatment in adult patients with spinal muscular atrophy: a safety analysis of laboratory parameters.,hepatic/hepatotoxicity,B,Discussion; paragraph 36,accept,hepatic/renal/platelet laboratory safety,True,True,A,0.95,pmc_full_text,True,Analysis of mean liver enzyme levels revealed no relevant changes during treatment.,"Adult nusinersen safety analysis measured laboratory liver enzymes, platelets, coagulation, inflammation, and renal markers across 404 injections.",codex_gpt-5.5_manual_agent,accept,ni_jie,A,
176,toxicity_endpoint,175,Foxp3,33801683,PMC8037512,10.3390/ijms22073470,Foxp3 Silencing with Antisense Oligonucleotide Improves Immunogenicity of an Adjuvanted Recombinant Vaccine against Sporothrix schenckii.,hepatic/hepatotoxicity,B,Abstract; paragraph 1,accept,cytotoxicity/cell viability,True,True,A,0.93,pmc_full_text,True,accounted for more than 90%,Full-text results report low direct cytotoxicity of anti-Foxp3 ASO/scrambled ASO combinations in treated cells.,codex_gpt-5.5_manual_agent,accept,ni_jie,A,
177,toxicity_endpoint,176,Revusiran,31821125,PMC6987735,10.1089/nat.2019.0796,"Nonclinical Safety Profile of Revusiran, a 1st-Generation GalNAc-siRNA Conjugate for Treatment of Hereditary Transthyretin-Mediated Amyloidosis.",hepatic/hepatotoxicity,B,Abstract; paragraph 1,accept,hepatic/hepatotoxicity,True,True,A,0.97,pmc_full_text,True,The no observed adverse effect level (NOAEL) in rats was 30 mg/kg based on reversible microscopic changes in liver,Full-text nonclinical safety study directly links revusiran administration to liver microscopic findings and NOAEL.,codex_gpt-5.5_manual_agent,accept,ni_jie,A,
178,toxicity_endpoint,177,Stk25,30576769,PMC6411916,10.1016/j.jcmgh.2018.12.004,Targeted Delivery of Stk25 Antisense Oligonucleotides to Hepatocytes Protects Mice Against Nonalcoholic Fatty Liver Disease.,hepatic/hepatotoxicity,B,Discussion; paragraph 23,accept,hepatic/renal safety; systemic tolerability,True,True,A,0.92,pmc_full_text,True,remained within normal reference values in mice treated with GalNAc-Stk25 ASO,Full-text results report body/organ weights and chemistry safety parameters after GalNAc-Stk25 ASO treatment.,codex_gpt-5.5_manual_agent,accept,ni_jie,A,
179,toxicity_endpoint,178,Huh7; MCF7; nanoparticles43,31676815,PMC6825139,10.1038/s41598-019-52142-4,Therapeutic potential of functionalized siRNA nanoparticles on regression of liver cancer in experimental mice.,hepatic/hepatotoxicity,B,Discussion; paragraph 27,accept,hepatic/renal safety,True,True,A,0.94,pmc_full_text,True,induced neither hepatic nor renal toxicities,Full-text toxicity section reports serum renal and hepatic parameters for the siRNA nanoparticle formulations in healthy mice.,codex_gpt-5.5_manual_agent,accept,ni_jie,A,
180,toxicity_endpoint,179,unspecified antisense oligonucleotide,29390093,PMC5861398,10.1093/nar/gky060,Acute hepatotoxicity of 2' fluoro-modified 5-10-5 gapmer phosphorothioate oligonucleotides in mice correlates with intracellular protein binding and the loss of DBHS proteins.,hepatic/hepatotoxicity,B,DISCUSSION; paragraph 39,accept,hepatic/hepatotoxicity,True,True,A,0.97,pmc_full_text,True,Significant elevations in ALT (717 U/L) and AST (853 U/L) were observed,Full-text in vivo mouse results directly measure transaminase hepatotoxicity after 2-prime-F gapmer PS-ASO administration.,codex_gpt-5.5_manual_agent,accept,ni_jie,A,
181,toxicity_endpoint,180,radavirsen,28929521,PMC5736848,10.1111/bcp.13405,"Safety, tolerability, and pharmacokinetics of radavirsen (AVI-7100), an antisense oligonucleotide targeting influenza a M1/M2 translation.",hepatic/hepatotoxicity,A,Abstract > Results; paragraph 3,accept,adverse events/tolerability,True,True,B,0.90,pmc_full_text,True,"At least one adverse event occurred in 31/42 (74%) who received radavirsen, and 13/14 (93%) receiving placebo.",Abstract-level clinical safety result reports adverse events after radavirsen dosing; evidence is acceptable but abstract-only.,codex_gpt-5.5_manual_agent,accept,ni_jie,B,
182,toxicity_endpoint,181,unspecified antisense oligonucleotide,29858054,PMC5992344,10.1016/j.omtn.2018.02.004,Saponins as Natural Adjuvant for Antisense Morpholino Oligonucleotides Delivery In Vitro and in mdx Mice.,hepatic/hepatotoxicity,A,Results and Discussion > Cytotoxicity; paragraph 5,accept,cytotoxicity/systemic tolerability,True,True,A,0.91,pmc_full_text,True,No signs of abnormal behavior or change in body weight and overall condition were observed during treatment with any saponin/PMO polyplexes,Full-text results link saponin/PMO delivery complexes to in vivo tolerability and lack of overt toxicity.,codex_gpt-5.5_manual_agent,accept,ni_jie,A,
183,toxicity_endpoint,182,RTR3649; RTR5001; RTR4955,28123102,PMC5414856,10.1093/toxsci/kfx025,From the Cover: The Minipig is a Suitable Non-Rodent Model in the Safety Assessment of Single Stranded Oligonucleotides.,hepatic/hepatotoxicity,B,DISCUSSION; paragraph 65,accept,hepatic/renal/coagulation toxicity,True,True,A,0.96,pmc_full_text,True,"In the liver, minimal single cell necrosis was observed in 1 of 3 minipigs dosed at 20 mg/kg","Full-text minipig safety study reports organ pathology after LNA SSO dosing, including liver necrosis and renal lesions.",codex_gpt-5.5_manual_agent,accept,ni_jie,A,
184,toxicity_endpoint,183,unspecified antisense oligonucleotide,28633548,PMC8241187,10.1080/10717544.2017.1337827,Polyquaternium-mediated delivery of morpholino oligonucleotides for exon-skipping in vitro and in mdx mice.,hepatic/hepatotoxicity,B,Abstract; paragraph 1,accept,cytotoxicity/systemic tolerability,True,True,A,0.91,pmc_full_text,True,No signs of abnormal behavior or change in body weight and overall condition were observed during systemic treatment with PQ-formulated PMO,Full-text PMO delivery study reports systemic tolerability and lack of overt in vivo toxicity for PQ-formulated PMO.,codex_gpt-5.5_manual_agent,accept,ni_jie,A,
185,toxicity_endpoint,184,TLR3; TLR7; TLR8,26444021,PMC5058343manuscript-id: NIHMS820714,10.3233/JHD-150163,Safety of Striatal Infusion of siRNA in a Transgenic Huntington's Disease Mouse Model.,hepatic/hepatotoxicity,B,Discussion; paragraph 33,accept,immune activation/neurotoxicity,True,True,A,0.94,pmc_full_text,True,siRNA infusion did not change the number of DARPP32-positive neurons.,"Full-text brain infusion safety study directly measures microglial activation, cytokines, and neuronal toxicity after siRNA infusion.",codex_gpt-5.5_manual_agent,accept,ni_jie,A,
186,toxicity_endpoint,185,hDysE50,26366082,PMC4562748,10.2147/IJN.S89910,Cationic polyelectrolyte-mediated delivery of antisense morpholino oligonucleotides for exon-skipping in vitro and in mdx mice.,hepatic/hepatotoxicity,A,Results and discussion > PMO delivery in C2C12 myoblast cell lines expressing GFP/hDysE50; paragraph 17,accept,cytotoxicity/cell viability,True,True,A,0.91,pmc_full_text,True,showed cell viability over 75%,Full-text PMO delivery study reports measured cell viability/cytotoxicity for cationic polyelectrolyte PMO formulations.,codex_gpt-5.5_manual_agent,accept,ni_jie,A,
187,toxicity_endpoint,186,drisapersen,24321374,PMC4145871manuscript-id: NIHMS592631,10.1016/j.nmd.2013.09.004,Pharmacokinetics and safety of single doses of drisapersen in non-ambulant subjects with Duchenne muscular dystrophy: results of a double-blind randomized clinical trial.,hepatic/hepatotoxicity,A,3. Results > 3.2. Safety results; paragraph 15,accept,adverse events/hepatic renal coagulation safety,True,True,A,0.97,pmc_full_text,True,"No hepatic toxicity, thrombocytopenia, or coagulation abnormalities were reported.","Full-text clinical trial safety results report adverse events and hepatic, renal, platelet, inflammatory, and coagulation monitoring after drisapersen.",codex_gpt-5.5_manual_agent,accept,ni_jie,A,
188,toxicity_endpoint,187,unspecified antisense oligonucleotide,24405395,PMC4028087,10.1089/hum.2013.156,Evaluation of Tris[2-(acryloyloxy)ethyl]isocyanurate cross-linked polyethylenimine as antisense morpholino oligomer delivery vehicle in cell culture and dystrophic mdx mice.,hepatic/hepatotoxicity,B,Abstract; paragraph 1,accept,cytotoxicity/tolerability,True,True,B,0.72,pmc_full_text,True,Improved transfection efficiency and lower toxicity indicate the potential of the biodegradable PEA polymers as safe and efficient PMO delivery vectors,"Only abstract-level toxicity wording is available, but it reports lower toxicity of PEA PMO delivery vectors from the primary study.",codex_gpt-5.5_manual_agent,accept,ni_jie,B,
189,toxicity_endpoint,188,unspecified antisense oligonucleotide,23876758,PMC3810404manuscript-id: NIHMS502785,10.1016/j.biomaterials.2013.06.066,Albumin-based nanoconjugates for targeted delivery of therapeutic oligonucleotides.,hepatic/hepatotoxicity,C,Discussion; paragraph 38,accept,cytotoxicity/cell viability,True,True,A,0.92,pmc_full_text,True,the viability of the cells treated with up to 800 nM equivalent oligonucleotides in nanoconjugates were over 90% of the control cells,Full-text Results report Alamar Blue cell viability after PMO-albumin nanoconjugate exposure.,codex_gpt-5.5_manual_agent,accept,ni_jie,A,
190,toxicity_endpoint,189,Inclisiran,39064553,PMC11278919,10.3390/medicina60071124,"Efficacy of Alirocumab, Evolocumab, and Inclisiran in Patients with Hypercholesterolemia at Increased Cardiovascular Risk.",hepatic/hepatotoxicity,B,4. Discussion; paragraph 28,accept,clinical safety labs/adverse events,True,True,A,0.81,pmc_full_text,True,"No significant increases in the levels of alanine transaminase, creatinine, or creatine kinase were observed at either follow-up point.",Full-text retrospective clinical results include inclisiran among treated groups and report measured safety laboratory outcomes.,codex_gpt-5.5_manual_agent,accept,ni_jie,B,Grade adjusted A->B: PMID 39064553; pmc_full_text evidence was direct but less than full primary-detail confidence for hepatic/hepatotoxicity.
191,toxicity_endpoint,190,fomivirsen; mipomersen; nusinersen,35221289,PMC11022857,10.1124/dmd.121.000418,Adverse Drug Reactions and Toxicity of the Food and Drug Administration-Approved Antisense Oligonucleotide Drugs.,hepatic/hepatotoxicity,B,Abstract; paragraph 1,reject,none,True,True,NA,0.99,pmc_full_text,False,NONE,"Reject: passage is a secondary review of ASO ADRs/toxicity, not a primary observed/administered/measured safety result.",codex_gpt-5.5_manual_agent,reject,ni_jie,C,"Reject: PMID 35221289; Reject: passage is a secondary review of ASO ADRs/toxicity, not a primary observed/administered/measured safety result."
192,toxicity_endpoint,191,unspecified oligonucleotide,34788571,PMC8817703,10.1089/nat.2021.0043,"Long-Term Safety and Efficacy Data of Golodirsen in Ambulatory Patients with Duchenne Muscular Dystrophy Amenable to Exon 53 Skipping: A First-in-human, Multicenter, Two-Part, Open-Label, Phase 1/2 Trial.",renal/renal safety,A,Results > Safety; paragraph 23,accept,renal safety/adverse events,True,True,A,0.96,pmc_full_text,True,There was no evidence of serious kidney toxicity.,Full-text long-term golodirsen clinical trial reports renal adverse events and kidney toxicity monitoring after administered PMO.,codex_gpt-5.5_manual_agent,accept,ni_jie,A,
193,toxicity_endpoint,192,MKK4,41970250,PMC13067123,10.1016/j.mtbio.2026.103059,Dual targeted gene delivery strategy mediated by GalNAc-modified lipid nanoparticles enhances liver regeneration through specific knockdown of MKK4.,hepatic/hepatotoxicity,B,Discussion; paragraph 52,accept,hemolysis/cytotoxicity,True,True,A,0.93,pmc_full_text,True,both LNP-siMKK4 and GalNAc-LNP-siMKK4 induced less than 5% of hemolysis rate,Full-text formulation characterization reports hemolysis and low cytotoxicity for GalNAc-LNP-siMKK4.,codex_gpt-5.5_manual_agent,accept,ni_jie,A,
194,toxicity_endpoint,193,MC3-based,41907143,PMC13021479,10.3389/fmolb.2026.1785592,Efficiency and safety of five different agents for in vivo delivery of novel bioengineered RNAi molecules.,hepatic/hepatotoxicity,A,Results > Tolerability and safety profiles; paragraph 24,accept,hepatic/renal toxicity; cytokine response; body weight,True,True,A,0.97,pmc_full_text,True,MC3-based LNP-BioRNA treatment led to an 8% decrease in body weights and obvious hepatosplenomegaly,"Full-text mouse delivery comparison directly reports body weight, organ, liver/kidney biomarkers, and cytokine toxicity after BioRNA/siRNA formulation dosing.",codex_gpt-5.5_manual_agent,accept,ni_jie,A,
195,toxicity_endpoint,194,unspecified antisense oligonucleotide,42182416,PMC13192708,10.64898/2026.05.09.723525,Sequence-Defined Digital Bottlebrush Polymers for Programmable Oligonucleotide Delivery.,hepatic/hepatotoxicity,B,Abstract; paragraph 1,reject,none,False,True,NA,0.97,pmc_full_text,False,NONE,"Reject: passage supports ASO delivery/efficacy and biodistribution but provides no primary toxicity, safety, or tolerability result.",codex_gpt-5.5_manual_agent,reject,ni_jie,C,"Reject: PMID 42182416; Reject: passage supports ASO delivery/efficacy and biodistribution but provides no primary toxicity, safety, or tolerability result."
196,toxicity_endpoint,195,unspecified antisense oligonucleotide,41810474,PMC12925264,10.1016/j.ajps.2026.101128,Freezing shock monocytes deliver antisense oligonucleotides via liposomes for the treatment of idiopathic pulmonary fibrosis.,hepatic/hepatotoxicity,A,Results and discussion > In vitro anti-fibrotic effect validation of ASO and characterization of ZMO-E5-NPs-ASO properties; paragraph 38,accept,cytotoxicity/cell viability,True,True,A,0.94,pmc_full_text,True,did not show significant cytotoxicity,Full-text ASO validation reports measured cytotoxicity for LNA-CTGF ASO in the tested concentration range.,codex_gpt-5.5_manual_agent,accept,ni_jie,A,
197,toxicity_endpoint,196,Gb3S; MC3-containing; Gb3,42170556,PMC13187621,10.1016/j.ijpx.2026.100555,Nanomedicines for DNA and interference RNA co-delivery: Combined gene therapy for Fabry disease.,hepatic/hepatotoxicity,B,Conclusions; paragraph 92,reject,other,False,True,NA,0.78,pmc_full_text,False,NONE,"ungrounded: proposed viability result quote is not a verbatim span in the loaded passage; available text only states methods/safety summary, insufficient for accepted primary toxicity endpoint",codex_gpt-5.5_manual_agent+main_grounding_repair,accept,ni_jie,C,"Accept C as borderline: PMID 42170556; curator counted hepatic/hepatotoxicity for Gb3S; MC3-containing; Gb3 despite v2 exclusion. Low-confidence override; v2 note was: ungrounded: proposed viability result quote is not a verbatim span in the loaded passage; available text only states methods/safety summary, insufficient for accepted pr?"
198,toxicity_endpoint,197,SLC15A2,41977470,PMC13072949,10.3390/ijms27073291,Multi-Omics and Functional Validation Identify a Quercetin-SLC15A2 Axis That Mediates the Anti-Fibrotic Effect of Shen-Kang Recipe in Diabetic Kidney Disease.,renal/renal safety,B,Abstract; paragraph 1,reject,none,False,False,NA,0.99,pmc_full_text,False,NONE,"Reject: SKR/quercetin is a traditional medicine/small-molecule study and SLC15A2 siRNA is used only as a mechanistic knockdown tool, not therapeutic oligo safety.",codex_gpt-5.5_manual_agent,reject,ni_jie,C,"Reject: PMID 41977470; Reject: SKR/quercetin is a traditional medicine/small-molecule study and SLC15A2 siRNA is used only as a mechanistic knockdown tool, not therapeutic oligo safety."
199,toxicity_endpoint,198,FN1,41732388,PMC12925212,10.1016/j.mtbio.2026.102877,Targeting FN1 to overcome gemcitabine resistance in gallbladder cancer: Mechanistic insights and an iRGD-modified PEG-PLGA nanoparticle delivery strategy.,hepatic/hepatotoxicity,B,Discussion; paragraph 44,accept,hepatic/renal safety,True,True,A,0.92,pmc_full_text,True,Serum biochemistry further showed no significant hepatic or renal toxicity in treated mice,Full-text nanoparticle si-FN1 delivery study reports biosafety with organ histology and serum chemistry after intravenous administration.,codex_gpt-5.5_manual_agent,accept,ni_jie,A,
200,toxicity_endpoint,199,SIRT1,41521235,PMC12877090,10.1038/s41598-026-35061-z,Shen-Shuai-II-Recipe inhibits aerobic glycolysis through SIRT1 in 5/6 ablation/infarction renal failure model.,renal/renal safety,B,Abstract; paragraph 1,reject,none,False,False,NA,0.99,pmc_full_text,False,NONE,"Reject: SSR is a traditional medicine study and SIRT1 siRNA is a lab knockdown tool for mechanism, not a therapeutic oligonucleotide safety result.",codex_gpt-5.5_manual_agent,reject,ni_jie,C,"Reject: PMID 41521235; Reject: SSR is a traditional medicine study and SIRT1 siRNA is a lab knockdown tool for mechanism, not a therapeutic oligonucleotide safety result."
201,toxicity_endpoint,200,siPAX2; siPAX8; WT9,41501598,PMC13158232,10.1093/hmg/ddaf205,PAX gene expression in autosomal dominant polycystic kidney disease contributes to cyst expansion and regulates a gene network associated with cyst growth.,renal/renal safety,A,Results > Distinct and shared gene expression changes occur following PAX2 and PAX8 knockdowns; Figure 5 caption,reject,NA,False,False,NA,0.95,pmc_full_text,False,NONE,Reject: PAX2/PAX8 siRNAs are used as in vitro knockdown tools in ADPKD mechanism/spheroid assays; no administered therapeutic oligo safety or toxicity endpoint is reported.,codex_gpt-5.5_manual_agent,reject,ni_jie,C,Reject: PMID 41501598; Reject: PAX2/PAX8 siRNAs are used as in vitro knockdown tools in ADPKD mechanism/spheroid assays; no administered therapeutic oligo safety or toxicity endpoint is reported.
202,toxicity_endpoint,201,si097-DV29PG5; si061-DV27PG5,40385635,PMC12083919,10.1016/j.omtn.2025.102542,"Design, pharmacology, and toxicology of a novel chemically modified siRNA targeting hepatic angiotensinogen.",hepatic/hepatotoxicity,B,Discussion; paragraph 30,accept,hepatic/renal histopathology and clinical chemistry,True,True,A,0.95,pmc_full_text,True,"si097s-DV29PG5, si098-DV29PG5, and Zilebesiran had no effect on blood ALT, AST, or urea levels",Full-text rat toxicology directly evaluates candidate GalNAc-siRNAs with ALT/AST/urea and liver/kidney histopathology.,codex_gpt-5.5_manual_agent,accept,ni_jie,A,
203,toxicity_endpoint,202,unspecified siRNA,39861693,PMC11769357,10.3390/pharmaceutics17010045,Innovative Lipid Nanoparticles Co-Delivering Hydroxychloroquine and siRNA for Enhanced Rheumatoid Arthritis Therapy.,hepatic/hepatotoxicity,A,3. Results and Discussion > 3.2. Cytotoxicity of LNP-siN.C./siTNF-α and LNP-siN.C./siTNF-α-HCQ; paragraph 26,accept,hematology/hepatic/renal safety,True,True,A,0.93,pmc_full_text,True,blood biochemical analysis and H&E staining results showed that LNP-siTNF-α-HCQ did not damage blood cells and reduce liver and kidney functions,"Full-text in vivo safety endpoints link the siTNF-alpha/HCQ LNP treatment to blood, liver, and kidney safety.",codex_gpt-5.5_manual_agent,accept,ni_jie,A,
204,toxicity_endpoint,203,AS456; IC50; TRL7,41373822,PMC12692593,10.3390/ijms262311675,Respiratory Delivery of Highly Conserved Antiviral siRNAs Suppress SARS-CoV-2 Infection.,hepatic/hepatotoxicity,B,3. Discussion; paragraph 24,accept,immunotoxicity/innate immune activation,True,True,A,0.90,pmc_full_text,True,"siRNA 30 induced elevated expression of multiple ISGs, including IFIT1, OAS1, and ISG20","Full-text results directly measure siRNA-associated interferon-stimulated gene induction and immune-cell infiltration, a safety-relevant innate immune activation endpoint.",codex_gpt-5.5_manual_agent,accept,ni_jie,A,
205,toxicity_endpoint,204,RAW264; HepG2,40654340,PMC12254858,10.1016/j.apsb.2025.04.003,"Self-degradable ""gemini-like"" ionizable lipid-mediated delivery of siRNA for subcellular-specific gene therapy of hepatic diseases.",hepatic/hepatotoxicity,A,Results and discussion > Cell viability; paragraph 39,accept,cell viability/cytotoxicity and biosafety,True,True,A,0.94,pmc_full_text,True,both unmodified and modified-mannose MA/DC/MH_LNPs maintained cell viability close to 100% across the tested concentration range,Full-text MTT assay links the siRNA LNP delivery platform to cell viability/biosafety in RAW264.7 and HepG2 cells.,codex_gpt-5.5_manual_agent,accept,ni_jie,A,
206,toxicity_endpoint,205,unspecified siRNA,40418189,PMC12167845embargo-date: 2026/06/05,10.1089/nat.2024.0077,Systematic Evaluation of Position-Specific Tolerability of Seven Backbone and Ribose Modifications in Fully Chemically Stabilized siRNAs.,general safety/safety/tolerability,B,Abstract; paragraph 1,reject,NA,False,True,NA,0.90,pmc_full_text,False,NONE,"Reject: the passage uses tolerability to mean position-specific chemical modification compatibility/efficacy of siRNA variants, not biological toxicity, safety, or tolerability in cells, animals, or patients.",codex_gpt-5.5_manual_agent,reject,ni_jie,C,"Reject: PMID 40418189; Reject: the passage uses tolerability to mean position-specific chemical modification compatibility/efficacy of siRNA variants, not biological toxicity, safety, or tolerability in cells, animals, or patients."
207,toxicity_endpoint,206,STAT3-targeted,40882634,PMC12404672manuscript-id: NIHMS2102076embargo-date: 2026/08/28,10.1016/j.ccell.2025.07.015,Safety and efficacy of a STAT3-targeted cyclic oligonucleotide: From murine models to a phase 1 clinical trial in pet cats with oral cancer.,immunotoxicity/immune activation,C,Abstract; paragraph 2,accept,general toxicity/immune parameters,True,True,C,0.72,pmc_full_text,True,CS3D has low toxicity and modulation of immune parameters is associated with anti-tumor activity.,"Abstract/summary-level statement links the STAT3 cyclic oligonucleotide CS3D to low toxicity and immune-parameter modulation, but details are weak in the loaded passage.",codex_gpt-5.5_manual_agent,accept,ni_jie,C,
208,toxicity_endpoint,207,Tofersen,40017137,PMC12060635,10.1002/mus.28372,Serious Neurologic Adverse Events in Tofersen Clinical Trials for Amyotrophic Lateral Sclerosis.,neurological/neurotoxicity,B,Discussion; paragraph 30,accept,neurological adverse events/neurotoxicity,True,True,A,0.97,pmc_full_text,True,Ten participants (approximately 7% of tofersen 100‐mg–treated trial participants) experienced a total of 12 serious neurologic AEs,Clinical trial report directly describes serious neurologic adverse events in tofersen-treated participants.,codex_gpt-5.5_manual_agent,accept,ni_jie,A,
209,toxicity_endpoint,208,givosiran,40312531,PMC12045942,10.1038/s41598-025-99526-3,Efficacy and safety of givosiran in Japanese patients with acute hepatic porphyria: clinical findings from an expanded access study.,hepatic/hepatotoxicity,B,Abstract; paragraph 1,accept,treatment-emergent adverse events/hepatic and renal safety,True,True,A,0.96,pmc_full_text,True,All TEAEs were nonserious and mild or moderate in severity.,Full-text expanded-access study directly reports treatment-emergent adverse events after monthly givosiran administration.,codex_gpt-5.5_manual_agent,accept,ni_jie,A,
210,toxicity_endpoint,209,fitusiran,40053895,PMC12824673,10.1182/blood.2024027008,Safety and efficacy of a fitusiran antithrombin-based dose regimen in people with hemophilia A or B: the ATLAS-OLE study.,hepatic/hepatotoxicity,A,Results > Integrated safety analysis: AEs; paragraph 26,accept,general safety/tolerability and thrombotic risk,True,True,A,0.95,pmc_full_text,True,Integrated safety analyses of participants receiving AT-DR (n = 286) demonstrated that AT-DR was well tolerated.,Phase 3 extension/integrated safety analysis directly evaluates fitusiran AT-based dosing safety and tolerability.,codex_gpt-5.5_manual_agent,accept,ni_jie,A,
211,toxicity_endpoint,210,METTL3; Smad3,39869489,PMC11923867,10.1002/advs.202412123,METTL3 Potentiates M2 Macrophage-Driven MMT to Aggravate Renal Allograft Fibrosis via the TGF-β1/Smad3 Pathway.,renal/renal safety,B,Discussion; paragraph 26,reject,NA,False,False,NA,0.94,pmc_full_text,False,NONE,Reject: METTL3/Smad3 work is renal allograft fibrosis mechanism biology; oligonucleotides are not a therapeutic product with measured safety/toxicity.,codex_gpt-5.5_manual_agent,reject,ni_jie,C,Reject: PMID 39869489; Reject: METTL3/Smad3 work is renal allograft fibrosis mechanism biology; oligonucleotides are not a therapeutic product with measured safety/toxicity.
212,toxicity_endpoint,211,unspecified siRNA,40681573,PMC12274417,10.1038/s41598-025-10960-9,Peptide dendrimer and hyaluronic acid modified nanovesicles for ocular delivery of timolol maleate and siRNA.,hepatic/hepatotoxicity,B,Conclusion; paragraph 65,accept,ocular irritation/histopathological safety,True,True,B,0.82,pmc_full_text,True,Safety was confirmed via histopathological and ocular irritation assessments.,"Loaded passage reports safety assessment for a siRNA-loaded ocular nanovesicle platform, but the grounding is abstract-level and not hepatic.",codex_gpt-5.5_manual_agent,accept,ni_jie,B,
213,toxicity_endpoint,212,unspecified siRNA,40616527,PMC12269356,10.1021/acsnano.5c05395,Reprogramming Immunodeficiency in Lung Metastases via PD-L1 siRNA Delivery and Antigen Capture of Nanosponge-Mediated Dendritic Cell Modulation.,hepatic/hepatotoxicity,A,Results and Discussion > In Vivo GFP-pDNA Delivery by TP-SL@PB; paragraph 46,accept,organ histopathology/biocompatibility,True,True,A,0.76,pmc_full_text,True,"No significant damage was observed in the mice treated with TP-SL, TP-SL@PB, or TP-SL@IO compared to the control group injected with PBS","Full-text H&E organ safety supports biocompatibility of the delivery products used for PD-L1 siRNA delivery, although the exact sentence is delivery-platform rather than siRNA-loaded formulation specific.",codex_gpt-5.5_manual_agent,accept,ni_jie,B,Grade adjusted A->B: PMID 40616527; pmc_full_text evidence was direct but less than full primary-detail confidence for hepatic/hepatotoxicity.
214,toxicity_endpoint,213,unspecified siRNA,40582054,PMC12268195,10.1016/j.ultsonch.2025.107446,A novel ultrasound-responsive cluster bomb system for efficient siRNA delivery in brain.,hepatic/hepatotoxicity,A,Results and Discussion > Cell uptake and toxicity of siRNA@NP@ND in vitro; paragraph 12,accept,immune/inflammatory response and hemorrhage safety,True,True,B,0.84,pmc_full_text,True,without causing significant immune or inflammatory responses. The minor intracranial hemorrhage resulting from this process was also shown to be recoverable.,Loaded passage links the ultrasound-responsive siRNA delivery platform to hematological/immune safety and recoverable hemorrhage findings; grounding is abstract-level.,codex_gpt-5.5_manual_agent,accept,ni_jie,B,
215,toxicity_endpoint,214,unspecified siRNA,40524159,PMC12168320,10.1186/s12951-025-03521-9,An immune activator encapsulating PD-L1 siRNA for augmented immune checkpoint blockade immunotherapy through Zn(2+) overload triggered pyroptosis.,hepatic/hepatotoxicity,A,Results and discussion > Anti-metastasis and in vivo biosafety evaluation; paragraph 28,accept,"body weight, hemolysis, serum biochemistry, organ histology",True,True,A,0.96,pmc_full_text,True,there was no significant difference in the serum biochemical indices between the nanoparticles group and Control group,"Full-text in vivo biosafety section directly reports body weight, hemolysis, ALT/AST/BUN/CRE, and organ HE findings for siRNAPD-L1@HA-ZIF-8.",codex_gpt-5.5_manual_agent,accept,ni_jie,A,
216,toxicity_endpoint,215,unspecified siRNA,40364633,PMC12147987,10.1002/adhm.202500107,Engineered Chitosan-Derived Nanocarrier for Efficient siRNA Delivery to Peripheral and Central Neurons.,hepatic/hepatotoxicity,A,Results and Discussion > Enhanced Cellular Uptake And Neurospecificity of Targeted Polyplexes; paragraph 14,accept,biocompatibility/neurophysiology safety,True,True,B,0.83,pmc_full_text,True,"These polyplexes demonstrate suitable physicochemical properties, biocompatibility, and no adverse effects on neuronal electrophysiology.",Loaded passage links PTEN siRNA polyplexes to biocompatibility and no adverse neuronal electrophysiology effects; evidence is mainly abstract-level.,codex_gpt-5.5_manual_agent,accept,ni_jie,B,
217,toxicity_endpoint,216,Trp53; Cy5-labeled; Mcp1,40156015,PMC11954310,10.1186/s12951-025-03338-6,Autologous platelet delivery of siRNAs by autologous plasma protein self-assembled nanoparticles for the treatment of acute kidney injury.,hepatic/hepatotoxicity,A,Results > Platelets deliver TP53 SiRNA into renal tubule cells and protect them from CDDP-induced toxicity > EVs released by platelets transfer TP53 SiRNA into renal tubular cells; paragraph 39,reject,NA,False,True,NA,0.88,pmc_full_text,False,NONE,"Reject: p53 siRNA is evaluated for therapeutic efficacy against AKI/cisplatin or ischemic injury; renal injury improvement is disease/toxin efficacy, not toxicity/safety of the oligo or delivery product.",codex_gpt-5.5_manual_agent,reject,ni_jie,C,"Reject: PMID 40156015; Reject: p53 siRNA is evaluated for therapeutic efficacy against AKI/cisplatin or ischemic injury; renal injury improvement is disease/toxin efficacy, not toxicity/safety of the oligo or delivery product."
218,toxicity_endpoint,217,APP36; Iba1,41323796,PMC12663631,10.1016/j.omtn.2025.102757,SCAD: A modular platform for efficient delivery of duplex RNA to the CNS and beyond.,hepatic/hepatotoxicity,B,Discussion; paragraph 46,accept,systemic toxicity/neurotoxicity/immune stimulation,True,True,A,0.96,pmc_full_text,True,"Laboratory assessments including complete blood count, serum chemistry, and protein levels in the CSF showed no abnormalities","Full-text toxicological evaluation directly assesses SCAD-siRNA tolerability, systemic toxicity, neurotoxicity, histopathology, cytokines, and immune markers.",codex_gpt-5.5_manual_agent,accept,ni_jie,A,
219,toxicity_endpoint,218,Loop3,40464222,PMC12134771,10.1002/jcsm.13831,Novel Aptamers Targeting Sclerostin Loop3 Improve Skeletal and Muscle Properties Without Adverse Cardiovascular Effects in Orchiectomized Mice.,renal/renal safety,C,Discussion; paragraph 48,accept,cardiovascular/internal organ safety,True,True,A,0.95,pmc_full_text,True,"No lesions or pathological changes were observed in the heart, aortic roots, liver, spleen, lungs or kidneys.",Full-text mouse safety assessment directly links sclerostin loop3 aptamers to cardiovascular and internal-organ safety endpoints.,codex_gpt-5.5_manual_agent,accept,ni_jie,A,
220,toxicity_endpoint,219,Cyr61,41445000,PMC12849740,10.1186/s40001-025-03716-8,Serum response factor targets Cyr61 to facilitate chronic progression after ischemic acute kidney injury through renal tubular epithelial-myofibroblast transdifferentiation.,renal/renal safety,A,Abstract > Results; paragraph 3,reject,NA,False,False,NA,0.94,pmc_full_text,False,NONE,Reject: SRF/Cyr61 study uses siRNA as a mechanistic knockdown tool in renal injury progression; no therapeutic oligo safety/toxicity endpoint is measured.,codex_gpt-5.5_manual_agent,reject,ni_jie,C,Reject: PMID 41445000; Reject: SRF/Cyr61 study uses siRNA as a mechanistic knockdown tool in renal injury progression; no therapeutic oligo safety/toxicity endpoint is measured.
221,toxicity_endpoint,220,CD248,41382249,PMC12781830,10.1186/s41065-025-00624-z,"CD248, targeted by veratramine and neobavaisoflavone, mediates pathological changes of renal tubular epithelial cells induced by high glucose.",hepatic/hepatotoxicity,B,Discussion; paragraph 47,reject,NA,False,False,NA,0.94,pmc_full_text,False,NONE,"Reject: CD248 siRNA is a lab knockdown tool and the therapeutic agents are small molecules/natural products; renal injury/cell viability readouts are disease mechanism/efficacy, not oligo safety.",codex_gpt-5.5_manual_agent,reject,ni_jie,C,"Reject: PMID 41382249; Reject: CD248 siRNA is a lab knockdown tool and the therapeutic agents are small molecules/natural products; renal injury/cell viability readouts are disease mechanism/efficacy, not oligo safety."
222,toxicity_endpoint,221,unspecified siRNA,38932395,PMC11209142,10.3390/vaccines12060666,Lipid Nanoparticles Outperform Electroporation in Delivering Therapeutic HPV DNA Vaccines.,hepatic/hepatotoxicity,B,Abstract; paragraph 1,reject,NA,False,False,NA,0.92,pmc_full_text,False,NONE,"Reject: the administered product is a therapeutic HPV DNA vaccine/LNP delivery comparison; siRNA appears only as background to approved LNP platforms, not as the measured therapeutic oligo.",codex_gpt-5.5_manual_agent,reject,ni_jie,C,"Reject: PMID 38932395; Reject: the administered product is a therapeutic HPV DNA vaccine/LNP delivery comparison; siRNA appears only as background to approved LNP platforms, not as the measured therapeutic oligo."
223,toxicity_endpoint,222,Trim21; Trim21-ASOs,39548145,PMC11568174,10.1038/s41598-024-75775-6,Proton pump inhibitors reduce chemotherapeutic hepatotoxicity and enhance hepatic uptake and accumulation of drug-loaded extracellular vesicles.,hepatic/hepatotoxicity,B,Abstract; paragraph 1,reject,NA,False,True,NA,0.86,pmc_full_text,False,NONE,Reject: hepatotoxicity evidence concerns chemotherapy/tumor-EV injury and PPI effects; Trim21-ASOs are evaluated for delivery/anti-inflammatory efficacy in obesity rather than ASO toxicity or safety.,codex_gpt-5.5_manual_agent,reject,ni_jie,C,Reject: PMID 39548145; Reject: hepatotoxicity evidence concerns chemotherapy/tumor-EV injury and PPI effects; Trim21-ASOs are evaluated for delivery/anti-inflammatory efficacy in obesity rather than ASO toxicity or safety.
224,toxicity_endpoint,223,Inclisiran,39459005,PMC11511047,10.3390/ph17101365,Safety of Inclisiran: A Disproportionality Analysis from the EudraVigilance Database.,hepatic/hepatotoxicity,B,3. Discussion > 3.1. Descriptive Analysis; paragraph 18,accept,pharmacovigilance adverse reactions/hepatic enzyme signals,True,True,A,0.92,pmc_full_text,True,"In our study, 3.5% of the inclisiran ICSRs reported an ADR related to changes in liver function parameters","Full-text EudraVigilance pharmacovigilance analysis directly reports inclisiran adverse drug reactions, including liver-function parameter changes.",codex_gpt-5.5_manual_agent,accept,ni_jie,A,
225,toxicity_endpoint,224,THP1-Dual,38344840,PMC10895590,10.1021/acsami.3c17779,Immunostimulation of Fibrous Nucleic Acid Nanoparticles Can be Modulated through Aptamer-Based Functional Moieties: Unveiling the Structure-Activity Relationship and Mechanistic Insights.,hepatic/hepatotoxicity,A,Results and Discussion > cGAS Is Involved in the Immune Recognition of RNA/DNA Fibers; paragraph 26,reject,NA,False,False,NA,0.78,pmc_full_text,False,NONE,Reject: RNA/DNA fiber NANPs are model immunorecognition scaffolds and THP1-Dual is a reporter cell line; the loaded passage does not establish a named therapeutic oligo/product with safety evidence.,codex_gpt-5.5_manual_agent,reject,ni_jie,C,Reject: PMID 38344840; Reject: RNA/DNA fiber NANPs are model immunorecognition scaffolds and THP1-Dual is a reporter cell line; the loaded passage does not establish a named therapeutic oligo/product with safety evidence.
226,toxicity_endpoint,225,unspecified aptamer,39049875,PMC11268108,10.1016/j.omtn.2024.102253,Unbiased plasma profiling using pre-selected RNA aptamer pools predicts mortality in COVID-19 and identifies protein risk factors.,hepatic/hepatotoxicity,C,Materials and methods > Patient samples; paragraph 30,reject,NA,False,False,NA,0.97,pmc_full_text,False,NONE,"Reject: plasma aptamers are used as ex vivo profiling/prognostic reagents for COVID-19 mortality, not as administered therapeutic oligonucleotides with oligo-linked toxicity evidence.",codex_gpt-5.5_manual_agent,reject,ni_jie,C,"Reject: PMID 39049875; Reject: plasma aptamers are used as ex vivo profiling/prognostic reagents for COVID-19 mortality, not as administered therapeutic oligonucleotides with oligo-linked toxicity evidence."
227,toxicity_endpoint,226,Pkd1,38684863,PMC11178866,10.1038/s44321-024-00071-9,Inhibition of asparagine synthetase effectively retards polycystic kidney disease progression.,hepatic/hepatotoxicity,B,Discussion; paragraph 26,reject,NA,False,True,NA,0.91,pmc_full_text,False,NONE,Reject: Asns-ASO findings are disease-efficacy/on-target PKD renal rescue readouts; the passage does not report oligo-linked toxicity or safety evidence.,codex_gpt-5.5_manual_agent,reject,ni_jie,C,Reject: PMID 38684863; Reject: Asns-ASO findings are disease-efficacy/on-target PKD renal rescue readouts; the passage does not report oligo-linked toxicity or safety evidence.
228,toxicity_endpoint,227,HSP47,37654022,PMC10582666,10.1111/cts.13581,"Pharmacokinetics, safety, and tolerability of BMS-986263, a lipid nanoparticle containing HSP47 siRNA, in participants with hepatic impairment.",hepatic/hepatotoxicity,B,DISCUSSION; paragraph 37,accept,clinical safety/tolerability,True,True,A,0.95,pmc_full_text,True,"Adverse events were reported by two of eight, four of eight, and three of eight participants with mild, moderate, or severe HI, respectively; none were reported in the normal‐matched group.",Full-text phase I hepatic-impairment study administered BMS-986263 and reported adverse events and overall tolerability.,codex_gpt-5.5_manual_agent,accept,ni_jie,A,
229,toxicity_endpoint,228,inclisiran,37252442,PMC10209488,10.1016/j.ajpc.2023.100503,"Efficacy and safety of inclisiran in patients with cerebrovascular disease: ORION-9, ORION-10, and ORION-11.",general safety/safety/tolerability,A,Results > Safety outcomes; paragraph 13,accept,clinical adverse events,True,True,A,0.95,pmc_full_text,True,"Treatment-emergent adverse events (TEAEs) and TEAEs at the injection site, mostly mild, were more frequent with inclisiran versus placebo (82.7% vs 70.7% and 3.6% vs 0%, respectively).",Full-text pooled ORION analysis reports treatment-emergent and injection-site adverse events for inclisiran-treated patients.,codex_gpt-5.5_manual_agent,accept,ni_jie,A,
230,toxicity_endpoint,229,PF4,37111598,PMC10143489,10.3390/pharmaceutics15041112,"Platelet Activation by Antisense Oligonucleotides (ASOs) in the Göttingen Minipig, including an Evaluation of Glycoprotein VI (GPVI) and Platelet Factor 4 (PF4) Ontogeny.",renal/renal safety,B,Abstract; paragraph 1,accept,platelet activation/aggregation,True,True,A,0.93,pmc_full_text,True,"PS ASOs bind to platelet collagen receptor GPVI and directly activate minipig platelets in vitro, mirroring the findings in human blood samples.",Full-text ASO safety study directly measures platelet activation and aggregation effects of ASO sequences/modifications.,codex_gpt-5.5_manual_agent,accept,ni_jie,A,
231,toxicity_endpoint,230,lumasiran,35913563,PMC9925547,10.1007/s00467-022-05684-1,Efficacy and safety of lumasiran for infants and young children with primary hyperoxaluria type 1: 12-month analysis of the phase 3 ILLUMINATE-B trial.,hepatic/hepatotoxicity,B,Discussion; paragraph 35,accept,clinical adverse events,True,True,A,0.95,pmc_full_text,True,"The most common lumasiran-related adverse events were mild, transient injection-site reactions (3 patients (17%)).",Full-text pediatric phase 3 lumasiran study reports treatment-related adverse events and safety profile.,codex_gpt-5.5_manual_agent,accept,ni_jie,A,
232,toxicity_endpoint,231,ALKBH5,37056835,PMC10086911,,Depletion of the m(6)A demethylases FTO and ALKBH5 impairs growth and metastatic capacity through EMT phenotype change in clear cell renal cell carcinoma.,renal/renal safety,B,Abstract; paragraph 1,reject,NA,False,False,NA,0.96,pmc_full_text,False,NONE,"Reject: ALKBH5/FTO GapmeR knockdown is a renal cancer cell biology/EMT assay, not a therapeutic oligonucleotide safety result.",codex_gpt-5.5_manual_agent,reject,ni_jie,C,"Reject: PMID 37056835; Reject: ALKBH5/FTO GapmeR knockdown is a renal cancer cell biology/EMT assay, not a therapeutic oligonucleotide safety result."
233,toxicity_endpoint,232,ANGPTL3,37712257,PMC10805521manuscript-id: NIHMS1929019,10.1161/CIRCULATIONAHA.123.065866,ANGPTL3 Deficiency and Risk of Hepatic Steatosis.,hepatic/hepatotoxicity,B,Discussion; paragraph 29,reject,NA,True,False,NA,0.90,pmc_full_text,False,NONE,"Reject: the paper measures hepatic fat in ANGPTL3 loss-of-function participants/Mendelian analyses, not primary administered vupanorsen or other oligo safety outcomes.",codex_gpt-5.5_manual_agent,reject,ni_jie,C,"Reject: PMID 37712257; Reject: the paper measures hepatic fat in ANGPTL3 loss-of-function participants/Mendelian analyses, not primary administered vupanorsen or other oligo safety outcomes."
234,toxicity_endpoint,233,BAY2306001; BAY2976217,34085768,PMC8376138,10.1002/psp4.12663,PK/PD modeling of FXI antisense oligonucleotides to bridge the dose-FXI activity relation from healthy volunteers to end-stage renal disease patients.,hepatic/hepatotoxicity,B,Abstract; paragraph 1,reject,NA,False,True,NA,0.88,pmc_full_text,False,NONE,Reject: the passage is primarily PK/PD modeling and dose-FXI activity bridging; safety statements are background/context rather than a primary toxicity endpoint in this study.,codex_gpt-5.5_manual_agent,reject,ni_jie,C,Reject: PMID 34085768; Reject: the passage is primarily PK/PD modeling and dose-FXI activity bridging; safety statements are background/context rather than a primary toxicity endpoint in this study.
235,toxicity_endpoint,234,unspecified antisense oligonucleotide,33540294,PMC8264460manuscript-id: NIHMS1711667,10.1016/j.thromres.2021.01.006,Antisense oligonucleotides and nucleic acids generate hypersensitive platelets.,hepatic/hepatotoxicity,A,Results > PS- and ME/PS- modified oligonucleotides decrease platelet concentration in vitro; paragraph 29,accept,platelet activation/thrombocytopenia,True,True,A,0.96,pmc_full_text,True,We observed a significant decrease in platelet concentrations following incubation with 16 μM PS- or ME/PS-ASO and an even more significant decrease after platelets were exposed to a higher dose (24 μM) of oligonucleotide (Fig. 3A).,Full-text mechanistic safety study directly exposes human platelets to modified ASOs and measures platelet activation/concentration effects.,codex_gpt-5.5_manual_agent,accept,ni_jie,A,
236,toxicity_endpoint,235,iC3b; CR3-dependent; CR3-DCC,35052426,PMC8775132,10.3390/genes13010086,Complement-Mediated Selective Tumor Cell Lysis Enabled by Bi-Functional RNA Aptamers.,immunotoxicity/immune activation,C,3. Results > 3.5. Reduced Viability of Target Cells; paragraph 49,reject,NA,False,True,NA,0.95,pmc_full_text,False,NONE,"Reject: complement-mediated aptamer tumor-cell lysis is intended anticancer cytotoxicity/efficacy, explicitly excluded from toxicity curation.",codex_gpt-5.5_manual_agent,reject,ni_jie,C,"Reject: PMID 35052426; Reject: complement-mediated aptamer tumor-cell lysis is intended anticancer cytotoxicity/efficacy, explicitly excluded from toxicity curation."
237,toxicity_endpoint,236,unspecified antisense oligonucleotide,32260534,PMC7226018,10.3390/biom10040553,Chitosan Nanocomplexes for the Delivery of ENaC Antisense Oligonucleotides to Airway Epithelial Cells.,hepatic/hepatotoxicity,A,4. Discussion > 4.2. Supplemented Transfection Medium Stabilizes Nanocomplexes but Harms Human Respiratory Epithelial Cells; paragraph 34,accept,cell viability/cytotoxicity,True,True,A,0.92,pmc_full_text,True,"The test showed that CS–ASO nanocomplexes did not have a significant effect on the viability of the cells, while Lipofectamine-containing systems displayed highly significant cytotoxicity (Figure 6).",Full-text ENaC ASO delivery study reports MTT cell-viability/cytotoxicity results for the ASO nanocomplex delivery product.,codex_gpt-5.5_manual_agent,accept,ni_jie,A,
238,toxicity_endpoint,237,revusiran,30820542,PMC6468299,10.1093/nar/gkz140,Safety evaluation of 2'-deoxy-2'-fluoro nucleotides in GalNAc-siRNA conjugates.,hepatic/hepatotoxicity,B,DISCUSSION; paragraph 57,accept,cell viability/mitochondrial safety,True,True,A,0.95,pmc_full_text,True,"Modest effects on cell viability and mitochondrial DNA were observed in vitro in a subset of cell types at high concentrations of 2′-F-nucleosides, typically not attained in vivo.",Full-text GalNAc-siRNA safety evaluation reports cell viability and mitochondrial DNA toxicity testing linked to revusiran/related siRNA chemistry.,codex_gpt-5.5_manual_agent,accept,ni_jie,A,
239,toxicity_endpoint,238,unspecified antisense oligonucleotide,29565739,PMC5899290,10.1089/nat.2017.0705,Intracerebroventricular Administration of a 2'-O-Methyl Phosphorothioate Antisense Oligonucleotide Results in Activation of the Innate Immune System in Mouse Brain.,hepatic/hepatotoxicity,A,Materials and Methods > AON administration; FIG. 1. caption,accept,innate immune activation,True,True,A,0.95,pmc_full_text,True,"A significant upregulation of immune system associated genes was observed in brains of AON treated mice, with the striatum showing largest transcriptional changes.",Full-text mouse ICV AON study administered antisense oligonucleotide and measured immune gene activation and glial activation.,codex_gpt-5.5_manual_agent,accept,ni_jie,A,
240,toxicity_endpoint,239,unspecified antisense oligonucleotide,28145801,PMC5467133,10.1089/nat.2016.0650,The Effects of 2'-O-Methoxyethyl Containing Antisense Oligonucleotides on Platelets in Human Clinical Trials.,hepatic/hepatotoxicity,B,Discussion; paragraph 36,accept,platelet count/function safety,True,True,A,0.96,pmc_full_text,True,This analysis showed that there is no class generic effect on platelet numbers and no incidence of confirmed platelet levels below 50 K/μL in subjects treated with 2′MOE ASOs.,Full-text integrated clinical trial analysis reports platelet count/function safety outcomes in subjects treated with 2-MOE ASOs.,codex_gpt-5.5_manual_agent,accept,ni_jie,A,
241,toxicity_endpoint,240,unspecified antisense oligonucleotide,27357629,PMC5112040,10.1038/mt.2016.136,Integrated Safety Assessment of 2'-O-Methoxyethyl Chimeric Antisense Oligonucleotides in NonHuman Primates and Healthy Human Volunteers.,hepatic/hepatotoxicity,B,Discussion; paragraph 26,accept,integrated liver/kidney/hematology/complement safety,True,True,A,0.96,pmc_full_text,True,"At high doses a number of toxicities were observed in nonhuman primates. However, no class safety effects were identified in healthy human volunteers from this integrated data analysis.",Full-text integrated safety assessment reports laboratory toxicity signals for 2-MOE chimeric ASOs in nonhuman primates and human volunteers.,codex_gpt-5.5_manual_agent,accept,ni_jie,A,
242,toxicity_endpoint,241,unspecified siRNA,27504598,PMC5023396,10.1038/mtna.2016.50,Docosahexaenoic Acid Conjugation Enhances Distribution and Safety of siRNA upon Local Administration in Mouse Brain.,hepatic/hepatotoxicity,B,Discussion; paragraph 21,accept,neural cell death/innate immune activation,True,True,A,0.95,pmc_full_text,True,DHA-hsiRNAs do not induce neural cell death or measurable innate immune activation following administration of concentrations over 20 times above the efficacious dose.,Full-text mouse brain siRNA study directly assesses neural cell death and innate immune activation after local administration.,codex_gpt-5.5_manual_agent,accept,ni_jie,A,
243,toxicity_endpoint,242,unspecified antisense oligonucleotide,23952551,PMC3760025,10.1089/nat.2013.0436,Hepatotoxic potential of therapeutic oligonucleotides can be predicted from their sequence and modification pattern.,hepatic/hepatotoxicity,B,Abstract; paragraph 1,accept,hepatotoxicity/ALT,True,True,A,0.96,pmc_full_text,True,Dose-dependent hepatic changes associated with hepatocyte necrosis and increases in serum alanine-aminotransferase levels have been observed after treatment with certain oligonucleotides.,Full-text therapeutic oligonucleotide safety study analyzes hepatotoxic potential in mice using hepatic necrosis and ALT-related endpoints.,codex_gpt-5.5_manual_agent,accept,ni_jie,A,
244,toxicity_endpoint,243,nusinersen,38361750,PMC10864329,10.1016/j.lanepe.2024.100862,Long-term efficacy and safety of nusinersen in adults with 5q spinal muscular atrophy: a prospective European multinational observational study.,general safety/safety/tolerability,A,Results; paragraph 15,accept,clinical safety/tolerability,True,True,A,0.95,pmc_full_text,True,No new safety signals were identified.,Full-text prospective observational nusinersen study reports long-term safety outcomes in treated adult SMA patients.,codex_gpt-5.5_manual_agent,accept,ni_jie,A,
245,toxicity_endpoint,244,SPC5001,41500580,,10.2131/jts.51.75,Predicting nucleic acid drug-induced nephrotoxicity using a 3D human renal proximal tubule spheroid model.,hepatic/hepatotoxicity,C,PubMed abstract,accept,renal cytotoxicity/nephrotoxicity,True,True,B,0.88,pubmed_abstract,True,"Significant ATP depletion was observed only after prolonged exposure to SPC5001, a nephrotoxic antisense oligonucleotide.",PubMed abstract reports primary 3D renal proximal tubule spheroid toxicity testing for the nephrotoxic ASO SPC5001.,codex_gpt-5.5_manual_agent,accept,ni_jie,B,
246,toxicity_endpoint,245,ApoB11; ApoB11-conjugated,42172871,,10.1016/j.dmd.2026.100304,"Peptide-mediated delivery of an α-synuclein-targeting antisense oligonucleotide: Pharmacokinetics, safety, and central nervous system efficacy in a synucleinopathy model.",hepatic/hepatotoxicity,C,PubMed abstract,accept,systemic toxicity,True,True,B,0.88,pubmed_abstract,True,Acute and subacute toxicity studies revealed no systemic toxicity at the highest nonlethal dose (32 mg/kg).,PubMed abstract reports acute/subacute toxicity testing after systemic ApoB11-conjugated ASO administration.,codex_gpt-5.5_manual_agent,accept,ni_jie,B,
247,toxicity_endpoint,246,SMN2; Nusinersen,41813449,,10.1016/j.nmd.2025.106256,"A prospective, multi-center, observational study of the safety, tolerability and effectiveness of Nusinersen in adult patients with spinal muscular atrophy.",hepatic/hepatotoxicity,B,PubMed abstract,accept,clinical safety/tolerability,True,True,B,0.87,pubmed_abstract,True,No new safety effects were identified.,PubMed abstract reports prospective adult nusinersen safety/tolerability outcomes.,codex_gpt-5.5_manual_agent,accept,ni_jie,B,
248,toxicity_endpoint,247,LRP4; NCT05070858; cemdisiran,42030965,,10.1016/S0140-6736(26)00690-2,"Efficacy and safety of cemdisiran siRNA in myasthenia gravis (NIMBLE): a double-blind, randomised, placebo-controlled, phase 3 trial.",hepatic/hepatotoxicity,B,PubMed abstract,accept,clinical adverse events,True,True,B,0.90,pubmed_abstract,True,"The proportion of participants with at least one adverse event during the double-blind treatment period was 54 (69%) of 78 in the cemdisiran group, 65 (81%) of 80 in the combination group, 40 (82%) of 49 in the pozelimab group, and 54 (77%) of 70 in the placebo group.",PubMed abstract phase 3 trial reports treatment-emergent adverse events for cemdisiran-containing arms.,codex_gpt-5.5_manual_agent,accept,ni_jie,B,
249,toxicity_endpoint,248,RyR2; Cy5-labeled; RyR2-targeting,41984094,,10.1007/s00204-026-04370-7,Imaging and safety profiling of inhaled siRNA RyR2 in human respiratory models.,hepatic/hepatotoxicity,C,PubMed abstract,accept,respiratory barrier/cytotoxicity/immune activation,True,True,B,0.88,pubmed_abstract,True,No cytotoxicity was observed.,"PubMed abstract reports respiratory safety profiling of inhaled RyR2 siRNA, including barrier integrity, cytokines, and cytotoxicity.",codex_gpt-5.5_manual_agent,accept,ni_jie,B,
250,toxicity_endpoint,249,PCSK9; Inclisiran,41289434,,10.1097/FJC.0000000000001778,Muscle Adverse Events Associated With Inclisiran: Data Mining of FAERS Database and Mendelian Randomization Analysis.,general safety/safety/tolerability,B,PubMed abstract,accept,postmarketing adverse events,True,True,B,0.86,pubmed_abstract,True,"Among 4685 adverse event reports of inclisiran, 523 MAEs reports were found.",PubMed abstract FAERS pharmacovigilance analysis reports muscle adverse event signals linked to inclisiran.,codex_gpt-5.5_manual_agent,accept,ni_jie,B,
251,toxicity_endpoint,250,patisiran; givosiran; vutrisiran,41274662,,10.1177/21593337251391029,Class-Specific Adverse Events of Patients Treated with Small Interfering RNA Therapeutics: A Disproportionality Analysis of the United States Food and Drug Administration Adverse Event Reporting System Database Based on the MY FAERS Platform.,hepatic/hepatotoxicity,B,PubMed abstract,accept,hepatic/hepatotoxicity,True,True,B,0.90,pubmed_abstract,True,inclisiran demonstrated strong hepatic toxicity signals,"PubMed abstract reports real-world adverse-event disproportionality signals for FDA-approved siRNA therapeutics, including hepatic toxicity linked to inclisiran.",codex_gpt-5.5_manual_agent,accept,ni_jie,B,
252,toxicity_endpoint,251,unspecified antisense oligonucleotide,41879506,,10.1177/01926233261430687,Toxicologic Pathology Forum: Opinion on Considerations for Determination of Adverse Versus Nonadverse Nerve Fiber Degeneration in Nonclinical Toxicity Studies of Oligonucleotides Delivered Directly Into the Intrathecal Space.,hepatic/hepatotoxicity,C,PubMed abstract,reject,hepatic/hepatotoxicity,True,True,NA,0.84,pubmed_abstract,False,NONE,Opinion article on adversity interpretation for intrathecal oligonucleotides; no primary administered/measured toxicity result for a specific oligonucleotide product.,codex_gpt-5.5_manual_agent,reject,ni_jie,C,Reject: PMID 41879506; Opinion article on adversity interpretation for intrathecal oligonucleotides; no primary administered/measured toxicity result for a specific oligonucleotide product.
253,toxicity_endpoint,252,RGLS4326,42132413,,10.1002/jcph.70207,"Pharmacokinetics, Safety, and Tolerability of Anti-miR-17 Oligonucleotide RGLS4326 in Healthy Adult Subjects.",hepatic/hepatotoxicity,C,PubMed abstract,accept,general safety/safety/tolerability,True,True,B,0.92,pubmed_abstract,True,RGLS4326 was generally well tolerated,Phase 1 SAD/MAD abstract reports safety and tolerability after administered anti-miR-17 oligonucleotide RGLS4326 in healthy subjects.,codex_gpt-5.5_manual_agent,accept,ni_jie,B,
254,toxicity_endpoint,253,unspecified siRNA,41956189,,10.1016/j.ijbiomac.2026.151876,Facilitating siRNA delivery into mammalian cells via the LDL receptor.,hepatic/hepatotoxicity,C,PubMed abstract,accept,general toxicity/toxicity; immune/systemic immune response,True,True,B,0.78,pubmed_abstract,True,did not induce detectable toxicity or systemic immune responses,Abstract reports in vivo toxicity and systemic immune response assessment for a siRNA delivery complex/product relevant to RNAi delivery.,codex_gpt-5.5_manual_agent,accept,ni_jie,C,Grade adjusted B->C: PMID 41956189; weak/generic or abstract-limited support for hepatic/hepatotoxicity.
255,toxicity_endpoint,254,HepG2; ARPE19,41500345,,10.1016/j.ijpharm.2026.126567,Vitamin A-spermine conjugated lipid nanoparticles for efficient nucleic acid delivery in ocular and hepatocellular cells.,hepatic/hepatotoxicity,C,PubMed abstract,reject,hepatic/hepatotoxicity,False,True,NA,0.88,pubmed_abstract,False,NONE,Passage describes delivery efficiency and receptor-mediated gene regulation but provides no primary measured toxicity or safety endpoint.,codex_gpt-5.5_manual_agent,reject,ni_jie,C,Reject: PMID 41500345; Passage describes delivery efficiency and receptor-mediated gene regulation but provides no primary measured toxicity or safety endpoint.
256,toxicity_endpoint,255,Nrf2; Keap1; GPX4,41654146,,10.1016/j.freeradbiomed.2026.02.009,Protective effect of resveratrol against colistin-induced nephrotoxicity through regulating Nrf2 pathway and inhibiting ferroptosis.,renal/renal safety,C,PubMed abstract,reject,renal/renal safety,False,False,NA,0.96,pubmed_abstract,False,NONE,Resveratrol protection against colistin nephrotoxicity is a natural-product/small-molecule injury model; Nrf2 siRNA is only a mechanistic lab knockdown tool.,codex_gpt-5.5_manual_agent,reject,ni_jie,C,Reject: PMID 41654146; Resveratrol protection against colistin nephrotoxicity is a natural-product/small-molecule injury model; Nrf2 siRNA is only a mechanistic lab knockdown tool.
257,toxicity_endpoint,256,GSTK1; OSBPL8; DGAT1,42069296,,10.1016/j.lfs.2026.124421,GSTK1 alleviates ectopic fat deposition as a protective mechanism against diabetic renal tubulointerstitial lesions.,renal/renal safety,B,PubMed abstract,reject,renal/renal safety,False,False,NA,0.94,pubmed_abstract,False,NONE,"GSTK1/OSBPL8 siRNAs are in vitro mechanistic knockdown tools in diabetic nephropathy biology, not therapeutic oligonucleotide toxicity evidence.",codex_gpt-5.5_manual_agent,reject,ni_jie,C,"Reject: PMID 42069296; GSTK1/OSBPL8 siRNAs are in vitro mechanistic knockdown tools in diabetic nephropathy biology, not therapeutic oligonucleotide toxicity evidence."
258,toxicity_endpoint,257,PEG6000,41664462,,10.1021/acsami.5c12952,Hemocompatibility of Carbosilane Dendrimers as a Therapeutic siRNA Delivery System across Blood-Brain Barrier.,hepatic/hepatotoxicity,C,PubMed abstract,accept,hemocompatibility/hemolysis/coagulation; immune/cytokine response,True,True,B,0.91,pubmed_abstract,True,both formulations were nonhemolytic across all concentrations,"Abstract reports measured hemocompatibility, hemolysis, coagulation, and blood-cell toxicity endpoints for a PEGylated carbosilane dendrimer/dendriplex siRNA delivery system.",codex_gpt-5.5_manual_agent,accept,ni_jie,B,
259,toxicity_endpoint,258,Cy5-siRNA; HepG2,41518301,,10.1021/acs.bioconjchem.5c00554,"""Zip-to-Cytosol"": Glutathione-Cleavable Fluorinated Polyplexes Deliver siRNA at Single-Digit Nanomolar Dose with >90% Gene Silencing.",hepatic/hepatotoxicity,C,PubMed abstract,accept,general safety/cell viability/cytotoxicity; hemolysis,True,True,B,0.89,pubmed_abstract,True,without detectable hemolysis or cytotoxicity,Abstract links the PFND siRNA polyplex delivery product to measured hemolysis and cytotoxicity outcomes.,codex_gpt-5.5_manual_agent,accept,ni_jie,B,
260,toxicity_endpoint,259,PEG2000,41076799,,10.1016/j.bioadv.2025.214537,Novel vector for efficient siRNA delivery to lymphoblasts and melanoma based on genipin-spermine nanocarriers protected with hybrid erythrocyte membrane coating.,hepatic/hepatotoxicity,C,PubMed abstract,accept,general safety/cell viability/cytotoxicity,True,True,B,0.82,pubmed_abstract,True,minimal cytotoxicity,Abstract reports cytotoxicity assessment for hybrid membrane-camouflaged G10S5-siRNA nanocarriers used as nonviral nucleic-acid therapeutic delivery platforms.,codex_gpt-5.5_manual_agent,accept,ni_jie,C,Grade adjusted B->C: PMID 41076799; weak/generic or abstract-limited support for hepatic/hepatotoxicity.
261,toxicity_endpoint,260,NCT05030428; inclisiran,42203164,,10.1016/j.ahj.2026.107493,"Design of VICTORION-2 Prevent: a randomized double-blind, placebo-controlled trial, assessing the impact of inclisiran on major adverse cardiovascular events in patients with established cardiovascular disease.",hepatic/hepatotoxicity,B,PubMed abstract,reject,hepatic/hepatotoxicity,False,True,NA,0.93,pubmed_abstract,False,NONE,"Trial design abstract for an ongoing inclisiran study; safety monitoring is planned, but no observed/administered toxicity result is reported.",codex_gpt-5.5_manual_agent,reject,ni_jie,C,"Reject: PMID 42203164; Trial design abstract for an ongoing inclisiran study; safety monitoring is planned, but no observed/administered toxicity result is reported."
262,toxicity_endpoint,261,CCL2; MMP9,42007960,,10.1002/smll.202512276,Smart Nanodelivery for Eye-Brain Disorders: Synergistic CCL2 Neutralization and MMP9 Silencing Reverse Anxiety in High Myopia.,hepatic/hepatotoxicity,C,PubMed abstract,accept,general safety/cell viability/cytotoxicity; biosafety,True,True,B,0.83,pubmed_abstract,True,low cytotoxicity,Abstract reports low cytotoxicity and biosafety for an aptamer/siRNA nanocomplex administered in a disease model.,codex_gpt-5.5_manual_agent,accept,ni_jie,C,Grade adjusted B->C: PMID 42007960; weak/generic or abstract-limited support for hepatic/hepatotoxicity.
263,toxicity_endpoint,262,CT26,41783937,,10.1039/d5tb02754c,Ionizable mesoporous silica nanoparticle-mediated siAURKB delivery for colorectal cancer therapy.,hepatic/hepatotoxicity,B,PubMed abstract,accept,general safety/biocompatibility,True,True,C,0.76,pubmed_abstract,True,excellent biocompatibility in vitro and in vivo,Abstract gives a primary but generic biocompatibility result for siAURKB-loaded nanomedicine; safety endpoint is weakly specified.,codex_gpt-5.5_manual_agent,reject,ni_jie,C,Reject after curator re-read: PMID 41783937; previous accept was too weak/generic for hepatic/hepatotoxicity in CT26. Basis checked: Abstract gives a primary but generic biocompatibility result for siAURKB-loaded nanomedicine; safety endpoint is weakly specified.
264,toxicity_endpoint,263,nusinersen,39690144,,10.1080/14740338.2024.2443796,Adverse events of nusinersen: a real-world drug safety surveillance study based on the FDA adverse event reporting system (FAERS) database.,general safety/safety/tolerability,B,PubMed abstract,accept,general safety/adverse events,True,True,B,0.93,pubmed_abstract,True,Nusinersen-induced adverse events were observed,FAERS pharmacovigilance abstract reports adverse-event signals linked to the approved antisense oligonucleotide nusinersen.,codex_gpt-5.5_manual_agent,accept,ni_jie,B,
265,toxicity_endpoint,264,unspecified antisense oligonucleotide,41078095,,10.1002/cbic.202500584,Toxicity of Antisense Oligonucleotides is Determined by the Synergistic Interplay of Chemical Modifications and Nucleotide Sequences,hepatic/hepatotoxicity,C,PubMed abstract,accept,systemic toxicity/hepatotoxicity/nephrotoxicity/immune-inflammatory response,True,True,B,0.86,pubmed_abstract,True,ASO toxicity is strongly influenced,"Abstract reports systemic toxicity assessment of chemically modified gapmer ASOs, including hepatotoxicity, nephrotoxicity, and immune/inflammatory responses.",codex_gpt-5.5_manual_agent,accept,ni_jie,B,
266,toxicity_endpoint,265,PNPLA3; rs738409; PNPLA3I148M,40899091,,10.1177/21593337251375804,Use of a Transgenic Human PNPLA3(I148M) Knock-in Mouse for Translational Safety Evaluations of siRNA Therapeutics.,hepatic/hepatotoxicity,B,PubMed abstract,accept,hepatic/hepatotoxicity; translational safety toxicology,True,True,B,0.90,pubmed_abstract,True,liver enzyme and histopathology changes,"Abstract reports repeat-dose toxicology findings, including liver enzyme and histopathology changes, linked to a GalNAc-conjugated siRNA therapeutic.",codex_gpt-5.5_manual_agent,accept,ni_jie,B,
267,toxicity_endpoint,266,unspecified siRNA,41457341,,10.1177/01926233251404016,Proceedings of the 2024 Classic Examples in Toxicologic Pathology XXXI.,hepatic/hepatotoxicity,C,PubMed abstract sentence 5,reject,hepatic/hepatotoxicity,True,True,NA,0.80,pubmed_abstract,False,NONE,Proceedings/seminar summary mentions a siRNA hepatotoxicity case but is not a primary toxicity study with sufficient product-level grounding.,codex_gpt-5.5_manual_agent,accept,ni_jie,C,Accept C as borderline: PMID 41457341; curator counted hepatic/hepatotoxicity for unspecified siRNA despite v2 exclusion. Low-confidence override; v2 note was: Proceedings/seminar summary mentions a siRNA hepatotoxicity case but is not a primary toxicity study with sufficient product-level grounding.
268,toxicity_endpoint,267,Atp5o,40134366,,10.1089/nat.2024.0047,"Hepatotoxicity Reduction Profiles of Antisense Oligonucleotides Containing Amido-Bridged Nucleic Acid and 2'-O,4'-C-Spirocyclopropylene Bridged Nucleic Acid.",hepatic/hepatotoxicity,C,PubMed abstract,accept,hepatic/hepatotoxicity,True,True,B,0.91,pubmed_abstract,True,significantly reduce hepatotoxicity in mice,Abstract reports mouse hepatotoxicity reduction after administered chemically modified ASOs and supporting liver histopathology findings.,codex_gpt-5.5_manual_agent,accept,ni_jie,B,
269,toxicity_endpoint,268,unspecified antisense oligonucleotide,39569667,,10.1039/d4ob01350f,"Synthesis of LNA gapmers that replace a phosphorothioate linkage with a sulfonamide in the gap region, and their ability to form duplexes with complementary RNA targets.",general toxicity/toxicity,C,PubMed abstract,reject,general toxicity/toxicity,False,True,NA,0.91,pubmed_abstract,False,NONE,"Study evaluates sulfonamide-linked LNA gapmer duplex stability and RNase H activity; toxicity is background motivation, not a measured endpoint.",codex_gpt-5.5_manual_agent,reject,ni_jie,C,"Reject: PMID 39569667; Study evaluates sulfonamide-linked LNA gapmer duplex stability and RNase H activity; toxicity is background motivation, not a measured endpoint."
270,toxicity_endpoint,269,SPL84,39500647,,10.1016/j.jcf.2024.10.004,"A phase I study assessing the safety and tolerability of SPL84, an inhaled antisense oligonucleotide for treatment of cystic fibrosis patients with the 3849 +10kb C->T.",hepatic/hepatotoxicity,B,PubMed abstract,accept,general safety/safety/tolerability; adverse events,True,True,B,0.95,pubmed_abstract,True,SPL84 was safe and well-tolerated,"Phase 1 abstract reports administered SPL84 safety/tolerability, AEs, labs, ECG, spirometry, and pulmonary function outcomes.",codex_gpt-5.5_manual_agent,accept,ni_jie,B,
271,toxicity_endpoint,270,NS102; ED50,41167339,,10.1016/j.jconrel.2025.114366,Incorporation of a polyamine into lipid nanoparticles increases the endosomal release and transfection of nucleic acids without toxicity.,hepatic/hepatotoxicity,C,PubMed abstract,accept,general safety/cell viability/cytotoxicity; hepatic/hepatotoxicity,True,True,B,0.88,pubmed_abstract,True,no significant cytotoxicity or liver toxicity in mice,Abstract reports measured cytotoxicity and liver toxicity outcomes for polymer-incorporated LNP RNA therapeutic formulations in mice.,codex_gpt-5.5_manual_agent,accept,ni_jie,B,
272,toxicity_endpoint,271,AlphaFold3; sgc8c; PTK7,41065179,,10.1021/jacs.5c11823,Chemical Evolution of Double Covalent Aptamers for Sustained Protein Degradation and Improved Cytotoxicity in NK-Cell-Mediated Tumor Therapy.,general safety/cell viability/cytotoxicity,C,PubMed abstract,reject,general safety/cell viability/cytotoxicity,False,True,NA,0.94,pubmed_abstract,False,NONE,"Reported cytotoxicity is NK-cell-mediated tumor-killing efficacy, explicitly excluded as cancer-cell-killing cytotoxicity rather than safety toxicity.",codex_gpt-5.5_manual_agent,reject,ni_jie,C,"Reject: PMID 41065179; Reported cytotoxicity is NK-cell-mediated tumor-killing efficacy, explicitly excluded as cancer-cell-killing cytotoxicity rather than safety toxicity."
273,toxicity_endpoint,272,TfR1,39325927,,10.1002/anie.202415272,Self-Assembled Antibody-Oligonucleotide Conjugates for Targeted Delivery of Complementary Antisense Oligonucleotides.,hepatic/hepatotoxicity,B,PubMed abstract,accept,general toxicity/toxicity; mortality/morbidity,True,True,B,0.90,pubmed_abstract,True,not associated with any toxicity-related morbidity or mortality,Abstract reports in vivo tolerability and toxicity-related morbidity/mortality for an antibody-oligonucleotide conjugate ASO delivery system.,codex_gpt-5.5_manual_agent,accept,ni_jie,B,
274,toxicity_endpoint,273,HepG2; ACSL4,40990894,,10.1002/jbt.70484,Ferroptosis and Lipid Peroxidation Participate in Valproic Acid-Induced Hepatotoxicity via the Long-chain Acyl-CoA Synthetase 4/Glutathione Peroxidase 4 Pathway.,hepatic/hepatotoxicity,C,PubMed abstract,reject,hepatic/hepatotoxicity,False,False,NA,0.97,pubmed_abstract,False,NONE,Valproic-acid hepatotoxicity is a small-molecule injury model; ACSL4 siRNA is only an in vitro mechanistic knockdown tool.,codex_gpt-5.5_manual_agent,reject,ni_jie,C,Reject: PMID 40990894; Valproic-acid hepatotoxicity is a small-molecule injury model; ACSL4 siRNA is only an in vitro mechanistic knockdown tool.
275,toxicity_endpoint,274,unspecified siRNA,39488022,,10.1016/j.jcis.2024.10.115,Lipid nanoparticles as nano-Trojan-horses for siRNA delivery and gene-knockdown.,hepatic/hepatotoxicity,C,PubMed abstract,reject,hepatic/hepatotoxicity,False,True,NA,0.89,pubmed_abstract,False,NONE,Abstract states that cytotoxicity and oxidative-stress assays were performed but gives no observed safety/toxicity result to curate.,codex_gpt-5.5_manual_agent,reject,ni_jie,C,Reject: PMID 39488022; Abstract states that cytotoxicity and oxidative-stress assays were performed but gives no observed safety/toxicity result to curate.
276,toxicity_endpoint,275,unspecified siRNA,41277575,,10.1039/d5tb01908g,Photoactivated bioinspired lipoplexes with a chalcone/flavylium photoswitch enhance siRNA delivery-towards precise spatiotemporal control in gene delivery.,hepatic/hepatotoxicity,C,PubMed abstract,reject,cytotoxicity/cell viability,True,False,NA,0.80,pubmed_abstract,False,NONE,"Abstract reports delivery-vector cytotoxicity in a GFP knockdown proof-of-concept, but no named therapeutic oligonucleotide or disease-targeted administered oligo; excluded as lab knockdown/delivery tool.",codex_gpt-5.5_manual_agent,reject,ni_jie,C,"Reject: PMID 41277575; Abstract reports delivery-vector cytotoxicity in a GFP knockdown proof-of-concept, but no named therapeutic oligonucleotide or disease-targeted administered oligo; excluded as lab knockdown/delivery tool."
277,toxicity_endpoint,276,CD44,41165149,,10.1039/d5nr02667a,Surface-engineered gold nanorods for targeted delivery of PD-L1 siRNA and cancer chemo-phototherapy.,hepatic/hepatotoxicity,C,PubMed abstract,reject,cytotoxicity/anticancer efficacy,False,True,NA,0.88,pubmed_abstract,False,NONE,"The cytotoxicity statement is multimodal cancer-cell killing efficacy after PD-L1 siRNA/doxorubicin/ICG treatment, not safety or tolerability evidence.",codex_gpt-5.5_manual_agent,reject,ni_jie,C,"Reject: PMID 41165149; The cytotoxicity statement is multimodal cancer-cell killing efficacy after PD-L1 siRNA/doxorubicin/ICG treatment, not safety or tolerability evidence."
278,toxicity_endpoint,277,LP5-SeNP; LP1-SeNP,41037472,,10.1021/acsabm.5c01486,Peptide-Functionalized Selenium Nanoparticle-Based Effective Delivery System for Src-Targeting siRNA in Triple-Negative Breast Cancer Cells.,hepatic/hepatotoxicity,C,PubMed abstract,accept,cytotoxicity/cell viability,True,True,B,0.86,pubmed_abstract,True,Cell viability assay revealed that LP5-SeNP and the LP5-SeNP/siRNA complex did not exhibit any cytotoxicity at their experimental concentration.,PubMed abstract reports a primary cell-viability assay showing no cytotoxicity for the LP5-SeNP/Src siRNA delivery complex.,codex_gpt-5.5_manual_agent,accept,ni_jie,B,
279,toxicity_endpoint,278,unspecified siRNA,40939253,,10.1016/j.bmc.2025.118383,Redox-cleavable disulfide linker enhances siRNA delivery by prodrug-type bifunctional cell-penetrating peptide.,hepatic/hepatotoxicity,C,PubMed abstract,reject,general toxicity/toxicity,True,False,NA,0.78,pubmed_abstract,False,NONE,Low-toxicity language is linked to a generic CPP/siRNA delivery strategy without a named therapeutic oligo or disease-targeted administered oligo; excluded as unclear/lab delivery evidence.,codex_gpt-5.5_manual_agent,reject,ni_jie,C,Reject: PMID 40939253; Low-toxicity language is linked to a generic CPP/siRNA delivery strategy without a named therapeutic oligo or disease-targeted administered oligo; excluded as unclear/lab delivery evidence.
280,toxicity_endpoint,279,unspecified siRNA,40877516,,10.1007/978-1-0716-4742-4_19,Bioinspired Extracellular Vesicles for Enhanced Delivery of siRNA to Tumors.,hepatic/hepatotoxicity,C,PubMed abstract,reject,general toxicity/toxicity,False,True,NA,0.90,pubmed_abstract,False,NONE,"Methods/chapter abstract describes construction and evaluation metrics for bioinspired nanovesicles, with no primary observed toxicity or safety result for an administered siRNA product.",codex_gpt-5.5_manual_agent,reject,ni_jie,C,"Reject: PMID 40877516; Methods/chapter abstract describes construction and evaluation metrics for bioinspired nanovesicles, with no primary observed toxicity or safety result for an administered siRNA product."
281,toxicity_endpoint,280,KAZ3,40816350,,10.1016/j.ejpb.2025.114838,Novel electrosprayed core-shell polyethyleneimine and phospholipid coated MSNs for Co-delivery of KAZ3 and MDR-1 siRNA for efficient chemotherapy in multidrug-resistant colon cancer.,hepatic/hepatotoxicity,C,PubMed abstract,reject,cytotoxicity/anticancer efficacy,False,True,NA,0.86,pubmed_abstract,False,NONE,Reported cytotoxicity is formulation killing of colon cancer cells for chemotherapy/RNAi efficacy; no separable safety/tolerability endpoint for the oligo or delivery product is grounded.,codex_gpt-5.5_manual_agent,reject,ni_jie,C,Reject: PMID 40816350; Reported cytotoxicity is formulation killing of colon cancer cells for chemotherapy/RNAi efficacy; no separable safety/tolerability endpoint for the oligo or delivery product is grounded.
282,toxicity_endpoint,281,unspecified siRNA,40812552,,10.1016/j.jconrel.2025.114122,Pre-silencing of TNF-α by targeted siRNA delivery mitigates glucocorticoid resistance of dexamethasone in rheumatoid arthritis.,hepatic/hepatotoxicity,C,PubMed abstract,reject,general toxicity/toxicity,False,True,NA,0.82,pubmed_abstract,False,NONE,Abstract claims reduced toxicity in a therapeutic narrative but does not provide a primary measured toxicity/safety endpoint linked to siTNFalpha or its polymersome product.,codex_gpt-5.5_manual_agent,reject,ni_jie,C,Reject: PMID 40812552; Abstract claims reduced toxicity in a therapeutic narrative but does not provide a primary measured toxicity/safety endpoint linked to siTNFalpha or its polymersome product.
283,toxicity_endpoint,282,TUBB3; TUBB3-siRNA; TUBB3-LNPs,40736337,,10.1021/acsami.5c07808,TUBB3/DTX LNPs Dry Powder Inhaler and an Efficient Delivery Device for Targeted Therapy of Lung Cancer.,hepatic/hepatotoxicity,C,PubMed abstract,accept,cytotoxicity/cell viability,True,True,B,0.88,pubmed_abstract,True,Experiments with BEAS-2B and H460 cells showed that TUBB3/DTX-LNPs had low cytotoxicity and good biocompatibility with BEAS-2B but strongly inhibited H460 cells.,PubMed abstract reports primary cell experiments showing low cytotoxicity/biocompatibility in BEAS-2B for the TUBB3-siRNA/docetaxel LNP product.,codex_gpt-5.5_manual_agent,accept,ni_jie,B,
284,toxicity_endpoint,283,Fe3O4; CD44; IC50,40576767,,10.1007/s00210-025-04381-8,Multifunctional magnetic nanocapsules for dual delivery of siRNA and chemotherapy to MCF-7 cells (Breast cancer cells).,hepatic/hepatotoxicity,C,PubMed abstract,reject,cytotoxicity/cell viability,True,False,NA,0.78,pubmed_abstract,False,NONE,The siRNA cargo is siRNA-FAM for gene-transfer assessment and the cytotoxicity is in MCF-7 cancer cells; this is not a therapeutic oligonucleotide safety endpoint.,codex_gpt-5.5_manual_agent,reject,ni_jie,C,Reject: PMID 40576767; The siRNA cargo is siRNA-FAM for gene-transfer assessment and the cytotoxicity is in MCF-7 cancer cells; this is not a therapeutic oligonucleotide safety endpoint.
285,toxicity_endpoint,284,CD44,40328700,,10.13345/j.cjb.240600,[Fabrication of chitosan/hyaluronic acid complex nanoparticles for effective siRNA delivery].,hepatic/hepatotoxicity,C,PubMed abstract,reject,cytotoxicity/cell viability,True,False,NA,0.80,pubmed_abstract,False,NONE,"Cytotoxicity reduction is reported for CS/HA nanoparticles used with luciferase siRNA in HeLa-Luc cells, which is a lab reporter knockdown tool rather than a therapeutic oligo safety result.",codex_gpt-5.5_manual_agent,reject,ni_jie,C,"Reject: PMID 40328700; Cytotoxicity reduction is reported for CS/HA nanoparticles used with luciferase siRNA in HeLa-Luc cells, which is a lab reporter knockdown tool rather than a therapeutic oligo safety result."
286,toxicity_endpoint,285,unspecified siRNA,40267508,,10.1021/acsabm.4c01716,Machine-Learning Framework to Predict the Performance of Lipid Nanoparticles for Nucleic Acid Delivery.,hepatic/hepatotoxicity,C,PubMed abstract,reject,cell viability prediction,False,True,NA,0.90,pubmed_abstract,False,NONE,Machine-learning/QSAR paper predicts activity and cell viability from curated LNP datasets; it is not a primary administered/measured toxicity result for a specific oligo product.,codex_gpt-5.5_manual_agent,reject,ni_jie,C,Reject: PMID 40267508; Machine-learning/QSAR paper predicts activity and cell viability from curated LNP datasets; it is not a primary administered/measured toxicity result for a specific oligo product.
287,toxicity_endpoint,286,unspecified siRNA,40237047,,10.2174/0113892010363276250405191808,"siRNA Therapeutics in Lymphoma: Gene Targets, Delivery Strategies, and Synergy with Chemotherapy.",general toxicity/toxicity,C,PubMed abstract sentence 10,reject,general toxicity/toxicity,False,True,NA,0.92,pubmed_abstract,False,NONE,"Review-style abstract discusses chemotherapy toxicity and potential reduced toxicity with siRNA combinations, but provides no primary observed safety/tolerability result.",codex_gpt-5.5_manual_agent,reject,ni_jie,C,"Reject: PMID 40237047; Review-style abstract discusses chemotherapy toxicity and potential reduced toxicity with siRNA combinations, but provides no primary observed safety/tolerability result."
288,toxicity_endpoint,287,unspecified siRNA,39907973,,10.1007/s13346-025-01800-4,Topical delivery of siRNA to psoriatic skin model using high molecular weight chitosan derivatives: In vitro and in vivo studies.,hepatic/hepatotoxicity,C,PubMed abstract,accept,cytotoxicity/cell viability,True,True,B,0.88,pubmed_abstract,True,"The PEGylated DIPEA-chitosan/siRNA polyplexes demonstrated positive zeta potentials (up to + 11 mV), particle sizes of 100-200 nm, and very low cytotoxicity in keratinocyte and fibroblast cell lines.",PubMed abstract reports primary in vitro cytotoxicity in non-cancer skin cell lines for topical TNFalpha siRNA polyplexes.,codex_gpt-5.5_manual_agent,accept,ni_jie,B,
289,toxicity_endpoint,288,unspecified siRNA,39705128,,10.1021/acsami.4c12805,"Syringable Microcapsules for Sustained, Localized, and Controllable siRNA Delivery.",hepatic/hepatotoxicity,B,PubMed abstract,reject,general toxicity/toxicity,False,True,NA,0.84,pubmed_abstract,False,NONE,"Abstract mentions high-toxicity bolus injection as background but reports release, syringeability, and clearance; no primary toxicity/safety endpoint is measured.",codex_gpt-5.5_manual_agent,reject,ni_jie,C,"Reject: PMID 39705128; Abstract mentions high-toxicity bolus injection as background but reports release, syringeability, and clearance; no primary toxicity/safety endpoint is measured."
290,toxicity_endpoint,289,miRNA34a; LNA34a; NOTCH1,40306578,,10.1016/j.jconrel.2025.113791,Gemcitabine and miRNA34a mimic codelivery with magnetic nanoparticles enhanced anti-tumor effect against pancreatic cancer.,hepatic/hepatotoxicity,C,PubMed abstract,accept,cytotoxicity/cell viability,True,True,B,0.84,pubmed_abstract,True,"Notably, the modified MNP exhibited less toxicity than their free counterparts when incubated with HaCaT cells, a model of healthy keratinocytes.",PubMed abstract reports lower toxicity in healthy keratinocyte-model cells for the miRNA34a/gemcitabine magnetic nanoparticle product.,codex_gpt-5.5_manual_agent,accept,ni_jie,C,Grade adjusted B->C: PMID 40306578; weak/generic or abstract-limited support for hepatic/hepatotoxicity.
291,toxicity_endpoint,290,siG12Ss; siG12S; KRASG12S,40073943,,10.1016/j.jconrel.2025.113624,A Mannosylated peptidyl lipid CManDA doped into cytidinyl/cationic lipids efficiently delivers siG12Ss to lung cancer in vivo.,hepatic/hepatotoxicity,C,PubMed abstract,accept,general toxicity/toxicity,True,True,B,0.82,pubmed_abstract,True,"The tumor weight in the D/50C/50M/M3 group (1.5 mg/kg, i.v.) was reduced by 50 % after administration in a mouse axillary tumor (A549) model, whereas the tumor bioluminescence intensity was only approximately 30 % of that in the blank group in a mouse orthotopic lung cancer model and showed no significant toxicity.",PubMed abstract reports in vivo administration of the siG12S LNP formulation and states no significant toxicity.,codex_gpt-5.5_manual_agent,accept,ni_jie,C,Grade adjusted B->C: PMID 40073943; weak/generic or abstract-limited support for hepatic/hepatotoxicity.
292,toxicity_endpoint,291,siBACE1,40043915,,10.1016/j.jconrel.2025.113604,A nasally administrated reactive oxygen species-responsive carrier-free gene delivery nanosystem for Alzheimer's disease combination therapy.,hepatic/hepatotoxicity,C,PubMed abstract,reject,general toxicity/toxicity,False,True,NA,0.86,pubmed_abstract,False,NONE,Carrier toxicity appears only as a general translational limitation; the abstract reports efficacy of FTBR-NAC/siBACE1 but no measured toxicity or safety endpoint.,codex_gpt-5.5_manual_agent,reject,ni_jie,C,Reject: PMID 40043915; Carrier toxicity appears only as a general translational limitation; the abstract reports efficacy of FTBR-NAC/siBACE1 but no measured toxicity or safety endpoint.
293,toxicity_endpoint,292,NCT05089084; Plozasiran,39225259,,10.1056/NEJMoa2409368,Plozasiran for Managing Persistent Chylomicronemia and Pancreatitis Risk.,hepatic/hepatotoxicity,B,PubMed abstract,accept,adverse events/safety/tolerability,True,True,B,0.95,pubmed_abstract,True,"The risk of adverse events was similar across groups; the most common adverse events were abdominal pain, nasopharyngitis, headache, and nausea.",Phase 3 PubMed abstract reports adverse-event outcomes after subcutaneous plozasiran administration.,codex_gpt-5.5_manual_agent,accept,ni_jie,B,
294,toxicity_endpoint,293,unspecified oligonucleotide,40409597,,10.1016/j.imlet.2025.107033,The role of DAMP cytotoxic fractions in the immune markers' disruption in patients with urgent surgical pathology and against the background of post-COVID-19 syndrome.,hepatic/hepatotoxicity,C,PubMed abstract,reject,endogenous cytotoxic oligonucleotide fraction,False,False,NA,0.96,pubmed_abstract,False,NONE,"Oligonucleotide DAMP fraction is an endogenous disease-associated cytotoxic fraction in post-COVID surgical pathology, not an administered therapeutic oligonucleotide.",codex_gpt-5.5_manual_agent,reject,ni_jie,C,"Reject: PMID 40409597; Oligonucleotide DAMP fraction is an endogenous disease-associated cytotoxic fraction in post-COVID surgical pathology, not an administered therapeutic oligonucleotide."
295,toxicity_endpoint,294,VP28; VP19,39637936,,10.1016/j.jip.2024.108239,Sequence independent immune effects of white spot syndrome virus (WSSV) dsRNA complexed with phytoglycogen nanoparticles in freshwater crayfish.,hepatic/hepatotoxicity,C,PubMed abstract,reject,general toxicity/toxicity,True,False,NA,0.94,pubmed_abstract,False,NONE,WSSV dsRNA in freshwater crayfish/aquaculture immune stimulation is outside therapeutic oligonucleotide scope and falls under agricultural/invertebrate RNAi exclusion.,codex_gpt-5.5_manual_agent,reject,ni_jie,C,Reject: PMID 39637936; WSSV dsRNA in freshwater crayfish/aquaculture immune stimulation is outside therapeutic oligonucleotide scope and falls under agricultural/invertebrate RNAi exclusion.
296,toxicity_endpoint,295,GalNAc3; GalNAc3-conjugated,38227794,,10.1089/nat.2023.0026,Safety and Tolerability of GalNAc(3)-Conjugated Antisense Drugs Compared to the Same-Sequence 2'-O-Methoxyethyl-Modified Antisense Drugs: Results from an Integrated Assessment of Phase 1 Clinical Trial Data.,hepatic/hepatotoxicity,B,PubMed abstract,accept,hepatic/hepatotoxicity; safety/tolerability,True,True,B,0.95,pubmed_abstract,True,"However, there was a significant increase in mean alanine transaminase levels compared with placebo in the upper dose range of the unconjugated 2'MOE ASO group.",Integrated phase 1 safety assessment reports liver enzyme changes and tolerability comparisons for GalNAc3-conjugated and unconjugated 2-prime-MOE ASOs.,codex_gpt-5.5_manual_agent,accept,ni_jie,B,
297,toxicity_endpoint,296,SYT13; Syt13-deficient; Syt13-deficiency,39192097,,10.1007/s10120-024-01548-9,Preclinical toxicological assessment of amido-bridged nucleic acid-modified antisense oligonucleotides targeting synaptotagmin XIII for intra-abdominal treatment of peritoneal metastasis of gastric cancer.,hepatic/hepatotoxicity,B,PubMed abstract,accept,general toxicity/toxicity; tolerability,True,True,B,0.93,pubmed_abstract,True,"Weekly intra-abdominal administration of ASO-4733 (125 mg/kg), corresponding to a 50-fold increase of the estimated clinical dose for 4 weeks, was well tolerated by cynomolgus monkeys.","Preclinical toxicology abstract reports tolerability after intra-abdominal ASO-4733 administration, with additional rat toxicity findings.",codex_gpt-5.5_manual_agent,accept,ni_jie,B,
298,toxicity_endpoint,297,BIIB078; NCT03626012; BIIB078-treated,39059407,,10.1016/S1474-4422(24)00216-3,"Safety, tolerability, and pharmacokinetics of antisense oligonucleotide BIIB078 in adults with C9orf72-associated amyotrophic lateral sclerosis: a phase 1, randomised, double blinded, placebo-controlled, multiple ascending dose study.",hepatic/hepatotoxicity,B,PubMed abstract,accept,adverse events/safety/tolerability,True,True,B,0.96,pubmed_abstract,True,All participants had at least one adverse event; most adverse events were mild or moderate in severity and did not lead to treatment discontinuation.,Phase 1 randomized trial abstract reports adverse events and serious/fatal adverse events after intrathecal BIIB078 administration.,codex_gpt-5.5_manual_agent,accept,ni_jie,B,
299,toxicity_endpoint,298,CCA12; ETD12,38394820,,10.1016/j.jcis.2024.02.099,A systematic study of the effect of lipid architecture on cytotoxicity and cellular uptake of cationic cubosomes.,hepatic/hepatotoxicity,B,PubMed abstract,accept,cytotoxicity/cell viability,True,True,C,0.76,pubmed_abstract,True,"In contrast, 2.5 mol% ETD12 and 2.5 mol% U12 cubosomes were generally non-toxic against both cancerous and non-cancerous cell lines over the entire concentration range tested.","Abstract reports primary cytotoxicity testing of cationic cubosome delivery particles relevant to oligonucleotide delivery, but evidence is generic and not tied to a loaded therapeutic oligo.",codex_gpt-5.5_manual_agent,reject,ni_jie,C,"Reject after curator re-read: PMID 38394820; previous accept was too weak/generic for hepatic/hepatotoxicity in CCA12; ETD12. Basis checked: Abstract reports primary cytotoxicity testing of cationic cubosome delivery particles relevant to oligonucleotide delivery, but evidence is generic and not tied to a loaded therapeutic olig?"
300,toxicity_endpoint,299,SMN2; BPP8-PMO; Cy7,38749176,,10.1016/j.biopha.2024.116737,Efficient systemic CNS delivery of a therapeutic antisense oligonucleotide with a blood-brain barrier-penetrating ApoE-derived peptide.,hepatic/hepatotoxicity,C,PubMed abstract,accept,cytotoxicity/cell viability,True,True,B,0.88,pubmed_abstract,True,The BPP-PMO conjugates significantly increased the level of full-length SMN2 in the patient-derived SMA fibroblasts in a concentration-dependent manner with minimal to no toxicity.,PubMed abstract reports minimal-to-no toxicity for therapeutic BPP-PMO conjugates in patient-derived SMA fibroblasts.,codex_gpt-5.5_manual_agent,accept,ni_jie,B,
301,toxicity_endpoint,300,Ki67,39447842,,,"Optimizing lipid nanoparticles for fetal gene delivery in vitro, ex vivo, and aided with machine learning.",hepatic/hepatotoxicity,C,PubMed abstract,accept,cell viability/cytotoxicity,True,True,B,0.88,pubmed_abstract,True,The optimized formulations appeared to be safe on ex vivo fetal lungs as indicated by insignificant changes in apoptosis (Caspase-3) and proliferation (Ki67) markers.,"Abstract reports primary ex vivo fetal lung toxicity assessment of siRNA LNP formulations, with apoptosis and proliferation markers showing no significant safety signal.",codex_gpt-5.5_manual_agent,accept,ni_jie,B,
302,toxicity_endpoint,301,PLK1,38341177,,,Targeted delivery of polo-like kinase 1 siRNA nanoparticles using an EGFR-PEG bispecific antibody inhibits proliferation of high-risk neuroblastoma.,hepatic/hepatotoxicity,C,PubMed abstract,reject,NA,False,True,NA,0.90,pubmed_abstract,False,NONE,Reject: passage mainly reports PLK1 silencing and anti-neuroblastoma efficacy; low-toxicity language describes the delivery approach generally and gives no primary measured safety endpoint.,codex_gpt-5.5_manual_agent,reject,ni_jie,C,Reject: PMID 38341177; Reject: passage mainly reports PLK1 silencing and anti-neuroblastoma efficacy; low-toxicity language describes the delivery approach generally and gives no primary measured safety endpoint.
303,toxicity_endpoint,302,PNMVA24,37994483,,,Poly(N-methyl-N-vinylacetamide): A Strong Alternative to PEG for Lipid-Based Nanocarriers Delivering siRNA.,hepatic/hepatotoxicity,C,PubMed abstract,accept,general safety/tolerability,True,True,B,0.90,pubmed_abstract,True,Safety of DSPE-PNMVA24 is confirmed at the cellular level and in animal models of zebrafish and mice.,Abstract links the siRNA carrier DSPE-PNMVA24 to observed cellular and animal safety evidence.,codex_gpt-5.5_manual_agent,accept,ni_jie,B,
304,toxicity_endpoint,303,nusinersen,37649429,,,"Safety and effectiveness of nusinersen, a treatment for spinal muscular atrophy, in 524 patients: results from an interim analysis of post-marketing surveillance in Japan.",hepatic/hepatotoxicity,B,PubMed abstract,accept,adverse events,True,True,B,0.94,pubmed_abstract,True,AEs occurred in 35.9% of patients (49.0% in infantile-onset SMA and 30.6% in later-onset SMA).,Post-marketing nusinersen surveillance reports adverse-event incidence in treated patients.,codex_gpt-5.5_manual_agent,accept,ni_jie,B,
305,toxicity_endpoint,304,nusinersen,35787224,,,"Real-world safety and effectiveness of nusinersen, a treatment for spinal muscular atrophy, in 401 Japanese patients: results from an interim analysis of post-marketing surveillance.",hepatic/hepatotoxicity,B,PubMed abstract,accept,adverse events,True,True,B,0.95,pubmed_abstract,True,The incidence proportion of AEs was 31.7% (37.3% in infantile-onset SMA and 29.1% in later-onset SMA).,Post-marketing nusinersen surveillance reports adverse-event incidence and serious AE frequency in treated patients.,codex_gpt-5.5_manual_agent,accept,ni_jie,B,
306,toxicity_endpoint,305,unspecified siRNA,39388218,,,Targeted Delivery of AR-V7 siRNA with Bivalent PSMA Aptamers Effectively Suppresses the Growth of Enzalutamide-Resistant Prostate Cancer.,hepatic/hepatotoxicity,B,PubMed abstract,reject,NA,False,True,NA,0.87,pubmed_abstract,False,NONE,Reject: passage reports AR-V7 siRNA chimera knockdown and prostate cancer xenograft efficacy; the low-toxicity statement is not a grounded primary safety result.,codex_gpt-5.5_manual_agent,reject,ni_jie,C,Reject: PMID 39388218; Reject: passage reports AR-V7 siRNA chimera knockdown and prostate cancer xenograft efficacy; the low-toxicity statement is not a grounded primary safety result.
307,toxicity_endpoint,306,MCT4,38692174,,,MCT4 knockdown by tumor microenvironment-responsive nanoparticles remodels the cytokine profile and eradicates aggressive breast cancer cells.,hepatic/hepatotoxicity,C,PubMed abstract,accept,cell viability/cytotoxicity,True,True,C,0.72,pubmed_abstract,True,"Meanwhile, the LNPs demonstrated a 5-fold higher affinity to the breast cancer cells versus the normal cells, in which they had a minimum effect.","Abstract primarily reports cancer efficacy, but gives weak comparative safety evidence indicating minimal effect in a normal cell line for the siRNA LNP treatment.",codex_gpt-5.5_manual_agent,reject,ni_jie,C,"Reject after curator re-read: PMID 38692174; previous accept was too weak/generic for hepatic/hepatotoxicity in MCT4. Basis checked: Abstract primarily reports cancer efficacy, but gives weak comparative safety evidence indicating minimal effect in a normal cell line for the siRNA LNP treatment."
308,toxicity_endpoint,307,unspecified siRNA,38197438,,,Cellular uptake and fate of cationic polymer-coated nanodiamonds delivering siRNA: a mechanistic study.,hepatic/hepatotoxicity,C,PubMed abstract,accept,cell viability/cytotoxicity,True,True,B,0.90,pubmed_abstract,True,Cop+-FND : siRNA potently inhibited the target GAPDH gene with negligible toxicity and sufficient colloidal stability.,Abstract links the siRNA nanodiamond complexes to negligible cytotoxicity/viability evidence.,codex_gpt-5.5_manual_agent,accept,ni_jie,B,
309,toxicity_endpoint,308,unspecified siRNA,38191947,,,Development and Characterization of Modified Chitosan Lipopolyplex for an Effective siRNA Delivery.,hepatic/hepatotoxicity,C,PubMed abstract,accept,hemolysis,True,True,B,0.91,pubmed_abstract,True,Developed LCAr showed ~4 times less hemolytic potential as compared to the parent polyplexes at the highest siRNA dose.,Abstract reports a measured hemolysis safety endpoint for siRNA lipopolyplex delivery complexes.,codex_gpt-5.5_manual_agent,accept,ni_jie,B,
310,toxicity_endpoint,309,unspecified siRNA,39514216,,,Engineering an Ultrasound-Responsive Glycopolymersome for Hepatocyte-Specific Gene Delivery.,hepatic/hepatotoxicity,C,PubMed abstract,reject,NA,False,True,NA,0.84,pubmed_abstract,False,NONE,"Reject: passage contains only broad safe-vector language and gene-delivery efficacy, without a primary measured toxicity or tolerability endpoint.",codex_gpt-5.5_manual_agent,reject,ni_jie,C,"Reject: PMID 39514216; Reject: passage contains only broad safe-vector language and gene-delivery efficacy, without a primary measured toxicity or tolerability endpoint."
311,toxicity_endpoint,310,unspecified siRNA,39106627,,,Construction of charge-reversible coordination-crosslinked spherical nucleic acids to deliver dual anti-cancer genes and ferroptosis payloads.,hepatic/hepatotoxicity,C,PubMed abstract,accept,general toxicity/toxicity,True,True,B,0.88,pubmed_abstract,True,"In vivo data confirmed that the dual gene delivery system successfully targeted CT-26 tumors in tumor-bearing BALB/c mice, and exhibited strong tumor suppression ability, without inducing adverse toxic effects.",Abstract reports in vivo administration of ASO/siRNA SNA delivery system with an observed absence of adverse toxic effects.,codex_gpt-5.5_manual_agent,accept,ni_jie,B,
312,toxicity_endpoint,311,LY96; SY5Y; CD4,38614225,,,Lymphocyte antigen 96: A new potential biomarker and immune target in Parkinson's disease.,hepatic/hepatotoxicity,B,PubMed abstract,reject,NA,False,False,NA,0.96,pubmed_abstract,False,NONE,Reject: siRNA is used as a lab knockdown tool to study endogenous LY96 biology in a Parkinson disease cell model; viability changes are not oligo safety evidence.,codex_gpt-5.5_manual_agent,reject,ni_jie,C,Reject: PMID 38614225; Reject: siRNA is used as a lab knockdown tool to study endogenous LY96 biology in a Parkinson disease cell model; viability changes are not oligo safety evidence.
313,toxicity_endpoint,312,PCSK9; GN3; MC3-LNP,37951519,,,Engineering a biomimetic system for hepatocyte-specific RNAi treatment of non-alcoholic fatty liver disease.,hepatic/hepatotoxicity,C,PubMed abstract,accept,hepatic/hepatotoxicity,True,True,B,0.90,pubmed_abstract,True,"Having optimized the GalNAc-engineering strategy, insertion orders, and cell membrane source, we obtained the best-performing GalNAc-formulations allowing strong hepatocyte-specific internalization with reduced Kupffer cell capture, resulting in robust gene silencing and less hepatotoxicity when compared with cationic lipid-based GalNAc-formulations.",Abstract links PCSK9 siRNA biomimetic GalNAc formulations to reduced hepatotoxicity compared with cationic lipid-based formulations.,codex_gpt-5.5_manual_agent,accept,ni_jie,B,
314,toxicity_endpoint,313,CYP2E1; AML12,39366156,,,Artemisia Argyi essential oil ameliorates acetaminophen-induced hepatotoxicity via CYP2E1 and γ-glutamyl cycle reprogramming.,hepatic/hepatotoxicity,C,PubMed abstract,reject,NA,True,False,NA,0.97,pubmed_abstract,False,NONE,Reject: study concerns Artemisia argyi essential oil protection from acetaminophen hepatotoxicity; CYP2E1 siRNA is only a mechanistic lab knockdown tool.,codex_gpt-5.5_manual_agent,reject,ni_jie,C,Reject: PMID 39366156; Reject: study concerns Artemisia argyi essential oil protection from acetaminophen hepatotoxicity; CYP2E1 siRNA is only a mechanistic lab knockdown tool.
315,toxicity_endpoint,314,unspecified siRNA,39521158,,,Cysteamine functionalized gold nanoparticles exhibit high efficiency delivery of genetic materials in embryonic stem cells majorly via clathrin mediated endocytosis.,hepatic/hepatotoxicity,C,PubMed abstract,accept,cell viability/cytotoxicity,True,True,B,0.86,pubmed_abstract,True,The nanoparticles exhibit no cytotoxicity and can bind to both plasmid DNA (pDNA) as well as small interference RNA (siRNA).,Abstract reports no cytotoxicity for gold nanoparticle vehicles that deliver siRNA and pDNA.,codex_gpt-5.5_manual_agent,accept,ni_jie,B,
316,toxicity_endpoint,315,unspecified siRNA,39031853,,,A Metal-Phenolic Network-Enabled Nanoadjuvant to Modulate Immune Responses.,general toxicity/toxicity,C,PubMed abstract sentence 4,accept,organ toxicity,True,True,B,0.88,pubmed_abstract,True,"Combining the adjuvanticity of aluminum and CpG with RNA interference and MPN coating results in a nanoadjuvant that exhibits greater accumulation in lymph nodes and elicits improved maturation of dendritic cells in comparison to a formulation without siRNA or MPN, and with no observable organ toxicity.",Abstract reports in vivo nanoadjuvant safety for CpG/siRNA formulation with no observable organ toxicity.,codex_gpt-5.5_manual_agent,accept,ni_jie,B,
317,toxicity_endpoint,316,HT29,38898204,,,"Development, Optimization, and in vitro Evaluation of Silybin-loaded PLGA Nanoparticles and Decoration with 5TR1 Aptamer for Targeted Delivery to Colorectal Cancer Cells.",general safety/cell viability/cytotoxicity,C,PubMed abstract sentence 9,reject,NA,False,False,NA,0.96,pubmed_abstract,False,NONE,"Reject: 5TR1 aptamer is a targeting ligand for silybin nanoparticle delivery, and cancer-cell cytotoxicity is anti-cancer efficacy rather than therapeutic oligo toxicity.",codex_gpt-5.5_manual_agent,reject,ni_jie,C,"Reject: PMID 38898204; Reject: 5TR1 aptamer is a targeting ligand for silybin nanoparticle delivery, and cancer-cell cytotoxicity is anti-cancer efficacy rather than therapeutic oligo toxicity."
318,toxicity_endpoint,317,NCT03218995,37207382,,,"Safety, tolerability and pharmacokinetics of eteplirsen in young boys aged 6-48 months with Duchenne muscular dystrophy amenable to exon 51 skipping.",renal/renal safety,B,PubMed abstract,accept,renal/renal safety,True,True,B,0.96,pubmed_abstract,True,"All 15 participants completed the study. Eteplirsen was well tolerated with no treatment-related discontinuations, deaths or evidence of kidney toxicity.",Clinical eteplirsen study reports tolerability and absence of kidney toxicity in treated boys.,codex_gpt-5.5_manual_agent,accept,ni_jie,B,
319,toxicity_endpoint,318,HepG2,37871289,,,Bioresponsive Chimaeric Polymersomes Mediate Sustained and Liver-Specific siRNA Transfection In Vivo.,hepatic/hepatotoxicity,C,PubMed abstract,accept,cell viability/cytotoxicity,True,True,B,0.89,pubmed_abstract,True,siApoB-Loaded BCP (BCP-siApoB) outperformed lipofectamine counterparts and silenced 93% of ApoB mRNA in HepG2 cells at 50 nM siApoB without inducing cytotoxicity.,Abstract reports siApoB-loaded polymersomes achieved transfection in liver cells without inducing cytotoxicity.,codex_gpt-5.5_manual_agent,accept,ni_jie,B,
320,toxicity_endpoint,319,unspecified siRNA,36415122,,,"Pharmacokinetics, Safety, and Tolerability of the siRNA JNJ-73763989 in Healthy Chinese Adult Participants.",hepatic/hepatotoxicity,B,PubMed abstract,accept,adverse events,True,True,B,0.96,pubmed_abstract,True,"All treatment-emergent adverse events (AEs) were mild and resolved by study end, and no AEs or serious AEs resulted in premature study discontinuation or death.",Phase 1 JNJ-73763989 siRNA study reports treatment-emergent AE severity and no discontinuation or death.,codex_gpt-5.5_manual_agent,accept,ni_jie,B,
321,toxicity_endpoint,320,NCT03338816; givosiran,37479139,,,Efficacy and safety of givosiran for acute hepatic porphyria: Final results of the randomized phase III ENVISION trial.,hepatic/hepatotoxicity,B,PubMed abstract,accept,general safety/tolerability,True,True,B,0.88,pubmed_abstract,True,Safety findings demonstrated a continued positive risk/benefit profile for givosiran.,Phase 3 extension abstract reports long-term givosiran safety findings with continued positive risk-benefit profile.,codex_gpt-5.5_manual_agent,accept,ni_jie,B,
322,toxicity_endpoint,321,BldA50M50; MixA50; MixD50,37437196,,,Blended Block Polycation Micelles Enhance Antisense Oligonucleotide Delivery.,hepatic/hepatotoxicity,C,PubMed abstract,accept,general toxicity/toxicity,True,True,B,0.84,pubmed_abstract,True,"We observed a large increase in transfection and minimal change in toxicity when M was mixed with D at a low percentage of D incorporation in mixed diblock micelles (i.e., BldD20M80) compared to D100 and MixD20+M80.",Abstract reports a measured toxicity comparison for ASO-delivery micelle formulations.,codex_gpt-5.5_manual_agent,accept,ni_jie,C,Grade adjusted B->C: PMID 37437196; weak/generic or abstract-limited support for hepatic/hepatotoxicity.
323,toxicity_endpoint,322,NCT03417102; fitusiran,37003287,,,"Efficacy and safety of fitusiran prophylaxis in people with haemophilia A or haemophilia B with inhibitors (ATLAS-INH): a multicentre, open-label, randomised phase 3 trial.",hepatic/hepatotoxicity,B,PubMed abstract,accept,hepatic/hepatotoxicity,True,True,B,0.96,pubmed_abstract,True,The most frequent treatment-emergent adverse event in the fitusiran prophylaxis group was increased alanine aminotransferase in 13 (32%) of 41 participants in the safety population; there were no increased alanine aminotransferase treatment-emergent adverse events in the bypassing agents on-demand group.,Phase 3 fitusiran trial reports treatment-emergent ALT elevation and thromboembolic safety events.,codex_gpt-5.5_manual_agent,accept,ni_jie,B,
324,toxicity_endpoint,323,CpG55; rH7HA,37659896,,,Developmental and reproductive safety of Advax-CpG55.2™ adjuvanted COVID-19 and influenza vaccines in mice.,hepatic/hepatotoxicity,C,PubMed abstract,accept,developmental/reproductive safety,True,True,B,0.90,pubmed_abstract,True,No adverse effects of any of the vaccine formulations were observed in the immunized dams or their pups.,Mouse DART study reports developmental and reproductive safety of CpG55.2-adjuvanted vaccine formulations.,codex_gpt-5.5_manual_agent,accept,ni_jie,B,
325,toxicity_endpoint,324,pelacarsen,36529659,,,Efficacy and safety of pelacarsen in lowering Lp(a) in healthy Japanese subjects.,hepatic/hepatotoxicity,B,PubMed abstract,accept,general safety/tolerability,True,True,B,0.95,pubmed_abstract,True,No serious adverse events or clinically relevant abnormalities in any laboratory parameters were noted.,Clinical pelacarsen study reports safety/tolerability with no serious adverse events or clinically relevant lab abnormalities.,codex_gpt-5.5_manual_agent,accept,ni_jie,B,
326,toxicity_endpoint,325,unspecified siRNA,36541426,,10.1002/biot.202200415,Analysis of polymeric nanoparticle properties for siRNA/DNA delivery in a tumor xenograft tissue slice air-liquid interface model.,hepatic/hepatotoxicity,C,PubMed abstract sentence 5,reject,NA,True,False,NA,0.93,pubmed_abstract,False,NONE,"Reject: passage reports cytotoxicity/biocompatibility of generic PEI nanoparticles in a tumor tissue-slice delivery test system, but no named therapeutic oligonucleotide or therapeutic delivery product safety result is grounded.",codex_gpt-5.5_manual_agent,reject,ni_jie,C,"Reject: PMID 36541426; Reject: passage reports cytotoxicity/biocompatibility of generic PEI nanoparticles in a tumor tissue-slice delivery test system, but no named therapeutic oligonucleotide or therapeutic delivery product safety result is grounded."
327,toxicity_endpoint,326,CL1H6; CL1H6-LNP,34592399,,10.1016/j.ijpharm.2021.121140,The hydrophobic tail of a pH-sensitive cationic lipid influences siRNA transfection activity and toxicity in human NK cell lines.,hepatic/hepatotoxicity,B,PubMed abstract,accept,cell viability/cytotoxicity,True,True,B,0.86,pubmed_abstract,True,"We report here on the development of a siRNA-loaded lipid nanoparticle (LNP) composed of CL1H6 (CL1H6-LNP), an optimized, pH-sensitive cationic lipid, with efficient gene silencing and low cytotoxicity in NK-92 cells.",Abstract reports measured low cytotoxicity/cell viability for the named CL1H6-LNP siRNA delivery product in NK-92 cells.,codex_gpt-5.5_manual_agent,accept,ni_jie,B,
328,toxicity_endpoint,327,unspecified antisense oligonucleotide,34060347,,10.1177/01926233211011615,"Safety, Tissue Distribution, and Metabolism of LNA-Containing Antisense Oligonucleotides in Rats.",hepatic/hepatotoxicity,C,PubMed abstract,accept,hepatic/renal toxicity and immunostimulation,True,True,B,0.90,pubmed_abstract,True,This study reveals different patterns of cell death associated with toxicity in liver (apoptosis and necrosis) and kidney (necrosis only),Abstract describes administered LNA-containing ASOs in rats with observed liver and kidney toxicity patterns and immune effects.,codex_gpt-5.5_manual_agent,accept,ni_jie,B,
329,toxicity_endpoint,328,GalNAc3; GalNAc3-MOE; GalNAc3-conjugated,33431610,,10.1124/jpet.120.000222,"Safety, Pharmacokinetic, and Pharmacodynamic Evaluation of a 2'-(2-Methoxyethyl)-D-ribose Antisense Oligonucleotide-Triantenarry N-Acetyl-galactosamine Conjugate that Targets the Human Transmembrane Protease Serine 6.",hepatic/hepatotoxicity,B,PubMed abstract,accept,general safety/tolerability; hepatic and platelet tolerability,True,True,B,0.92,pubmed_abstract,True,"Suprapharmacologic doses of ISIS 702843 were well tolerated in NHPs after chronic dosing, and the data indicate that the overall safety profile is very similar to that of the unconjugated 2'-(2-methoxyethyl)-D-ribose (2'-MOE) ASOs.",Abstract reports chronic NHP toxicity/tolerability for the named GalNAc3-MOE ASO ISIS 702843.,codex_gpt-5.5_manual_agent,accept,ni_jie,B,
330,toxicity_endpoint,329,NCT02300233; volanesorsen,33798466,,10.1016/S2213-8587(21)00046-2,"Efficacy and safety of volanesorsen in patients with multifactorial chylomicronaemia (COMPASS): a multicentre, double-blind, randomised, placebo-controlled, phase 3 trial.",hepatic/hepatotoxicity,B,PubMed abstract,accept,adverse events/platelet toxicity,True,True,B,0.95,pubmed_abstract,True,The most common adverse events were related to tolerability and included injection-site reactions,"Randomized phase 3 abstract reports treatment-emergent tolerability adverse events for volanesorsen, including injection-site reactions and serious platelet/serum-sickness events.",codex_gpt-5.5_manual_agent,accept,ni_jie,B,
331,toxicity_endpoint,330,TPPS2a; TPPS2a-,34437914,,10.1016/j.jconrel.2021.08.039,TNFα siRNA delivery by nanoparticles and photochemical internalization for psoriasis topical therapy.,hepatic/hepatotoxicity,C,PubMed abstract,accept,cell viability/cytotoxicity,True,True,B,0.84,pubmed_abstract,True,"In addition, these materials did not present cellular toxicity and showed high cellular uptake.",Abstract reports cellular toxicity testing for the PLN-TPPS2a-TNF? siRNA topical delivery system.,codex_gpt-5.5_manual_agent,accept,ni_jie,C,Grade adjusted B->C: PMID 34437914; weak/generic or abstract-limited support for hepatic/hepatotoxicity.
332,toxicity_endpoint,331,PNPLA3; rs738409; Pnpla3-deficient,34297902,,10.1089/nat.2021.0026,Identification and Optimization of a Minor Allele-Specific siRNA to Prevent PNPLA3 I148M-Driven Nonalcoholic Fatty Liver Disease.,hepatic/hepatotoxicity,C,PubMed abstract,reject,NA,False,True,NA,0.94,pubmed_abstract,False,NONE,"Reject: passage reports PNPLA3 allele-specific siRNA discovery, knockdown, and NASH disease-phenotype prevention; the only safety statement is an unknown concern, not a measured oligo toxicity endpoint.",codex_gpt-5.5_manual_agent,reject,ni_jie,C,"Reject: PMID 34297902; Reject: passage reports PNPLA3 allele-specific siRNA discovery, knockdown, and NASH disease-phenotype prevention; the only safety statement is an unknown concern, not a measured oligo toxicity endpoint."
333,toxicity_endpoint,332,unspecified antisense oligonucleotide,33084520,,10.1177/0192623320964391,Urinary Kidney Biomarker Panel Detects Preclinical Antisense Oligonucleotide-Induced Tubular Toxicity.,hepatic/hepatotoxicity,C,PubMed abstract,accept,renal toxicity,True,True,B,0.93,pubmed_abstract,True,"Dosing 50 mg/kg of the tool ASO resulted in mild proximal tubular pathology and elevations in KIM-1, clusterin, NGAL, and cystatin C.",Abstract reports administered constrained ethyl ASO causing measured kidney pathology and urinary biomarker elevations in mice.,codex_gpt-5.5_manual_agent,accept,ni_jie,B,
334,toxicity_endpoint,333,NCT01737398; Inotersen,32833564,,10.1089/nat.2020.0867,"Immunogenicity Assessment of Inotersen, a 2'-O-(2-Methoxyethyl) Antisense Oligonucleotide in Animals and Humans: Effect on Pharmacokinetics, Pharmacodynamics, and Safety.",hepatic/hepatotoxicity,B,PubMed abstract,accept,immunogenicity/platelet/complement safety,True,True,B,0.92,pubmed_abstract,True,"Finally, no association was observed between IM and toxicity findings (eg, platelet, complement activation, and histopathology findings) in the inotersen 9-month monkey study.",Abstract reports inotersen immunogenicity assessment linked to toxicity and safety endpoints in nonclinical and clinical studies.,codex_gpt-5.5_manual_agent,accept,ni_jie,B,
335,toxicity_endpoint,334,unspecified siRNA,31877238,,10.1002/jat.3938,Safety of bovine milk derived extracellular vesicles used for delivery of RNA therapeutics in zebrafish and mice.,hepatic/hepatotoxicity,C,PubMed abstract,accept,general safety/mortality/immunotoxicity,True,True,B,0.86,pubmed_abstract,True,"There was a lack of discernable toxicity, mortality and systemic inflammatory or immunological responses in mice following administration of either MNVs or tMNVs.",Abstract reports in vivo toxicology and immune/mortality safety outcomes for siRNA-loaded therapeutic milk nanovesicles.,codex_gpt-5.5_manual_agent,accept,ni_jie,B,
336,toxicity_endpoint,335,BK12,32907491,,10.1089/nat.2020.0870,Delivery of Antisense DNA into Pathogenic Parasite Trypanosoma cruzi Using Virus-Like Protein-Based Nanoparticles.,hepatic/hepatotoxicity,C,PubMed abstract,reject,NA,True,False,NA,0.88,pubmed_abstract,False,NONE,"Reject: cytotoxicity is reported for a virus-like protein carrier in T. cruzi AON transfection/biological-study development, not a therapeutic oligonucleotide safety result in scope.",codex_gpt-5.5_manual_agent,reject,ni_jie,C,"Reject: PMID 32907491; Reject: cytotoxicity is reported for a virus-like protein carrier in T. cruzi AON transfection/biological-study development, not a therapeutic oligonucleotide safety result in scope."
337,toxicity_endpoint,336,Bcl2,32529417,,10.1007/s11095-020-02846-4,Enhancement of Liposomal Plasmid DNA and siRNA Delivery by Itraconazole through Intracellular Cholesterol Accumulation.,hepatic/hepatotoxicity,C,PubMed abstract,reject,NA,False,False,NA,0.91,pubmed_abstract,False,NONE,Reject: itraconazole/pDNA/Bcl2 siRNA passage focuses on delivery enhancement and cholesterol trafficking; it gives no grounded primary toxicity result for an in-scope oligo product.,codex_gpt-5.5_manual_agent,reject,ni_jie,C,Reject: PMID 32529417; Reject: itraconazole/pDNA/Bcl2 siRNA passage focuses on delivery enhancement and cholesterol trafficking; it gives no grounded primary toxicity result for an in-scope oligo product.
338,toxicity_endpoint,337,unspecified antisense oligonucleotide,29708844,,10.1089/nat.2017.0706,Chronic Toxicity Assessment of 2'-O-Methoxyethyl Antisense Oligonucleotides in Mice.,general safety/safety/tolerability,C,PubMed abstract,accept,general safety/tolerability,True,True,B,0.88,pubmed_abstract,True,"The results show that these 2'-MOE ASOs selected for development have consistent behavior between sequences, have tolerability profiles suitable for chronic administration",Abstract reports chronic toxicity/tolerability assessment of multiple development-stage 2-prime-MOE ASOs in mice.,codex_gpt-5.5_manual_agent,accept,ni_jie,B,
339,toxicity_endpoint,338,Malat1-targeting,30095329,,10.1089/nat.2018.0724,Role of Computationally Evaluated Target Specificity in the Hepatotoxicity of Gapmer Antisense Oligonucleotides.,hepatic/hepatotoxicity,C,PubMed abstract,accept,hepatic/hepatotoxicity,True,True,B,0.84,pubmed_abstract,True,"We had expected that higher specificity gapmers would have lower hepatotoxicity, but these factors were not significantly related.",Abstract reports primary evaluation of hepatotoxicity relationships across Malat1-targeting gapmer ASOs.,codex_gpt-5.5_manual_agent,accept,ni_jie,C,Grade adjusted B->C: PMID 30095329; weak/generic or abstract-limited support for hepatic/hepatotoxicity.
340,toxicity_endpoint,339,unspecified antisense oligonucleotide,29360004,,10.1089/nat.2017.0698,Cholesterol-GalNAc Dual Conjugation Strategy for Reducing Renal Distribution of Antisense Oligonucleotides.,hepatic/hepatotoxicity,C,PubMed abstract,reject,NA,False,True,NA,0.90,pubmed_abstract,False,NONE,Reject: passage measures renal distribution/pharmacokinetic redirection of ASOs and only infers nephrotoxic potential; PK/biodistribution without measured toxicity is excluded.,codex_gpt-5.5_manual_agent,reject,ni_jie,C,Reject: PMID 29360004; Reject: passage measures renal distribution/pharmacokinetic redirection of ASOs and only infers nephrotoxic potential; PK/biodistribution without measured toxicity is excluded.
341,toxicity_endpoint,340,unspecified siRNA,28986168,,10.1016/j.jconrel.2017.09.044,Highly specific delivery of siRNA to hepatocytes circumvents endothelial cell-mediated lipid nanoparticle-associated toxicity leading to the safe and efficacious decrease in the hepatitis B virus.,hepatic/hepatotoxicity,C,PubMed abstract,accept,hepatic/immune toxicity,True,True,B,0.91,pubmed_abstract,True,which resulted in a substantial improvement of hepatocyte-specificity and in a dramatic reduction in toxicity.,Abstract reports in vivo LNP-associated hepatotoxic cascade after siRNA delivery and mitigation by GalNAc/PEG LNP design.,codex_gpt-5.5_manual_agent,accept,ni_jie,B,
342,toxicity_endpoint,341,HepG2,27923110,,10.1089/nat.2016.0639,"Impact of Oligonucleotide Structure, Chemistry, and Delivery Method on In Vitro Cytotoxicity.",hepatic/hepatotoxicity,C,PubMed abstract,accept,cell viability/cytotoxicity and genotoxicity/DNA damage response,True,True,B,0.90,pubmed_abstract,True,"ss PS-ONs were more cytotoxic than double-stranded (ds) PS-ONs, irrespective of the 2'-ribose chemistry, inclusive of the 2'-F modification.","Abstract reports measured in vitro cytotoxicity and DSB outcomes across oligonucleotide structures, chemistries, and delivery methods.",codex_gpt-5.5_manual_agent,accept,ni_jie,B,
343,toxicity_endpoint,342,unspecified antisense oligonucleotide,28295562,,10.1002/em.22076,Locked nucleic acid (LNA): Based single-stranded oligonucleotides are not genotoxic.,genotoxicity/DNA damage response,C,PubMed abstract sentence 2,accept,genotoxicity/DNA damage response,True,True,B,0.91,pubmed_abstract,True,None of the experiments demonstrated a genotoxic effect for the five tested LNA-ONs.,Abstract reports standard genotoxicity assays for LNA oligonucleotides with negative primary findings.,codex_gpt-5.5_manual_agent,accept,ni_jie,B,
344,toxicity_endpoint,343,KL4,29121767,,10.1021/acs.molpharmaceut.7b00725,"From Pulmonary Surfactant, Synthetic KL4 Peptide as Effective siRNA Delivery Vector for Pulmonary Delivery.",hepatic/hepatotoxicity,C,PubMed abstract,accept,cell viability/cytotoxicity and immune response,True,True,B,0.87,pubmed_abstract,True,There was no sign of cytotoxicity or immune response caused by KL4 and KL4/siRNA complexes.,Abstract reports cytotoxicity and immune-response testing for the KL4/siRNA pulmonary delivery complexes.,codex_gpt-5.5_manual_agent,accept,ni_jie,B,
345,toxicity_endpoint,344,unspecified antisense oligonucleotide,27854228,,10.3233/JND-160157,Toxicological Characterization of Exon Skipping Phosphorodiamidate Morpholino Oligomers (PMOs) in Non-human Primates.,hepatic/hepatotoxicity,B,PubMed abstract,accept,renal toxicity/general safety,True,True,B,0.94,pubmed_abstract,True,"Findings in these studies were limited to the kidneys, with a common presentation of tubular basophilia, vacuolation, and/or minimal degeneration that was considered non-adverse.","Abstract reports repeated-dose NHP toxicology for PMOs SRP-4045, SRP-4053, and eteplirsen with kidney and systemic safety endpoints.",codex_gpt-5.5_manual_agent,accept,ni_jie,B,
346,toxicity_endpoint,345,Myo1E,24336348,,10.1093/toxsci/kft278,Comparison of hepatic transcription profiles of locked ribonucleic acid antisense oligonucleotides: evidence of distinct pathways contributing to non-target mediated toxicity in mice.,hepatic/hepatotoxicity,C,PubMed abstract,accept,hepatic/hepatotoxicity,True,True,B,0.93,pubmed_abstract,True,"After repeated administration, a toxic LNA gapmer (TS-2), but not a non-toxic LNA gapmer (NTS-1), caused hepatocyte necrosis and increased serum alanine aminotransferase levels.",Abstract reports administered toxic and non-toxic LNA gapmers in mice with measured hepatocyte necrosis and ALT changes.,codex_gpt-5.5_manual_agent,accept,ni_jie,B,
347,toxicity_endpoint,346,NCT01153932; drisapersen,25209738,,10.1016/S1474-4422(14)70195-4,"Safety and efficacy of drisapersen for the treatment of Duchenne muscular dystrophy (DEMAND II): an exploratory, randomised, placebo-controlled phase 2 study.",hepatic/hepatotoxicity,B,PubMed abstract,accept,adverse events/renal safety,True,True,B,0.94,pubmed_abstract,True,"The most common adverse events in drisapersen-treated patients were injection-site reactions (14 patients given continuous drisapersen, 15 patients given intermittent drisapersen, and six given placebo) and renal events (13 for continuous drisapersen, 12 for intermittent drisapersen, and seven for placebo), most of which were subclinical proteinuria.",Randomized placebo-controlled phase 2 abstract reports adverse events and renal monitoring for drisapersen.,codex_gpt-5.5_manual_agent,accept,ni_jie,B,
348,toxicity_endpoint,347,unspecified antisense oligonucleotide,24932560,,10.3109/08958378.2014.907587,Local and systemic tolerability of a 2'O-methoxyethyl antisense oligonucleotide targeting interleukin-4 receptor-α delivery by inhalation in mouse and monkey.,hepatic/hepatotoxicity,B,PubMed abstract,accept,local/systemic tolerability,True,True,B,0.93,pubmed_abstract,True,"Systemic bioavailability was minimal, and no systemic toxicity was observed at exposure levels appreciably above pharmacological doses and doses proposed for clinical trials.",Abstract reports repeat-dose inhalation tolerability studies of IL-4R?-targeting ASOs in mouse and monkey.,codex_gpt-5.5_manual_agent,accept,ni_jie,B,
349,toxicity_endpoint,348,DM1; MBNL1,23308382,,10.1089/nat.2012.0404,Systemic delivery of a Peptide-linked morpholino oligonucleotide neutralizes mutant RNA toxicity in a mouse model of myotonic dystrophy.,hepatic/hepatotoxicity,C,PubMed abstract,reject,NA,False,True,NA,0.95,pubmed_abstract,False,NONE,"Reject: passage concerns neutralization of pathogenic mutant RNA toxicity and disease efficacy in myotonic dystrophy, not toxicity or safety of the administered PPMO oligonucleotide.",codex_gpt-5.5_manual_agent,reject,ni_jie,C,"Reject: PMID 23308382; Reject: passage concerns neutralization of pathogenic mutant RNA toxicity and disease efficacy in myotonic dystrophy, not toxicity or safety of the administered PPMO oligonucleotide."
350,toxicity_endpoint,349,STAT3,23692080,,10.1089/nat.2013.0422,Preclinical evaluation of the toxicological effects of a novel constrained ethyl modified antisense compound targeting signal transducer and activator of transcription 3 in mice and cynomolgus monkeys.,hepatic/hepatotoxicity,C,PubMed abstract,accept,renal/hepatic/immune/coagulation toxicity,True,True,B,0.94,pubmed_abstract,True,"Minimal to slight proximal tubular epithelial cell degeneration and regeneration within the kidney was observed, which had no impact on renal function and showed reversibility at the end of the treatment-free period.","Abstract reports mouse and monkey toxicology studies for the named STAT3 ASO ISIS 481464 with renal, hepatic, cytokine, complement, and coagulation findings.",codex_gpt-5.5_manual_agent,accept,ni_jie,B,
351,toxicity_endpoint,350,CD40; CD86,21982682,,10.1016/j.urolonc.2011.09.002,Immunostimulatory CpG-DNA and PSA-peptide vaccination elicits profound cytotoxic T cell responses.,hepatic/hepatotoxicity,C,PubMed abstract,reject,none,False,True,NA,0.86,pubmed_abstract,False,NONE,"CpG-DNA is used as a vaccine adjuvant and the reported cytotoxicity/cytokine readouts are immunotherapy efficacy or immune activation, not primary safety/toxicity/tolerability evidence linked to the oligo.",codex_gpt-5.5_manual_agent,reject,ni_jie,C,"Reject: PMID 21982682; CpG-DNA is used as a vaccine adjuvant and the reported cytotoxicity/cytokine readouts are immunotherapy efficacy or immune activation, not primary safety/toxicity/tolerability evidence linked to the oligo."
352,toxicity_endpoint,351,Myd88-deficient; MDA5; LGP2,22505629,,10.1124/jpet.112.193789,Unique O-methoxyethyl ribose-DNA chimeric oligonucleotide induces an atypical melanoma differentiation-associated gene 5-dependent induction of type I interferon response.,hepatic/hepatotoxicity,B,PubMed abstract,accept,hepatic/hepatotoxicity; immune/cytokine/inflammatory toxicity,True,True,B,0.94,pubmed_abstract,True,followed by acute transaminitis and extensive hepatocyte apoptosis and necrosis at 72 h,"PubMed abstract reports sequence-specific administered ASO ISIS 147420 causing inflammatory response, IFN-beta induction, ALT increase, transaminitis, and hepatic apoptosis/necrosis.",codex_gpt-5.5_manual_agent,accept,ni_jie,B,
353,toxicity_endpoint,352,unspecified antisense oligonucleotide,22246038,,10.1182/blood-2011-10-387134,Antisense inhibition of coagulation factor XI prolongs APTT without increased bleeding risk in cynomolgus monkeys.,hepatic/hepatotoxicity,C,PubMed abstract,accept,platelet/coagulation/bleeding safety; general safety/safety/tolerability,True,True,B,0.90,pubmed_abstract,True,"with no effects on PT, platelets, or increased bleeding following partial tail amputation or gum and skin laceration","Primary preclinical monkey abstract reports administered FXI ASO ISIS 416858 and directly measured coagulation, platelet, bleeding, histology, and safety outcomes.",codex_gpt-5.5_manual_agent,accept,ni_jie,B,
354,toxicity_endpoint,353,unspecified antisense oligonucleotide,20886212,,10.1007/s00280-010-1473-z,"Preclinical toxicity and toxicokinetics of GTI-2040, a phosphorothioate oligonucleotide targeting ribonucleotide reductase R2.",hepatic/hepatotoxicity,B,PubMed abstract,accept,complement activation; coagulation/APTT; hepatic/renal/spleen toxicity,True,True,B,0.95,pubmed_abstract,True,"In monkeys, there was a dose-related increase in GTI-2040 plasma levels with concomitant increase in complement activation and prolongation of activated partial thromboplastin time.","Primary preclinical toxicology abstract reports administered therapeutic phosphorothioate oligo GTI-2040 with complement activation, APTT prolongation, organ toxicity, reversibility, and NOAEL.",codex_gpt-5.5_manual_agent,accept,ni_jie,B,
355,toxicity_endpoint,354,unspecified antisense oligonucleotide,21540336,,10.1177/1091581811403505,"Repeat-dose toxicology evaluation in cynomolgus monkeys of AVI-4658, a phosphorodiamidate morpholino oligomer (PMO) drug for the treatment of duchenne muscular dystrophy.",renal/renal safety,B,PubMed abstract,accept,renal/renal safety; general safety/safety/tolerability,True,True,B,0.94,pubmed_abstract,True,"Drug-related microscopic renal effects were dose-dependent, apparently reversible",Primary repeat-dose monkey toxicology abstract reports administered PMO AVI-4658 with renal microscopic findings and broad tolerability endpoints.,codex_gpt-5.5_manual_agent,accept,ni_jie,B,
356,toxicity_endpoint,355,unspecified antisense oligonucleotide,21540335,,10.1177/1091581811403504,Chemical and mechanistic toxicology evaluation of exon skipping phosphorodiamidate morpholino oligomers in mdx mice.,renal/renal safety,B,PubMed abstract,accept,renal/renal safety; general safety/safety/tolerability,True,True,B,0.93,pubmed_abstract,True,Both AVI-4658 and AVI-4225 were well-tolerated at all doses.,Primary mdx/wild-type mouse toxicology abstract reports administered PMOs AVI-4658/AVI-4225 with tolerability and mild reversible renal tubular findings.,codex_gpt-5.5_manual_agent,accept,ni_jie,B,
357,toxicity_endpoint,356,unspecified antisense oligonucleotide,41863245,,10.2174/0115665232388456251203140240,"Challenges in the Stability, Safety, and Efficacy of Antisense Oligonucleotide Therapeutics.",hepatic/hepatotoxicity,C,PubMed abstract,reject,general safety/safety/tolerability,True,True,NA,0.89,pubmed_abstract,False,NONE,"Review article about ASO stability, safety concerns, and adverse effects; no primary observed/administered/measured toxicity result for a specific therapeutic oligo product.",codex_gpt-5.5_manual_agent,reject,ni_jie,C,"Reject: PMID 41863245; Review article about ASO stability, safety concerns, and adverse effects; no primary observed/administered/measured toxicity result for a specific therapeutic oligo product."
358,toxicity_endpoint,357,log10; NCT06115993; CTR20232098,42176239,,10.1007/s12072-026-11102-7,"Safety, pharmacokinetics and antiviral activity of AHB‑137 in healthy volunteers and chronic hepatitis B patients: a phase 1a/1b study.",hepatic/hepatotoxicity,B,PubMed abstract,accept,general safety/safety/tolerability; adverse events; hepatic/liver enzyme safety,True,True,B,0.94,pubmed_abstract,True,"No serious adverse events, deaths or discontinuations occurred.","Phase 1a/1b abstract reports administered antisense oligonucleotide AHB-137 in volunteers and CHB patients with safety, adverse events, and transaminase outcomes.",codex_gpt-5.5_manual_agent,accept,ni_jie,B,
359,toxicity_endpoint,358,PCSK9; NCT04652726; inclisiran,41616799,,10.1016/S2213-8587(25)00351-1,"Efficacy and safety of inclisiran in adolescents with heterozygous familial hypercholesterolaemia (ORION-16): a two-part, randomised, multicentre clinical trial.",hepatic/hepatotoxicity,B,PubMed abstract,accept,general safety/safety/tolerability; adverse events; injection-site reactions,True,True,B,0.95,pubmed_abstract,True,"Inclisiran was well tolerated, with a safety profile comparable to studies in adults.","Phase 3 clinical trial abstract reports administered inclisiran in adolescents with safety assessment, injection-site reactions, serious adverse events, and deaths.",codex_gpt-5.5_manual_agent,accept,ni_jie,B,
360,toxicity_endpoint,359,DUX4; iDUX4pA,42198843,,10.1016/j.ymthe.2026.05.010,Lipid nanoparticle delivery of antisense gapmers attenuates pathology in a mouse model of facioscapulohumeral muscular dystrophy.,hepatic/hepatotoxicity,C,PubMed abstract,accept,general safety/safety/tolerability,True,True,B,0.78,pubmed_abstract,True,while maintaining a favorable safety profile.,"Primary in vivo abstract reports LNP-mediated therapeutic ASO gapmer delivery in FSHD model and links the delivery approach to a favorable safety profile, though safety detail is weak.",codex_gpt-5.5_manual_agent,accept,ni_jie,C,Grade adjusted B->C: PMID 42198843; weak/generic or abstract-limited support for hepatic/hepatotoxicity.
361,toxicity_endpoint,360,PCSK9; inclisiran,42141407,,10.1186/s12872-026-05931-5,Comparative effectiveness and safety of inclisiran versus evolocumab and alirocumab: a 180-day real-world study.,hepatic/hepatotoxicity,B,PubMed abstract,accept,general safety/safety/tolerability,True,True,B,0.89,pubmed_abstract,True,All therapies were well-tolerated with no new safety signals.,Real-world comparative clinical abstract reports inclisiran treatment and safety/tolerability outcomes versus PCSK9 monoclonal antibodies.,codex_gpt-5.5_manual_agent,accept,ni_jie,B,
362,toxicity_endpoint,361,AUC0-inf; Zerlasiran,42108101,,10.5551/jat.66214,"A Phase 1 Study Evaluating the Pharmacokinetics, Pharmacodynamics, and Safety of Zerlasiran in Japanese Participants.",hepatic/hepatotoxicity,B,PubMed abstract,accept,general safety/safety/tolerability; hepatic/renal safety; adverse events,True,True,B,0.95,pubmed_abstract,True,No adverse effects on either the liver or kidney function were observed.,Phase 1 single-dose trial abstract reports administered GalNAc-siRNA zerlasiran with adverse events and liver/kidney safety findings.,codex_gpt-5.5_manual_agent,accept,ni_jie,B,
363,toxicity_endpoint,362,Inclisiran,41860775,,10.2459/JCM.0000000000001852,Inclisiran safety and efficacy in real-world clinical practice: results of a retrospective observational investigation.,general safety/safety/tolerability,B,PubMed abstract,accept,general safety/safety/tolerability; adverse events,True,True,B,0.90,pubmed_abstract,True,Adverse effects (5.8%) were mild.,Real-world inclisiran abstract reports treatment safety with measured adverse effects and tolerability.,codex_gpt-5.5_manual_agent,accept,ni_jie,B,
364,toxicity_endpoint,363,MC3; MC3-based,41708903,,10.1007/s13346-026-02076-y,Comparative analysis of clinically approved lipid nanoparticles for intranasal siRNA delivery against SARS-CoV-2.,hepatic/hepatotoxicity,B,PubMed abstract,accept,general safety/safety/tolerability; body weight; pulmonary safety; immune activation,True,True,B,0.93,pubmed_abstract,True,"generally well tolerated, with no adverse effects on body weight or pulmonary function at therapeutic doses","Primary siRNA LNP abstract reports in vitro immune activation comparison and in vivo intranasal MC3 LNP-siRNA tolerability, body weight, pulmonary function, and leukocyte infiltration.",codex_gpt-5.5_manual_agent,accept,ni_jie,B,
365,toxicity_endpoint,364,NCT04014335; RO7434656; sefaxersen,41443406,,10.1016/j.kint.2025.11.017,A single-arm phase 2 trial of an investigational RNA therapeutic to complement factor B sefaxersen for treatment of IgA nephropathy.,hepatic/hepatotoxicity,B,PubMed abstract,accept,hepatic/hepatotoxicity; adverse events; general safety/safety/tolerability,True,True,B,0.94,pubmed_abstract,True,Transient and reversible alanine amino transferase elevations (3-5X fold upper limit normal) without a change in bilirubin were observed in three individuals,"Phase 2 clinical abstract reports administered antisense oligonucleotide sefaxersen with safety assessment, serious adverse event attribution, and ALT elevations.",codex_gpt-5.5_manual_agent,accept,ni_jie,B,
366,toxicity_endpoint,365,ED50,42138142,,10.1021/acsnano.6c03013,Optimization of Lipid Nanoparticles for Safe and Versatile Lung-Targeted RNA Delivery and Disease Therapy.,hepatic/hepatotoxicity,B,PubMed abstract,reject,general safety/safety/tolerability,True,False,NA,0.88,pubmed_abstract,False,NONE,"Main platform centers lung-targeted LNP delivery of mRNA/gene-editing cargos, including ABE mRNA and sgRNA, which falls under mRNA/CRISPR-style scope exclusions; safety is not specifically grounded to an administered therapeutic siRNA product.",codex_gpt-5.5_manual_agent,reject,ni_jie,C,"Reject: PMID 42138142; Main platform centers lung-targeted LNP delivery of mRNA/gene-editing cargos, including ABE mRNA and sgRNA, which falls under mRNA/CRISPR-style scope exclusions; safety is not specifically grounded to an administered therapeutic siRNA product."
367,toxicity_endpoint,366,Cy3; HEK293,42126331,,10.1021/acsabm.5c02080,Poly-L-Lysine Doped FmocFF Nanogels as Delivery Platforms for siRNA.,hepatic/hepatotoxicity,C,PubMed abstract,accept,cell viability/cytotoxicity; general safety/safety/tolerability,True,True,C,0.75,pubmed_abstract,True,Preliminary in vitro studies on human embryonic HEK293 kidney cells indicated a safety profile under the experimental conditions,"Primary abstract reports an siRNA nanogel delivery platform with preliminary in vitro cellular safety/compatibility evidence, but the safety endpoint is generic and weak.",codex_gpt-5.5_manual_agent,reject,ni_jie,C,"Reject after curator re-read: PMID 42126331; previous accept was too weak/generic for hepatic/hepatotoxicity in Cy3; HEK293. Basis checked: Primary abstract reports an siRNA nanogel delivery platform with preliminary in vitro cellular safety/compatibility evidence, but the safety endpoint is generic and weak."
368,toxicity_endpoint,367,MC3-LNP,41985596,,10.1016/j.ijpharm.2026.126878,Mucus-penetrating lipid nanoparticles overcome lung barriers for pulmonary co-delivery of siGSDMD and pDNA-SAP in idiopathic pulmonary fibrosis.,hepatic/hepatotoxicity,C,PubMed abstract,accept,general safety/safety/tolerability,True,True,B,0.86,pubmed_abstract,True,Both in vitro and in vivo studies indicated a favorable safety profile for DAS-LNP.,Primary abstract reports siRNA/pDNA pulmonary LNP delivery product with in vitro and in vivo safety profile evidence alongside therapeutic efficacy in IPF model.,codex_gpt-5.5_manual_agent,accept,ni_jie,B,
369,toxicity_endpoint,368,ABCG2; HCC1937; Ki67,41865608,,10.1016/j.colsurfb.2026.115616,"cRGD-modified, pH-sensitive liposomes for co-delivery of docetaxel and ABCG2 siRNA enhance therapeutic efficacy in triple-negative breast cancer.",hepatic/hepatotoxicity,C,PubMed abstract,accept,hemolysis; general safety/safety/tolerability,True,True,B,0.86,pubmed_abstract,True,"induced minimal hemoglobin release, with hemolysis rates remaining below safety threshold.",Primary abstract reports siRNA-containing liposomal co-delivery product with hemolysis safety testing and in vivo tolerability; cancer cell-killing efficacy readouts are not used as toxicity evidence.,codex_gpt-5.5_manual_agent,accept,ni_jie,B,
370,toxicity_endpoint,369,GATHER2; NCT04435366; mm2,41407269,,10.1016/j.ophtha.2025.12.011,Avacincaptad Pegol for Geographic Atrophy Secondary to Age-Related Macular Degeneration: Two-Year Efficacy and Safety Results from the GATHER2 Phase 3 Trial.,hepatic/hepatotoxicity,C,PubMed abstract,accept,ocular safety; adverse events; general safety/safety/tolerability,True,True,B,0.95,pubmed_abstract,True,"No events of retinal vasculitis, ischemic optic neuropathy, or serious intraocular inflammation occurred over 2 years.",Phase 3 clinical abstract reports administered RNA aptamer avacincaptad pegol with two-year ocular safety and adverse event outcomes.,codex_gpt-5.5_manual_agent,accept,ni_jie,B,
371,toxicity_endpoint,370,NCT04439539; FUW48; log10IU,41193172,,10.1136/gutjnl-2025-336592,Peginterferon alpha-2a add-on to siRNA JNJ-73763989 in untreated patients with HBeAg-positive chronic hepatitis B virus (HBV) infection: the phase 2 REEF-IT study.,hepatic/hepatotoxicity,B,PubMed abstract,accept,adverse events; general safety/safety/tolerability,True,True,B,0.86,pubmed_abstract,True,There were no deaths or serious AEs,Phase 2 clinical abstract reports a regimen including siRNA JNJ-3989 with safety/adverse event monitoring; attribution is partly combination-regimen rather than oligo-only.,codex_gpt-5.5_manual_agent,accept,ni_jie,B,
372,toxicity_endpoint,371,NCT05618379; Nusinersen,41461996,,10.1007/s12325-025-03475-2,Effectiveness and Safety of Nusinersen Among Adults with 5q-Spinal Muscular Atrophy: A Multicenter Disease Registry in China.,hepatic/hepatotoxicity,B,PubMed abstract,accept,adverse events; general safety/safety/tolerability,True,True,B,0.93,pubmed_abstract,True,"Three participants reported five mild adverse events, none of which were considered related to nusinersen by the investigators.",Disease registry abstract reports adult nusinersen treatment with prospective safety analysis and adverse event outcomes.,codex_gpt-5.5_manual_agent,accept,ni_jie,B,
373,toxicity_endpoint,372,EC50; HEK293; SY5Y,42069271,,10.1016/j.ijpharm.2026.126918,Covalent functionalization of polymeric nanoparticles prepared from nano-emulsion templates for gene silencing and antioxidant delivery at neuronal level.,hepatic/hepatotoxicity,B,PubMed abstract,accept,cell viability/cytotoxicity; general safety/safety/tolerability,True,True,C,0.74,pubmed_abstract,True,Cell culture experiments confirmed biocompatibility in both a non-cancer cell line (HEK293) and neuroblastoma cell model (SH-SY5Y).,"Primary abstract reports PLGA nanoparticle platform incorporating an ASO with in vitro biocompatibility evidence, but the safety endpoint is cell-culture-level and generic.",codex_gpt-5.5_manual_agent,reject,ni_jie,C,"Reject after curator re-read: PMID 42069271; previous accept was too weak/generic for hepatic/hepatotoxicity in EC50; HEK293; SY5Y. Basis checked: Primary abstract reports PLGA nanoparticle platform incorporating an ASO with in vitro biocompatibility evidence, but the safety endpoint is cell-culture-level and generic."
374,toxicity_endpoint,373,unspecified siRNA,41691403,,10.1002/adma.202513315,Modular Supramolecular Polycations Enable Efficient Delivery of Diverse RNA Therapeutics and Vaccines.,hepatic/hepatotoxicity,C,PubMed abstract,accept,cell viability/cytotoxicity; general safety/safety/tolerability,True,True,C,0.72,pubmed_abstract,True,"displaying reporter-protein expression at levels equivalent to, or greater than, commercial transfection reagents, with no acute adverse phenotypic effects.",Primary abstract reports RNA delivery materials spanning RNA therapeutics including siRNA and notes no acute adverse phenotypic effects; safety evidence is generic and not siRNA-specific.,codex_gpt-5.5_manual_agent,reject,ni_jie,C,Reject after curator re-read: PMID 41691403; previous accept was too weak/generic for hepatic/hepatotoxicity in unspecified siRNA. Basis checked: Primary abstract reports RNA delivery materials spanning RNA therapeutics including siRNA and notes no acute adverse phenotypic effects; safety evidence is generic and not siRNA-specific.
375,toxicity_endpoint,374,Carm1,41655906,,10.1016/j.jconrel.2026.114690,A robust RNAi nanoplatform for precise activation of cGAS-STING pathway and effective immune checkpoint blockade to potentiate cancer immunotherapy.,hepatic/hepatotoxicity,C,PubMed abstract,reject,none,False,True,NA,0.87,pubmed_abstract,False,NONE,"siRNA cancer immunotherapy nanoplatform passage reports tumor immune activation, PD-L1/Carm1 knockdown, and tumor growth efficacy; it provides no primary toxicity/safety/tolerability endpoint for the oligo product.",codex_gpt-5.5_manual_agent,reject,ni_jie,C,"Reject: PMID 41655906; siRNA cancer immunotherapy nanoplatform passage reports tumor immune activation, PD-L1/Carm1 knockdown, and tumor growth efficacy; it provides no primary toxicity/safety/tolerability endpoint for the oligo product."
376,toxicity_endpoint,375,CORE2-TIMI; NCT05079919; NCT05552326,41211918,,10.1056/NEJMoa2512761,Olezarsen for Managing Severe Hypertriglyceridemia and Pancreatitis Risk.,hepatic/hepatotoxicity,B,PubMed abstract,accept,hepatic/hepatotoxicity; hematological/thrombocytopenia; general safety/safety/tolerability,True,True,B,0.96,pubmed_abstract,True,"Elevations in liver-enzyme levels and thrombocytopenia (platelet count, <100,000 per microliter) were more common with the 80-mg dose of olezarsen, and a dose-dependent increase in the hepatic fat fraction was noted.","Primary randomized trial abstract reports administered olezarsen and observed adverse events, liver-enzyme elevations, thrombocytopenia, and hepatic fat fraction changes.",codex_gpt-5.5_manual_agent,accept,ni_jie,B,
377,toxicity_endpoint,376,unspecified antisense oligonucleotide,40967408,,10.1016/j.jconrel.2025.114239,Safety and efficacy of KRAS antisense oligonucleotides and RIG-I agonists delivered by extracellular vesicles for pancreatic cancer peritoneal metastasis treatment.,hepatic/hepatotoxicity,C,PubMed abstract,accept,general safety/safety/tolerability; clinical pathology/histology safety,True,True,B,0.88,pubmed_abstract,True,"this combination therapy is well-tolerated in non-human primates, with no observable changes in physical condition or behavior, blood parameters, or organ histology.","Primary preclinical abstract reports EV-delivered KRAS ASO plus immunomodulatory RNA administered in non-human primates with observed tolerability, blood-parameter, and organ-histology safety outcomes.",codex_gpt-5.5_manual_agent,accept,ni_jie,B,
378,toxicity_endpoint,377,viltolarsen,39549635,,10.1016/j.braindev.2024.10.005,Safety and efficacy of viltolarsen treatment in patients with Duchenne muscular dystrophy: A retrospective study with 3-year follow-up.,hepatic/hepatotoxicity,B,PubMed abstract,accept,adverse events; administration-site/procedural tolerability,True,True,B,0.94,pubmed_abstract,True,"Two patients showed significant treatment-related adverse events, namely swelling of the dorsal surface of the right hand due to extravasation of viltolarsen in one patient and axillary lymph node enlargement due to frequent intravenous infusion in another patient.",Retrospective clinical abstract reports viltolarsen-treated DMD patients and observed treatment-related adverse events without discontinuation.,codex_gpt-5.5_manual_agent,accept,ni_jie,B,
379,toxicity_endpoint,378,unspecified antisense oligonucleotide,40607962,,10.1002/cpdd.1569,"A Double-Blind, Placebo-Controlled, Single-Ascending Dose Study to Evaluate the Safety, Tolerability, and Pharmacokinetics of HT-101, an RNAi Therapeutic Targeting HBV Infection.",hepatic/hepatotoxicity,B,PubMed abstract,accept,general safety/safety/tolerability; clinical laboratory/vital-sign safety,True,True,B,0.91,pubmed_abstract,True,a single dose of HT-101 at 25-800 mg was safe and well tolerated in healthy Chinese volunteers.,Phase 1 abstract reports administered HT-101 RNAi therapeutic with clinical safety assessments and observed tolerability across doses.,codex_gpt-5.5_manual_agent,accept,ni_jie,B,
380,toxicity_endpoint,379,GPC3-LPPEI; GPC3-targeting; GPC3,41121471,,10.2174/0113816128395585250923122829,Research on Anti-tumor Pharmacodynamics of Multi-functional Magnetic Lipid Polymer with Specific Targeted Transmission of siRNA and its Toxicity Evaluation.,hepatic/hepatotoxicity,C,PubMed abstract,accept,body weight; blood chemistry; histopathology/general biocompatibility,True,True,B,0.82,pubmed_abstract,True,Safety evaluations confirmed good biocompatibility for both LPS/siRNA and GLPS/ siRNA.,"Primary in vivo abstract reports siRNA delivery products with safety evaluation by HE staining, nude mouse weight changes, and blood biochemical indicators.",codex_gpt-5.5_manual_agent,accept,ni_jie,C,Grade adjusted B->C: PMID 41121471; weak/generic or abstract-limited support for hepatic/hepatotoxicity.
381,toxicity_endpoint,380,NCT05192941; inclisiran,40436308,,10.1016/j.ahj.2025.05.014,"Design and rationale of the VICTORION-Difference study: A phase 4 randomized, double-blind, placebo-controlled clinical trial to assess inclisiran's early efficacy, safety, tolerability, as well as its impact on quality of life in individuals with hypercholesterolemia.",hepatic/hepatotoxicity,B,PubMed abstract,reject,none,False,True,NA,0.93,pubmed_abstract,False,NONE,Design/rationale abstract describes planned assessment of inclisiran safety and quality-of-life outcomes but provides no primary observed/administered/measured toxicity or safety result.,codex_gpt-5.5_manual_agent,reject,ni_jie,C,Reject: PMID 40436308; Design/rationale abstract describes planned assessment of inclisiran safety and quality-of-life outcomes but provides no primary observed/administered/measured toxicity or safety result.
382,toxicity_endpoint,381,PCSK9; NCT05763875; Inclisiran,40392667,,10.1016/j.jacc.2025.04.049,Safety and Lipid-Lowering Efficacy of Inclisiran Monotherapy in Patients Without ASCVD: The VICTORION-Mono Randomized Clinical Trial.,hepatic/hepatotoxicity,B,PubMed abstract,accept,general safety/safety/tolerability,True,True,B,0.90,pubmed_abstract,True,"Inclisiran was well tolerated, with no new safety concerns.",Randomized phase 3 abstract reports administered inclisiran monotherapy and observed safety/tolerability compared with controls.,codex_gpt-5.5_manual_agent,accept,ni_jie,B,
383,toxicity_endpoint,382,SOX9; MC3-DMA; siSOX9,40717437,,10.1021/acs.molpharmaceut.5c00272,"SOX9 siRNA Loaded Lipid Nanoparticles Actively Targeted: Formulation, Delivery, and Antitumor Effect on Colorectal Cancer In Vitro and In Vivo.",hepatic/hepatotoxicity,C,PubMed abstract,accept,general safety/biocompatibility,True,True,C,0.74,pubmed_abstract,True,"Furthermore, R-LNPs demonstrated favorable safety in in vivo application.","Primary siSOX9 LNP abstract reports in vivo safety for the administered therapeutic siRNA delivery formulation, but the safety evidence is generic and weak in the abstract.",codex_gpt-5.5_manual_agent,accept,ni_jie,C,
384,toxicity_endpoint,383,inclisiran,40242982,,10.1093/eurjpc/zwaf214,Efficacy and safety of inclisiran based on background lipid-lowering treatment.,general safety/safety/tolerability,B,PubMed abstract,accept,general safety/safety/tolerability,True,True,B,0.82,pubmed_abstract,True,"Inclisiran was overall well tolerated with all background LLT treatments, consistent with its established safety profile.",Pooled post hoc abstract reports administered inclisiran in ORION trials and an observed tolerability conclusion across background lipid-lowering therapy groups.,codex_gpt-5.5_manual_agent,accept,ni_jie,C,Grade adjusted B->C: PMID 40242982; weak/generic or abstract-limited support for general safety/safety/tolerability.
385,toxicity_endpoint,384,unspecified siRNA,40010411,,10.1016/j.jconrel.2025.02.067,Surfactant protein B-derived peptides as endosomal escape enhancers for pulmonary delivery of siRNA.,hepatic/hepatotoxicity,C,PubMed abstract,accept,immune/cytokine/inflammatory toxicity; cell safety,True,True,B,0.86,pubmed_abstract,True,"Moreover, they exhibit enhanced resistance to vibrating mesh nebulization and reduced inflammatory activation of bronchial epithelial cells.","Primary abstract reports siRNA peptidolipid nanogels with measured reduced inflammatory activation in bronchial epithelial cells, a safety-relevant endpoint for pulmonary RNA delivery.",codex_gpt-5.5_manual_agent,accept,ni_jie,B,
386,toxicity_endpoint,385,Nusinersen,41337773,,,Real-Time Ultrasound-Guided Intrathecal Delivery of Nusinersen in Adult Patients With Spinal Muscular Atrophy and Complex Spinal Anatomy.,hepatic/hepatotoxicity,B,PubMed abstract,accept,general safety/safety/tolerability; adverse events,True,True,B,0.91,pubmed_abstract,True,No severe adverse events were observed.,Retrospective clinical abstract reports 151 real-time ultrasound-guided intrathecal nusinersen administrations with observed tolerability and adverse-event outcomes.,codex_gpt-5.5_manual_agent,accept,ni_jie,B,
387,toxicity_endpoint,386,CXCL5; PC9,40928959,,10.1177/10849785251367313,Ultrasound-Enhanced Delivery of Salvianolic Acid F Targets CXCL5 to Suppress Lung Cancer Progression: Insights from In Vitro PC9 and H1299 Models.,hepatic/hepatotoxicity,C,PubMed abstract,reject,none,False,False,NA,0.98,pubmed_abstract,False,NONE,"Scope exclusion: the intervention is a TCM-derived small molecule/natural product and ultrasound delivery, while CXCL5 siRNA is used as a mechanistic knockdown tool; toxicity/safety evidence is not linked to a therapeutic oligonucleotide product.",codex_gpt-5.5_manual_agent,reject,ni_jie,C,"Reject: PMID 40928959; Scope exclusion: the intervention is a TCM-derived small molecule/natural product and ultrasound delivery, while CXCL5 siRNA is used as a mechanistic knockdown tool; toxicity/safety evidence is not linked to a therapeutic oligonucleotide product."
388,toxicity_endpoint,387,unspecified siRNA,39447239,,10.1016/j.bioadv.2024.214078,Bone-targeted ultrasound-responsive nanobubbles for siRNA delivery to treat osteoporosis in mice.,hepatic/hepatotoxicity,C,PubMed abstract,accept,hepatic/renal/cardiac histopathology; muscle safety; general safety/tolerability,True,True,B,0.92,pubmed_abstract,True,"No adverse effects were recorded within histological assessments on the liver, kidney, and heart post-treatment.",Primary in vivo abstract reports administered NB-CTSK siRNA-AL and observed organ histology and muscle morphology safety outcomes after treatment.,codex_gpt-5.5_manual_agent,accept,ni_jie,B,
389,toxicity_endpoint,388,NCT04971928; AUC0; Bepirovirsen,39268699,,10.1002/cpdd.1454,"A Phase 1, Single-Dose Study to Evaluate the Pharmacokinetics and Safety of Bepirovirsen in Adults with Hepatic Impairment and Healthy Participants (B-Assured).",hepatic/hepatotoxicity,B,PubMed abstract,accept,general safety/safety/tolerability; adverse events,True,True,B,0.92,pubmed_abstract,True,Adverse events were mild. Moderate HI did not have a clinically relevant impact on bepirovirsen PK or safety.,Phase 1 abstract reports administered bepirovirsen in hepatic impairment and healthy participants with observed adverse-event and safety outcomes.,codex_gpt-5.5_manual_agent,accept,ni_jie,B,
390,toxicity_endpoint,389,NCT05139810,38819395,,10.1056/NEJMoa2402478,Efficacy and Safety of Donidalorsen for Hereditary Angioedema.,hepatic/hepatotoxicity,B,PubMed abstract,accept,adverse events; injection-site reaction; general safety/safety/tolerability,True,True,B,0.94,pubmed_abstract,True,"The most common adverse events were erythema at the injection site, headache, and nasopharyngitis; 98% of adverse events were mild or moderate in severity.",Phase 3 randomized trial abstract reports administered donidalorsen and observed adverse events and severity.,codex_gpt-5.5_manual_agent,accept,ni_jie,B,
391,toxicity_endpoint,390,unspecified siRNA,38636882,,10.1016/j.ejpb.2024.114296,A potent bioreducible ionizable lipid nanoparticle enables siRNA delivery for retinal neovascularization inhibition.,hepatic/hepatotoxicity,C,PubMed abstract,accept,cell viability/cytotoxicity/safety; delivery-vector safety,True,True,B,0.84,pubmed_abstract,True,"Compared to the commercial vehicle Lipofectamine 2000, 2N12H demonstrated similar silencing efficiency and improved safety in the in vitro cell experiments.",Primary abstract reports an siVEGFA LNP delivery product with measured in vitro safety compared with a commercial transfection vehicle.,codex_gpt-5.5_manual_agent,accept,ni_jie,C,Grade adjusted B->C: PMID 38636882; weak/generic or abstract-limited support for hepatic/hepatotoxicity.
392,toxicity_endpoint,391,CDR132L,38269451,,10.1002/ejhf.3139,Efficacy and safety of CDR132L in patients with reduced left ventricular ejection fraction after myocardial infarction: Rationale and design of the HF-REVERT trial.,general safety/safety/tolerability,B,PubMed abstract,reject,none,False,True,NA,0.94,pubmed_abstract,False,NONE,"Trial rationale/design abstract for CDR132L describes planned efficacy and safety assessment and cites prior phase 1b tolerability, but does not report a primary observed safety result from the described study.",codex_gpt-5.5_manual_agent,accept,ni_jie,C,"Accept C as borderline: PMID 38269451; curator counted general safety/safety/tolerability for CDR132L despite v2 exclusion. Low-confidence override; v2 note was: Trial rationale/design abstract for CDR132L describes planned efficacy and safety assessment and cites prior phase 1b tolerability, but does not report a primary observe?"
393,toxicity_endpoint,392,caspase3,39146787,,10.1016/j.intimp.2024.112892,Delivery of SiRNA-PD-L1 by attenuated Salmonella in combination with oxaliplatin in a hepatocellular carcinoma mouse model.,hepatic/hepatotoxicity,B,PubMed abstract,accept,general toxicity/safety/tolerability,True,True,B,0.80,pubmed_abstract,True,Our results confirmed that attenuated Salmonella harbouring siRNA-PD-L1 combined with oxaliplatin had a significant antitumour effect and did not increase the incidence of toxic side effects,Primary in vivo cancer-treatment abstract reports therapeutic siRNA-PD-L1 delivery combined with oxaliplatin and an observed toxic-side-effect outcome; accepted because the safety readout is separate from the antitumor efficacy endpoint.,codex_gpt-5.5_manual_agent,accept,ni_jie,C,Grade adjusted B->C: PMID 39146787; weak/generic or abstract-limited support for hepatic/hepatotoxicity.
394,toxicity_endpoint,393,NCT03672188; log10; elebsiran,39389081,,10.1016/S2468-1253(24)00237-1,VIR-2218 (elebsiran) plus pegylated interferon-alfa-2a in participants with chronic hepatitis B virus infection: a phase 2 study.,hepatic/hepatotoxicity,B,PubMed abstract,accept,adverse events; hepatic/ALT elevations; general safety/safety/tolerability,True,True,B,0.96,pubmed_abstract,True,"Most treatment emergent adverse events were grades 1-2. Three (20%) participants in cohort 1, four (27%) in cohort 2, eight (44%) in cohort 3, seven (39%) in cohort 4, six (46%) in cohort 5, and two (40%) in cohort 6 reported treatment-emergent adverse events related to VIR-2218.",Phase 2 abstract reports administered VIR-2218/elebsiran with observed treatment-emergent adverse events and ALT elevations.,codex_gpt-5.5_manual_agent,accept,ni_jie,B,
395,toxicity_endpoint,394,SN38; AS1411; SN38-loaded,38925238,,10.1016/j.ijpharm.2024.124387,Targeted delivery of SN38 to breast cancer using amphiphilic diblock copolymers PHPMA-b-PBAEM as micellar carriers with AS1411 aptamer.,hepatic/hepatotoxicity,C,PubMed abstract,reject,none,False,False,NA,0.96,pubmed_abstract,False,NONE,"Scope exclusion: the therapeutic payload is the small-molecule chemotherapy SN38 and AS1411 is a targeting aptamer on the carrier; the reported cancer-cell toxicity is an antitumor efficacy readout, not oligonucleotide safety evidence.",codex_gpt-5.5_manual_agent,reject,ni_jie,C,"Reject: PMID 38925238; Scope exclusion: the therapeutic payload is the small-molecule chemotherapy SN38 and AS1411 is a targeting aptamer on the carrier; the reported cancer-cell toxicity is an antitumor efficacy readout, not oligonucleotide safety evidence."
396,toxicity_endpoint,395,Ago2,37638886,,10.1021/jacs.3c04744,"Shorter Is Better: The α-(l)-Threofuranosyl Nucleic Acid Modification Improves Stability, Potency, Safety, and Ago2 Binding and Mitigates Off-Target Effects of Small Interfering RNAs.",general safety/safety/tolerability,C,PubMed abstract,accept,off-target toxicity/safety; general safety/safety/tolerability,True,True,B,0.90,pubmed_abstract,True,"In a rat toxicology study, TNA placed at position 7 of the antisense strand of the siRNA mitigated off-target effects, likely due to the decrease in the thermodynamic binding affinity relative to the 2'-O-methyl residue.","Primary abstract reports TNA-modified therapeutic siRNAs tested in cells and mice, including a rat toxicology study with observed mitigation of off-target effects.",codex_gpt-5.5_manual_agent,accept,ni_jie,B,
397,toxicity_endpoint,396,unspecified antisense oligonucleotide,36801361,,10.1016/j.tiv.2023.105569,The mechanism of thrombocytopenia caused by cholesterol-conjugated antisense oligonucleotides.,hematological/thrombocytopenia,C,PubMed abstract,accept,hematological/thrombocytopenia; platelet activation/aggregation toxicity,True,True,B,0.97,pubmed_abstract,True,An increase in the number of large particle-size events with platelet activation was detected in the Chol-ASO-treated group.,Primary abstract reports administered cholesterol-conjugated ASOs and measured platelet activation/aggregation mechanisms causing thrombocytopenia.,codex_gpt-5.5_manual_agent,accept,ni_jie,B,
398,toxicity_endpoint,397,Inclisiran,38057066,,10.1016/j.jacc.2023.10.007,Safety and Tolerability of Inclisiran for Treatment of Hypercholesterolemia in 7 Clinical Trials.,hepatic/hepatotoxicity,B,PubMed abstract,accept,hepatic/hepatotoxicity; renal/kidney safety; serious adverse events; general safety/safety/tolerability,True,True,B,0.96,pubmed_abstract,True,"Kaplan-Meier analyses showed that TEAEs that were serious or led to discontinuation; hepatic, muscle, and kidney events; incident diabetes; and elevations of creatine kinase or creatinine accrued at a comparable rate between groups for up to 1.5 years, with similar trends continuing for inclisiran beyond this period.","Post hoc analysis abstract reports long-term administered inclisiran safety across trials with observed serious TEAEs, hepatic, muscle, kidney, diabetes, and laboratory safety outcomes.",codex_gpt-5.5_manual_agent,accept,ni_jie,B,
399,toxicity_endpoint,398,NCT03982186,37442152,,10.1016/S2468-1253(23)00148-6,"Efficacy and safety of the siRNA JNJ-73763989 and the capsid assembly modulator JNJ-56136379 (bersacapavir) with nucleos(t)ide analogues for the treatment of chronic hepatitis B virus infection (REEF-1): a multicentre, double-blind, active-controlled, randomised, phase 2b trial.",hepatic/hepatotoxicity,B,PubMed abstract,accept,serious adverse events; hepatic/ALT/AST toxicity; general safety/safety/tolerability,True,True,B,0.96,pubmed_abstract,True,"Ten (2%) of 470 patients had serious adverse events during the treatment phase, and two patients (one each from the JNJ-3989 dual 200 mg group [exercise-related rhabdomyolysis] and the triple group [increase in ALT or AST]) had serious adverse events related to study treatment.","Phase 2b randomized trial abstract reports administered JNJ-3989 siRNA regimens and observed serious adverse events, grade 3/4 adverse events, discontinuations, and no deaths.",codex_gpt-5.5_manual_agent,accept,ni_jie,B,
400,toxicity_endpoint,399,Volanesorsen,37100699,,10.1016/j.jacl.2023.03.007,Volanesorsen and triglyceride levels in familial chylomicronemia syndrome: Long-term efficacy and safety data from patients in an open-label extension trial.,hepatic/hepatotoxicity,B,PubMed abstract,accept,hematological/platelet count decrease; injection-site reactions; general safety/safety/tolerability,True,True,B,0.94,pubmed_abstract,True,"Common adverse events were injection site reactions and platelet count decrease, consistent with previous studies.",Phase 3 open-label extension abstract reports extended administered volanesorsen and observed adverse events including platelet count decrease.,codex_gpt-5.5_manual_agent,accept,ni_jie,B,
401,toxicity_endpoint,400,PCSK9; NCT03060577; inclisiran,36620965,,10.1016/S2213-8587(22)00353-9,Long-term efficacy and safety of inclisiran in patients with high cardiovascular risk and elevated LDL cholesterol (ORION-3): results from the 4-year open-label extension of the ORION-1 trial.,hepatic/hepatotoxicity,B,PubMed abstract,accept,general safety/adverse events,True,True,B,0.92,pubmed_abstract,True,Adverse events at the injection site were reported in 39 (14%) of 284 patients in the inclisiran-only arm and 12 (14%) of 87 patients in the switching arm.,Abstract clinical trial extension reports observed adverse events and serious adverse events during long-term inclisiran dosing.,codex_gpt-5.5_manual_agent,accept,ni_jie,B,
402,toxicity_endpoint,401,SPL84,37799089,,10.1080/17425255.2023.2266361,"The safety and toxicity profile of SPL84, an inhaled antisense oligonucleotide for treatment of cystic fibrosis patients with the 3849 +10kb C->T mutation, supports a Phase 1/2 clinical study.",hepatic/hepatotoxicity,B,PubMed abstract,accept,preclinical general safety/body weight/clinical pathology,True,True,B,0.93,pubmed_abstract,True,"There were no preclinical safety findings with SPL84; no related clinical signs, nor any effect on body weight, food consumption, or clinical pathology.","Abstract reports administered inhaled SPL84 in mice and monkeys with direct preclinical safety, body-weight, and clinical-pathology endpoints.",codex_gpt-5.5_manual_agent,accept,ni_jie,B,
403,toxicity_endpoint,402,Malat1,35073217,,10.1089/nat.2021.0034,Altered Biodistribution and Hepatic Safety Profile of a Gapmer Antisense Oligonucleotide Bearing Guanidine-Bridged Nucleic Acids.,hepatic/hepatotoxicity,C,PubMed abstract,reject,NA,False,False,NA,0.82,pubmed_abstract,False,NONE,Reject under v2: Malat1 gapmer is a non-therapeutic endogenous lncRNA knockdown/chemistry model; safety signals are not tied to a therapeutic oligonucleotide candidate.,codex_gpt-5.5_manual_agent,reject,ni_jie,C,Reject: PMID 35073217; Reject under v2: Malat1 gapmer is a non-therapeutic endogenous lncRNA knockdown/chemistry model; safety signals are not tied to a therapeutic oligonucleotide candidate.
404,toxicity_endpoint,403,APOC3; ANGPTL3; ANG3,35762447,,10.1080/17512433.2022.2094768,Safety and efficacy of therapies for chylomicronemia.,hematological/thrombocytopenia,B,PubMed abstract,reject,NA,False,True,NA,0.95,pubmed_abstract,False,NONE,Reject under v2: review/expert-opinion passage summarizes thrombocytopenia risk for APOC3 therapies but does not provide primary observed/administered toxicity data.,codex_gpt-5.5_manual_agent,reject,ni_jie,C,Reject: PMID 35762447; Reject under v2: review/expert-opinion passage summarizes thrombocytopenia risk for APOC3 therapies but does not provide primary observed/administered toxicity data.
405,toxicity_endpoint,404,ANGPTL3,33443084,,10.1124/jpet.120.000257,RNA Interference Targeting Liver Angiopoietin-Like Protein 3 Protects from Nephrotic Syndrome in a Rat Model Via Amelioration of Pathologic Hypertriglyceridemia.,hepatic/hepatotoxicity,C,PubMed abstract,reject,NA,False,True,NA,0.94,pubmed_abstract,False,NONE,"Reject under v2: passage reports therapeutic efficacy and improvement of nephrotic-syndrome renal injury, not toxicity/safety/tolerability of the ANGPTL3 siRNA product.",codex_gpt-5.5_manual_agent,reject,ni_jie,C,"Reject: PMID 33443084; Reject under v2: passage reports therapeutic efficacy and improvement of nephrotic-syndrome renal injury, not toxicity/safety/tolerability of the ANGPTL3 siRNA product."
406,toxicity_endpoint,405,unspecified siRNA,33439616,,10.1021/acsami.0c21259,Poly(lactide-co-glycolide) Nanoparticles Mediate Sustained Gene Silencing and Improved Biocompatibility of siRNA Delivery Systems in Mouse Lungs after Pulmonary Administration.,hepatic/hepatotoxicity,C,PubMed abstract,reject,NA,True,False,NA,0.88,pubmed_abstract,False,NONE,"Reject under v2: EGFP-siRNA is a reporter/lab knockdown tool; although lung biocompatibility was measured for the delivery system, the oligo is not a therapeutic candidate.",codex_gpt-5.5_manual_agent,reject,ni_jie,C,"Reject: PMID 33439616; Reject under v2: EGFP-siRNA is a reporter/lab knockdown tool; although lung biocompatibility was measured for the delivery system, the oligo is not a therapeutic candidate."
407,toxicity_endpoint,406,unspecified antisense oligonucleotide,31687889,,10.1089/nat.2019.0780,Impurity Qualification Toxicology Study for a 2'-O-Methoxyethyl-Modified Antisense Inhibitor in Mice.,hematological/thrombocytopenia,C,PubMed abstract,accept,general toxicology/hematology/serum chemistry/histopathology,True,True,B,0.88,pubmed_abstract,True,"The expected common class effects were observed at the 30 mg/kg/week dose level in hematology, serum chemistry, and histopathology.","Abstract reports a 3-month mouse toxicology study of a MOE antisense drug batch with measured hematology, serum chemistry, and histopathology endpoints.",codex_gpt-5.5_manual_agent,accept,ni_jie,B,
408,toxicity_endpoint,407,antiPF4,29846725,,10.1093/toxsci/kfy119,"Investigation into the Mechanism(s) That Leads to Platelet Decreases in Cynomolgus Monkeys During Administration of ISIS 104838, a 2'-MOE-Modified Antisense Oligonucleotide.",hepatic/hepatotoxicity,C,PubMed abstract,accept,hematological/platelet decrease,True,True,B,0.95,pubmed_abstract,True,"In response to continued dosing, PLT counts were decreased by 50%-90% by day 30 in all monkeys.",Abstract reports repeat-dose ISIS 104838 administration in cynomolgus monkeys with observed platelet decreases and immune correlates.,codex_gpt-5.5_manual_agent,accept,ni_jie,B,
409,toxicity_endpoint,408,unspecified antisense oligonucleotide,29753959,,10.1016/j.jconrel.2018.05.010,Angubindin-1 opens the blood-brain barrier in vivo for delivery of antisense oligonucleotide to the central nervous system.,hepatic/hepatotoxicity,C,PubMed abstract,accept,general safety/overt adverse effects,True,True,C,0.66,pubmed_abstract,True,"delivery of subsequently administered antisense oligonucleotides into the mouse brain and spinal cord, leading to silencing of a target RNA without any overt adverse effects.",Abstract gives weak but direct in vivo safety/tolerability evidence for ASO delivery after angubindin-1 BBB modulation.,codex_gpt-5.5_manual_agent,reject,ni_jie,C,Reject after curator re-read: PMID 29753959; previous accept was too weak/generic for hepatic/hepatotoxicity in unspecified antisense oligonucleotide. Basis checked: Abstract gives weak but direct in vivo safety/tolerability evidence for ASO delivery after angubindin-1 BBB modulation.
410,toxicity_endpoint,409,SGLT2,22915769,,10.1124/jpet.112.197426,"Pharmacodynamics and subchronic toxicity in mice and monkeys of ISIS 388626, a second-generation antisense oligonucleotide that targets human sodium glucose cotransporter 2.",renal/renal safety,C,PubMed abstract,accept,renal safety/subchronic toxicity,True,True,B,0.95,pubmed_abstract,True,No changes in kidney function were observed.,Abstract reports mouse and monkey subchronic ISIS 388626 toxicity study with renal histology and kidney-function endpoints.,codex_gpt-5.5_manual_agent,accept,ni_jie,B,
411,toxicity_endpoint,410,unspecified oligonucleotide,22704926,,10.1016/j.vaccine.2012.05.074,Safety and immunogenicity of different two-dose regimens of an investigational hepatitis B vaccine (hepatitis B surface antigen co-administered with an immunostimulatory phosphorothioate oligodeoxyribonucleotide) in healthy young adults.,hepatic/hepatotoxicity,B,PubMed abstract,accept,clinical adverse events/vaccine oligonucleotide adjuvant safety,True,True,B,0.86,pubmed_abstract,True,"Rates of adverse events were similar in the two groups after the HBV-ISS injections regardless of the schedule, but more frequent than after the placebo injections.",Abstract reports randomized clinical safety collection for HBV-ISS phosphorothioate oligodeoxyribonucleotide vaccine adjuvant dosing schedules.,codex_gpt-5.5_manual_agent,accept,ni_jie,B,
412,toxicity_endpoint,411,unspecified oligonucleotide,22326642,,10.1016/j.vaccine.2012.01.087,Comparison of safety and immunogenicity of two doses of investigational hepatitis B virus surface antigen co-administered with an immunostimulatory phosphorothioate oligodeoxyribonucleotide and three doses of a licensed hepatitis B vaccine in healthy adults 18-55 years of age.,hepatic/hepatotoxicity,B,PubMed abstract,accept,clinical tolerability/injection-site reactions,True,True,B,0.86,pubmed_abstract,True,Both vaccines were welltolerated although injection-site reactions were reported at a higher rate in HBV-ISS recipients.,Abstract reports randomized clinical tolerability and injection-site reactions for HBV-ISS oligonucleotide-adjuvanted vaccine.,codex_gpt-5.5_manual_agent,accept,ni_jie,B,
413,toxicity_endpoint,412,unspecified antisense oligonucleotide,22709826,,10.1016/j.tox.2012.06.005,Renal uptake and tolerability of a 2'-O-methoxyethyl modified antisense oligonucleotide (ISIS 113715) in monkey.,renal/renal safety,C,PubMed abstract,accept,renal safety/tolerability,True,True,B,0.94,pubmed_abstract,True,"However, there were no renal functional abnormalities as determined by the typical measurements of blood urea nitrogen, serum creatinine, creatinine clearance, or urine specific gravity.","Abstract reports monkey renal physiology study of ISIS 113715 with kidney uptake, histology, and renal function measurements.",codex_gpt-5.5_manual_agent,accept,ni_jie,B,
414,toxicity_endpoint,413,Inclisiran,40391436,PMC12180692,10.1161/CIRCULATIONAHA.124.073233,"Efficacy and Safety of Inclisiran in Adolescents With Genetically Confirmed Homozygous Familial Hypercholesterolemia: Results From the Double-Blind, Placebo-Controlled Part of the ORION-13 Randomized Trial.",general safety/clinical laboratory safety,A,RESULTS > Safety Analysis; paragraph 36,accept,clinical safety/adverse events,True,True,A,0.97,pmc_full_text,True,"No serious adverse events, treatment discontinuations because of adverse events, or deaths occurred.",Full-text ORION-13 randomized trial reports inclisiran safety/adverse-event outcomes in adolescents.,codex_gpt-5.5_manual_agent,accept,ni_jie,A,
415,toxicity_endpoint,414,IL-4Ralpha ASO,40308203,PMC12303760manuscript-id: NIHMS2075744,10.1161/CIRCULATIONAHA.124.072411,CD206(+)IL-4Rα(+) Macrophages Are Drivers of Adverse Cardiac Remodeling in Ischemic Cardiomyopathy.,general safety/body weight/general tolerability,C,"RESULTS > IL-4Rα silencing in vivo reverses LV remodeling, reduces cardiac fibrosis, and improves neovascularization in HF.; paragraph 25",accept,general safety/body weight tolerability,True,True,C,0.70,pmc_full_text,True,Body weight was comparable between the mouse groups over the 4 w treatment period (Figure S13A).,Full-text mouse IL-4Ralpha ASO intervention reports body-weight comparability during dosing; evidence is weak/general tolerability rather than a dedicated toxicology study.,codex_gpt-5.5_manual_agent,accept,ni_jie,C,
416,toxicity_endpoint,415,Nusinersen,39060346,PMC11282055,10.1038/s41598-024-67627-0,Unveiling the adverse events of Nusinersen in spinal muscular atrophy management based on FAERS database.,general safety/adverse event reporting,A,Results > Risk signal detection; paragraph 11,accept,postmarketing adverse event/renal safety signal,True,True,A,0.92,pmc_full_text,True,"Notably, AEs related to renal function abnormalities, such as abnormal Urine protein/creatinine ratio and protein urine presence, showed higher frequency and signal strength.",Full-text FAERS pharmacovigilance study reports observed nusinersen adverse-event signals including renal-function abnormalities.,codex_gpt-5.5_manual_agent,accept,ni_jie,A,
417,toxicity_endpoint,416,Inclisiran,36550348,PMC11101568,10.1007/s10557-022-07413-0,"Efficacy and Safety of Inclisiran in Patients with Polyvascular Disease: Pooled, Post Hoc Analysis of the ORION-9, ORION-10, and ORION-11 Phase 3 Randomized Controlled Trials.",general safety/treatment-emergent adverse events,A,Results > Safety; paragraph 23,accept,clinical safety/treatment-emergent adverse events,True,True,A,0.97,pmc_full_text,True,"Proportions of patients with reported treatment-emergent adverse events (TEAEs) and treatment-emergent serious adverse events were similar between treatment arms, irrespective of PVD status, except for an excess of mild or moderate clinically relevant TEAEs at the injection site with inclisiran.","Full-text pooled phase 3 post hoc analysis reports treatment-emergent adverse events, serious adverse events, injection-site events, and lab measurements for inclisiran.",codex_gpt-5.5_manual_agent,accept,ni_jie,A,
418,toxicity_endpoint,417,AVI-6002/AVI-6003 PMOplus,25155593,PMC4249403,10.1128/AAC.03442-14,Safety and pharmacokinetic profiles of phosphorodiamidate morpholino oligomers with activity against ebola virus and marburg virus: results of two single-ascending-dose studies.,general safety/clinical safety and pharmacokinetics,B,Abstract; paragraph 1,accept,clinical safety/single-ascending-dose tolerability,True,True,B,0.88,pmc_full_text,True,"The safety of the two combinations and the PK of the four components were similar, regardless of the target RNA sequence.",Abstract reports two clinical single-ascending-dose studies evaluating safety of AVI-6002 and AVI-6003 PMOplus oligonucleotide combinations.,codex_gpt-5.5_manual_agent,accept,ni_jie,B,
419,toxicity_endpoint,418,phosphorothioate ASO panel,41494985,PMC12865454,10.1093/nar/gkaf1333,Acute neuronal inhibition response caused by phosphorothioate antisense oligonucleotides following local delivery to the central nervous system.,neurological/acute neuronal inhibition,A,"Results > Acute inhibition is transient, reversible, and dose-dependent following CNS ASO administration; paragraph 26",accept,neurological toxicity/acute neuronal inhibition,True,True,A,0.96,pmc_full_text,True,"Across species, inhibition-like responses peaked ∼3 h post-ASO delivery, reversed within 24 h with no sequelae, and could be quantified using simple neurobehavioral scales.",Full-text primary CNS ASO study measured acute neurobehavioral inhibition toxicity after local ASO delivery in rodents and non-human primates.,codex_gpt-5.5_manual_agent,accept,ni_jie,A,
420,toxicity_endpoint,419,G5-GalNAc siRNA platform,41541269,PMC12800395,10.1016/j.omtn.2025.102801,Ribofuranose-based GalNAc-conjugated siRNA enhances the liver-targeted delivery and elicits robust RNAi-mediated gene silencing.,general safety/nonclinical toxicology and biodistribution safety,C,Discussion; paragraph 17,accept,nonclinical toxicology/NOAEL/histopathology,True,True,C,0.72,pmc_full_text,True,The no observed adverse effect level was established at 300 mg/kg.,"Full-text passage reports toxicology results for the authors PCSK9/AGT G5-GalNAc siRNA platform, but the safety evidence is brief and partly platform-level.",codex_gpt-5.5_manual_agent,accept,ni_jie,C,
421,toxicity_endpoint,420,TET3 siRNA lipid nanoparticles,41923247,PMC13169958,10.1186/s12951-026-04312-6,Dual-targeted lipid nanoparticles for TET3 siRNA delivery: nanobiotechnology strategy to remodel tumor immune microenvironment in hepatocellular carcinoma.,general safety/hemolysis and cytotoxicity,A,Results > Preparation and characterization of TET3 siRNA@αmp-lipo; paragraph 95,accept,general safety/biocompatibility/cytotoxicity,True,True,C,0.68,pmc_full_text,True,"In vitro experiments demonstrated the nanoparticles’ excellent biocompatibility, stability, and ability to silence TET3",Full-text passage provides generic primary biocompatibility evidence for TET3 siRNA lipid nanoparticles; detailed cytotoxicity/chemistry methods are present but result wording is weak.,codex_gpt-5.5_manual_agent,accept,ni_jie,C,
422,toxicity_endpoint,421,luciferase siRNA LNPs with beta-triketone ionizable lipids,41911333,PMC13159103,10.1002/advs.202515482,β-Triketone-Based Ionizable Cationic Lipids Synthesized via Click Chemistry for siRNA Delivery.,general safety/cell viability/cytotoxicity,A,Results and Discussion > In Vitro Characterizations of ICLs?Mediated Transfection; paragraph 11,reject,NA,True,False,NA,0.90,pmc_full_text,False,NONE,"Reject under v2: luciferase/FVII siRNA LNPs are delivery-platform reporter/model knockdown tools rather than therapeutic oligonucleotide products, despite measured viability and dose-escalation toxicity.",codex_gpt-5.5_manual_agent,reject,ni_jie,C,"Reject: PMID 41911333; Reject under v2: luciferase/FVII siRNA LNPs are delivery-platform reporter/model knockdown tools rather than therapeutic oligonucleotide products, despite measured viability and dose-escalation toxicity."
423,toxicity_endpoint,422,CaP-siSlc31a1,41809386,PMC12969650,10.1016/j.mtbio.2026.102991,Transdermal siRNA delivery via biomineralized nanoparticle-incorporated microneedles modulates cuproptosis-ferroptosis interaction for psoriasis therapy.,general safety/cell viability/cytotoxicity,A,Results and discussion > Fabrication of CaP-siSlc31a1 for efficient cellular uptake and gene silencing; paragraph 13,accept,cell viability/cytotoxicity/biocompatibility,True,True,A,0.93,pmc_full_text,True,"Even at equivalent siRNA concentrations, CaP-siSlc31a1 maintained over 80% cell viability, indicating excellent biocompatibility.",Full-text primary results report keratinocyte cell-viability/cytotoxicity evidence for therapeutic CaP-siSlc31a1 delivery.,codex_gpt-5.5_manual_agent,accept,ni_jie,A,
424,toxicity_endpoint,423,FW-LP@siIRF5,41776767,PMC13001080,10.1021/acsnano.5c18044,Reprogramming Lesional Macrophage Homeostasis via Interferon Regulatory Factor 5 Targeted siRNA Nanoimmunotherapy for Atherosclerosis.,general safety/hematology/clinical chemistry/histology safety,A,Results > In Vivo Biosafety of FW-LP@siIRF5; paragraph 46,accept,in vivo biosafety/body weight/histology/blood chemistry,True,True,A,0.97,pmc_full_text,True,"body weight curves (Figure S18), organ histology (Figure A), blood chemistry profiles (Figure B), and hepatic and renal function biomarkers (Figure C) in the treatment group were comparable to those in saline-treated controls, indicating tolerability during prolonged administration.",Full-text in vivo biosafety section reports repeated-administration tolerability endpoints for FW-LP@siIRF5 nanoparticles in atherosclerosis models.,codex_gpt-5.5_manual_agent,accept,ni_jie,A,
425,toxicity_endpoint,424,DCA-JAK13033 siRNA,41634015,PMC12976281,10.1038/s41467-026-68993-1,Intradermal delivery of lipophilic siRNAs enables prolonged skin retention and sustained gene silencing in a porcine model.,general safety/systemic exposure and immunogenicity safety,A,"Results > Intradermal administration of conjugated JAK13033 siRNAs in pigs demonstrates durable skin retention for at least 2 months, minimal systemic exposure, and a favorable safety profile; paragraph 12",accept,systemic safety/CBC/blood chemistry/inflammatory markers,True,True,A,0.96,pmc_full_text,True,"Additionally, blood levels of platelets (thrombocytopenia), white blood cell count (inflammation), alanine aminotransferase (ALT, liver damage), and carbamide (kidney damage) had no significant changes (Fig. 2c).","Full-text porcine intradermal siRNA study reports no significant changes in platelet, WBC, liver, and kidney safety markers after DCA-JAK13033 dosing.",codex_gpt-5.5_manual_agent,accept,ni_jie,A,
426,toxicity_endpoint,425,siRNA nanocarriers/lipoplexes,41274361,PMC12700850,10.1016/j.ejps.2025.107386,Pulmonary delivery of siRNA lipoplexes and lipid nanoparticles using a vibrating mesh nebuliser.,general safety/cell viability/cytotoxicity,A,Results > Cytotoxicity of siRNA nanocarriers; paragraph 24,accept,cell viability/cytotoxicity,True,True,A,0.94,pmc_full_text,True,All other formulations showed cell viability values > 80 % indicating low cytotoxicity (Fig.,Full-text Results link siRNA nanocarrier formulations to measured A549 cell viability/cytotoxicity after transfection/nebulisation.,codex_gpt-5.5_manual_agent,accept,ni_jie,A,
427,toxicity_endpoint,426,DP-EVs/siPD-L1,41815210,PMC12972210,10.1002/mco2.70673,An Engineered Extracellular Vesicle With Enhanced Tumor and Lymph Nodes Targeting as siRNA Delivery System for Robust Tumor Immunotherapy.,general safety/systemic toxicity/histology/body weight,A,Results > In Vivo Antitumor Efficacy Evaluation of DP‐EVs/siPD‐L1; paragraph 28,accept,systemic toxicity/histology/body weight,True,True,A,0.93,pmc_full_text,True,"Hematoxylin and eosin (H&E) staining of major organs revealed no pathological abnormalities, and all groups showed stable increase of body weight during therapy, suggesting minimal systemic toxicity (Figure S11A,B).","Full-text in vivo results link DP-EVs/siPD-L1 treatment to organ histology, body weight, and minimal systemic toxicity.",codex_gpt-5.5_manual_agent,accept,ni_jie,A,
428,toxicity_endpoint,427,MSC-NVs-siRNA,41810470,PMC12906011,10.1016/j.ajps.2026.101122,Inhalable stem cell-derived artificial nanovesicles for targeted siRNA delivery to effectively alleviate asthma symptoms.,immunotoxicity/local pulmonary inflammatory safety,A,Results and discussion > Preliminary safety evaluations confirm the relative safety of inhalable MSC—NVs; paragraph 39,reject,NA,False,True,NA,0.91,pmc_full_text,False,NONE,"Reject: the loaded passage contains methods/planned safety assays and biodistribution, but no primary observed safety/toxicity result for MSC-NVs-siRNA; accepting would be ungrounded.",codex_gpt-5.5_manual_agent,reject,ni_jie,C,"Reject: PMID 41810470; Reject: the loaded passage contains methods/planned safety assays and biodistribution, but no primary observed safety/toxicity result for MSC-NVs-siRNA; accepting would be ungrounded."
429,toxicity_endpoint,428,TGF-beta siRNA PMNP,41704233,PMC12907503,10.1016/j.bioactmat.2026.02.006,Polyplex of peptide-mannan and RNA for intranasal delivery of TGF-β siRNA in treatment of pulmonary fibrosis.,hepatic/renal/hepatotoxicity and kidney function,A,Results and discussion > Assessment of hepatotoxicity and kidney function; paragraph 15,accept,hepatic/renal toxicity and histology,True,True,A,0.96,pmc_full_text,True,The results collectively suggest that intranasal administration of M8NPs does not induce hepatotoxicity or impair kidney function under the tested conditions.,"Full-text Results report serum chemistry and histology after intranasal PMNP/M8NP administration, directly addressing hepatic and renal toxicity.",codex_gpt-5.5_manual_agent,accept,ni_jie,A,
430,toxicity_endpoint,429,siRNA polyplexes,41691982,PMC13183465manuscript-id: NIHMS2163813,10.1016/j.bbrc.2026.153430,An effective tumor-inhibiting siRNA delivery platform.,general safety/systemic toxicity,C,Conclusion.; paragraph 24,accept,systemic toxicity/histology,True,True,A,0.92,pmc_full_text,True,"Notably, no toxicity was observed with these systemically delivered siRNA polyplexes.","Full-text conclusion/results state no toxicity for systemically delivered siRNA polyplexes, supported by normal tissue histology.",codex_gpt-5.5_manual_agent,accept,ni_jie,A,
431,toxicity_endpoint,430,NLRP3 siRNA autonomous delivery system,41680766,PMC12997903,10.1186/s12916-026-04688-0,An autonomous siRNA delivery system targeting NLRP3: implications in Parkinson's disease.,general safety/general toxicity/adverse effects,C,Discussion; paragraph 44,reject,NA,False,True,NA,0.88,pmc_full_text,False,NONE,Reject: the loaded passage includes the safety-test methods but no observed adverse-effect or toxicity result for the NLRP3 siRNA autonomous delivery system; accepting would be ungrounded.,codex_gpt-5.5_manual_agent,reject,ni_jie,C,Reject: PMID 41680766; Reject: the loaded passage includes the safety-test methods but no observed adverse-effect or toxicity result for the NLRP3 siRNA autonomous delivery system; accepting would be ungrounded.
432,toxicity_endpoint,431,siRNA-loaded CaP-NP/cGM formulation,41647289,PMC12869795,10.1093/rb/rbaf115,A smart nanocomposite bioactive ink for controlled siRNA delivery in calvarial mesenchymal stromal cells as a minimally invasive treatment for craniosynostosis.,general safety/cell viability/biocompatibility,A,Results > PLGA NPs are suitable biocompatible nanocarriers for siRNAs delivery in CMSCs; paragraph 53,accept,cell viability/biocompatibility,True,True,A,0.94,pmc_full_text,True,"The MTT assay showed no significant differences in the viability of cells treated with PLGA NPs for 48 h at all tested concentrations (0.02, 0.04, 0.2, 0.5, 2.5 mg/mL) compared with the untreated controls, indicating that PLGA NPs did not affect cellular metabolism (Figure 5A).",Full-text Results measure viability/biocompatibility of the siRNA nanocarrier platform in CMSCs.,codex_gpt-5.5_manual_agent,accept,ni_jie,A,
433,toxicity_endpoint,432,prazosin-siRNA/antibody conjugate,41569158,PMC12825305,10.1093/nar/gkaf1539,Staufen dsRNA-binding domain as modules to design bifunctional antibodies for siRNA delivery.,general safety/cytotoxicity/transcriptional misregulation,B,Results > Endosome-to-cytosol import by conjugating SM enhancers; paragraph 36,reject,NA,False,True,NA,0.9,pmc_full_text,False,NONE,Reject: the cytotoxicity/transcriptional-misregulation statement is for the prazosin enhancer rather than a measured toxicity result of the antibody-siRNA oligo/delivery product.,codex_gpt-5.5_manual_agent,reject,ni_jie,C,Reject: PMID 41569158; Reject: the cytotoxicity/transcriptional-misregulation statement is for the prazosin enhancer rather than a measured toxicity result of the antibody-siRNA oligo/delivery product.
434,toxicity_endpoint,433,siB/QU@L-OL,41560836,PMC12814076,10.1016/j.mtbio.2026.102764,Intranasal delivery of Odorranalectin-modified lipid nanoparticles for multi-targeted therapy of Alzheimer's disease.,general safety/in vivo biosafety/hepatic renal and local nasal toxicity,A,Results and discussion > In vivo biosafety assessment; paragraph 52,accept,cytotoxicity/hemolysis/tolerability,True,True,A,0.95,pmc_full_text,True,Hemolysis assays further confirmed that siB/QU@L-OL caused no detectable erythrocyte lysis at any of the tested concentrations (Fig. 1K).,Full-text Results directly link siB/QU@L-OL to hemolysis/blood-compatibility safety testing.,codex_gpt-5.5_manual_agent,accept,ni_jie,A,
435,toxicity_endpoint,434,curcumin coacervate siRNA formulation,41510156,PMC12775651,10.7150/thno.121865,Curcumin coacervates for supramolecular-interaction-responsive cytosolic siRNA delivery to enhance pyroptosis.,general safety/hemolysis/blood compatibility,A,Results and Discussion > Curcumin coacervates enrich in the tumor site through tail vein injection; paragraph 31,accept,hematology/hepatic toxicity/systemic tolerability,True,True,A,0.93,pmc_full_text,True,"Blood biochemical analysis showed no significant difference in white blood cells (WBC), RBC, hemoglobin (HGB), and platelets (PLT) (Figures 6C-F).",Full-text Results report hematology and liver-function safety after intravenous curcumin coacervate delivery product administration.,codex_gpt-5.5_manual_agent,accept,ni_jie,A,
436,toxicity_endpoint,435,siRNA@VG-Exos,41491215,PMC12781530,10.1186/s12951-025-03954-2,Endothelial-targeted modification of ginseng-derived exosomes for IL-6 SiRNA delivery ameliorates hepatic ischemia-reperfusion injury.,hepatic/renal/general safety/histology and serum biochemistry safety,A,Result > In vivo safety assessment of siRNA@VG-Exos; paragraph 31,accept,histology/serum biochemistry/hemolysis,True,True,A,0.96,pmc_full_text,True,"Serum biochemical markers of renal function (CREA, BUN) and hepatic function (ALT, AST) showed no significant differences compared to the control group (Fig. 9B-E).",Full-text in vivo safety assessment links siRNA@VG-Exos to renal/hepatic serum chemistry and histopathology safety.,codex_gpt-5.5_manual_agent,accept,ni_jie,A,
437,toxicity_endpoint,436,LNP-SNORA49 RNA/SOX9 ASO,41565615,PMC12824223,10.1038/s41467-025-66486-1,SNORA49 negatively regulates self-renewal of liver cancer stem cells and hepatocarcinogenesis via suppressing SOX9 transcription.,general safety/organ morphology/body weight/cytokine safety,B,Results > Lipid nanoparticle delivery of SNORA49 and ASOs against SOX9 exerts synergistic antitumor effect on HCC tumors; paragraph 25,accept,organ morphology/body weight/cytokines,True,True,A,0.94,pmc_full_text,True,"Compared with control groups, those treated with either empty LNP vectors or LNP-RNAs displayed normal liver, kidney, and spleen morphology, comparable body weight and organ size","Full-text Results report organ morphology, body weight, organ size, and cytokine expression after LNP-RNA treatment.",codex_gpt-5.5_manual_agent,accept,ni_jie,A,
438,toxicity_endpoint,437,pPB-siRNATRAF6/NMm-pPB-siRNATRAF6,41560791,PMC12813177,10.1016/j.mtbio.2025.102734,Spatiotemporal delivery of multifunctional nanozymes for neuroinflammation alleviation via autophagy modulation in spinal cord injury.,general safety/cell viability/cytotoxicity,A,Results and discussion > In vitro targeting of inflammatory macrophages and nerve cells; paragraph 11,accept,cell viability/cytotoxicity,True,True,A,0.95,pmc_full_text,True,"CCK-8 assays revealed that these nanoparticles (with PB at 100 μg/mL) did not significantly affect the cell viability in BMDMs and PC12 cells (a common neuronal cell line) over periods of 24, 48, and 72 h (Fig. S6, A and B).",Full-text Results directly measure viability after pPB-siRNATRAF6/NMm-pPB-siRNATRAF6 nanoparticle exposure.,codex_gpt-5.5_manual_agent,accept,ni_jie,A,
439,toxicity_endpoint,438,pMSNC@ISG15 siRNA,41560785,PMC12813121,10.1016/j.mtbio.2025.102631,Interferon-stimulated gene 15 small interfering RNA-loaded polarized mesoporous silica nanocarriers remodel the immune microenvironment to ameliorate post-myocardial infarction heart failure.,general safety/in vivo biocompatibility/clinical chemistry,A,Results > pMSNC@ISG15 siRNA exhibits favorable in vivo biocompatibility and cardiac tissue targeting; paragraph 78,accept,biocompatibility,True,True,B,0.82,pmc_full_text,True,"The synthesized pMSNC@ISG15 siRNA nanoparticles effectively suppressed ISG15 expression in cardiac cells, exhibited excellent biocompatibility, and inhibited immune cell activation in vivo.","The loaded passage provides an abstract-level primary safety statement for pMSNC@ISG15 siRNA biocompatibility; detailed Results are not present within the loaded truncation, so grade is B.",codex_gpt-5.5_manual_agent,accept,ni_jie,B,
440,toxicity_endpoint,439,SANG-siRNA,41500988,PMC12780282,10.1038/s41467-025-66788-4,Tumor agnostic drug delivery with dynamic nanohydrogels.,general safety/systemic toxicity/repeat-dose tolerability,A,Results > Systemic delivery of SANGs is minimally toxic; paragraph 20,accept,systemic toxicity/repeat-dose tolerability,True,True,A,0.96,pmc_full_text,True,A repeat-dose tolerability study of high-dose SANG-siRNA and co-infused oxaliplatin in rats with advanced colorectal cancer42 produced no mortality or any clinical signs of distress while weights recovered back to baseline by study completion (Supplementary Fig. 20).,"Full-text Results report repeat-dose tolerability, mortality, clinical signs, and weight recovery for high-dose SANG-siRNA.",codex_gpt-5.5_manual_agent,accept,ni_jie,A,
441,toxicity_endpoint,440,cationic/anionic siRNA lipoplexes,41282509,PMC12635908,10.3892/br.2025.2085,Assessment of anionic siRNA lipoplexes prepared via modified ethanol injection for tumor cell delivery.,general safety/cell viability/cytotoxicity,A,Results > Cytotoxicity of cationic and anionic siRNA lipoplexes; paragraph 27,accept,cell viability/cytotoxicity,True,True,A,0.92,pmc_full_text,True,"Cationic and anionic siRNA lipoplexes were transfected into MCF-7-Luc and HeLa-Luc cells, with viability measured after 48 h.",Full-text Results directly measure cytotoxicity/cell viability after cationic and anionic siRNA lipoplex transfection.,codex_gpt-5.5_manual_agent,accept,ni_jie,A,
442,toxicity_endpoint,441,ISIS 405879,40101742,PMC12043408manuscript-id: NIHMS2042395,10.1093/jimmun/vkae055,Cellular immune changes during severe antisense oligonucleotide-associated thrombocytopenia in a nonhuman primate model.,hematological/thrombocytopenia,B,Abstract; paragraph 1,accept,hematological/thrombocytopenia,True,True,A,0.95,pmc_full_text,True,Seven out of 9 Mauritian origin NHPs developed severe TCP with platelet nadir < 50K/uL as early as after two months of treatment.,Full-text Results report severe thrombocytopenia/platelet nadir during ISIS 405879 ASO treatment in NHPs.,codex_gpt-5.5_manual_agent,accept,ni_jie,A,
443,toxicity_endpoint,442,LNP TNF-alpha siRNA,40776451,PMC12616584,10.1002/adhm.202500695,Pulmonary Delivery of siRNA Anti-TNFα-loaded Lipid Nanoparticles for Rapid Recovery in Murine Acute Lung Injury.,general safety/cell viability/cytotoxicity,A,Results and Discussion > Characterizing the In Vitro Anti‐Inflammatory Effect of LNP TNF‐α siRNA; paragraph 11,accept,cell viability/cytotoxicity,True,True,A,0.94,pmc_full_text,True,"Notably, both LNP formulations exhibited no cytotoxicity, even at high concentrations.",Full-text Results directly report no cytotoxicity for LNP TNF-alpha siRNA and control LNP formulations.,codex_gpt-5.5_manual_agent,accept,ni_jie,A,
444,toxicity_endpoint,443,siSTAT3 silk sphere formulation,40584785,PMC12204100,10.2147/IJN.S519906,"Developing the Strategy to Use Silk Spheres for Efficient, Targeted Delivery of Oligonucleotide Therapeutics to Cancer Cells.",general safety/cell viability/cytotoxicity,B,Results and Discussion > Analysis of the Gene Silencing Effect Exerted of siRNA Delivered Using H2.1MS1KN and H2.1MS1:MS2KN Spheres; paragraph 47,accept,cell viability/cytotoxicity,True,True,A,0.91,pmc_full_text,True,Spheres made of H2.1MS1KN and a blend of H2.1MS1 and MS2KN2 silks were not cytotoxic when examined at a wide range of concentrations (Figure 4).,Full-text cytotoxicity analysis reports non-cytotoxicity of siRNA-delivery silk sphere formulations.,codex_gpt-5.5_manual_agent,accept,ni_jie,A,
445,toxicity_endpoint,444,GalNAc multimeric siRNA conjugate,40443118,PMC12183678,10.1021/acs.bioconjchem.5c00156,Multimeric Conjugates Using Engineered Peptide Scaffolds for Efficient siRNA Delivery.,renal/renal biodistribution/exposure,C,Results and Discussion > Biophysical Characterizations of Multimers > Biodistribution and Silencing Activity; paragraph 36,reject,NA,False,True,NA,0.97,pmc_full_text,False,NONE,"Reject: the claimed renal evidence is biodistribution/exposure and kidney accumulation, not a toxicity/safety/tolerability endpoint under the toxicity contract.",codex_gpt-5.5_manual_agent,reject,ni_jie,C,"Reject: PMID 40443118; Reject: the claimed renal evidence is biodistribution/exposure and kidney accumulation, not a toxicity/safety/tolerability endpoint under the toxicity contract."
446,toxicity_endpoint,445,CDs-pDEAEMA/BIRC5 siRNA,40347142,PMC12152932,10.1021/acs.biomac.5c00267,Poly(2-(diethylamino)ethyl methacrylate)-Functionalized Carbon Nanodots as Theranostic Platforms for siRNA Delivery and Survivin Silencing in Triple-Negative Breast Cancer.,general safety/cytocompatibility/erythrocompatibility,A,Results and Discussion > Cell Compatibility; paragraph 50,accept,erythrocompatibility/cytocompatibility,True,True,A,0.94,pmc_full_text,True,"The studies conducted on red blood cells (Figure ) showed that the complexes obtained with the lower ratios (R: 3, 4, 5) were entirely compatible, with erythrolysis levels comparable to those observed when incubating cells in phosphate buffer, values attributable to the stress endured by the cells during operational procedures (e.g., centrifugation, resuspension).",Full-text Results link CDs-pDEAEMA/siRNA complexes to red-blood-cell compatibility/erythrolysis testing.,codex_gpt-5.5_manual_agent,accept,ni_jie,A,
447,toxicity_endpoint,446,NLP-exosome complex STAT3 siRNA,40427146,PMC12109797,10.3390/cancers17101648,Exosome Enveloped by Nano Lipid Particle a New Model for Signal Transducer and Activator of Transcription 3 Silencer Ribonucleic Acid Delivery System to a Glioblastoma Mice Model.,general safety/cell viability/cytotoxicity,C,3. Results > 3.1. The Use of NLP-EXOSOME COMPLEX Nanoparticles Results in the Production of Reliable and Efficient Formulations for Delivering siRNA; paragraph 29,accept,LDH/cell damage/cytotoxicity,True,True,A,0.9,pmc_full_text,True,"The lack of cell damage during transfection suggests that NLP-EXOSOME COMPLEX is also safe for use in the central nervous system (CNS) in vivo, and the similar results seen with parental activity indicate that the degradation of NLP-EXOSOME COMPLEX and release of the complex does not cause toxicity.",Full-text Results report LDH/cell-damage biocompatibility for the NLP-exosome siRNA delivery complex.,codex_gpt-5.5_manual_agent,accept,ni_jie,A,
448,toxicity_endpoint,447,P-HyOMe-WRAP5:siF3 nanoparticles,40084851,PMC12132915,10.1002/cmdc.202400885,Enhancing WRAP-Based Nanoparticles for Small Interfering Ribonucleic Acid Delivery in pH-Sensitive Environments.,general safety/cell viability/cytotoxicity,B,Results and Discussion > FADD Knockdown in Human Cardiomyocytes Using PEGylated pH-Sensitive WRAP5 Nanoparticles at pH 5; paragraph 53,accept,cytotoxicity/cell viability,True,True,C,0.76,pmc_full_text,True,"In contrast, for the 100% P‐HyOMe‐W5:siF3 nanoparticles, FADD knockdown was maximal (60%) for 40 nM siF3. FADD silencing did not increase with increasing siRNA concentration, probably due to the dose‐dependent increase in cytotoxicity.",Full-text Results provide a weak but grounded cytotoxicity-linked observation for P-HyOMe-WRAP5:siF3 nanoparticles in cardiomyocyte dosing.,codex_gpt-5.5_manual_agent,accept,ni_jie,C,
449,toxicity_endpoint,448,BE-ST@siBACE1 / BE-ST@siRNA,40064874,PMC11893799,10.1038/s41467-025-57488-0,Berberine-inspired ionizable lipid for self-structure stabilization and brain targeting delivery of nucleic acid therapeutics.,immunotoxicity/immune activation,A,Results > Brain-targeted delivery of siBACE1 by BE-ST for AD treatment; paragraph 18,accept,blood biochemistry/histology/immunogenicity,True,True,A,0.95,pmc_full_text,True,"Blood biochemistry and histological analyses two weeks post-injection showed no significant differences between PBS and BE(-ST)@siRNA groups (Supplementary Figs. 21, 22 and Tables 9, 10).","Full-text Results link BE(-ST)@siRNA treatment to blood biochemistry, histology, and immunogenicity safety markers.",codex_gpt-5.5_manual_agent,accept,ni_jie,A,
450,toxicity_endpoint,449,PEI/PHD2 siRNA nanocomplexes,41266661,PMC12634668,10.1038/s41598-025-24808-9,Optimized delivery of RNA silencing prolyl hydroxylase domain 2 for enhanced angiogenesis and osteogenesis using bioactive glass scaffolds.,general safety/cell viability/cytotoxicity,A,Results > Biological effects of PEI/PHD2 SiRNA complexes on HUVECs; paragraph 36,accept,cell viability/cytotoxicity,True,True,A,0.95,pmc_full_text,True,"After 24 h of exposure to the complexes at a concentration of 20 µM, the viability of HUVECs remained > 90% across all the tested N: P ratios (3:1, 6:1, and 8:1), indicating the biocompatibility and nontoxicity of the nanocomplexes (Fig. 2A).",Full-text Results directly measure HUVEC viability and nontoxicity after PEI/PHD2 siRNA nanocomplex exposure.,codex_gpt-5.5_manual_agent,accept,ni_jie,A,
451,toxicity_endpoint,450,PLGA-CpG@ID8-M nanovaccine,39985265,PMC12005807,10.1002/advs.202412881,CpG-Based Nanovaccines Enhance Ovarian Cancer Immune Response by Gbp2-Mediated Remodeling of Tumor-Associated Macrophages.,general safety/cell viability/cytotoxicity,A,"Results and Discussion > Synthesis, Characterization, and Safety Assessment of PLGA-CpG@ID8-M Nanovaccine; paragraph 9",accept,general safety/cell viability/cytotoxicity,True,True,A,high,pmc_full_text,True,"Neither PLGA‐CpG@ID8‐M nor free CpG significantly affected cell viability at concentrations of 0–2 µm, while obvious cytotoxicity was observed at concentrations exceeding 4 µm (Figure 1F).",Full-text results directly measure nanovaccine cytotoxicity/cell viability in macrophages; therapeutic CpG nanovaccine is in scope.,codex_gpt-5.5_manual_agent,accept,ni_jie,A,
452,toxicity_endpoint,451,siRNA SORT LNPs,38973655,PMC11823468manuscript-id: NIHMS2006301,10.1002/adma.202313791,"Expanding RNAi to Kidneys, Lungs, and Spleen via Selective ORgan Targeting (SORT) siRNA Lipid Nanoparticles.",general safety/systemic safety/tolerability,A,Results > SORT LNPs enable robust silencing of tissue-enriched endogenous gene targets and are well tolerated in vivo.; paragraph 12,accept,general safety/systemic safety/tolerability,True,True,A,high,pmc_full_text,True,There were no significant differences in biomarkers observed between siRNA SORT LNPs and PBS groups.,Full-text results directly measure liver/kidney biomarkers and histology after administered siRNA SORT LNPs.,codex_gpt-5.5_manual_agent,accept,ni_jie,A,
453,toxicity_endpoint,452,Ube3a-AS ASO,38327047,PMC11163203,10.1016/j.ymthe.2024.02.004,Prenatal delivery of a therapeutic antisense oligonucleotide achieves broad biodistribution in the brain and ameliorates Angelman syndrome phenotype in mice.,hepatic/hepatotoxicity,A,Results > Analysis of potential toxicities of ASO exposure in dams; paragraph 15,accept,hepatic/hepatotoxicity,True,True,A,high,pmc_full_text,True,"We observed an elevation in aspartate aminotransferase (AST) in the dams of IC-injected pups, and a trend for AST elevation in dams of IA-injected pups compared with dams of PBS-injected controls",Full-text results directly measure maternal liver toxicity/liver function tests after prenatal Ube3a-AS ASO exposure.,codex_gpt-5.5_manual_agent,accept,ni_jie,A,
454,toxicity_endpoint,453,CD44 siRNA nanoplexes,38998694,PMC11243722,10.3390/nano14131089,Development of Focused Ultrasound-Assisted Nanoplexes for RNA Delivery.,general safety/cell viability/cytotoxicity,A,3. Results > 3.4. siRNA Delivery Cytotoxicity of Complexes Developed in This Study; paragraph 24,accept,general safety/cell viability/cytotoxicity,True,True,A,high,pmc_full_text,True,No statistical significance was detected with any formulation in any of the cell lines. Cell viability was above 60 percent in all formulations with both cell lines.,Full-text results directly report MTT cytotoxicity/cell viability for CD44 siRNA nanoplex formulations.,codex_gpt-5.5_manual_agent,accept,ni_jie,A,
455,toxicity_endpoint,454,Phe-NPs/ASO,39411247,PMC11474373,10.1016/j.omtn.2024.102340,l-Type amino acid transporter 1-targeting nanoparticles for antisense oligonucleotide delivery to the CNS.,general safety/cell viability/cytotoxicity,A,"Results > In vitro characterization of Phe-NPs/ASO: Cellular uptake, endosomal escape, cell viability, and cytotoxicity; paragraph 11",accept,general safety/cell viability/cytotoxicity,True,True,A,high,pmc_full_text,True,There were no significant effects on cell viability or cytotoxicity following exposure to NT-NPs/ASO or Phe-NPs/ASO at any of the tested concentrations,Full-text results directly measure viability/cytotoxicity for ASO-loaded Phe nanoparticles.,codex_gpt-5.5_manual_agent,accept,ni_jie,A,
456,toxicity_endpoint,455,DOTAP/siSmad4@EM,39258001,PMC11385781,10.1016/j.ajps.2024.100929,Pulmonary fibroblast-specific delivery of siRNA exploiting exosomes-based nanoscaffolds for IPF treatment.,immunotoxicity/immune activation,A,Results and discussion > Safety profiles; paragraph 46,accept,general safety/cell viability/cytotoxicity,True,True,A,high,pmc_full_text,True,"DOTAP/siRNA@EM having highest siRNA concentration (200 nM) displayed the lowest cytotoxicity (cell viability, ∼80 %) following 48 h-treatment.",Full-text results directly compare cytotoxicity/cell viability of DOTAP/siRNA@EM nanoscaffolds; toxicity domain match despite v1 immune label.,codex_gpt-5.5_manual_agent,accept,ni_jie,A,
457,toxicity_endpoint,456,TPNs-siRNA,39118143,PMC11308685,10.1186/s12951-024-02756-2,Tea polyphenol nanoparticles enable targeted siRNA delivery and multi-bioactive therapy for abdominal aortic aneurysms.,general safety/systemic safety/tolerability,A,Results and discussion > Safety assessment of TPNs-siRNA; paragraph 67,accept,general safety/cell viability/cytotoxicity,True,True,A,high,pmc_full_text,True,"At concentrations ranging from 10 to 100 µg/mL, the cell viability exceeded 90% (Fig. 2A, B).",Full-text results directly measure cytotoxicity/cell viability for TPNs-siRNA.,codex_gpt-5.5_manual_agent,accept,ni_jie,A,
458,toxicity_endpoint,457,CAP-siRNA complexes,37963105,PMC10698724,10.1021/acs.molpharmaceut.3c00455,Impact of Peptide Sequence on Functional siRNA Delivery and Gene Knockdown with Cyclic Amphipathic Peptide Delivery Agents.,general safety/cell viability/cytotoxicity,C,Results and Discussion > Functional Gene Knockdown by CAP-siRNA Complexes; paragraph 40,reject,NA,False,False,NA,high,pmc_full_text,False,NONE,Reject: CAP-siRNA complexes are used for in vitro delivery/TTF-1 lab knockdown screening; no therapeutic oligonucleotide safety endpoint accepted.,codex_gpt-5.5_manual_agent,reject,ni_jie,C,Reject: PMID 37963105; Reject: CAP-siRNA complexes are used for in vitro delivery/TTF-1 lab knockdown screening; no therapeutic oligonucleotide safety endpoint accepted.
459,toxicity_endpoint,458,AA-T3A-C12/siHSP47 LNP,36650129,PMC9845313,10.1038/s41467-022-35637-z,Ligand-tethered lipid nanoparticles for targeted RNA delivery to treat liver fibrosis.,hepatic/hepatotoxicity,A,Results > Safety evaluation; paragraph 19,accept,hepatic/hepatotoxicity,True,True,A,high,pmc_full_text,True,"AA-T3A-C12/siHSP47 LNP treatment slightly decreased ALT, AST, and TBIL levels in fibrotic mice, but these decreases were not significant.",Full-text safety evaluation directly measures hepatic markers after therapeutic siHSP47 LNP treatment.,codex_gpt-5.5_manual_agent,accept,ni_jie,A,
460,toxicity_endpoint,459,r/si-ORF7 flexible nano-liposomes,37700336,PMC10496174,10.1186/s13578-023-01108-1,A novel recombinant ORF7-siRNA delivered by flexible nano-liposomes inhibits varicella zoster virus infection.,general safety/cell viability/cytotoxicity,B,Results > Preparation and characterization of flexible nano-liposomes; paragraph 18,accept,general safety/cell viability/cytotoxicity,True,True,A,high,pmc_full_text,True,the r/si-ORF7 displayed negligible cytotoxicity to ARPE-19 cells till 100 nM that was 10 folds higher than its working concentration (10 nM) used in antiviral experiments,Full-text results directly report cytotoxicity/cell viability for antiviral r/si-ORF7.,codex_gpt-5.5_manual_agent,accept,ni_jie,A,
461,toxicity_endpoint,460,MPLN siRNA nanoparticles,36755201,PMC10074117,10.1002/advs.202300282,Lymphocyte Membrane- and 12p1-Dual-Functionalized Nanoparticles for Free HIV-1 Trapping and Precise siRNA Delivery into HIV-1-Infected Cells.,general safety/cell viability/cytotoxicity,A,Results > Cytotoxicity; paragraph 19,accept,general safety/cell viability/cytotoxicity,True,True,A,high,pmc_full_text,True,there was no significant change found in cell viability for all three cell lines treated with MLN or MPLN compared with control,Full-text results directly measure MPLN nanoparticle cytotoxicity/cell viability.,codex_gpt-5.5_manual_agent,accept,ni_jie,A,
462,toxicity_endpoint,461,ZNF416 siRNA-loaded liposomes,36371191,PMC9652794,10.1186/s12967-022-03740-w,Targeted delivery of ZNF416 siRNA-loaded liposomes attenuates experimental pulmonary fibrosis.,general safety/systemic safety/tolerability,A,Results > Administration of ZNF416 siRNA-loaded liposomes attenuates pulmonary fibrosis in experimental mouse models; paragraph 41,accept,general safety/systemic safety/tolerability,True,True,A,high,pmc_full_text,True,"We also found no significant differences in these markers of the liver, kidney, and heart function and body weight in comparison with controls","Full-text results directly measure organ-function markers, body weight, and histology for ZNF416 siRNA-loaded liposomes.",codex_gpt-5.5_manual_agent,accept,ni_jie,A,
463,toxicity_endpoint,462,CS-OA coated PLGA siRNA nanoparticles,34684009,PMC8539707,10.3390/pharmaceutics13101716,Chitosan Oleate Coated PLGA Nanoparticles as siRNA Drug Delivery System.,general safety/cell viability/cytotoxicity,A,3. Results and Discussion > 3.4. Cytotoxicity Test on Human CD14+ Monocytes from Peripheral Blood; paragraph 23,accept,general safety/cell viability/cytotoxicity,True,True,A,high,pmc_full_text,True,"The results demonstrated that the presence of CS-NPs, including at the highest concentration of CS-OA (100 μg/mL), did not affect cell viability.",Full-text results directly measure cell viability for the CS-OA/PLGA delivery product used for siRNA complexes.,codex_gpt-5.5_manual_agent,accept,ni_jie,A,
464,toxicity_endpoint,463,photocrosslinked bioreducible siRNA nanoparticles (XbNPs),34650390,PMC8513781manuscript-id: NIHMS1685763,10.1002/adfm.202009768,Photocrosslinked Bioreducible Polymeric Nanoparticles for Enhanced Systemic siRNA Delivery as Cancer Therapy.,hepatic/hepatotoxicity,A,Results and Discussion > Photocrosslinked Nanoparticles for Systemic siRNA Delivery to Tumors In Vivo > Preferential Uptake in Cancer Cells and siRNA-Mediated Knockdown In Vivo; paragraph 27,reject,NA,False,False,NA,high,pmc_full_text,False,NONE,"Reject: passage supports siLuc delivery/biodistribution and luciferase knockdown, not a therapeutic oligo hepatotoxicity/safety endpoint.",codex_gpt-5.5_manual_agent,reject,ni_jie,C,"Reject: PMID 34650390; Reject: passage supports siLuc delivery/biodistribution and luciferase knockdown, not a therapeutic oligo hepatotoxicity/safety endpoint."
465,toxicity_endpoint,464,siSTAT3/DoCh LNP,32059541,PMC7072202,10.3390/biom10020285,Silencing of STAT3 via Peptidomimetic LNP-Mediated Systemic Delivery of RNAi Downregulates PD-L1 and Inhibits Melanoma Growth.,hepatic/hepatotoxicity,A,3. Results and Discussion; paragraph 27,accept,hepatic/hepatotoxicity,True,True,A,high,pmc_full_text,True,measurement of serum ALT/AST level showed that nontreated and siSTAT3/DoCh-treated group had normal level of the liver enzymes,Full-text results directly assess liver/lung histology and serum ALT/AST after therapeutic siSTAT3/DoCh LNP dosing.,codex_gpt-5.5_manual_agent,accept,ni_jie,A,
466,toxicity_endpoint,465,GNP-delivered ASO/Ps-ASO single-strand oligonucleotides,32366887,PMC7445782,10.1038/s41434-020-0151-y,Natural polyphenol assisted delivery of single-strand oligonucleotides by cationic polymers.,general safety/cell viability/cytotoxicity,A,Results and discussion; paragraph 17,reject,NA,False,False,NA,high,pmc_full_text,False,NONE,Reject: GNP-delivered ASO/Ps-ASO data use reporter/housekeeping-gene knockdown as a delivery screen; therapeutic oligo safety gate not met.,codex_gpt-5.5_manual_agent,reject,ni_jie,C,Reject: PMID 32366887; Reject: GNP-delivered ASO/Ps-ASO data use reporter/housekeeping-gene knockdown as a delivery screen; therapeutic oligo safety gate not met.
467,toxicity_endpoint,466,customizable siRNA LNP materials,30112821,PMC7548314manuscript-id: NIHMS1627470,10.1002/anie.201809056,Customizable Lipid Nanoparticle Materials for the Delivery of siRNAs and mRNAs.,general safety/cell viability/cytotoxicity,C,article body; paragraph 7,reject,NA,False,False,NA,high,pmc_full_text,False,NONE,Reject: customizable LNP materials are tested with reporter siRNA/mRNA screening; mRNA is excluded and siRNA is a lab reporter tool.,codex_gpt-5.5_manual_agent,reject,ni_jie,C,Reject: PMID 30112821; Reject: customizable LNP materials are tested with reporter siRNA/mRNA screening; mRNA is excluded and siRNA is a lab reporter tool.
468,toxicity_endpoint,467,chitosan-mangafodipir mNP anti-eGFP siRNA,29805475,PMC5967853manuscript-id: NIHMS965722,10.1016/j.jddst.2017.11.013,Chitosan-Mangafodipir nanoparticles designed for intranasal delivery of siRNA and DNA to brain.,general safety/cell death/cytotoxicity,B,4. Results; paragraph 35,reject,NA,False,False,NA,high,pmc_full_text,False,NONE,"Reject: anti-eGFP siRNA is a reporter/lab knockdown tool for delivery testing, not a therapeutic oligonucleotide safety result.",codex_gpt-5.5_manual_agent,reject,ni_jie,C,"Reject: PMID 29805475; Reject: anti-eGFP siRNA is a reporter/lab knockdown tool for delivery testing, not a therapeutic oligonucleotide safety result."
469,toxicity_endpoint,468,fully chemically modified hsiRNAs,29432571,PMC5861422,10.1093/nar/gky037,Comparison of partially and fully chemically-modified siRNA in conjugate-mediated delivery in vivo.,general safety/systemic safety/tolerability,B,RESULTS > Full chemical stabilization enables productive silencing in vivo.; paragraph 35,accept,general safety/systemic safety/tolerability,True,True,B,medium,pmc_full_text,True,"fully chemically modified, siRNAs were well tolerated at the doses injected, with animals showing no observable adverse events or changes in blood chemistry","Full-text results report tolerability/blood chemistry for administered fully modified hsiRNA conjugates, but supporting data are stated as not shown, so grade is weaker.",codex_gpt-5.5_manual_agent,accept,ni_jie,C,Grade adjusted B->C: PMID 29432571; weak/generic or abstract-limited support for general safety/systemic safety/tolerability.
470,toxicity_endpoint,469,Br-ApoE(K->A)-PMO and related P-PMO conjugates,28118087,PMC5467147,10.1089/nat.2016.0652,Identification of a Peptide for Systemic Brain Delivery of a Morpholino Oligonucleotide in Mouse Models of Spinal Muscular Atrophy.,general safety/cell viability/cytotoxicity,A,Results > PMO conjugation and cellular assays as measures of cell uptake ability; paragraph 25,accept,general safety/cell viability/cytotoxicity,True,True,A,high,pmc_full_text,True,"Compared with untreated cells, no significant reductions in cell viability were seen for any conjugate",Full-text results directly measure hepatocyte viability for therapeutic P-PMO conjugates.,codex_gpt-5.5_manual_agent,accept,ni_jie,A,
471,toxicity_endpoint,470,polyester-siLuc nanoparticles,27974266,PMC11164181manuscript-id: NIHMS835805,10.1016/j.biomaterials.2016.12.001,Aerosol delivery of stabilized polyester-siRNA nanoparticles to silence gene expression in orthotopic lung tumors.,general safety/cell viability/cytotoxicity,B,Results and discussion > Functional polyester library screening for siLuc silencing in A549-Luc lung cancer cells; paragraph 16,reject,NA,False,False,NA,high,pmc_full_text,False,NONE,Reject: polyester-siLuc nanoparticles use luciferase reporter siRNA for delivery screening; not therapeutic oligo toxicity evidence.,codex_gpt-5.5_manual_agent,reject,ni_jie,C,Reject: PMID 27974266; Reject: polyester-siLuc nanoparticles use luciferase reporter siRNA for delivery screening; not therapeutic oligo toxicity evidence.
472,toxicity_endpoint,471,L2-3@siTNF-alpha LNP,40522028,,10.1002/adhm.202501031,Therapeutic Lipid Nanoparticles Delivery of Small Interfering RNA for the Synergistic Treatment of Hepatic Inflammation.,general safety/biocompatibility,C,PubMed abstract,abstain,none,False,False,NA,0.0,none,False,NONE,no source passage available; abstain required by Task A contract,codex_no_source_abstain_rule,reject,ni_jie,C,"Reject: PMID 40522028; the abstained record was checked at abstract level, but general safety/biocompatibility is still not directly recoverable for L2-3@siTNF-alpha LNP."
473,toxicity_endpoint,472,elebsiran (BRII-835),40043858,,10.1053/j.gastro.2025.02.016,The Impact of Hepatitis B Surface Antigen Reduction via Small Interfering RNA Treatment on Natural and Vaccine (BRII-179)-Induced Hepatitis B Virus-Specific Humoral and Cellular Immune Responses.,general safety/clinical tolerability,B,PubMed abstract,abstain,none,False,False,NA,0.0,none,False,NONE,no source passage available; abstain required by Task A contract,codex_no_source_abstain_rule,reject,ni_jie,C,Reject: PMID 40043858 abstract/title reviewed; no clear in-scope general safety/clinical tolerability endpoint is grounded for elebsiran (BRII-835).
474,toxicity_endpoint,473,ISIS 405879 2'-MOE ASO,37093125,,10.1089/nat.2022.0042,Complement C3d/C4d Deposition on Platelets Correlates with 2'-O-Methoxyethyl Antisense Oligonucleotide-Induced Thrombocytopenia in Monkeys.,hematological/thrombocytopenia,B,PubMed abstract,abstain,none,False,False,NA,0.0,none,False,NONE,no source passage available; abstain required by Task A contract,codex_no_source_abstain_rule,accept,ni_jie,B,"Accept B: PubMed abstract gives a direct abstract-level signal for hematological/thrombocytopenia in ISIS 405879 2'-MOE ASO; no full passage, so curator kept confidence limited."
475,toxicity_endpoint,474,unspecified ASO,42095135,PMC13140060,10.1016/j.omtn.2026.102930,Development of an exon 27-skipping antisense oligonucleotide as a targeted therapy for refractory skin ulcers in Werner syndrome.,hepatic/hepatotoxicity,A,Results > Safety evaluation; paragraph 25,accept,general safety/systemic safety/tolerability,True,True,A,high,pmc_full_text,True,WRN-108 was well tolerated in both species up to the highest doses tested.,Full-text safety evaluation directly reports in vivo tolerability of therapeutic WRN-108 ASO.,codex_gpt-5.5_manual_agent,accept,ni_jie,A,
476,toxicity_endpoint,475,side,41981306,PMC13099374,10.1038/s41591-026-04314-9,Antisense oligonucleotide-mediated knockdown therapy in two infants with severe KCNT1 epileptic encephalopathy.,general safety/systemic safety/tolerability,A,Results > Safety characterization and IND-enabling studies; paragraph 15,accept,general safety/adverse events,True,True,A,high,pmc_full_text,True,We therefore considered the serious adverse events encountered in our two patients to be attributable to dosing of the study drug.,Full-text clinical results directly report adverse events attributed to therapeutic KCNT1 ASO dosing; manifest molecule field is malformed.,codex_gpt-5.5_manual_agent,accept,ni_jie,A,
477,toxicity_endpoint,476,size,41878536,PMC13006219,10.3389/fonc.2026.1659341,Targeting TLK2 with antisense oligonucleotides as a new strategy in acute myeloid leukemia.,hepatic/hepatotoxicity,A,Results; paragraph 24,accept,hepatic/hepatotoxicity,True,True,A,high,pmc_full_text,True,"The toxicity study showed that ALT levels in the TLK2 ASO group were slightly elevated, but the combination treatment reduced ALT levels.",Full-text results directly measure liver chemistry after TLK2 ASO treatment in vivo.,codex_gpt-5.5_manual_agent,accept,ni_jie,A,
478,toxicity_endpoint,477,significant,42033225,PMC13109722,10.1093/nar/gkag343,Direct targeting of C9ORF72 repeat RNA with fluorinated antisense oligonucleotides.,hepatic/hepatotoxicity,A,Results > F-ASO gapmers reduce disease-associated repeat RNA foci in patient-derived NSCs; paragraph 32,accept,general safety/cell viability/cytotoxicity,True,True,A,high,pmc_full_text,True,No significant reduction in cell viability was observed for ASO3 or ASO4 at 50 nM total ASO concentration,Full-text results directly measure patient-derived cell viability for therapeutic C9ORF72 F-ASO candidates.,codex_gpt-5.5_manual_agent,accept,ni_jie,A,
479,toxicity_endpoint,478,siRNA-Lipid,41919978,PMC13085844,10.1021/acsnano.5c21452,DNA Repair Enzyme Regulation Strategy for Enhanced Pancreatic Neuroendocrine Tumor Therapy via Targeting siRNA-Lipid Nanoparticles.,hepatic/hepatotoxicity,A,Results > In Vivo Therapeutic Efficacy Evaluation in Various Mouse Models; paragraph 39,accept,systemic/hematological toxicity,True,True,A,0.94,pmc_full_text,True,"In contrast, the LOTR-treated group showed hematological parameters comparable to those of the PBS control, suggesting reduced systemic toxicity.",Full-text mouse safety assessment links the MGMT-siRNA/TMZ LOTR nanoparticle product to reduced hematological/systemic toxicity versus high-dose TMZ.,codex_gpt-5.5_manual_agent,accept,ni_jie,A,
480,toxicity_endpoint,479,CO2,41704705,PMC12907196,10.3389/fmed.2026.1719202,Investigation of the activity of phosphothioate and phosphothioate-LNA-modified oligonucleotides against HIV-1.,general safety/cell viability/cytotoxicity,A,Materials and methods > Assessment of oligonucleotide toxicity (LD50) using the MTT assay; paragraph 13,accept,cell viability/cytotoxicity,True,True,A,0.93,pmc_full_text,True,The characteristic features included low toxicity (maintaining >92% viable cells after 48 h of culture),Full-text MTT/viability evidence reports low cytotoxicity for anti-HIV phosphorothioate/LNA antisense oligonucleotide preparations.,codex_gpt-5.5_manual_agent,accept,ni_jie,A,
481,toxicity_endpoint,480,SiRNA,42005705,PMC13091633,10.2147/IJN.S588018,Preparation and Antitumor Activity of METTL3 SiRNA Nanoparticles Carried by Hypoxia Sensitive Polymer (mPEG-Azo-PEI).,hepatic/hepatotoxicity,A,Results > Cytotoxicity of mPEG-Azo-PEI; paragraph 50,accept,normal-cell cytotoxicity/biosafety,True,True,A,0.92,pmc_full_text,True,These results demonstrate that mPEG-Azo-PEI@siRNA2 exhibits minimal non-specific toxicity toward normal cells.,Full-text results directly assess the completed therapeutic METTL3 siRNA nanoparticle formulation in normal cells and report minimal non-specific toxicity.,codex_gpt-5.5_manual_agent,accept,ni_jie,A,
482,toxicity_endpoint,481,Silencing,41220296,PMC12908211,10.1002/adhm.202503748,Photosensitizing Lipid Nanoparticles for Ferroptosis-Enhanced Photodynamic Cancer Therapy via GPX4 Silencing.,hepatic/hepatotoxicity,C,Results and Discussion > Synergistic Effect of Ferroptosis Induction via GPX4 Inhibition and PDT; paragraph 15,accept,systemic safety/biocompatibility,True,True,A,0.93,pmc_full_text,True,"No significant changes in body weight were observed across treatment groups. Blood chemistry and histopathological analyses also confirmed the excellent biocompatibility of PLNPs, with no observable adverse effects.","Full-text in vivo PLNP biocompatibility assessment measured body weight, blood chemistry, and histopathology for siGPX4 photosensitizing LNP treatment.",codex_gpt-5.5_manual_agent,accept,ni_jie,A,
483,toxicity_endpoint,482,Silencing,41587091,PMC12994142manuscript-id: NIHMS2150465,10.1182/blood.2025029834,Silencing of PAI-1 using siRNA-lipid nanoparticles reduces thrombosis and prolongs life span in murine models.,hepatic/hepatotoxicity,A,RESULTS > siPAI-1 does not elicit overt toxicity in vivo.; paragraph 22,accept,hepatic/renal toxicity markers,True,True,A,0.96,pmc_full_text,True,"To assess acute toxicity, we analyzed the levels of alkaline phosphatase (ALP), alanine aminotransferase (ALT), aspartate aminotransferase (AST), and blood urea nitrogen (BUN) 5 hours post-injection in young adult mice. No significant changes were observed between siPAI-1 and PBS injected mice",Full-text in vivo siPAI-1 LNP toxicity section reports primary hepatic and renal chemistry markers without significant changes after injection.,codex_gpt-5.5_manual_agent,accept,ni_jie,A,
484,toxicity_endpoint,483,siRNA,41640357,PMC13126635,10.1021/acs.jcim.5c02636,Constant-pH Molecular Dynamics of Cationic Peptide Dendrimers Binding to siRNA.,hepatic/hepatotoxicity,B,Abstract; paragraph 1,reject,NA,False,False,NA,0.91,pmc_full_text,False,NONE,"Reject: computational molecular-dynamics paper discusses siRNA-carrier binding and generic carrier cytotoxicity/immunogenicity, not a primary administered therapeutic oligo toxicity result.",codex_gpt-5.5_manual_agent,reject,ni_jie,C,"Reject: PMID 41640357; Reject: computational molecular-dynamics paper discusses siRNA-carrier binding and generic carrier cytotoxicity/immunogenicity, not a primary administered therapeutic oligo toxicity result."
485,toxicity_endpoint,484,siRNA,41572432,PMC13042977,10.1002/advs.202510547,PARPi Combining Nanoparticle LIN28B siRNA for the Management of Malignant Ascites.,hepatic/hepatotoxicity,A,Results > The siLin28b Plus BMN673 Combination Inhibits the Deterioration of Vascular Permeability; paragraph 44,accept,histopathology/blood chemistry systemic toxicity,True,True,A,0.94,pmc_full_text,True,"Subsequently, we evaluated the biosafety profiles of siLin28b+BMN673 in tumor‐free mice. Major organs including the heart, liver, spleen, lung, and kidney were collected and subjected to H&E staining. The histopathological analysis revealed no significant differences between the groups treated with siLin28b+BMN673 or vehicle, with nuclear and cellular morphologies remaining unchanged post‐treatment (Figure S10a). Consistently, a comprehensive blood analysis assessing six key toxicity parameters demonstrated comparable levels between the siLin28b+BMN673 and vehicle groups (Figure S10b), indicating no discernible impact on hepatic or renal function.",Full-text biosafety profiling of therapeutic siLin28b nanoparticle plus BMN673 in tumor-free mice reports organ histology and blood toxicity parameters without hepatic or renal impact.,codex_gpt-5.5_manual_agent,accept,ni_jie,A,
486,toxicity_endpoint,485,siRNA,42206267,PMC13201902,10.1155/humu/8545428,PLSCR3 Deficiency Triggers mtDNA-Driven cGAS-STING Activation to Potentiate Antitumor Immunity in Colorectal Cancer.,hepatic/hepatotoxicity,C,4. Discussion; paragraph 58,reject,NA,False,False,NA,0.92,pmc_full_text,False,NONE,"Reject: siRNA/CRISPR are used as CRC gene-function tools and cytotoxicity refers to NK antitumor killing, not safety of a therapeutic oligonucleotide.",codex_gpt-5.5_manual_agent,reject,ni_jie,C,"Reject: PMID 42206267; Reject: siRNA/CRISPR are used as CRC gene-function tools and cytotoxicity refers to NK antitumor killing, not safety of a therapeutic oligonucleotide."
487,toxicity_endpoint,486,significant,42124655,PMC13160006,10.64898/2026.02.24.707669,Testing vivo-morpholino mediated gene knockdown in threespine stickleback.,hepatic/hepatotoxicity,B,Abstract; paragraph 1,reject,NA,False,False,NA,0.90,pmc_full_text,False,NONE,"Reject: vivo-morpholino is used for gene knockdown in stickleback ecology/evolution models, not a therapeutic oligonucleotide safety study.",codex_gpt-5.5_manual_agent,reject,ni_jie,C,"Reject: PMID 42124655; Reject: vivo-morpholino is used for gene knockdown in stickleback ecology/evolution models, not a therapeutic oligonucleotide safety study."
488,toxicity_endpoint,487,Single,42072483,PMC13113686,10.3390/biomedicines14040943,Single Cell and Bulk RNA-Seq Profiling of Non-Metastatic Versus Bone-Metastatic Prostate Cancer Identifies the CXCL10-CXCR3 Axis as a Key Determinant of Tumor Microenvironment and Treatment Resistance.,hepatic/hepatotoxicity,B,Abstract; paragraph 1,reject,NA,False,False,NA,0.93,pmc_full_text,False,NONE,Reject: prostate cancer transcriptomic/axis study uses small-molecule CXCR3 modulation and viability assays; no administered therapeutic oligonucleotide toxicity evidence.,codex_gpt-5.5_manual_agent,reject,ni_jie,C,Reject: PMID 42072483; Reject: prostate cancer transcriptomic/axis study uses small-molecule CXCR3 modulation and viability assays; no administered therapeutic oligonucleotide toxicity evidence.
489,toxicity_endpoint,488,significant,42013544,PMC13122667,10.1016/j.redox.2026.104180,Nrf2 pathway mediates copper oxide nanoparticle-induced exacerbation of allergic asthma.,general safety/cell viability/cytotoxicity,A,Results > Effects of CuONPs on cellular responses and signaling pathways in NCI–H292 cells; paragraph 29,reject,NA,True,False,NA,0.94,pmc_full_text,False,NONE,"Reject: toxicity evidence concerns copper oxide nanoparticles/asthma injury, while siRNA is only a mechanistic Nrf2 knockdown tool and is not the tested therapeutic product.",codex_gpt-5.5_manual_agent,reject,ni_jie,C,"Reject: PMID 42013544; Reject: toxicity evidence concerns copper oxide nanoparticles/asthma injury, while siRNA is only a mechanistic Nrf2 knockdown tool and is not the tested therapeutic product."
490,toxicity_endpoint,489,Since,42007882,PMC13094461,10.1096/fj.202600387RRR,p21 Knockdown as a Therapeutic Strategy for Focal Cartilage Injury Repair.,general toxicity/toxicity,A,Results > Cartilage Injury Repair in Immunocompromised Mice; paragraph 25,reject,NA,True,False,NA,0.96,pmc_full_text,False,NONE,"Reject: safety/hepatotoxicity is reported for lentiviral p21 shRNA cartilage therapy, which is excluded as viral/shRNA gene therapy.",codex_gpt-5.5_manual_agent,reject,ni_jie,C,"Reject: PMID 42007882; Reject: safety/hepatotoxicity is reported for lentiviral p21 shRNA cartilage therapy, which is excluded as viral/shRNA gene therapy."
491,toxicity_endpoint,490,siRNA-mediated,41991930,PMC13201800,10.1038/s41420-026-03055-5,"Uttroside B, a US FDA-designated 'Orphan Drug', mitigates the development of hepatocellular carcinoma and its pulmonary metastasis via EGFR/ERK-mediated inhibition of SREBP-1 and STAT-3.",hepatic/hepatotoxicity,A,"Results > Silencing of EGFR attenuates the cytotoxic, pro-apoptotic and anti-invasive properties of Utt-B; paragraph 9",reject,NA,False,False,NA,0.94,pmc_full_text,False,NONE,"Reject: cytotoxicity is the anticancer efficacy of the small molecule Uttroside B, with siRNA only used for EGFR mechanism validation.",codex_gpt-5.5_manual_agent,reject,ni_jie,C,"Reject: PMID 41991930; Reject: cytotoxicity is the anticancer efficacy of the small molecule Uttroside B, with siRNA only used for EGFR mechanism validation."
492,toxicity_endpoint,491,Similarly,41961051,PMC13154584,10.57264/cer-2025-0108,"Advancements from the EVOLVE study for assessing real-world experience with eteplirsen, golodirsen and casimersen for the treatment of DMD.",hepatic/hepatotoxicity,A,Results > Treatment continuation; paragraph 33,accept,clinical safety/adverse events,True,True,A,0.95,pmc_full_text,True,"All PMOs demonstrated favorable safety profiles, with no treatment-emergent serious adverse events related to treatment.",Full-text interim EVOLVE clinical study reports real-world safety/adverse-event outcomes for therapeutic PMO exon-skipping drugs.,codex_gpt-5.5_manual_agent,accept,ni_jie,A,
493,toxicity_endpoint,492,signaling,41942863,PMC13182047,10.1186/s12860-026-00586-8,Chemoradiotherapy-induced Th17/IL-17 signaling correlates with therapeutic tolerance and early recurrence in cervical carcinoma.,hepatic/hepatotoxicity,B,Materials and methods > Cell culture; paragraph 13,reject,NA,False,False,NA,0.94,pmc_full_text,False,NONE,"Reject: AKT siRNA is a lab knockdown tool in cervical cancer chemoradiotherapy resistance assays; cytotoxicity is treatment efficacy/resistance, not oligo safety.",codex_gpt-5.5_manual_agent,reject,ni_jie,C,"Reject: PMID 41942863; Reject: AKT siRNA is a lab knockdown tool in cervical cancer chemoradiotherapy resistance assays; cytotoxicity is treatment efficacy/resistance, not oligo safety."
494,toxicity_endpoint,493,Signaling,41897502,PMC13024590,10.3390/antiox15030356,Dimercaprol Reprograms Intestinal Redox Homeostasis and Organelle Crosstalk to Combat Iron-Induced Gut Dysbiosis Through NRF2/HO-1 Signaling.,hepatic/hepatotoxicity,B,Abstract; paragraph 1,reject,NA,True,False,NA,0.94,pmc_full_text,False,NONE,Reject: toxicity/viability endpoints concern ferric citrate injury and dimercaprol small-molecule protection; NRF2 siRNA is only mechanistic knockdown.,codex_gpt-5.5_manual_agent,reject,ni_jie,C,Reject: PMID 41897502; Reject: toxicity/viability endpoints concern ferric citrate injury and dimercaprol small-molecule protection; NRF2 siRNA is only mechanistic knockdown.
495,toxicity_endpoint,494,signaling,41894086,PMC13031245,10.1007/s11033-026-11713-1,Porphyromonas gingivalis-derived lipopolysaccharide confers chemotherapy resistance and migratory ability on oral cancer cells by activating toll-like receptor 4 signaling pathway.,immunotoxicity/immune activation,A,Results > P. g-LPS inhibited 5-FU-induced cytotoxicity in OM-1 cells and HOC621 cells; paragraph 21,reject,NA,False,False,NA,0.94,pmc_full_text,False,NONE,"Reject: cytotoxicity is 5-FU cancer-cell killing/resistance and siRNA is TLR4/PTGER knockdown tool, not safety of a therapeutic oligo.",codex_gpt-5.5_manual_agent,reject,ni_jie,C,"Reject: PMID 41894086; Reject: cytotoxicity is 5-FU cancer-cell killing/resistance and siRNA is TLR4/PTGER knockdown tool, not safety of a therapeutic oligo."
496,toxicity_endpoint,495,siRNA-mediated,41847637,PMC12989862embargo-date: 2027/03/12,10.1021/acsmedchemlett.5c00723,Serial PNA-Transformer-Based Virtual Screening Identifies Nanomolar DYRK1A Inhibitors for Pancreatic Ductal Adenocarcinoma.,general safety/cell viability/cytotoxicity,B,Abstract; paragraph 1,reject,NA,False,False,NA,0.95,pmc_full_text,False,NONE,Reject: virtual-screened DYRK1A small-molecule cytotoxicity is anticancer efficacy; siRNA knockdown is target-validation only.,codex_gpt-5.5_manual_agent,reject,ni_jie,C,Reject: PMID 41847637; Reject: virtual-screened DYRK1A small-molecule cytotoxicity is anticancer efficacy; siRNA knockdown is target-validation only.
497,toxicity_endpoint,496,size,41836750,PMC12987767,10.1093/biomethods/bpag014,One size does not fit all: A comparative framework for optimizing ribonucleic acid transfection across acute myeloid leukemia cell lines.,hepatic/hepatotoxicity,A,Results > Evaluating the cytotoxicity of transfection methods in AML; Figure 5 caption,reject,NA,True,False,NA,0.93,pmc_full_text,False,NONE,"Reject: passage measures transfection-method cytotoxicity in AML cell lines using generic siRNA delivery optimization, not a named therapeutic oligonucleotide safety result.",codex_gpt-5.5_manual_agent,reject,ni_jie,C,"Reject: PMID 41836750; Reject: passage measures transfection-method cytotoxicity in AML cell lines using generic siRNA delivery optimization, not a named therapeutic oligonucleotide safety result."
498,toxicity_endpoint,497,significantly,41686281,PMC12988140,10.1007/s10571-026-01695-w,CREB2 Functions as a Central Mediator of Oxidative Neuronal Death Triggered by Microglial Glutamate Release Under Neuroinflammatory Conditions.,hepatic/hepatotoxicity,A,Results > CREB2 Mediates p53-Associated GADD45α Expression during Glutamate-Induced Oxidative Cytotoxicity; paragraph 41,reject,NA,False,False,NA,0.94,pmc_full_text,False,NONE,Reject: glutamate/LPS-conditioned medium neurotoxicity is external injury biology and siRNA is only a p53/CREB2 knockdown tool.,codex_gpt-5.5_manual_agent,reject,ni_jie,C,Reject: PMID 41686281; Reject: glutamate/LPS-conditioned medium neurotoxicity is external injury biology and siRNA is only a p53/CREB2 knockdown tool.
499,toxicity_endpoint,498,tofersen,41661214,PMC12723595,10.1001/jamaneurol.2025.4946,Long-Term Tofersen in SOD1 Amyotrophic Lateral Sclerosis.,general safety/systemic safety/tolerability,A,Results > Safety; paragraph 35,accept,clinical safety/adverse events,True,True,A,0.97,pmc_full_text,True,No new safety concerns were identified with long-term exposure to tofersen.,Full-text VALOR/OLE clinical follow-up reports long-term safety findings for therapeutic SOD1 antisense oligonucleotide tofersen.,codex_gpt-5.5_manual_agent,accept,ni_jie,A,
500,toxicity_endpoint,499,significant,41630990,PMC12860987,10.1016/j.omtn.2026.102834,Improving angiogenesis ameliorates the efficacy of ASO-based exon skipping for the treatment of Duchenne muscular dystrophy.,hepatic/hepatotoxicity,A,Results > Safety evaluation through serum biochemistry; paragraph 22,accept,renal/hepatic serum biochemistry,True,True,A,0.93,pmc_full_text,True,"Finally, to evaluate potential treatment-related toxicity, serum biochemical markers were assessed in mdx mice across all groups (i.e., AAV-mLVRF alone, ASO alone, or the combined mLVRF+ASO). No significant changes were detected in serum urea, albumin, or creatinine",Full-text serum biochemistry safety section includes ASO exon-skipping treatment groups and reports preserved renal/hepatic markers.,codex_gpt-5.5_manual_agent,accept,ni_jie,A,
501,toxicity_endpoint,500,significantly,41598970,PMC12841668,10.3390/insects17010116,"Effects of Sublethal Concentrations of Pyridaben on Development, Reproduction, and Vg Gene Expression in Neoseiulus womersleyi.",hepatic/hepatotoxicity,B,Abstract; paragraph 2,reject,NA,True,False,NA,0.96,pmc_full_text,False,NONE,Reject: agricultural/insect mite pesticide toxicity and Vg RNAi knockdown are outside therapeutic oligonucleotide scope.,codex_gpt-5.5_manual_agent,reject,ni_jie,C,Reject: PMID 41598970; Reject: agricultural/insect mite pesticide toxicity and Vg RNAi knockdown are outside therapeutic oligonucleotide scope.
502,toxicity_endpoint,501,Signal,41596643,PMC12842234,10.3390/ijms27020997,Defining the Critical Role of α-Gustducin for NF-κB Inhibition and Anti-Inflammatory Signal Transduction by Bitter Agonists in Lung Epithelium.,hepatic/hepatotoxicity,B,Abstract; paragraph 1,reject,NA,True,False,NA,0.93,pmc_full_text,False,NONE,Reject: cytotoxicity/safe concentration testing concerns bitter agonist small molecules in BEAS-2B cells; GNAT3 siRNA is only a lab knockdown tool.,codex_gpt-5.5_manual_agent,reject,ni_jie,C,Reject: PMID 41596643; Reject: cytotoxicity/safe concentration testing concerns bitter agonist small molecules in BEAS-2B cells; GNAT3 siRNA is only a lab knockdown tool.
503,toxicity_endpoint,502,AAV8,41568168,PMC12818206,10.1016/j.omtn.2025.102813,Enhancement of therapeutic transgene insertion for treatment of murine phenylketonuria.,hepatic/hepatotoxicity,A,Results > Severe motor disability observed in Cypor-shRNA-treated animals; paragraph 25,reject,NA,True,False,NA,0.97,pmc_full_text,False,NONE,"Reject: passage concerns AAV8 CRISPR/Cas transgene insertion and shRNA-containing AAV toxicity, both explicitly out of scope.",codex_gpt-5.5_manual_agent,reject,ni_jie,C,"Reject: PMID 41568168; Reject: passage concerns AAV8 CRISPR/Cas transgene insertion and shRNA-containing AAV toxicity, both explicitly out of scope."
504,toxicity_endpoint,503,MnO2,41562251,PMC13042592,10.1002/advs.202517895,A Modular DNAzyme for Precise Visualization and Intervention of Alternative Splicing Isoforms in Live Cells.,hepatic/hepatotoxicity,C,Results and Discussion > Characterization of MnO2 Nanosheets for SUPER Delivery and DNAzyme Catalysis; paragraph 15,reject,NA,True,False,NA,0.90,pmc_full_text,False,NONE,"Reject: the passage reports MnO2/SUPER biosafety for live-cell imaging/probe delivery, not primary toxicity evidence for an administered therapeutic oligonucleotide product.",codex_gpt-5.5_manual_agent,reject,ni_jie,C,"Reject: PMID 41562251; Reject: the passage reports MnO2/SUPER biosafety for live-cell imaging/probe delivery, not primary toxicity evidence for an administered therapeutic oligonucleotide product."
505,toxicity_endpoint,504,significant,41545030,PMC12811061,10.1002/jcsm.70171,Mitochondrial Transporter ABCB10 Protects Against Doxorubicin-Induced Respiratory Muscle Dysfunction Independent of Changes to Diaphragm Accumulation.,hepatic/hepatotoxicity,C,Discussion > Reduction in ABCB10 Expression Does Not Cause Diaphragm Dysfunction; paragraph 40,reject,NA,False,False,NA,0.98,pmc_full_text,False,NONE,"Reject: toxicity endpoint is doxorubicin-induced injury, while the ABCB10 ASO is used as an experimental knockdown tool rather than assessed for oligo safety.",codex_gpt-5.5_manual_agent,reject,ni_jie,C,"Reject: PMID 41545030; Reject: toxicity endpoint is doxorubicin-induced injury, while the ABCB10 ASO is used as an experimental knockdown tool rather than assessed for oligo safety."
506,toxicity_endpoint,505,siRNA,41527135,PMC12888490,10.1186/s13046-025-03613-2,Low expression of ALOX15B modulates immunosuppressive tumor microenvironment in diffuse large B-cell lymphoma via the TAP1/MHC-I axis.,hepatic/hepatotoxicity,A,Results > ALOX15B silencing promotes tumor cell proliferation and resistance to doxorubicin; paragraph 40,reject,NA,False,False,NA,0.97,pmc_full_text,False,NONE,"Reject: siALOX15B is a lab knockdown tool and the viability/cytotoxicity readout reflects tumor drug-resistance efficacy, not oligonucleotide toxicity.",codex_gpt-5.5_manual_agent,reject,ni_jie,C,"Reject: PMID 41527135; Reject: siALOX15B is a lab knockdown tool and the viability/cytotoxicity readout reflects tumor drug-resistance efficacy, not oligonucleotide toxicity."
507,toxicity_endpoint,506,SMARCAL1,41520142,PMC13003928manuscript-id: NIHMS2134502,10.1093/neuonc/noaf300,SMARCAL1 is a targetable synthetic lethal therapeutic vulnerability in ATRX-deficient gliomas that use alternative lengthening of telomeres.,hepatic/hepatotoxicity,A,Results > SMARCAL1 Depletion Leads to a hyper-ALT State and DNA Damage in G2 Phase; paragraph 38,reject,NA,False,False,NA,0.96,pmc_full_text,False,NONE,"Reject: the passage concerns SMARCAL1 synthetic-lethal cancer biology/target validation, not safety or tolerability of a therapeutic oligonucleotide.",codex_gpt-5.5_manual_agent,reject,ni_jie,C,"Reject: PMID 41520142; Reject: the passage concerns SMARCAL1 synthetic-lethal cancer biology/target validation, not safety or tolerability of a therapeutic oligonucleotide."
508,toxicity_endpoint,507,siRNA,41482385,PMC12764184,10.21873/invivo.14174,N-myristoyltransferase 1-mediated Src Myristoylation Promotes Non-receptor Tyrosine Kinase Pathways in Oral Squamous Cell Carcinoma.,hepatic/hepatotoxicity,C,PubMed abstract,reject,NA,False,False,NA,0.96,pmc_full_text,False,NONE,"Reject: siRNA is used for target knockdown in oral cancer biology; claimed cytotoxicity is anti-cancer efficacy, not toxicity of the oligonucleotide product.",codex_gpt-5.5_manual_agent,reject,ni_jie,C,"Reject: PMID 41482385; Reject: siRNA is used for target knockdown in oral cancer biology; claimed cytotoxicity is anti-cancer efficacy, not toxicity of the oligonucleotide product."
509,toxicity_endpoint,508,siRNA,41334811,PMC12801319,10.1021/acs.biomac.5c01202,Hydrolytically Stable Cationic Bis-MPA Dendrimers as Efficient Transfectants for Glioblastoma Cells and Primary Astrocytes.,hepatic/hepatotoxicity,C,Results and Discussion > Cytotoxicity Assessment of Dendrimers; paragraph 43,accept,delivery-product cytotoxicity/systemic toxicity,True,True,A,0.94,pmc_full_text,True,"despite its efficacy, g3-cys displayed a narrow therapeutic window with pronounced cytotoxicity above 1 μm. in vivo studies further confirmed dose-dependent systemic toxicity, likely associated with enhanced blood coagulation.",Full-text results link the siRNA delivery dendrimer G3-CYS to measured in vitro cytotoxicity and in vivo systemic toxicity.,codex_gpt-5.5_manual_agent,accept,ni_jie,A,
510,toxicity_endpoint,509,significantly,41270206,PMC12866702,10.1002/advs.202515052,Spatiotemporally Controlled Tumor Photodynamic/Immunotherapy Therapy Based on Upconversion Hybrid Nanosystem.,hepatic/hepatotoxicity,C,Results and Discussion > In Vitro Photo‐Controlled Activation and Cytotoxicity of PURH; paragraph 13,accept,hepatic toxicity/hematology/hemolysis/cytotoxicity,True,True,A,0.92,pmc_full_text,True,"These results indicated that PURH not only significantly inhibited tumor growth, but also did not induce liver toxicity, demonstrating that PURH has good biological safety.","Full-text in vivo biosafety data for the CpG-ODN nanotherapy report liver toxicity, blood counts, hemolysis, and organ histology outcomes.",codex_gpt-5.5_manual_agent,accept,ni_jie,A,
511,toxicity_endpoint,510,siRNA,40762902,PMC12893402manuscript-id: NIHMS2134215,10.1007/s13346-025-01920-x,Genetically bio-engineered PD-L1 targeted exosomes for immunotherapy of resistant triple negative breast cancer.,general safety/cell viability/cytotoxicity,A,Results > PDL E inhibits viability of MDA-MB-231 DOX RT cells in 2D and 3D cultures; paragraph 36,accept,off-target cytotoxicity/cell viability,True,True,C,0.80,pmc_full_text,True,"To evaluate the off-target toxicity of PDL E, cytotoxicity assays were conducted using MCF-10 A cells. The results demonstrated that PDL E exhibited no detectable toxicity in these non-cancerous cells, supporting the safety profile of these exosomes for therapeutic applications (Supplementary Fig. 3).","Full-text normal-cell MTT toxicity testing supports safety of the exosome siRNA delivery platform, but evidence is limited to a supplementary in vitro assay.",codex_gpt-5.5_manual_agent,accept,ni_jie,C,
512,toxicity_endpoint,511,side,40263630,PMC12283366,10.1038/s41591-025-03656-0,Antisense oligonucleotide treatment in a preterm infant with early-onset SCN2A developmental and epileptic encephalopathy.,hepatic/hepatotoxicity,B,Methods > Patient eligibility; paragraph 16,accept,clinical safety/adverse events,True,True,A,0.94,pmc_full_text,True,Vital signs and blood tests did not reveal any persistent abnormalities that could be directly attributed to the administration of elsunersen within the observed timeframe.,"Clinical full-text case report links repeated intrathecal elsunersen administration to monitored safety labs, vitals, cardiac exams, and adverse-event assessment.",codex_gpt-5.5_manual_agent,accept,ni_jie,A,
513,toxicity_endpoint,512,sizes,40098305,PMC12044654,10.1111/cas.70024,AmNA-Modified Antisense Oligonucleotide Targeting MCM8 as a Cancer-Specific Chemosensitizer for Platinum Compounds.,hepatic/hepatotoxicity,A,Results > ASO 8–3419 Enhances the Therapeutic Effect of Cisplatin in Xenografted HCT116 Tumors in Nude Mice; paragraph 26,accept,hepatic toxicity/body weight,True,True,A,0.95,pmc_full_text,True,"aso 8–3419 administration resulted in a moderate increase in alt levels, but no increase in ast levels (figure 8a), indicating that the toxicity of systemically administered aso 8–3419 is mild and tolerable.",Full-text mouse dosing study measured body weight and AST/ALT after systemic ASO 8-3419 administration.,codex_gpt-5.5_manual_agent,accept,ni_jie,A,
514,toxicity_endpoint,513,significant,40926414,PMC12703169,10.1016/j.ymthe.2025.08.045,Restoring chloride efflux in cystic fibrosis with TMEM16a antisense oligonucleotides.,hepatic/hepatotoxicity,A,Results > Subcutaneous administration allows for optimal distribution and is not toxic to mice; paragraph 14,accept,cytotoxicity/cytokine induction/in vivo toxicity,True,True,A,0.95,pmc_full_text,True,by measuring lactate dehydrogenase (LDH) levels and identified no differences up to 200 mM (Figure 3B).,"Full-text CF preclinical study directly measured TMEM16a ASO LDH toxicity, cytokine induction, proliferation, and in vivo adverse effects.",codex_gpt-5.5_manual_agent,accept,ni_jie,A,
515,toxicity_endpoint,514,site,40687881,PMC12268252,10.1515/medgen-2025-2025,Antisense oligonucleotide therapies for monogenic disorders.,hepatic/hepatotoxicity,A,Side effects and toxicity; paragraph 47,reject,NA,True,True,NA,0.95,pmc_full_text,False,NONE,"Reject: this is a review of ASO therapies and class toxicities, without primary observed/administered/measured safety data for a specific oligonucleotide in the passage.",codex_gpt-5.5_manual_agent,reject,ni_jie,C,"Reject: PMID 40687881; Reject: this is a review of ASO therapies and class toxicities, without primary observed/administered/measured safety data for a specific oligonucleotide in the passage."
516,toxicity_endpoint,515,single-patient,40414239,PMC12407188manuscript-id: NIHMS2086788embargo-date: 2026/06/07,10.1016/S0140-6736(25)00513-6,"Antisense oligonucleotide jacifusen for FUS-ALS: an investigator-initiated, multicentre, open-label case series.",hepatic/hepatotoxicity,B,Abstract > Methods; paragraph 2,accept,clinical adverse events/CSF safety,True,True,B,0.91,pmc_full_text,True,"The most common adverse events were back pain (six [50%]), headache (four [33%]), nausea (three [25%]), and post-lumbar puncture headache (three [25%]).",Abstract/case-series evidence reports jacifusen safety assessment and adverse events in treated FUS-ALS participants.,codex_gpt-5.5_manual_agent,accept,ni_jie,B,
517,toxicity_endpoint,516,nusinersen,40367190,PMC12423764manuscript-id: NIHMS2101949,10.1126/scitranslmed.adv4656,Intra-amniotic antisense oligonucleotide treatment improves phenotypes in preclinical models of spinal muscular atrophy.,general safety/systemic safety/tolerability,A,RESULTS > Prenatal IA ASO administration enhances therapeutic efficacy in SMAΔ7 mice; paragraph 10,accept,systemic safety/platelets/hepatic-renal histopathology,True,True,A,0.94,pmc_full_text,True,ASOs delivered by IA injection distributed to the spinal cord at therapeutic concentrations and to multiple peripheral tissues without evidence of significant toxicity to the fetus or mother.,"Full-text prenatal ASO study includes blood chemistry, platelet, maternal/fetal safety, and histopathology assessment after IA ASO administration.",codex_gpt-5.5_manual_agent,accept,ni_jie,A,
518,toxicity_endpoint,517,AZD8701,39937271,PMC11995004,10.1158/1078-0432.CCR-24-1818,"AZD8701, an Antisense Oligonucleotide Targeting FOXP3 mRNA, as Monotherapy and in Combination with Durvalumab: A Phase I Trial in Patients with Advanced Solid Tumors.",hepatic/hepatotoxicity,A,Results > Safety > AZD8701 monotherapy; paragraph 39,accept,clinical adverse events/hepatic toxicity,True,True,A,0.96,pmc_full_text,True,One dose-limiting toxicity (increased alanine aminotransferase) occurred with AZD8701 960 mg.,"Phase I clinical full-text reports AZD8701 safety/tolerability, dose-limiting toxicity, adverse events, and liver enzyme changes.",codex_gpt-5.5_manual_agent,accept,ni_jie,A,
519,toxicity_endpoint,518,significantly,41463125,PMC12730878,10.3390/biomedicines13123118,Reversing the Irreversible: miRNA-Targeting Mesyl Phosphoramidate Oligonucleotides Restore Sensitivity to Cisplatin and Doxorubicin of KB-8-5 Epidermoid Carcinoma Cells.,hepatic/hepatotoxicity,A,3. Results > 3.2. Revealing the Type of Interaction Between µ-ASO and Cytostatics Applied Together on KB-8-5 Cells (Additive/Synergistic Effects); paragraph 43,reject,NA,False,True,NA,0.96,pmc_full_text,False,NONE,"Reject: viability/cytotoxicity measurements are cancer-cell-killing chemosensitization efficacy readouts for miRNA-targeting ASOs, excluded by the toxicity contract.",codex_gpt-5.5_manual_agent,reject,ni_jie,C,"Reject: PMID 41463125; Reject: viability/cytotoxicity measurements are cancer-cell-killing chemosensitization efficacy readouts for miRNA-targeting ASOs, excluded by the toxicity contract."
520,toxicity_endpoint,519,significant,41429785,PMC12722745,10.1038/s41467-025-66765-x,"Morpholino-RNA duplex exhibits robust, sustained, and safe steric-block antisense activity by intracerebroventricular and intrathecal injection.",hepatic/hepatotoxicity,A,Results > Safety evaluation of Chol-HDO[PMO]; paragraph 27,accept,mortality/body weight/immunostimulation,True,True,A,0.95,pmc_full_text,True,"Chol-HDO[PMO] was well tolerated even at the highest dose (40 nmol), whereas ssMOEs exhibited lethal toxicity in a dose-dependent manner (Fig. 4b).","Full-text CNS ASO platform study reports dose-dependent mortality, body weight, and inflammatory cytokine safety outcomes after ICV administration.",codex_gpt-5.5_manual_agent,accept,ni_jie,A,
521,toxicity_endpoint,520,Sigma-Aldrich,41155969,PMC12567285,10.3390/pharmaceutics17101334,Lipid Nanoparticle-Mediated RNAi Against GIPC1 Overcomes Chemoresistance in Pancreatic Ductal Adenocarcinoma.,hepatic/hepatotoxicity,B,2. Materials and Methods > 2.1. Reagents and Materials; paragraph 6,reject,NA,False,True,NA,0.91,pmc_full_text,False,NONE,Reject: the passage focuses on GIPC1 RNAi efficacy and gemcitabine-response assays; it does not provide a primary safety endpoint for the siRNA/liposomal product.,codex_gpt-5.5_manual_agent,reject,ni_jie,C,Reject: PMID 41155969; Reject: the passage focuses on GIPC1 RNAi efficacy and gemcitabine-response assays; it does not provide a primary safety endpoint for the siRNA/liposomal product.
522,toxicity_endpoint,521,siRNA,41027940,PMC12485160,10.1038/s41467-025-63718-2,Engineered exosomes with Kras(G12D) specific siRNA in pancreatic cancer: a phase I study with immunological correlates.,hepatic/hepatotoxicity,A,Results > GMP grade exosomes for siRNA delivery showed no toxicity in preclinical studies; paragraph 6,accept,clinical adverse events/dose-limiting toxicity,True,True,A,0.97,pmc_full_text,True,No related adverse events were noted for any patients at the dose levels tested in the 3 + 3 Phase Ia trial,"First-in-human iExoKrasG12D trial and supporting toxicology report adverse events, DLTs, MTD, labs, organ weights, and pathology for the siRNA exosome product.",codex_gpt-5.5_manual_agent,accept,ni_jie,A,
523,toxicity_endpoint,522,Similarly,40703143,PMC12282488manuscript-id: NIHMS2076580,10.1007/s12170-025-00759-8,Current Clinical Trials for Treating Elevated Lipoprotein(a).,hepatic/hepatotoxicity,B,Olpasiran; paragraph 13,reject,NA,True,True,NA,0.94,pmc_full_text,False,NONE,"Reject: the passage is a review/current-trials summary for Lp(a) therapies, not primary administered/measured toxicity evidence for a specific oligonucleotide.",codex_gpt-5.5_manual_agent,reject,ni_jie,C,"Reject: PMID 40703143; Reject: the passage is a review/current-trials summary for Lp(a) therapies, not primary administered/measured toxicity evidence for a specific oligonucleotide."
524,toxicity_endpoint,523,siRNAs,40609116,PMC12945876manuscript-id: NIHMS2145850embargo-date: 2026/07/16,10.1021/acs.bioconjchem.5c00205,Multicheckpoint Cellular Targeting of siRNAs Using Antibody-Directed Lipid-Polymer Hybrid Nanoparticles.,hepatic/hepatotoxicity,B,Abstract; paragraph 1,reject,NA,False,True,NA,0.93,pmc_full_text,False,NONE,Reject: the abstract only states an intended safe multi-siRNA nanoparticle strategy; it does not report a primary toxicity/safety/tolerability result.,codex_gpt-5.5_manual_agent,reject,ni_jie,C,Reject: PMID 40609116; Reject: the abstract only states an intended safe multi-siRNA nanoparticle strategy; it does not report a primary toxicity/safety/tolerability result.
525,toxicity_endpoint,524,siRNA,39385468,PMC11764414,10.1016/j.ymthe.2024.10.003,Efficient and safe in vivo treatment of primary hyperoxaluria type 1 via LNP-CRISPR-Cas9-mediated glycolate oxidase disruption.,hepatic/hepatotoxicity,B,Abstract; paragraph 1,reject,NA,True,False,NA,0.99,pmc_full_text,False,NONE,"Reject: the intervention is LNP-CRISPR-Cas9 gene editing, which is explicitly excluded from scope even though safety endpoints are mentioned.",codex_gpt-5.5_manual_agent,reject,ni_jie,C,"Reject: PMID 39385468; Reject: the intervention is LNP-CRISPR-Cas9 gene editing, which is explicitly excluded from scope even though safety endpoints are mentioned."
526,toxicity_endpoint,525,SARM1,40473123,PMC7617922manuscript-id: EMS207275,10.1016/j.nbd.2025.106986,SARM1 activation induces reversible mitochondrial dysfunction and can be prevented in human neurons by antisense oligonucleotides.,general toxicity/toxicity,A,Results > ASOs targeting human SARM1 rescue human iPSC-derived dopamine neurons from vacor toxicity; paragraph 17,reject,NA,False,False,NA,0.97,pmc_full_text,False,NONE,Reject: SARM1 ASOs are used to protect neurons from external vacor/SARM1-activation toxicity; the endpoint is not toxicity of the administered ASO product.,codex_gpt-5.5_manual_agent,reject,ni_jie,C,Reject: PMID 40473123; Reject: SARM1 ASOs are used to protect neurons from external vacor/SARM1-activation toxicity; the endpoint is not toxicity of the administered ASO product.
527,toxicity_endpoint,526,siRNA,39692702,PMC11845920,10.1111/jocd.16722,A Novel Injectable Polypeptide Nanoparticle Encapsulated siRNA Targeting TGF-β1 and COX-2 for Localized Fat Reduction II: Phase I Clinical Trial.,hepatic/hepatotoxicity,B,Abstract > Methods; paragraph 3,accept,clinical safety/tolerability/adverse events,True,True,B,0.92,pmc_full_text,True,"STP705 demonstrated a favorable safety profile with no clinically significant changes in lab values, vital signs, or ECGs.","Phase I abstract/full-text passage reports safety assessments, lab/vital/ECG findings, AEs, and local skin reactions after STP705 siRNA injections.",codex_gpt-5.5_manual_agent,accept,ni_jie,B,
528,toxicity_endpoint,527,siRNA,41599118,PMC12844724,10.3390/pharmaceutics18010010,Construction and Characterization of PDA@MnO(2)-Cored Multifunctional Targeting Nanoparticles Loaded with Survivin siRNA for Breast Tumor Therapy.,hepatic/hepatotoxicity,C,3. Results and Discussion > 3.12. Safety Evaluation; paragraph 56,accept,hepatic/renal toxicity and organ histology,True,True,A,0.94,pmc_full_text,True,"As for the measurement of biochemical indicators, compared to the model group, there were no significant differences in AST, ALT, BUN, or CRE activity among the mice in each group (Table 4).",Full-text in vivo study measured AST/ALT/BUN/CRE and organ histology after survivin-siRNA nanoparticle treatment.,codex_gpt-5.5_manual_agent,accept,ni_jie,A,
529,toxicity_endpoint,528,siRNA,41473322,PMC12746015,10.64898/2025.12.16.694641,Albumin-binding dendrimer-conjugated siRNA enables safe and effective gene silencing throughout the central nervous system.,hepatic/hepatotoxicity,A,"RESULTS > D-siRNA supports safe, potent and durable activity in the CNS; paragraph 24",accept,neuroinflammation/systemic toxicity,True,True,A,0.96,pmc_full_text,True,"Analysis of toxicity indicators iba1 and gfap in the thalamus and hippocampus—regions closest to the injection site with the highest siRNA accumulation and activity (8)—showed no observed changes, supporting the safety of D-siRNA (Figure 2B, right panel).",Full-text mouse CNS safety results directly monitor Iba1/Gfap toxicity indicators after D-siRNA administration and report no observed changes.,codex_gpt-5.5_manual_agent,accept,ni_jie,A,
530,toxicity_endpoint,529,siRNAs,41432033,PMC12723224,10.1093/nar/gkaf1374,Potent and durable gene modulation in heart and muscle with chemically defined lipophilic siRNAs.,hepatic/hepatotoxicity,A,Results > Muscle-optimal siRNA scaffold achieves systemic muscle effects and has a favorable safety profile; Figure 6. caption,accept,hepatic/renal/hematological toxicity,True,True,A,0.95,pmc_full_text,True,"Compared to the controls, the 40 mg/kg and 40 mg/kg/2wks treatments did not increase liver (ALT) or kidney (BUN) damage markers","Full-text exaggerated-dose DCA-siRNA safety assessment measured liver, kidney, platelet, and immune-cell markers after repeated dosing.",codex_gpt-5.5_manual_agent,accept,ni_jie,A,
531,toxicity_endpoint,530,elebsiran,41326382,PMC12780110,10.1038/s41467-025-66876-5,An RNA interference therapeutic potentially achieves functional cure of chronic hepatitis B virus infection.,hepatic/hepatotoxicity,A,Results > Safety profiles of KC13-M2G2 in SD rats and cynomolgus monkeys; paragraph 19,accept,systemic/hepatic toxicity,True,True,A,0.94,pmc_full_text,True,The animals can well tolerate the challenge of repeat doses of KC13-M2G2 even at the highest tested dose of 200 mg/kg,Full-text repeat-dose rat and monkey toxicity studies link the GalNAc-siRNA KC13-M2G2 to tolerability and non-adverse safety findings.,codex_gpt-5.5_manual_agent,accept,ni_jie,A,
532,toxicity_endpoint,531,significantly,41239436,PMC12619383,10.1186/s13071-025-07113-2,RNA interference mediated mortality in Aedes albopictus: a challenging journey toward species-specific vector control.,general safety/cell viability/cytotoxicity,A,Results > RNAi-induced cytotoxicity in aedine cell lines; paragraph 27,reject,NA,True,False,NA,0.92,pmc_full_text,False,NONE,Reject: agricultural/vector-control dsRNA work in Aedes albopictus is explicitly out of toxicity-domain therapeutic oligonucleotide scope despite cytotoxicity and larval mortality assays.,codex_gpt-5.5_manual_agent,reject,ni_jie,C,Reject: PMID 41239436; Reject: agricultural/vector-control dsRNA work in Aedes albopictus is explicitly out of toxicity-domain therapeutic oligonucleotide scope despite cytotoxicity and larval mortality assays.
533,toxicity_endpoint,532,significant,41096791,PMC12525168,10.3390/ijms26199526,Targeting carA Using Optimized Antisense Peptide Nucleic Acid-Cell-Penetrating Peptide Conjugates in Acinetobacter baumannii: A Novel Antibacterial Approach.,general safety/cell viability/cytotoxicity,A,2. Results > 2.2. Cytotoxicity of CPP–PNA Conjugates in Mammalian Cells; paragraph 7,accept,cell viability/cytotoxicity,True,True,A,0.90,pmc_full_text,True,"At 12.5 µM, the treatment group exhibited cytotoxic effects comparable to those of the positive control (10% DMSO), showing statistically significant toxicity in HEp-2 and A549 cells",Full-text mammalian-cell cytotoxicity testing measured CPP-PNA conjugate toxicity in HEp-2 and A549 cells.,codex_gpt-5.5_manual_agent,accept,ni_jie,A,
534,toxicity_endpoint,533,siRNA,41030277,PMC12478443,10.1002/btm2.70021,Engineered lung cell targeting and SLC7A11 siRNA expressing bacterial extracellular vesicles impair the progression of none-small cell lung cancer.,hepatic/hepatotoxicity,A,RESULTS > Characterization and in vivo toxicity assay of engineered BEVs; paragraph 42,reject,NA,True,False,NA,0.92,pmc_full_text,False,NONE,Reject: evidence concerns engineered bacterial extracellular vesicles delivering/expressing shRNA for cancer therapy; shRNA is a stated scope exclusion.,codex_gpt-5.5_manual_agent,reject,ni_jie,C,Reject: PMID 41030277; Reject: evidence concerns engineered bacterial extracellular vesicles delivering/expressing shRNA for cancer therapy; shRNA is a stated scope exclusion.
535,toxicity_endpoint,534,siRNA,40943389,PMC12428796,10.3390/ijms26178467,AS1411 Aptamer-Conjugated Liposomal siRNA Targeting MTA2 Suppresses PI3K/AKT Signaling in Pancreatic Cancer Cells.,hepatic/hepatotoxicity,A,2. Results > 2.6. Targeted Delivery of MTA2 siRNA via AS1411 Liposomes Elicits Potent Anticancer Effects in Pancreatic Cancer Cells; paragraph 28,reject,NA,False,True,NA,0.92,pmc_full_text,False,NONE,"Reject: decreased pancreatic cancer cell viability and apoptosis are antitumor efficacy readouts, not safety or tolerability of the siRNA product.",codex_gpt-5.5_manual_agent,reject,ni_jie,C,"Reject: PMID 40943389; Reject: decreased pancreatic cancer cell viability and apoptosis are antitumor efficacy readouts, not safety or tolerability of the siRNA product."
536,toxicity_endpoint,535,siRNA-Silencing,40927452,PMC12415035,10.3389/fmicb.2025.1641192,siRNA-Silencing of swnR gene greatly reduced biosynthesis of swainsonine in Alternaria oxytropis without affecting the growth characteristics of leguminous host.,hepatic/hepatotoxicity,B,Abstract; paragraph 1,reject,NA,False,False,NA,0.92,pmc_full_text,False,NONE,"Reject: fungal/locoweed agricultural toxicity mitigation is outside therapeutic oligonucleotide scope and the toxicity is swainsonine/livestock poisoning, not oligo safety.",codex_gpt-5.5_manual_agent,reject,ni_jie,C,"Reject: PMID 40927452; Reject: fungal/locoweed agricultural toxicity mitigation is outside therapeutic oligonucleotide scope and the toxicity is swainsonine/livestock poisoning, not oligo safety."
537,toxicity_endpoint,536,SiRNA-Loaded,40873646,PMC12380061,10.1002/EXP.20230178,Enhanced Blood-Brain Barrier Penetrability of BACE1 SiRNA-Loaded Prussian Blue Nanocomplexes for Alzheimer's Disease Synergy Therapy.,genotoxicity/DNA damage response,A,Results > PRM‐siRNA Suppressed Aβ‐Induced Neurotoxicity by Inhibiting ROS‐Mediated Oxidative Damage and Regulating Bcl‐2 Family in Rat Primary Neurons; paragraph 22,reject,NA,False,True,NA,0.92,pmc_full_text,False,NONE,Reject: reported neurotoxicity/apoptosis endpoints are A? disease-injury efficacy readouts; no primary genotoxicity or safety endpoint is tied to the siRNA nanocomplex.,codex_gpt-5.5_manual_agent,reject,ni_jie,C,Reject: PMID 40873646; Reject: reported neurotoxicity/apoptosis endpoints are A? disease-injury efficacy readouts; no primary genotoxicity or safety endpoint is tied to the siRNA nanocomplex.
538,toxicity_endpoint,537,significance,40736236,PMC12403870,10.1128/spectrum.02622-24,An antisense peptide-conjugated peptide nucleic acid (PPNA) for peptidoglycan recycling inhibition reduces AmpC hyperproduction and β-lactam resistance in Pseudomonas aeruginosa.,general safety/cell viability/cytotoxicity,B,OBSERVATION; Fig 1 caption,accept,cell viability/cytotoxicity,True,True,A,0.93,pmc_full_text,True,"after NagZ-PPNA treatment at 2 and 4 µM, values of this parameter were ca. 6% and 10% respectively",Full-text LDH/cell-death assay directly assesses cytotoxicity of NagZ-targeting PPNA in human A549 cells at therapeutically active concentrations.,codex_gpt-5.5_manual_agent,accept,ni_jie,A,
539,toxicity_endpoint,538,siRNA,40679089,PMC12344721,10.1021/acs.biomac.5c00344,Cleavable Cationic Carbosilane Dendrimers with pH-Tunable Charge as siRNA Carriers.,general safety/cell viability/cytotoxicity,C,Results and Discussion > Biocompatibility of Cleavable Dendrimers; paragraph 51,accept,cell viability/hemolysis,True,True,A,0.91,pmc_full_text,True,"Dendrimers 2 and 3 were biocompatible in PBMCs up to 1 and 0.5 μM, respectively, and slightly higher concentrations in THP-1 (1 μM).",Full-text siRNA-carrier biocompatibility experiments measured cytotoxicity in PBMC/THP-1/HEK cells and hemolysis for cleavable dendrimers.,codex_gpt-5.5_manual_agent,accept,ni_jie,A,
540,toxicity_endpoint,539,silencing,40598893,PMC12214009,10.1093/nar/gkaf600,Elucidating brain transport pathways and cell type-dependent gene silencing of a durable lipid-siRNA conjugate administered into cerebrospinal fluid.,hepatic/hepatotoxicity,A,Results > L2-siRNA does not induce hallmarks of toxicity; paragraph 54,accept,CNS toxicity/neuroinflammation,True,True,A,0.94,pmc_full_text,True,"We provide a detailed examination of regional bulk tissue gene silencing in mice, highlighting potent knockdown 5 months after a single injection without detectable toxicity.",Full-text CNS lipid-siRNA study reports long-duration post-injection knockdown with toxicity monitoring and no detectable toxicity.,codex_gpt-5.5_manual_agent,accept,ni_jie,A,
541,toxicity_endpoint,540,siRNA,40457499,PMC12131658,10.1186/s40035-025-00486-5,A genome-wide RNA interference screening reveals protectiveness of SNX5 knockdown in a Parkinson's disease cell model.,hepatic/hepatotoxicity,A,Results > Genome-wide esiRNA screening identified SNX5 knockdown as being protective against αSyn-induced toxicity; paragraph 32,reject,NA,False,False,NA,0.92,pmc_full_text,False,NONE,"Reject: genome-wide siRNA screen uses oligos as lab knockdown tools to study ?Syn-induced toxicity, not as administered therapeutic oligonucleotide safety evidence.",codex_gpt-5.5_manual_agent,reject,ni_jie,C,"Reject: PMID 40457499; Reject: genome-wide siRNA screen uses oligos as lab knockdown tools to study ?Syn-induced toxicity, not as administered therapeutic oligonucleotide safety evidence."
542,toxicity_endpoint,541,silico,40407475,PMC12101192,10.3390/mps8030048,Empagliflozin Repurposing for Lafora Disease: A Pilot Clinical Trial and Preclinical Investigation of Novel Therapeutic Targets.,general safety/systemic safety/tolerability,B,Abstract; paragraph 1,reject,NA,False,False,NA,0.92,pmc_full_text,False,NONE,"Reject: safety endpoints are for empagliflozin, a small molecule; oligonucleotides appear only as background therapeutic approaches.",codex_gpt-5.5_manual_agent,reject,ni_jie,C,"Reject: PMID 40407475; Reject: safety endpoints are for empagliflozin, a small molecule; oligonucleotides appear only as background therapeutic approaches."
543,toxicity_endpoint,542,siRNA,40259913,PMC12010081,10.2147/IJN.S511655,NIR-Triggered siRNA Release and Lysosomal Escape for Synergistic Photothermal Tumor Therapy.,hepatic/hepatotoxicity,A,Results > Anti-Tumor Efficacy and Safety Evaluation in Vivo; paragraph 63,accept,cell viability/cytotoxicity,True,True,A,0.84,pmc_full_text,True,"Figure 4A illustrates that even at an ICG concentration of 40 μg/mL without laser irradiation, the cell survival rate remained above 90%, indicating the favorable cell safety of HSA@ICG/siRNA NPs.",Full-text cell-safety assay tests HSA@ICG/siRNA nanoparticles without irradiation and reports high viability; NIR cancer-killing panels were not used as the grounding evidence.,codex_gpt-5.5_manual_agent,accept,ni_jie,B,Grade adjusted A->B: PMID 40259913; pmc_full_text evidence was direct but less than full primary-detail confidence for hepatic/hepatotoxicity.
544,toxicity_endpoint,543,siRNA,40143003,PMC11946471,10.3390/pharmaceutics17030339,Analysis of Polymer/siRNA Nanoparticle Efficacy and Biocompatibility in 3D Air-Liquid Interface Culture Compared to 2D Cell Culture.,general safety/cell viability/cytotoxicity,A,2. Materials and Methods > 2.8. Acute Toxicity (LDH Release); paragraph 25,accept,cell viability/cytotoxicity,True,True,A,0.94,pmc_full_text,True,"Tyrosine-modified nanoparticles, in particular P10Y-based polyplexes or lipopolyplexes, showed the highest biocompatibility.",Full-text 3D ALI pulmonary model measured LDH release and WST-8 viability after polymer/siRNA nanoparticle exposure and identified biocompatible formulations.,codex_gpt-5.5_manual_agent,accept,ni_jie,A,
545,toxicity_endpoint,544,silencing,39906612,PMC11790197,10.22038/ijbms.2024.81998.17744,Nanomolecular silencing of TSC22D4 mRNA via a DNAsome-siRNA for enhancing insulin sensitization in hepatocytes.,hepatic/hepatotoxicity,C,Conclusion; paragraph 41,accept,cell viability/cytotoxicity,True,True,A,0.95,pmc_full_text,True,the cell survival in the samples treated with nanocarrier/siRNA complex at 10 and 20 nanomolar concentrations was 99.3% and 99.2%,Full-text MTT assay directly measured HepG2 survival after DNAsome/siRNA complex exposure and found near-complete viability.,codex_gpt-5.5_manual_agent,accept,ni_jie,A,
546,toxicity_endpoint,545,siRNA,39860035,PMC11766699,10.3390/life15010095,A Novel Approach for In Vitro Testing and Hazard Evaluation of Nanoformulated RyR2-Targeting siRNA Drugs Using Human PBMCs.,renal/renal safety,A,2. Materials and Methods > 2.8. Toxicity Pathways Evaluation; paragraph 22,accept,immune/cytokine toxicity,True,True,A,0.94,pmc_full_text,True,"No changes in IL-8, IL-6, and IFN-γ releases were observed after CaP-siRNA or, CaP-scramble (Figure 3B–D).",Full-text human PBMC hazard screen measured cytokine release and toxicity-pathway markers for CaP-formulated RyR2 siRNA.,codex_gpt-5.5_manual_agent,accept,ni_jie,A,
547,toxicity_endpoint,546,siRNA,39784355,PMC11806943manuscript-id: NIHMS2047615,10.1039/d4tb01954g,Multi-functional near-infrared fluorescent polymer dot-siRNA for gene expression regulation.,hepatic/hepatotoxicity,C,RESULTS AND DISCUSSION > Assessment of Pdots in vitro labeling and cytotoxicity; paragraph 27,reject,NA,True,False,NA,0.92,pmc_full_text,False,NONE,"Reject: Pdot-siRNA toxicity is measured for a generic Gapdh gene-expression nanotool, not a therapeutic oligonucleotide or disease-directed product.",codex_gpt-5.5_manual_agent,reject,ni_jie,C,"Reject: PMID 39784355; Reject: Pdot-siRNA toxicity is measured for a generic Gapdh gene-expression nanotool, not a therapeutic oligonucleotide or disease-directed product."
548,toxicity_endpoint,547,siRNAs,39632755,PMC11704396,10.4062/biomolther.2024.071,"Design, Screening and Development of Asymmetric siRNAs Targeting the MYC Oncogene in Triple-Negative Breast Cancer.",hepatic/hepatotoxicity,A,RESULTS > Reduced 5’ end- and -2’- fluoro modification design; paragraph 37,accept,mortality/general toxicity,True,True,A,0.93,pmc_full_text,True,neither the single 400 µg dose nor the 300 µg repeated doses of asiRNA-VP-DCA induced any signs of toxicity or mortality in either treatment group,Full-text mouse xenograft study reports in vivo safety of DCA-conjugated asymmetric siRNA dosing with no toxicity or mortality.,codex_gpt-5.5_manual_agent,accept,ni_jie,A,
549,toxicity_endpoint,548,signaling,41675514,PMC12886026,10.3389/fonc.2025.1704436,Inhibition of colorectal cancer progression through conformation-specific targeting of ADAM10 metalloprotease.,general toxicity/toxicity,B,Abstract > Methods; paragraph 2,reject,NA,False,False,NA,0.92,pmc_full_text,False,NONE,Reject: ADAM10 study relies on antibody/small-molecule and shRNA target-validation/cancer viability assays; no therapeutic oligo safety result is present.,codex_gpt-5.5_manual_agent,reject,ni_jie,C,Reject: PMID 41675514; Reject: ADAM10 study relies on antibody/small-molecule and shRNA target-validation/cancer viability assays; no therapeutic oligo safety result is present.
550,toxicity_endpoint,549,siRNA,41471099,PMC12737133,10.3390/pharmaceutics17121584,Intraluminal Vesicles as Transfection Intermediaries.,general safety/cell viability/cytotoxicity,A,3. Results; paragraph 22,reject,NA,False,False,NA,0.92,pmc_full_text,False,NONE,"Reject: current toxicity measurements concern a protein toxin delivery assay and siRNA is used mechanistically for transfection/intermediary tracking, not therapeutic oligo safety.",codex_gpt-5.5_manual_agent,reject,ni_jie,C,"Reject: PMID 41471099; Reject: current toxicity measurements concern a protein toxin delivery assay and siRNA is used mechanistically for transfection/intermediary tracking, not therapeutic oligo safety."
551,toxicity_endpoint,550,Silica,41392621,PMC12754758manuscript-id: NIHMS2132376,10.1021/acsami.5c15253,"Modular Design of Mesoporous Silica Nanoparticles Enables Bioimaging, Dual Chemotherapy, and Combinatorial Gene Silencing in Triple-Negative Breast Cancer.",hepatic/hepatotoxicity,C,Results and Discussion > Specific Gene Silencing Studies; paragraph 21,accept,immune activation/immunostimulation,True,True,A,0.92,pmc_full_text,True,"In contrast, no measurable IRF activation was detected for complexes containing RNA fibers or DS RNA with either MSN-PEI formulation.",Full-text reporter-cell immunostimulation assays measured IRF activation for MSN-PEI complexes containing therapeutic DS RNA/RNA nanostructures.,codex_gpt-5.5_manual_agent,accept,ni_jie,A,
552,toxicity_endpoint,551,significant,41347876,PMC12700174,10.1167/iovs.66.15.22,Sphingomyelin Synthase 2 Deletion Mitigates Oxidative Stress-Induced NF-κB Activation via Lipid Metabolic Reprogramming in Dry Eye Disease.,general safety/cell viability/cytotoxicity,A,Results > Lipidomic Profiling Identifies SMS2-Mediated Sphingomyelin Synthesis and Lipid Desaturation in Oxidative Stress-Driven Dry Eye Disease; paragraph 29,reject,NA,False,False,NA,0.92,pmc_full_text,False,NONE,"Reject: SMS2 siRNA is a mechanistic knockdown tool in oxidative-stress dry-eye biology; reduced cytotoxicity reflects protection from external H2O2 injury, not oligo safety.",codex_gpt-5.5_manual_agent,reject,ni_jie,C,"Reject: PMID 41347876; Reject: SMS2 siRNA is a mechanistic knockdown tool in oxidative-stress dry-eye biology; reduced cytotoxicity reflects protection from external H2O2 injury, not oligo safety."
553,toxicity_endpoint,552,significantly,41339338,PMC12698856,10.1038/s41419-025-08240-5,Proteasome inhibition as a potential therapeutic target in thymic cancer.,hepatic/hepatotoxicity,C,Discussion; paragraph 32,reject,NA,False,False,NA,0.92,pmc_full_text,False,NONE,Reject: thymic cancer proteasome-inhibitor study has no therapeutic oligonucleotide; cell viability/cytotoxicity belongs to small-molecule anticancer efficacy.,codex_gpt-5.5_manual_agent,reject,ni_jie,C,Reject: PMID 41339338; Reject: thymic cancer proteasome-inhibitor study has no therapeutic oligonucleotide; cell viability/cytotoxicity belongs to small-molecule anticancer efficacy.
554,toxicity_endpoint,553,significant,41304847,PMC12655664,10.3390/ph18111600,VDAC1 Intervention Alleviates Bisphenol AF-Induced Succinate Metabolism Dysregulation and Inflammatory Responses.,hepatic/hepatotoxicity,C,3. Discussion; paragraph 40,reject,NA,True,False,NA,0.93,pmc_full_text,False,NONE,"Reject under v2: VDAC1 siRNA is used as an in vitro perturbation tool in BPAF toxin-injury biology; toxicity endpoints reflect BPAF/external injury, not safety of a therapeutic oligonucleotide or delivery product.",codex_gpt-5.5_manual_agent,reject,ni_jie,C,"Reject: PMID 41304847; Reject under v2: VDAC1 siRNA is used as an in vitro perturbation tool in BPAF toxin-injury biology; toxicity endpoints reflect BPAF/external injury, not safety of a therapeutic oligonucleotide or delivery product."
555,toxicity_endpoint,554,significantly,41301860,PMC12650036,10.3390/biomedicines13112767,Synergistic Inhibition of Triple-Negative Breast Cancer by Acetylsalicylic Acid and Recombinant Human APE1/Ref-1 in a Mouse Xenograft Model.,hepatic/hepatotoxicity,B,Abstract; paragraph 1,reject,NA,False,False,NA,0.93,pmc_full_text,False,NONE,"Reject under v2: study evaluates acetylsalicylic acid and recombinant APE1/Ref-1 protein/adenoviral approaches in cancer, with no therapeutic oligonucleotide safety evidence.",codex_gpt-5.5_manual_agent,reject,ni_jie,C,"Reject: PMID 41301860; Reject under v2: study evaluates acetylsalicylic acid and recombinant APE1/Ref-1 protein/adenoviral approaches in cancer, with no therapeutic oligonucleotide safety evidence."
556,toxicity_endpoint,555,Silencing,41290746,PMC12749358,10.1038/s41467-025-66630-x,Silencing PCSK9 reshapes the spatiotemporal activation of STING for safe and effective cancer immunotherapy.,hepatic/hepatotoxicity,A,Results > NP containing PCSK9 siRNA and STING agonists enable safe and effective cancer immunotherapy; paragraph 17,accept,general safety/body weight/hepatotoxicity,True,True,A,0.96,pmc_full_text,True,"exhibited excellent safety profiles, without body weight changes at 24 h and 48 h post-administration","Full-text results link systemic NPsiPCSK9/cGAMP treatment to safety, including absence of body-weight loss compared with hepatotoxic STING agonist dosing.",codex_gpt-5.5_manual_agent,accept,ni_jie,A,
557,toxicity_endpoint,556,significant,41290726,PMC12669614,10.1038/s41538-025-00574-w,AMP-activated protein kinase-Caspase 6 axis regulation alleviates the combined apoptotic damage caused by deoxynivalenol and fumonisin B1 in mammary glands.,general safety/cell viability/cytotoxicity,B,Abstract; paragraph 1,reject,NA,True,False,NA,0.93,pmc_full_text,False,NONE,"Reject under v2: toxicity is caused by DON/FB1 mycotoxins and Caspase 6 siRNA is a pathway knockdown tool, not the administered therapeutic product whose safety is measured.",codex_gpt-5.5_manual_agent,reject,ni_jie,C,"Reject: PMID 41290726; Reject under v2: toxicity is caused by DON/FB1 mycotoxins and Caspase 6 siRNA is a pathway knockdown tool, not the administered therapeutic product whose safety is measured."
558,toxicity_endpoint,557,siRNA,41256290,PMC12430013,10.1093/narmme/ugaf023,Characterization of DMPK and MBNL1 expression in cell models of myotonic dystrophy: a platform for drug screening.,hepatic/hepatotoxicity,B,Abstract; paragraph 1,reject,NA,False,True,NA,0.93,pmc_full_text,False,NONE,"Reject under v2: DMPK gapmer/siRNA are evaluated for biomarker or therapeutic-response readouts in cell models, with no primary toxicity, safety, or tolerability endpoint linked to the oligo.",codex_gpt-5.5_manual_agent,reject,ni_jie,C,"Reject: PMID 41256290; Reject under v2: DMPK gapmer/siRNA are evaluated for biomarker or therapeutic-response readouts in cell models, with no primary toxicity, safety, or tolerability endpoint linked to the oligo."
559,toxicity_endpoint,558,signaling,41233563,PMC12615610,10.1038/s41598-025-23587-7,Overexpressed MET drives aggressive thyroid cancer phenotypes and serves as a precision therapeutic target.,hepatic/hepatotoxicity,B,Abstract; paragraph 1,reject,NA,False,False,NA,0.93,pmc_full_text,False,NONE,"Reject under v2: RNAi-mediated MET knockdown is laboratory validation of thyroid cancer migration/invasion biology, not therapeutic oligonucleotide safety evidence.",codex_gpt-5.5_manual_agent,reject,ni_jie,C,"Reject: PMID 41233563; Reject under v2: RNAi-mediated MET knockdown is laboratory validation of thyroid cancer migration/invasion biology, not therapeutic oligonucleotide safety evidence."
560,toxicity_endpoint,559,siRNA,41226635,PMC12607363,10.3390/ijms262110582,Anti-Angiogenic RNAi-Based Treatment of Endometriosis in a Rat Model Using CXCR4-Targeted Peptide Nanoparticles.,hepatic/hepatotoxicity,A,2. Results > 2.4. Evaluation of the Cytotoxic Effects of Ternary Polyplexes; paragraph 22,accept,cell viability/cytotoxicity,True,True,A,0.93,pmc_full_text,True,The results shown in Figure 3 indicate that no significant differences in cytotoxicity were observed among the coated polyplexes across all tested charge ratios in MDA-MB-231 cells.,Full-text Figure 3 cytotoxicity assay measures cellular toxicity of siRNA ternary polyplex delivery formulations.,codex_gpt-5.5_manual_agent,accept,ni_jie,A,
561,toxicity_endpoint,560,significantly,41168832,PMC12573908,10.1186/s12967-025-07252-1,"Targeting lncRNA MALAT1 attenuates lenalidomide resistance via CD38 epigenetic modulation, oxidative stress-mediated cell death, and remodeling of the pro-tumor microenvironment in multiple myeloma.",general safety/cell viability/cytotoxicity,A,Results > Targeting MALAT1 suppresses patient MM cell viability and CD38 expression; paragraph 35,reject,NA,False,False,NA,0.93,pmc_full_text,False,NONE,"Reject under v2: MALAT1 ASO readouts concern endogenous lncRNA biology, drug-resistance reversal, and cancer-cell viability/cell death efficacy, not safety or tolerability of the oligo.",codex_gpt-5.5_manual_agent,reject,ni_jie,C,"Reject: PMID 41168832; Reject under v2: MALAT1 ASO readouts concern endogenous lncRNA biology, drug-resistance reversal, and cancer-cell viability/cell death efficacy, not safety or tolerability of the oligo."
562,toxicity_endpoint,561,siRNA-induced,41163839,PMC12560097,10.1039/d5ra04610f,An injectable hydrogel containing N-acetylglycine for the treatment of Gaucher disease.,hepatic/hepatotoxicity,B,Methods and materials > Effects of NAG in siRNA-induced Gaucher mouse model; paragraph 15,reject,NA,False,False,NA,0.93,pmc_full_text,False,NONE,Reject under v2: siRNA is used to induce or model Gaucher disease while treatment is N-acetylglycine hydrogel; no therapeutic oligonucleotide toxicity evidence is measured.,codex_gpt-5.5_manual_agent,reject,ni_jie,C,Reject: PMID 41163839; Reject under v2: siRNA is used to induce or model Gaucher disease while treatment is N-acetylglycine hydrogel; no therapeutic oligonucleotide toxicity evidence is measured.
563,toxicity_endpoint,562,similarly,41115949,PMC12537952,10.1038/s41531-025-01142-5,The gut microbiome promotes mitochondrial respiration in the brain of a Parkinson's disease mouse model.,hepatic/hepatotoxicity,A,Results > Microbiome impacts on motor deficits and gene expression in the brains of Thy1-ASO mice; paragraph 6,reject,NA,False,False,NA,0.93,pmc_full_text,False,NONE,"Reject under v2: Thy1-ASO refers to a disease mouse model context, not an administered antisense oligonucleotide safety result.",codex_gpt-5.5_manual_agent,reject,ni_jie,C,"Reject: PMID 41115949; Reject under v2: Thy1-ASO refers to a disease mouse model context, not an administered antisense oligonucleotide safety result."
564,toxicity_endpoint,563,significantly,41049425,PMC12492353,10.7150/ijms.116656,Targeting LC3B/MCL-1 expression by Protodioscin induces autophagy and apoptosis in human glioblastoma cells in vitro and in vivo.,hepatic/hepatotoxicity,B,Abstract; paragraph 1,reject,NA,False,False,NA,0.93,pmc_full_text,False,NONE,"Reject under v2: Protodioscin is a small molecule/natural product cancer therapy and the readouts are antitumor apoptosis/efficacy, not oligonucleotide safety.",codex_gpt-5.5_manual_agent,reject,ni_jie,C,"Reject: PMID 41049425; Reject under v2: Protodioscin is a small molecule/natural product cancer therapy and the readouts are antitumor apoptosis/efficacy, not oligonucleotide safety."
565,toxicity_endpoint,564,sites,40970667,PMC12453064,10.1167/iovs.66.12.46,Exon Skipping Therapy Restores Ciliary Function in USH2A-Related Retinal Degeneration.,hepatic/hepatotoxicity,B,article body; paragraph 6,accept,general safety/apoptosis/ERG,True,True,B,0.86,pmc_full_text,True,No significant adverse effects were observed through apoptosis assays or ERG.,"Therapeutic AON PUMCH-E13 was evaluated for retinal safety by apoptosis assays and ERG, but the passage-level evidence is relatively summary.",codex_gpt-5.5_manual_agent,accept,ni_jie,B,
566,toxicity_endpoint,565,siPD-L1,40885724,PMC12398490,10.1038/s41467-025-63415-0,Modulating tumor collagen fiber alignment for enhanced lung cancer immunotherapy via inhaled RNA.,hepatic/hepatotoxicity,A,Results > Inhalation of mscFv/siPD-L1@LNP drives TME reconfiguration in orthotopic lung tumors; paragraph 15,accept,systemic toxicity/histopathology,True,True,A,0.95,pmc_full_text,True,"H&E staining of major organs, including the heart, liver, spleen, and kidneys, showed no lesions, histopathological injuries, or abnormalities caused by the inhalation of mscFv/siPD-L1@LNP (Supplementary Fig. 24b).",Full-text supplementary histopathology links inhaled siPD-L1 LNP delivery product to absence of organ toxicity.,codex_gpt-5.5_manual_agent,accept,ni_jie,A,
567,toxicity_endpoint,566,siRNA,40869421,PMC12387040,10.3390/ijms26168101,Retinoic Acid-Induced Transglutaminase 2 Expression Reduces Sensitivity to Cisplatin in the Hormone-Positive MCF-7 Breast Cancer Cell Model.,general safety/cell viability/cytotoxicity,A,2. Results > 2.4. Transfection with TG2-Specific siRNA Increases Cisplatin Cytotoxicity in Wild-Type MCF-7 Cells; paragraph 18,reject,NA,False,False,NA,0.93,pmc_full_text,False,NONE,"Reject under v2: TG2 siRNA is a lab knockdown used to alter cisplatin sensitivity in MCF-7 cancer cells; cytotoxicity is cancer efficacy/drug-response, not oligo safety.",codex_gpt-5.5_manual_agent,reject,ni_jie,C,"Reject: PMID 40869421; Reject under v2: TG2 siRNA is a lab knockdown used to alter cisplatin sensitivity in MCF-7 cancer cells; cytotoxicity is cancer efficacy/drug-response, not oligo safety."
568,toxicity_endpoint,567,silence,40848064,PMC12374930,10.1007/s00262-025-04148-3,"Heat up, silence on: IDO1 gene silencing in THP-1-derived dendritic cells triggered by magnetic hyperthermia.",general safety/cell viability/cytotoxicity,B,Materials and methods > Cell viability assay; paragraph 25,accept,cell viability/cytotoxicity,True,True,B,0.82,pmc_full_text,True,"Results show that IDO1 gene expression decreases around 70% in THP-1-derived DCs, and that the MH-promoted transfection presents a silencing effect comparable to that attained with a gold standard Lipofectamine reagent, but with less cytotoxicity.",Preclinical siRNA delivery method for IDO1 silencing reports reduced cytotoxicity versus Lipofectamine in THP-1-derived dendritic cells; in vitro evidence is weaker than in vivo safety.,codex_gpt-5.5_manual_agent,accept,ni_jie,C,Grade adjusted B->C: PMID 40848064; weak/generic or abstract-limited support for general safety/cell viability/cytotoxicity.
569,toxicity_endpoint,568,CHO2353,40843899,PMC12503009,10.1002/bit.70043,Endogenous Retrovirus-Like Particle-Deficient CHO Cells Can be Generated by CRISPR or shRNA and Enriched Based on Cell-Surface Expression of Retroviral Envelope Protein.,hepatic/hepatotoxicity,A,Methods > Transient and Stable shRNA Transfections; paragraph 15,reject,NA,False,False,NA,0.93,pmc_full_text,False,NONE,"Reject under v2: CHO-cell engineering uses CRISPR/shRNA, which is explicitly out of scope, and does not report therapeutic oligonucleotide safety.",codex_gpt-5.5_manual_agent,reject,ni_jie,C,"Reject: PMID 40843899; Reject under v2: CHO-cell engineering uses CRISPR/shRNA, which is explicitly out of scope, and does not report therapeutic oligonucleotide safety."
570,toxicity_endpoint,569,signatures-driven,40787447,PMC12331497,10.3389/fimmu.2025.1610717,Programmed cell death signatures-driven microglial transformation in Alzheimer's disease: single-cell transcriptomics and functional validation.,general safety/cell viability/cytotoxicity,B,Abstract > Methods; paragraph 2,reject,NA,False,False,NA,0.93,pmc_full_text,False,NONE,"Reject under v2: programmed-cell-death/microglial study uses siRNA for functional validation of disease biology, with no therapeutic oligo safety endpoint.",codex_gpt-5.5_manual_agent,reject,ni_jie,C,"Reject: PMID 40787447; Reject under v2: programmed-cell-death/microglial study uses siRNA for functional validation of disease biology, with no therapeutic oligo safety endpoint."
571,toxicity_endpoint,570,inclisiran,40645721,PMC12441398,10.1016/j.jaccas.2025.103897,Treatment With Inclisiran During Peritoneal Dialysis.,hepatic/hepatotoxicity,C,Discussion; paragraph 11,accept,adverse events/liver enzyme/renal chemistry,True,True,B,0.91,pmc_full_text,True,"No significant changes in glucose, creatinine, uric acid, liver enzyme, and creatine kinase levels were observed (Table 1). Despite the short follow-up, no side effects or CVD events were encountered.","Clinical case report after administered inclisiran records laboratory safety markers and absence of side effects, but single-patient evidence is weaker.",codex_gpt-5.5_manual_agent,accept,ni_jie,C,Grade adjusted B->C: PMID 40645721; weak/generic or abstract-limited support for hepatic/hepatotoxicity.
572,toxicity_endpoint,571,side,40608957,PMC12677909,10.1093/brain/awaf249,Exon skipping peptide-conjugated morpholinos downregulate dynamin 2 to rescue centronuclear myopathy.,hepatic/hepatotoxicity,C,Discussion; paragraph 48,accept,hepatic/hepatotoxicity,True,True,A,0.95,pmc_full_text,True,"These data support that systemically administered PPMO6 resulted in a better targeting of DNM2 level in the muscle than in the liver, with no signs of toxicity in the liver.",Full-text liver enzyme and histology analyses directly support absence of hepatotoxicity after systemic PPMO6 treatment.,codex_gpt-5.5_manual_agent,accept,ni_jie,A,
573,toxicity_endpoint,572,CD107a,40607388,PMC12213676,10.3389/fimmu.2025.1537876,A genome-wide shRNA screen uncovers a novel potential ligand for NK cell activating receptors.,hepatic/hepatotoxicity,A,Methods > Cytotoxicity and degranulation assay; paragraph 39,reject,NA,False,False,NA,0.93,pmc_full_text,False,NONE,"Reject under v2: genome-wide shRNA screen is explicitly out of scope, and NK cytotoxicity/degranulation assays are immune-function readouts rather than oligo safety.",codex_gpt-5.5_manual_agent,reject,ni_jie,C,"Reject: PMID 40607388; Reject under v2: genome-wide shRNA screen is explicitly out of scope, and NK cytotoxicity/degranulation assays are immune-function readouts rather than oligo safety."
574,toxicity_endpoint,573,significant,40574101,PMC12196915,10.3390/pharmaceutics17060789,Intravenous Administration of sRNA Nanoparticles for Treatment of Osteoporosis in Mice.,hepatic/hepatotoxicity,B,Abstract; paragraph 1,accept,systemic toxicity/body weight/histopathology,True,True,A,0.94,pmc_full_text,True,Comprehensive safety evaluation (Figure 6) demonstrated that LNP-sRNA treatment did not adversely affect physiological parameters such as food intake or body weight over a 14-day treatment period.,Full-text Figure 6 safety evaluation links LNP-sRNA treatment to systemic toxicity endpoints including food intake and body weight.,codex_gpt-5.5_manual_agent,accept,ni_jie,A,
575,toxicity_endpoint,574,signaling,40553247,PMC12443944,10.1007/s43440-025-00757-y,A novel 2-oxopyrrolidine derivative (LN-53) efficiently induces Nrf-2 signaling pathway activation in human epidermal keratinocytes.,immunotoxicity/immune activation,B,Abstract > Methods; paragraph 2,reject,NA,False,False,NA,0.93,pmc_full_text,False,NONE,"Reject under v2: LN-53 is a small-molecule 2-oxopyrrolidine derivative/Nrf2 activator, not an oligonucleotide therapeutic.",codex_gpt-5.5_manual_agent,reject,ni_jie,C,"Reject: PMID 40553247; Reject under v2: LN-53 is a small-molecule 2-oxopyrrolidine derivative/Nrf2 activator, not an oligonucleotide therapeutic."
576,toxicity_endpoint,575,siRNA,40528841,PMC12173670,10.1016/j.mtbio.2025.101917,Thermosensitive hydrogel composite with si-Cx43 nanoparticles and anti-VEGF agent for synergistic treatment of diabetic retinopathy.,hepatic/hepatotoxicity,C,Discussion; paragraph 47,accept,cell viability/cytotoxicity,True,True,A,0.94,pmc_full_text,True,"In the CCK-8 assay, compared to the control group, single si-Cx43-NPs, single Avastin, non-loaded hydrogel, Avastin-hydrogel, and si-Cx43-NPs@Avastin-hydrogel did not significantly reduce cell viability, indicating low cytotoxicity, whereas cisplatin significantly suppressed cell viability (Fig. 3B).",Full-text Figure 3 CCK-8 assay measures cytotoxicity of si-Cx43 nanoparticle and hydrogel formulations.,codex_gpt-5.5_manual_agent,accept,ni_jie,A,
577,toxicity_endpoint,576,siRNA,40498020,PMC12155350,10.3390/cells14110843,Soluble β-Amyloid Oligomers Selectively Upregulate TRPC3 in Excitatory Neurons via Calcineurin-Coupled NFAT.,hepatic/hepatotoxicity,A,3. Results > 3.6. Selective TRPC3 Inhibition Renders Synaptic Protection Against AβOs; paragraph 46,reject,NA,False,False,NA,0.93,pmc_full_text,False,NONE,"Reject under v2: TRPC3-targeting siRNA is a laboratory knockdown in amyloid-beta neuronal biology; synaptotoxicity reflects disease/toxin biology, not oligo safety.",codex_gpt-5.5_manual_agent,reject,ni_jie,C,"Reject: PMID 40498020; Reject under v2: TRPC3-targeting siRNA is a laboratory knockdown in amyloid-beta neuronal biology; synaptotoxicity reflects disease/toxin biology, not oligo safety."
578,toxicity_endpoint,577,significantly,40368879,PMC12078682,10.1038/s41467-025-59494-8,DG9 boosts PMO nuclear uptake and exon skipping to restore dystrophic muscle and cardiac function.,hepatic/hepatotoxicity,A,Results > DG9-PMO facilitates enhanced cellular uptake and efficacious nuclear localization; paragraph 9,accept,renal/hepatic toxicity/histopathology/body weight,True,True,A,0.96,pmc_full_text,True,"Here, we found no significant difference between any treatment groups suggesting no apparent toxic effects of DG9-PMO on the kidney.","Full-text safety assessment reports kidney injury marker results for administered DG9-PMO, with surrounding passage also covering liver/kidney histology and body weight.",codex_gpt-5.5_manual_agent,accept,ni_jie,A,
579,toxicity_endpoint,578,CD8,40365296,PMC12068288,10.7150/thno.111400,Dual prophylactic and therapeutic potential of iPSC-based vaccines and neoantigen discovery in colorectal cancer.,general safety/cell viability/cytotoxicity,A,Materials and methods > CD8+ T cell cytotoxicity assay; paragraph 19,reject,NA,False,False,NA,0.96,pmc_full_text,False,NONE,"Rejected: claimed CD8 cytotoxicity is antitumor immune-cell killing in an iPSC/CpG vaccine study, not toxicity of a therapeutic oligonucleotide product.",codex_gpt-5.5_manual_agent,reject,ni_jie,C,"Reject: PMID 40365296; Rejected: claimed CD8 cytotoxicity is antitumor immune-cell killing in an iPSC/CpG vaccine study, not toxicity of a therapeutic oligonucleotide product."
580,toxicity_endpoint,579,signaling,40311681,PMC12155590,10.1016/j.jbc.2025.108559,Microbial metabolite ammonia disrupts TGF-β signaling to promote colon cancer.,hepatic/hepatotoxicity,A,Results > SPTBN1 silencing restores tumor-suppressive TGF-β signaling; paragraph 14,reject,NA,False,False,NA,0.97,pmc_full_text,False,NONE,"Rejected: SPTBN1 siRNA is used as a mechanistic knockdown tool to block ammonia toxicity/signaling, not as an administered therapeutic oligonucleotide safety result.",codex_gpt-5.5_manual_agent,reject,ni_jie,C,"Reject: PMID 40311681; Rejected: SPTBN1 siRNA is used as a mechanistic knockdown tool to block ammonia toxicity/signaling, not as an administered therapeutic oligonucleotide safety result."
581,toxicity_endpoint,580,significant,40297405,PMC12036690,10.2147/IJN.S514375,ROS-Responsive Biomimetic Nanocomplexes of Liposomes and Macrophage-Derived Exosomes for Combination Breast Cancer Therapy.,hepatic/hepatotoxicity,A,Results > In vitro Antitumor Effect of E-cLip-DTX / Si; paragraph 46,accept,general safety/tolerability,True,True,B,0.72,pmc_full_text,True,"In breast cancer mouse model, E-cLip-DTX/si displays notable tumor accumulation efficiency, remarkable anti-tumor effects, and a favorable safety profile.","Abstract-level/full-text passage links the Bcl-2 siRNA/docetaxel biomimetic nanocomplex to an observed favorable safety profile in breast-cancer mice; safety detail is generic, so graded B.",codex_gpt-5.5_manual_agent,accept,ni_jie,C,Grade adjusted B->C: PMID 40297405; weak/generic or abstract-limited support for hepatic/hepatotoxicity.
582,toxicity_endpoint,581,siRNA,40264356,PMC12060646,10.1021/acsnano.4c18731,Gestational Exposure to Black Phosphorus Nanoparticles Induces Placental Trophoblast Dysfunction by Triggering Reactive Oxygen Species-Regulated Mitophagy.,hepatic/hepatotoxicity,A,Results > BPNPs Exposure Provokes Mitophagy via the PINK1/Parkin Signaling Pathway in Trophoblast Cells; paragraph 16,reject,NA,False,False,NA,0.98,pmc_full_text,False,NONE,"Rejected: Parkin siRNA is only a lab knockdown tool in black phosphorus nanoparticle placental toxicity, where the nanoparticle is the toxic exposure.",codex_gpt-5.5_manual_agent,reject,ni_jie,C,"Reject: PMID 40264356; Rejected: Parkin siRNA is only a lab knockdown tool in black phosphorus nanoparticle placental toxicity, where the nanoparticle is the toxic exposure."
583,toxicity_endpoint,582,simultaneous,40236812,PMC11999372,10.1016/j.mtbio.2025.101718,Bundling gold nanorods with RCA-produced DNA tape into an intelligently reconfigurable nanocluster bomb for multimodal precision cancer therapy.,hepatic/hepatotoxicity,C,Results and discussion > In vivo anti-tumor activity of DS-ARGN; paragraph 25,accept,systemic toxicity,True,True,A,0.88,pmc_full_text,True,The in vivo therapeutic experiments against nude mice bearing human HeLa tumor xenografts demonstrate that DS-ARGN bomb not only 100 % suppresses the tumor growth but also causes negative growth in tumor volume and no systemic toxicity is detected,Full-text results link the siRNA/aptamer/DNA nanodevice DS-ARGN therapeutic product to absence of systemic toxicity in treated xenograft mice.,codex_gpt-5.5_manual_agent,accept,ni_jie,B,Grade adjusted A->B: PMID 40236812; pmc_full_text evidence was direct but less than full primary-detail confidence for hepatic/hepatotoxicity.
584,toxicity_endpoint,583,Single-guide,40235854,PMC11999688,10.1016/j.omtn.2025.102523,Single-guide RNA Cas9 and enhanced-deletion Cas9 rescue a recurrent USH2A-related splicing defect.,hepatic/hepatotoxicity,B,Abstract; paragraph 1,reject,NA,False,False,NA,0.99,pmc_full_text,False,NONE,"Rejected: single-guide RNA Cas9/EDCas9 is CRISPR genome editing, explicitly out of scope for the toxicity contract.",codex_gpt-5.5_manual_agent,reject,ni_jie,C,"Reject: PMID 40235854; Rejected: single-guide RNA Cas9/EDCas9 is CRISPR genome editing, explicitly out of scope for the toxicity contract."
585,toxicity_endpoint,584,Signaling,40227445,PMC11939404,10.3390/antiox14030344,A Novel Gastrodin Derivative with Neuroprotection Promotes NGF-Mimic Activity by Targeting INSR and ACTN4 to Activate PI3K/Akt Signaling Pathway in PC12 Cells.,hepatic/hepatotoxicity,B,Abstract; paragraph 1,reject,NA,False,False,NA,0.99,pmc_full_text,False,NONE,"Rejected: study concerns a gastrodin small-molecule derivative; siRNA appears only in target-mechanism validation, not oligonucleotide therapeutic safety.",codex_gpt-5.5_manual_agent,reject,ni_jie,C,"Reject: PMID 40227445; Rejected: study concerns a gastrodin small-molecule derivative; siRNA appears only in target-mechanism validation, not oligonucleotide therapeutic safety."
586,toxicity_endpoint,585,Signaling,40207309,PMC11980806,10.2147/IJN.S501561,Si-ITGA6-Loaded Liposomes Inhibit Capsule Fibrosis via the FAK/PI3K/Akt Signaling Pathway in Adhesive Capsulitis of Shoulder.,general toxicity/toxicity,B,Abstract > Methods; paragraph 2,accept,cell viability/cytotoxicity; general toxicity,True,True,A,0.90,pmc_full_text,True,The results indicated that there was no significant decrease of NIH3T3s viability when the si-ITGA6-loaded liposomes reached a concentration of 200 nM,Full-text characterization measured fibroblast viability for the therapeutic si-ITGA6-loaded liposome formulation and reported no significant viability decrease at the tested concentration.,codex_gpt-5.5_manual_agent,accept,ni_jie,A,
587,toxicity_endpoint,586,nusinersen,40060931,PMC11889396,10.1016/j.omtn.2025.102479,Potential ASO-based personalized treatment for Charcot-Marie-Tooth disease type 2S.,renal/renal safety,A,Results > Three-month rat toxicology study; paragraph 38,accept,repeat-dose toxicology/tolerability/mortality,True,True,A,0.96,pmc_full_text,True,"VCA-894A administration on days 1, 29, 57, and 85 was well tolerated at all dose levels and there were no unscheduled deaths during the course of the study.","Full-text 3-month intrathecal rat toxicology study directly assessed the personalized ASO VCA-894A with mortality, clinical pathology, cytokines, organ weights, and histology endpoints.",codex_gpt-5.5_manual_agent,accept,ni_jie,A,
588,toxicity_endpoint,587,significant,39946362,PMC11825018,10.1371/journal.pone.0317559,"Multifunctional molecular hybrid for targeted colorectal cancer cells: Integrating doxorubicin, AS1411 aptamer, and T9/U4 ASO.",hepatic/hepatotoxicity,C,Results and discussion > Effect of Dox-loaded AS-T9/U4_MH on cell proliferation; paragraph 31,accept,cell viability/cytotoxicity/reduced toxicity,True,True,A,0.82,pmc_full_text,True,"The results revealed that AS-T9/U4_MH exerted an anti-proliferative effect specifically on SW480 cells, while demonstrating no significant effect on Caco-2 and CCD 841 CoN cells",Full-text MTS cell-viability results link the AS1411/T9-U4 oligonucleotide molecular hybrid to lack of effect on non-target/normal colon cells while distinguishing tumor-selective activity.,codex_gpt-5.5_manual_agent,accept,ni_jie,B,Grade adjusted A->B: PMID 39946362; pmc_full_text evidence was direct but less than full primary-detail confidence for hepatic/hepatotoxicity.
589,toxicity_endpoint,588,significant,39838063,PMC11751084,10.1038/s43856-024-00712-7,Preclinical assessment of splicing modulation therapy for ABCA4 variant c.768G>T in Stargardt disease.,hepatic/hepatotoxicity,A,Results > Safety aspects of the lead candidate AON; paragraph 43,accept,off-target/immunostimulation/cytotoxicity safety,True,True,B,0.89,pmc_full_text,True,"No major safety concerns regarding off-targets, immunostimulation and toxicity are observed in transcriptomics analysis, cytokine stimulation assays in human primary immune cells, and cytotoxicity assays.","The passage reports safety assessment of lead therapeutic AON A7 21-mer across transcriptomics, immune cytokine stimulation, and cytotoxicity assays; quote is summary-level, so graded B.",codex_gpt-5.5_manual_agent,accept,ni_jie,C,Grade adjusted B->C: PMID 39838063; weak/generic or abstract-limited support for hepatic/hepatotoxicity.
590,toxicity_endpoint,589,significantly,39698891,PMC11896172,10.1111/acel.14422,A subset of human dermal fibroblasts overexpressing Cockayne syndrome group B protein resist UVB radiation-mediated premature senescence.,hepatic/hepatotoxicity,A,RESULTS > Functional characterization of resistant UVB‐treated HDFs; FIGURE 5 caption,reject,NA,False,False,NA,0.98,pmc_full_text,False,NONE,"Rejected: siRNA-mediated CSB loss-of-expression is a mechanistic knockdown tool for UVB cytotoxicity/senescence, not therapeutic oligonucleotide toxicity.",codex_gpt-5.5_manual_agent,reject,ni_jie,C,"Reject: PMID 39698891; Rejected: siRNA-mediated CSB loss-of-expression is a mechanistic knockdown tool for UVB cytotoxicity/senescence, not therapeutic oligonucleotide toxicity."
591,toxicity_endpoint,590,significant,41378010,PMC12686164,10.21037/tcr-2025-1284,ING5-mediated regulation of lung cancer progression via the OIP5-AS1/miR-381-3p/SEC24A axis.,hepatic/hepatotoxicity,B,PubMed abstract,reject,NA,False,False,NA,0.99,pmc_full_text,False,NONE,Rejected: shRNA targeting lncRNA OIP5-AS1 is used to study NSCLC biology; no therapeutic oligonucleotide safety/tolerability endpoint is grounded.,codex_gpt-5.5_manual_agent,reject,ni_jie,C,Reject: PMID 41378010; Rejected: shRNA targeting lncRNA OIP5-AS1 is used to study NSCLC biology; no therapeutic oligonucleotide safety/tolerability endpoint is grounded.
592,toxicity_endpoint,591,CD19-targeted,41234867,PMC12605615,10.21037/tcr-2025-938,shRNA-based PD-1 suppression preserves memory phenotype and function of CD19-targeted CAR-T cell.,general safety/cell viability/cytotoxicity,A,Methods > Calcein AM-based cytotoxicity assay; paragraph 31,reject,NA,False,False,NA,0.99,pmc_full_text,False,NONE,"Rejected: shRNA-engineered CAR-T cells are outside scope, and the claimed cytotoxicity is antileukemia CAR-T killing efficacy rather than oligonucleotide toxicity.",codex_gpt-5.5_manual_agent,reject,ni_jie,C,"Reject: PMID 41234867; Rejected: shRNA-engineered CAR-T cells are outside scope, and the claimed cytotoxicity is antileukemia CAR-T killing efficacy rather than oligonucleotide toxicity."
593,toxicity_endpoint,592,significantly,40331953,PMC12026555,10.3390/ijms26083491,High Mobility Group Box 1 Is Potential Target Therapy for Inhibiting Metastasis and Enhancing Drug Sensitivity of Hepatocellular Carcinoma.,hepatic/hepatotoxicity,C,3. Discussion; paragraph 11,reject,NA,False,False,NA,0.98,pmc_full_text,False,NONE,"Rejected: HMGB1 siRNA is a cell-line knockdown tool for HCC metastasis/drug-sensitivity biology, not an administered therapeutic oligonucleotide safety result.",codex_gpt-5.5_manual_agent,reject,ni_jie,C,"Reject: PMID 40331953; Rejected: HMGB1 siRNA is a cell-line knockdown tool for HCC metastasis/drug-sensitivity biology, not an administered therapeutic oligonucleotide safety result."
594,toxicity_endpoint,593,silico,40171277,PMC11960632,10.1016/j.omtn.2025.102496,CAG-targeted brain-permeable therapy tested in biallelic humanized polyQ mouse models.,hepatic/hepatotoxicity,C,Discussion; paragraph 32,reject,NA,False,False,NA,0.99,pmc_full_text,False,NONE,Rejected: CAG-targeted shRNAs are delivered by AAV-PHP.eB vectors; AAV/viral gene therapy and shRNA-vector therapy are excluded.,codex_gpt-5.5_manual_agent,reject,ni_jie,C,Reject: PMID 40171277; Rejected: CAG-targeted shRNAs are delivered by AAV-PHP.eB vectors; AAV/viral gene therapy and shRNA-vector therapy are excluded.
595,toxicity_endpoint,594,siRNA,40096771,PMC11957605,10.1016/j.neo.2025.101152,Targeting BARD1 suppresses a Myc-dependent transcriptional program and tumor growth in pancreatic ductal adenocarcinoma.,hepatic/hepatotoxicity,A,Results > Inhibition of BARD1 enhances therapeutic efficacy of DNA damage response agents; paragraph 30,reject,NA,False,True,NA,0.90,pmc_full_text,False,NONE,Rejected: BARD1 siRNAs/CRISPR are used as genetic inhibition tools for PDAC target validation; toxicity-to-mice wording is not tied to a named therapeutic oligonucleotide product.,codex_gpt-5.5_manual_agent,reject,ni_jie,C,Reject: PMID 40096771; Rejected: BARD1 siRNAs/CRISPR are used as genetic inhibition tools for PDAC target validation; toxicity-to-mice wording is not tied to a named therapeutic oligonucleotide product.
596,toxicity_endpoint,595,siRNA,39401270,PMC11727815,10.1002/mabi.202400327,Cationic Carbosilane Dendrimers for Apmnkq2 Aptamer Transfection in Breast Cancer: An Alternative to Traditional Transfectants.,hepatic/hepatotoxicity,C,Results and Discussion > Nanoconjugate Dendrimer/Aptamer Formation and Characterization; paragraph 6,reject,NA,False,True,NA,0.87,pmc_full_text,False,NONE,"Rejected: apMNKQ2 aptamer nanoconjugate viability reduction is a breast-cancer cell killing/transfection-efficacy readout, which the toxicity contract excludes as efficacy cytotoxicity.",codex_gpt-5.5_manual_agent,reject,ni_jie,C,"Reject: PMID 39401270; Rejected: apMNKQ2 aptamer nanoconjugate viability reduction is a breast-cancer cell killing/transfection-efficacy readout, which the toxicity contract excludes as efficacy cytotoxicity."
597,toxicity_endpoint,596,nM ASO,38501046,PMC10944894,10.3389/fchem.2024.1342178,Structure-activity relationship study of mesyl and busyl phosphoramidate antisense oligonucleotides for unaided and PSMA-mediated uptake into prostate cancer cells.,hepatic/hepatotoxicity,B,4 Materials and methods > 4.3 Evaluation of inhibitory activity of modified ASOs in 22Rv1 prostate cancer cells; paragraph 27,reject,NA,False,True,NA,0.90,pmc_full_text,False,NONE,"Rejected: passage primarily reports ASO chemistry, uptake, and knockdown activity; no grounded observed toxicity/safety endpoint for the modified ASOs is present.",codex_gpt-5.5_manual_agent,reject,ni_jie,C,"Reject: PMID 38501046; Rejected: passage primarily reports ASO chemistry, uptake, and knockdown activity; no grounded observed toxicity/safety endpoint for the modified ASOs is present."
598,toxicity_endpoint,597,since,39460376,PMC11638874,10.1016/j.ymthe.2024.10.024,Quantifying and mitigating motor phenotypes induced by antisense oligonucleotides in the central nervous system.,hepatic/hepatotoxicity,A,Results > Pre-saturation with calcium reduces acute neurotoxicity; paragraph 25,accept,neurological/neurotoxicity/tolerability,True,True,A,0.97,pmc_full_text,True,"Reducing the PS content of gapmer ASOs, which contain a stretch of PS-DNA, improves their toxicity profile, but in some cases also reduces efficacy or duration of effect.",Full-text CNS ASO toxicology study quantifies acute motor phenotypes/neurotoxicity after ASO administration and links chemical modification to improved tolerability.,codex_gpt-5.5_manual_agent,accept,ni_jie,A,
599,toxicity_endpoint,598,significant,39377066,PMC11456559,10.1016/j.omtn.2024.102250,Splice-switching antisense oligonucleotide controlling tumor suppressor REST is a novel therapeutic medicine for neuroendocrine cancer.,hepatic/hepatotoxicity,A,Results > REST_SSO exerts antitumor effects in an NE cancer xenograft mouse model; paragraph 9,reject,NA,False,True,NA,0.78,pmc_full_text,False,NONE,Rejected: loaded passage only grounds hepatotoxicity measurement methods for REST_SSO and tumor-cell viability efficacy; it does not provide an observed hepatotoxicity/safety result.,codex_gpt-5.5_manual_agent,reject,ni_jie,C,Reject: PMID 39377066; Rejected: loaded passage only grounds hepatotoxicity measurement methods for REST_SSO and tumor-cell viability efficacy; it does not provide an observed hepatotoxicity/safety result.
600,toxicity_endpoint,599,signs,39286058,PMC11403593,10.1183/23120541.00986-2023,"Randomised, phase 1/2a trial of ION-827359, an antisense oligonucleotide inhibitor of ENaC.",hepatic/hepatotoxicity,A,Methods > End-points > Safety; paragraph 13,accept,clinical safety/tolerability/adverse events,True,True,A,0.98,pmc_full_text,True,"ION-827359 was well tolerated with an acceptable safety profile. There were no clinically relevant changes in laboratory values, ECG or vital signs.","Phase 1/2a randomized clinical trial directly reports primary safety/tolerability outcomes and laboratory, ECG, and vital-sign safety for inhaled ION-827359.",codex_gpt-5.5_manual_agent,accept,ni_jie,A,
601,toxicity_endpoint,600,Site-blocking,39379106,PMC11571808,10.1261/rna.080220.124,Site-blocking antisense oligonucleotides as a mechanism to fine-tune MeCP2 expression.,hepatic/hepatotoxicity,C,DISCUSSION > Risk of adverse effects; paragraph 53,accept,adverse events/neurobehavioral toxicity,True,True,A,0.94,pmc_full_text,True,"Conversely, mice administered sbASO.miR-483 exhibited severe adverse phenotypes, including ataxia and orofacial dyskinesia, resulting in euthanasia before the full 5-day postimplantation period.","Full-text in vivo sbASO study reports treatment-linked adverse phenotypes and euthanasia for one site-blocking ASO, with other sbASOs showing no adverse effects.",codex_gpt-5.5_manual_agent,accept,ni_jie,A,
602,toxicity_endpoint,601,siRNA-mediated,38779336,PMC11109470,10.1016/j.omtm.2024.101258,siRNA-mediated reduction of a circulating protein in swine using lipid nanoparticles.,hepatic/hepatotoxicity,A,Results > siRNA-LNPs displayed a low risk of CARPA and other toxicities; paragraph 9,accept,CARPA/complement-related reactions; hepatic toxicity,True,True,A,0.97,pmc_full_text,True,"Clinical signs of CARPA were not observed, and occasional mild and transient hepatotoxicity was present in siPLG-treated animals at 5 h post-infusion, which returned to baseline by 7 days.",Full-text swine study directly measured CARPA signs and liver-enzyme toxicity after administered siPLG-LNP treatment.,codex_gpt-5.5_manual_agent,accept,ni_jie,A,
603,toxicity_endpoint,602,signals,38276948,PMC11221813,10.1152/ajpheart.00745.2023,An antisense oligonucleotide efficiently suppresses splicing of an alternative exon in vascular smooth muscle in vivo.,hepatic/hepatotoxicity,B,Abstract; paragraph 1,accept,general toxicity/tolerability,True,True,B,0.82,pmc_full_text,True,The effect persisted for at least 1 mo without toxicity.,"Loaded passage reports in vivo persistence of an octo-guanidine conjugated therapeutic splice-blocking ASO with no toxicity; evidence is summary-level, so graded B.",codex_gpt-5.5_manual_agent,accept,ni_jie,C,Grade adjusted B->C: PMID 38276948; weak/generic or abstract-limited support for hepatic/hepatotoxicity.
604,toxicity_endpoint,603,siRNA,40308740,PMC12043328manuscript-id: NIHMS2068822,10.59566/isrnn.2024.0101079,The Reduction of Traumatic Spinal Cord Secondary Injury by Anti-RhoA siRNA Functionalized Nucleic Acid Nanoparticles (NANPs).,hepatic/hepatotoxicity,C,RESULTS AND DISCUSSION; paragraph 20,accept,cell viability/cytotoxicity,True,True,B,0.88,pmc_full_text,True,Cell viability assays in THP1 Dual cells revealed an approximately 50% reduction in viability when NANP-siRhoAs were complexed with the L2K carrier (Fig. 8A).,Full-text result directly measures cell viability/toxicity after NANP-siRhoA delivery with transfection carriers; endpoint is linked to the therapeutic siRNA NANP product.,codex_gpt-5.5_manual_agent,accept,ni_jie,B,
605,toxicity_endpoint,604,siRNA,39296267,PMC11406681,10.1021/acsptsci.4c00336,Lipopolymer/siRNA Nanoparticles Targeting the Signal Transducer and Activator of Transcription 5A Disrupts Proliferation of Acute Lymphoblastic Leukemia.,hepatic/hepatotoxicity,B,Abstract; paragraph 1,accept,immune activation/cytokines,True,True,B,0.84,pmc_full_text,True,"The lipopolymers did not induce the secretion of proinflammatory cytokines (IL-6, TNF-α, and INF-γ) in PBMCs from healthy volunteers, underscoring their immune safety profile.","Loaded passage reports a measured proinflammatory cytokine safety endpoint for the lipopolymer/siRNA delivery system, linked to the therapeutic siRNA product.",codex_gpt-5.5_manual_agent,accept,ni_jie,B,
606,toxicity_endpoint,605,siRNA,39189114,PMC11564669,10.1089/nat.2024.0030,Near Sequence Homology Does Not Guarantee siRNA Cross-Species Efficacy.,hepatic/hepatotoxicity,B,Abstract; paragraph 1,reject,NA,False,True,NA,0.97,pmc_full_text,False,NONE,"Rejected: passage discusses siRNA cross-species potency/efficacy and the general need to assess toxicity in development, but gives no primary administered/measured toxicity endpoint.",codex_gpt-5.5_manual_agent,reject,ni_jie,C,"Reject: PMID 39189114; Rejected: passage discusses siRNA cross-species potency/efficacy and the general need to assess toxicity in development, but gives no primary administered/measured toxicity endpoint."
607,toxicity_endpoint,606,significant,38672408,PMC11048556,10.3390/biom14040390,Synthesis and Validation of TRIFAPYs as a Family of Transfection Agents for Therapeutic Oligonucleotides.,hepatic/hepatotoxicity,A,3. Results > 3.3. Intrinsic Toxicity and Transfection Efficiency of TRIFAPYs; paragraph 31,accept,cell viability/cytotoxicity,True,True,B,0.82,pmc_full_text,True,"While the TRIFAPYs did not show significant toxicity by themselves at 1.5 µg/mL, the compounds containing alkyl chains from C12 through C18 showed a clear effect in decreasing cell viability when combined with the PPRH.",Full-text cell-viability result measures intrinsic toxicity of the delivery agents and viability after therapeutic PPRH oligonucleotide transfection; accepted as general cytotoxicity rather than hepatic toxicity.,codex_gpt-5.5_manual_agent,accept,ni_jie,B,
608,toxicity_endpoint,607,siRNA,38617800,PMC11015852,10.2147/IJN.S443413,Microdroplets Encapsulated with NFATc1-siRNA and Exosomes-Derived from MSCs Onto 3D Porous PLA Scaffold for Regulating Osteoclastogenesis and Promoting Osteogenesis.,general safety/cell viability/cytotoxicity,A,Results > Biocompatibility Test of Different Scaffolds; paragraph 34,accept,cell viability/cytotoxicity/biocompatibility,True,True,B,0.86,pmc_full_text,True,Biocompatibility studies indicated no cytotoxicity of MDs-NFATc1/PLA-Exo scaffolds in RAW 264.7 macrophages and hBMSCs.,Loaded passage reports biocompatibility/cytotoxicity testing for the MDs-NFATc1 siRNA scaffold product in relevant cells.,codex_gpt-5.5_manual_agent,accept,ni_jie,B,
609,toxicity_endpoint,608,siRNA,38613388,PMC11109979,10.1093/nar/gkae260,Quantifying the activity profile of ASO and siRNA conjugates in glioblastoma xenograft tumors in vivo.,renal/renal safety,B,Materials and methods > Animal experiments; paragraph 12,accept,neurotoxicity/mortality,True,True,A,0.93,pmc_full_text,True,Mice injected with Chol-siRNAHTT/Htt and DCA-siRNAHTT/Htt exhibited phenotypic hallmarks of acute oligonucleotide-induced neurotoxicity,Full-text in vivo result directly links lipid-conjugated siRNAs to observed acute oligonucleotide-induced neurotoxicity in mice.,codex_gpt-5.5_manual_agent,accept,ni_jie,A,
610,toxicity_endpoint,609,adult ASO,39713235,PMC11657249,10.1016/j.ijcchd.2024.100550,Low birth weight associations with cardiac structure and function in adults after arterial switch for transposition of the great arteries.,hepatic/hepatotoxicity,C,Discussion; paragraph 22,reject,NA,False,False,NA,0.99,pmc_full_text,False,NONE,"Rejected: ASO in this article means arterial switch operation, not antisense oligonucleotide; no therapeutic oligo toxicity endpoint is present.",codex_gpt-5.5_manual_agent,reject,ni_jie,C,"Reject: PMID 39713235; Rejected: ASO in this article means arterial switch operation, not antisense oligonucleotide; no therapeutic oligo toxicity endpoint is present."
611,toxicity_endpoint,610,simple,39676860,PMC11638040,10.3389/fimmu.2024.1491230,Effective inhibition of dengue virus replication using 3'UTR-targeted Vivo-Morpholinos.,hepatic/hepatotoxicity,C,Discussion; paragraph 31,accept,cell viability/cytotoxicity,True,True,A,0.91,pmc_full_text,True,"However, there was no statistical difference in cell activity between the experimental groups and the control group at the same time point, indicating that different concentrations of drugs had no significant effect on cell viability.","Full-text CCK-8 result reports cell viability after Vivo-Morpholino treatment at different concentrations, directly linked to the antiviral oligo product.",codex_gpt-5.5_manual_agent,accept,ni_jie,A,
612,toxicity_endpoint,611,IC50,39638605,PMC11622385,10.1080/22221751.2024.2429624,Identification of cepharanthine as an effective inhibitor of African swine fever virus replication.,hepatic/hepatotoxicity,B,Abstract; paragraph 1,reject,NA,False,False,NA,0.99,pmc_full_text,False,NONE,"Rejected: evidence concerns cepharanthine, a small-molecule natural compound for African swine fever, not a therapeutic oligonucleotide product.",codex_gpt-5.5_manual_agent,reject,ni_jie,C,"Reject: PMID 39638605; Rejected: evidence concerns cepharanthine, a small-molecule natural compound for African swine fever, not a therapeutic oligonucleotide product."
613,toxicity_endpoint,612,Silencing,39588258,PMC11586229,10.2147/IJN.S476546,SFRP1-Silencing GapmeR-Loaded Lipid-Polymer Hybrid Nanoparticles for Bone Regeneration in Osteoporosis: Effect of Dosing and Targeting Strategy.,hepatic/hepatotoxicity,C,Results and Discussion > Immunohistochemical Analysis; paragraph 42,reject,NA,False,True,NA,0.90,pmc_full_text,False,NONE,"Rejected: therapeutic GapmeR nanoparticles are in scope, but the loaded passage only states that organ toxicity was assessed; no primary observed toxicity result is grounded in the passage.",codex_gpt-5.5_manual_agent,reject,ni_jie,C,"Reject: PMID 39588258; Rejected: therapeutic GapmeR nanoparticles are in scope, but the loaded passage only states that organ toxicity was assessed; no primary observed toxicity result is grounded in the passage."
614,toxicity_endpoint,613,siRNA,39574582,PMC11580907,10.1101/2024.11.04.619693,Suppression of Huntington's Disease Somatic Instability by Transcriptional Repression and Direct CAG Repeat Binding.,hepatic/hepatotoxicity,B,Materials and Methods > Mice; paragraph 21,reject,NA,False,True,NA,0.95,pmc_full_text,False,NONE,"Rejected: passage reports HTT-lowering effects on hepatic somatic instability/transcription, an on-target mechanistic/efficacy outcome, not safety or hepatotoxicity of the oligo.",codex_gpt-5.5_manual_agent,reject,ni_jie,C,"Reject: PMID 39574582; Rejected: passage reports HTT-lowering effects on hepatic somatic instability/transcription, an on-target mechanistic/efficacy outcome, not safety or hepatotoxicity of the oligo."
615,toxicity_endpoint,614,Silencing,39458966,PMC11509954,10.3390/ph17101325,In Vivo HOXB7 Gene Silencing and Cotreatment with Tamoxifen for Luminal A Breast Cancer Therapy.,hepatic/hepatotoxicity,C,5. Conclusions; paragraph 51,accept,hepatic/immunotoxicity,True,True,A,0.90,pmc_full_text,True,"HOXB7 silencing associated with TMX administration promoted controlled tumor growth, as well as a higher survival rate and reduction in immuno- and hepatotoxicity.",Loaded passage links HNP-siHOXB7 treatment/cotreatment to reduced immuno- and hepatotoxicity in an in vivo breast-cancer therapy study.,codex_gpt-5.5_manual_agent,accept,ni_jie,A,
616,toxicity_endpoint,615,nusinersen,38921951,PMC11206794,10.3390/neurolint16030047,Nusinersen Treatment for Spinal Muscular Atrophy: Retrospective Multicenter Study of Pediatric and Adult Patients in Kuwait.,hepatic/hepatotoxicity,A,2. Materials and Methods > 2.3. Functional and Safety Assessments; paragraph 10,accept,adverse events/tolerability,True,True,A,0.94,pmc_full_text,True,"Overall, there were no serious adverse events related to nusinersen use in the pediatric cohort.",Clinical case series directly reports adverse-event monitoring and absence of serious nusinersen-related adverse events.,codex_gpt-5.5_manual_agent,accept,ni_jie,A,
617,toxicity_endpoint,616,significant,38859589,PMC11405167,10.1016/j.ymthe.2024.06.006,Targeting PD-L1 in cholangiocarcinoma using nanovesicle-based immunotherapy.,hepatic/hepatotoxicity,A,Results > RNP-tMNV nanotherapeutics; paragraph 12,reject,NA,False,True,NA,0.96,pmc_full_text,False,NONE,"Rejected: siRNA-tMNV endpoints are antitumor immune activation and tumor-cell cytotoxicity efficacy, not toxicity/safety of the oligo delivery product.",codex_gpt-5.5_manual_agent,reject,ni_jie,C,"Reject: PMID 38859589; Rejected: siRNA-tMNV endpoints are antitumor immune activation and tumor-cell cytotoxicity efficacy, not toxicity/safety of the oligo delivery product."
618,toxicity_endpoint,617,siRNA,38819691,PMC11191407,10.1021/acs.accounts.4c00190,Nanoinjection: A Platform for Innovation in Ex Vivo Cell Engineering.,hepatic/hepatotoxicity,B,Abstract; paragraph 1,reject,NA,False,False,NA,0.98,pmc_full_text,False,NONE,"Rejected: review/platform discussion of nanoinjection and ex vivo cell engineering, with no primary administered therapeutic oligo toxicity result.",codex_gpt-5.5_manual_agent,reject,ni_jie,C,"Reject: PMID 38819691; Rejected: review/platform discussion of nanoinjection and ex vivo cell engineering, with no primary administered therapeutic oligo toxicity result."
619,toxicity_endpoint,618,silencing,38785527,PMC11119602,10.3390/cimb46050259,Membrane Association of the Short Transglutaminase Type 2 Splice Variant (TG2-S) Modulates Cisplatin Resistance in a Human Hepatocellular Carcinoma (HepG2) Cell Line.,hepatic/hepatotoxicity,A,3. Results > 3.5. Effects of siRNA Silencing of TG2 Expression on the Uptake of Cisplatin; paragraph 33,reject,NA,False,False,NA,0.97,pmc_full_text,False,NONE,"Rejected: toxicity evidence concerns cisplatin and chemoresistant hepatocellular carcinoma biology, not an administered therapeutic oligonucleotide safety endpoint.",codex_gpt-5.5_manual_agent,reject,ni_jie,C,"Reject: PMID 38785527; Rejected: toxicity evidence concerns cisplatin and chemoresistant hepatocellular carcinoma biology, not an administered therapeutic oligonucleotide safety endpoint."
620,toxicity_endpoint,619,siRNA,38658865,PMC11044605,10.1186/s12885-024-12286-7,Homoharringtonine enhances cytarabine-induced apoptosis in acute myeloid leukaemia by regulating the p38 MAPK/H2AX/Mcl-1 axis.,genotoxicity/DNA damage response,A,Results > The p38 MAPK/H2AX/Mcl-1 axis plays a critical regulatory role in HHT-induced apoptosis; paragraph 22,reject,NA,False,False,NA,0.99,pmc_full_text,False,NONE,"Rejected: evidence concerns homoharringtonine/cytarabine small-molecule chemotherapy toxicity and apoptosis mechanisms, not therapeutic oligo toxicity.",codex_gpt-5.5_manual_agent,reject,ni_jie,C,"Reject: PMID 38658865; Rejected: evidence concerns homoharringtonine/cytarabine small-molecule chemotherapy toxicity and apoptosis mechanisms, not therapeutic oligo toxicity."
621,toxicity_endpoint,620,Sigma,38558246,PMC11145130,10.1111/cas.16150,Long noncoding RNA TUG1 promotes cisplatin resistance in ovarian cancer via upregulation of DNA polymerase eta.,general safety/cell viability/cytotoxicity,B,METHODS > Drug sensitivity assay; paragraph 13,reject,NA,False,True,NA,0.95,pmc_full_text,False,NONE,"Rejected: TUG1 ASO is used to restore cisplatin sensitivity; the cytotoxicity/viability endpoint is cancer-cell-killing efficacy, not safety of the oligo product.",codex_gpt-5.5_manual_agent,reject,ni_jie,C,"Reject: PMID 38558246; Rejected: TUG1 ASO is used to restore cisplatin sensitivity; the cytotoxicity/viability endpoint is cancer-cell-killing efficacy, not safety of the oligo product."
622,toxicity_endpoint,621,patisiran,38532802,PMC10964446,10.1177/17562864241239755,Patisiran exposure in early pregnancy: a case report.,immunotoxicity/immune activation,C,Discussion; paragraph 9,accept,pregnancy exposure/adverse events,True,True,B,0.87,pmc_full_text,True,"We describe here the first case of exposure to patisiran treatment, a small interfering RNA molecule, during early pregnancy of a 36-year-old woman with symptomatic hereditary transthyretin-related amyloidosis. There were no major complications during pregnancy and delivery, except for a postpartum hemorrhage due to uterine atony.",Case report directly describes patisiran exposure during pregnancy and observed pregnancy/delivery adverse-event outcome; evidence is single-case and therefore graded B.,codex_gpt-5.5_manual_agent,accept,ni_jie,B,
623,toxicity_endpoint,622,fitusiran,38452197,PMC11181353,10.1182/blood.2023021864,Fitusiran prophylaxis in people with hemophilia A or B who switched from prior BPA/CFC prophylaxis: the ATLAS-PPX trial.,hepatic/hepatotoxicity,A,Results > Safety; paragraph 27,accept,adverse events/thromboembolic events,True,True,A,0.95,pmc_full_text,True,Two participants (3.0%) experienced suspected or confirmed thromboembolic events with fitusiran.,Phase 3 clinical trial reports adverse-event outcomes directly linked to monthly fitusiran siRNA prophylaxis.,codex_gpt-5.5_manual_agent,accept,ni_jie,A,
624,toxicity_endpoint,623,significant,38429789,PMC10908182,10.1186/s13058-024-01799-5,Overcoming doxorubicin resistance in triple-negative breast cancer using the class I-targeting HDAC inhibitor bocodepsin/OKI-179 to promote apoptosis.,hepatic/hepatotoxicity,A,Results > Doxorubicin in combination with OKI-005 retains effectiveness with loss of wild-type p53; paragraph 29,reject,NA,False,False,NA,0.99,pmc_full_text,False,NONE,"Rejected: toxicity profile concerns bocodepsin/doxorubicin small-molecule therapy, not a therapeutic oligonucleotide product.",codex_gpt-5.5_manual_agent,reject,ni_jie,C,"Reject: PMID 38429789; Rejected: toxicity profile concerns bocodepsin/doxorubicin small-molecule therapy, not a therapeutic oligonucleotide product."
625,toxicity_endpoint,624,siRNAs,38383439,PMC10882889,10.1186/s12943-024-01955-7,The therapeutically actionable long non-coding RNA 'T-RECS' is essential to cancer cells' survival in NRAS/MAPK-driven melanoma.,hepatic/hepatotoxicity,C,Discussion; paragraph 62,accept,general toxicity/tolerability,True,True,B,0.86,pmc_full_text,True,"Using patient- and cell line- derived tumor xenograft mouse models, we demonstrated that systemic treatment with T-RECS ASOs significantly suppressed the growth of melanoma tumors, with no noticeable toxicity.","Loaded passage links systemic T-RECS ASO treatment in xenograft models to an observed absence of noticeable toxicity; toxicity detail is generic, so graded B.",codex_gpt-5.5_manual_agent,accept,ni_jie,C,Grade adjusted B->C: PMID 38383439; weak/generic or abstract-limited support for hepatic/hepatotoxicity.
626,toxicity_endpoint,625,unspecified ASO,38351187,PMC10957481,10.1038/s41591-024-02808-y,Biomarker-directed targeted therapy plus durvalumab in advanced non-small-cell lung cancer: a phase 2 umbrella trial.,hepatic/hepatotoxicity,A,Results > Treatment exposure and safety; paragraph 14,reject,NA,False,True,NA,0.92,pmc_full_text,False,NONE,"Rejected: HUDSON includes a STAT3 ASO regimen, but the grounded safety passages are aggregate/multi-regimen or non-ASO-specific and do not link a toxicity endpoint specifically to the oligo product.",codex_gpt-5.5_manual_agent,reject,ni_jie,C,"Reject: PMID 38351187; Rejected: HUDSON includes a STAT3 ASO regimen, but the grounded safety passages are aggregate/multi-regimen or non-ASO-specific and do not link a toxicity endpoint specifically to the oligo product."
627,toxicity_endpoint,626,siRNA-mediated,39553720,PMC11566511,10.7717/peerj.18214,Investigation of the efficacy of siRNA-mediated KRAS gene silencing in pancreatic cancer therapy.,hepatic/hepatotoxicity,C,RESULTS AND DISCUSSION > Evaluation of the efficacy of gene silencing with in vitro RT-PCR; paragraph 45,accept,cell viability/cytotoxicity,True,True,B,0.84,pmc_full_text,True,"The siRNA/AuPEI cells in the application groups, assessed by the WST-1 technique, had a viability rate of over 90%, indicating no toxicity or side effects.",Loaded passage reports WST-1 viability/no-toxicity result for the PEI/AuNP-siRNA application groups; accepted as cell-viability safety evidence despite cancer-cell context.,codex_gpt-5.5_manual_agent,accept,ni_jie,B,
628,toxicity_endpoint,627,siRNA,39539970,PMC11559232,10.2147/IJN.S483252,Stimuli-Responsive Peptide/siRNA Nanoparticles as a Radiation Sensitizer for Glioblastoma Treatment by Co-Inhibiting RELA/P65 and EGFR.,hepatic/hepatotoxicity,A,Results > Influence of Nanoparticles on Tumor Growth and Survival Time in Orthotopic Glioblastoma Mice and Its Evaluation of Immunogenicity and Toxicity; paragraph 53,accept,general toxicity/tolerability,True,True,B,0.86,pmc_full_text,True,"In a GBM mouse model, the combination of nanoparticle treatment with radiotherapy notably prolonged survival without apparent toxicity.","Loaded passage reports in vivo GBM treatment with siRNA nanoparticles plus radiotherapy and notes survival benefit without apparent toxicity; toxicity detail is generic, so graded B.",codex_gpt-5.5_manual_agent,accept,ni_jie,C,Grade adjusted B->C: PMID 39539970; weak/generic or abstract-limited support for hepatic/hepatotoxicity.
629,toxicity_endpoint,628,siRNA,39431993,PMC11583972,10.1021/acs.bioconjchem.4c00255,A pH-Sensitive cRGD-PEG-siRNA Conjugated Compound Targeting Glioblastoma.,hepatic/hepatotoxicity,C,Results and Discussion > Toxicity of cRGD-PEG-siRNA to Renal Tubular Epithelial Cells; paragraph 11,accept,renal safety/cell viability/cytotoxicity,True,True,A,0.94,pmc_full_text,True,"Conversely, even at elevated concentrations, cRGD-PEG-siNC treatment did not significantly affect cell viability compared to the control group, except at 2000 nM where viability decreased to 90.03%.",Full-text renal tubular epithelial cell assay directly measured cytotoxicity/cell viability of the cRGD-PEG-siRNA delivery product and showed reduced renal-cell toxicity versus the prior conjugate.,codex_gpt-5.5_manual_agent,accept,ni_jie,A,
630,toxicity_endpoint,629,unspecified siRNA,39057271,PMC11276693,10.3390/insects15070539,Beekeepers Support the Use of RNA Interference (RNAi) to Control Varroa destructor.,hepatic/hepatotoxicity,A,3. Results > 3.1. Survey; paragraph 21,reject,NA,False,False,NA,0.98,pmc_full_text,False,NONE,Reject: agricultural Varroa RNAi/beekeeper survey article; no therapeutic oligonucleotide was administered or measured for a safety/toxicity endpoint.,codex_gpt-5.5_manual_agent,reject,ni_jie,C,Reject: PMID 39057271; Reject: agricultural Varroa RNAi/beekeeper survey article; no therapeutic oligonucleotide was administered or measured for a safety/toxicity endpoint.
631,toxicity_endpoint,630,siRNA,39006767,PMC11240087,10.1039/d4ra01965b,"Carboxymethylcellulose encapsulated fingolimod, siRNA@ZnO hybrid nanocomposite as a new anti-Alzheimer's material.",hepatic/hepatotoxicity,C,Results and discussion > Inflammatory inhibition effect of the hybrid nanocomposite; paragraph 40,accept,cell viability/cytotoxicity,True,True,B,0.88,pmc_full_text,True,"In the cell viability test in immortalized microglia cells (IMG), the hybrid nanocomposite (NP) exhibited no significant effect on cell survival after 48 hours of incubation.",Full-text/abstract safety result directly reports cell viability after exposure to the CMC-fingolimod/siRNA@ZnO therapeutic nanocomposite; not hepatic-specific.,codex_gpt-5.5_manual_agent,accept,ni_jie,B,
632,toxicity_endpoint,631,siRNA-treated,39776903,PMC11703831,10.3389/fimmu.2024.1519415,Soluble factors released by peripheral blood-derived CAR-NK cells cause bystander myeloid cell activation.,general safety/cell viability/cytotoxicity,A,Results > siRNA-mediated knockdown of inflammatory factors in peripheral blood -derived CAR-NK cells reduces bystander myeloid cell activation; paragraph 39,reject,cell viability/cytotoxicity,True,False,NA,0.95,pmc_full_text,False,NONE,Reject: siRNA was a knockdown tool used to engineer/perturb CAR-NK cells; viability after transfection is not a therapeutic oligonucleotide safety endpoint.,codex_gpt-5.5_manual_agent,reject,ni_jie,C,Reject: PMID 39776903; Reject: siRNA was a knockdown tool used to engineer/perturb CAR-NK cells; viability after transfection is not a therapeutic oligonucleotide safety endpoint.
633,toxicity_endpoint,632,siRNA,39741316,PMC11686997,10.1186/s13020-024-01034-5,Daidzein improves muscle atrophy caused by lovastatin by regulating the AMPK/FOXO3a axis.,hepatic/hepatotoxicity,B,Abstract > Methods; paragraph 2,reject,cell viability/cytotoxicity,True,False,NA,0.95,pmc_full_text,False,NONE,Reject: passage concerns daidzein/lovastatin myotoxicity and mechanistic biology; the toxicity endpoint is not linked to an administered therapeutic oligonucleotide.,codex_gpt-5.5_manual_agent,reject,ni_jie,C,Reject: PMID 39741316; Reject: passage concerns daidzein/lovastatin myotoxicity and mechanistic biology; the toxicity endpoint is not linked to an administered therapeutic oligonucleotide.
634,toxicity_endpoint,633,Silencing,39629104,PMC11614587,10.2147/IJN.S487598,T Lymphocyte-Macrophage Hybrid Membrane-Coated Biomimetic Nanoparticles Alleviate Myocarditis via Suppressing Pyroptosis by Targeting Gene Silencing.,general safety/cell viability/cytotoxicity,B,Abstract > Methods; paragraph 2,accept,cell viability/cytotoxicity; biocompatibility,True,True,A,0.90,pmc_full_text,True,"Cell viability remained stable at concentrations up to 40 μg/mL (Figure S3A–D), indicating their good biocompatibility.",Full-text CCK-8 results measured cytotoxicity/biocompatibility of the siIRF1 nanotherapy platform in macrophages before therapeutic testing.,codex_gpt-5.5_manual_agent,accept,ni_jie,A,
635,toxicity_endpoint,634,siRNA,39588262,PMC11587796,10.2147/IJN.S481368,Artificially Modified NK Cell-Based Synergistic Immuno-Gene-Photodynamic Therapy for Cancer.,hepatic/hepatotoxicity,C,Results and Discussion > Cytotoxicity Assay; paragraph 65,reject,NA,False,True,NA,0.9,pmc_full_text,False,NONE,"Reject: the cited cytotoxicity is tumor-cell killing/anticancer efficacy, and the body-weight text is not clearly tied to the siRNA-containing therapeutic product.",codex_gpt-5.5_manual_agent,reject,ni_jie,C,"Reject: PMID 39588262; Reject: the cited cytotoxicity is tumor-cell killing/anticancer efficacy, and the body-weight text is not clearly tied to the siRNA-containing therapeutic product."
636,toxicity_endpoint,635,siRNAGEM,39452993,PMC11510473,10.3390/nano14201657,Targeted PHA Microsphere-Loaded Triple-Drug System with Sustained Drug Release for Synergistic Chemotherapy and Gene Therapy.,hepatic/hepatotoxicity,C,3. Results and Discussion > 3.6. Evaluation of the In Vitro Cytotoxicity of PTX@PHBHHx-ARP/siRNAGEM; paragraph 36,reject,NA,False,True,NA,0.94,pmc_full_text,False,NONE,"Reject: MTT cytotoxicity is breast-cancer-cell killing efficacy of the PTX/GEM/siRNA triple therapy, which the toxicity contract excludes.",codex_gpt-5.5_manual_agent,reject,ni_jie,C,"Reject: PMID 39452993; Reject: MTT cytotoxicity is breast-cancer-cell killing efficacy of the PTX/GEM/siRNA triple therapy, which the toxicity contract excludes."
637,toxicity_endpoint,636,SIM-guided,39369270,PMC11638871,10.1016/j.ymthe.2024.09.034,Engineered extracellular vesicles for combinatorial TNBC therapy: SR-SIM-guided design achieves substantial drug dosage reduction.,hepatic/hepatotoxicity,B,Abstract; paragraph 1,reject,NA,False,True,NA,0.86,pmc_full_text,False,NONE,Reject: the abstract infers reduced chemotherapy-associated toxicity from dose reduction but does not provide a primary measured safety/toxicity endpoint for the oligo product.,codex_gpt-5.5_manual_agent,reject,ni_jie,C,Reject: PMID 39369270; Reject: the abstract infers reduced chemotherapy-associated toxicity from dose reduction but does not provide a primary measured safety/toxicity endpoint for the oligo product.
638,toxicity_endpoint,637,siRNA,39339274,PMC11435438,10.3390/pharmaceutics16091238,Cyclin-Dependent Kinase 8 Represents a Positive Regulator of Cytomegalovirus Replication and a Novel Host Target for Antiviral Strategies.,hepatic/hepatotoxicity,B,Abstract; paragraph 1,reject,NA,False,False,NA,0.98,pmc_full_text,False,NONE,"Reject: safety/cytotoxicity results concern small-molecule CDK8 inhibitors, not an administered therapeutic oligonucleotide.",codex_gpt-5.5_manual_agent,reject,ni_jie,C,"Reject: PMID 39339274; Reject: safety/cytotoxicity results concern small-molecule CDK8 inhibitors, not an administered therapeutic oligonucleotide."
639,toxicity_endpoint,638,single,38042877,PMC10693639,10.1038/s41467-023-43714-0,Dynamic and static control of the off-target interactions of antisense oligonucleotides using toehold chemistry.,hepatic/hepatotoxicity,A,Results > Optimized BROTHERS architectures mitigate hepatotoxicity without affecting antisense activity; paragraph 11,accept,hepatic safety/body weight,True,True,A,0.95,pmc_full_text,True,"Throughout this period, there was no change in body weight or abnormal elevation in ALT levels in the BRO-treated arm (Fig. 2f, g).","Full-text mouse study directly measured body weight and ALT after BRO/ASO administration, showing mitigation of parent ASO hepatotoxicity.",codex_gpt-5.5_manual_agent,accept,ni_jie,A,
640,toxicity_endpoint,639,unspecified siRNA,37834294,PMC10573891,10.3390/ijms241914846,Antiviral Efficacy of RNase H-Dependent Gapmer Antisense Oligonucleotides against Japanese Encephalitis Virus.,general safety/cell viability/cytotoxicity,A,4. Materials and Methods > 4.8. Cytotoxicity Assay; paragraph 37,accept,cell viability/cytotoxicity,True,True,A,0.93,pmc_full_text,True,Other JEV-RNA-targeted and control LNA gapmers were not toxic in SK-N-SH cells at any concentration tested.,Full-text safety discussion reports cell-viability/cytotoxicity testing of antiviral JEV-targeted LNA gapmers in neuroblastoma cells.,codex_gpt-5.5_manual_agent,accept,ni_jie,A,
641,toxicity_endpoint,640,unspecified ASO,36798116,PMC9927222,10.3389/fimmu.2023.1006741,"The exon-skipping oligonucleotide, KitStop, depletes tissue-resident mast cells in vivo to ameliorate anaphylaxis.",hepatic/hepatotoxicity,B,Abstract > Methods; paragraph 2,accept,body weight/adverse effects; hepatic and renal safety,True,True,A,0.95,pmc_full_text,True,No adverse effects were observed in either group and no change in body weight occurred for the duration of the treatment course ( Figure 3B ).,"Full-text systemic KitStop ESO administration directly assessed adverse effects, body weight, CBC, and serum hepatic/renal function.",codex_gpt-5.5_manual_agent,accept,ni_jie,A,
642,toxicity_endpoint,641,Simultaneous,36727438,PMC9976930,10.1093/nar/gkad023,Simultaneous inhibition of endocytic recycling and lysosomal fusion sensitizes cells and tissues to oligonucleotide therapeutics.,hepatic/hepatotoxicity,A,RESULTS > SH-BC-893 increases ASO delivery and activity in vitro; paragraph 20,accept,hepatic/systemic safety,True,True,B,0.84,pmc_full_text,True,"In mice, oral administration of SH-BC-893 increased ASO potency in the liver by 15-fold without toxicity.",Full-text/abstract result links the oligonucleotide-potentiating regimen to mouse ASO liver activity without detected toxicity; evidence is concise but directly safety-related.,codex_gpt-5.5_manual_agent,accept,ni_jie,B,
643,toxicity_endpoint,642,siRNAs,38077055,PMC10705697,10.21203/rs.3.rs-1297358/v3,The therapeutically actionable long non-coding RNA 'T-RECS' is essential to cancer cells' survival in NRAS/MAPK-driven melanoma.,hepatic/hepatotoxicity,C,Discussion; paragraph 24,accept,body weight/hepatic safety,True,True,A,0.94,pmc_full_text,True,"Mouse weight, a surrogate to assess potential treatment toxicity, remained stable over the course of therapy for Control ASO and T-RECS ASO in all cohorts (Fig.",Full-text xenograft study directly monitored body weight and liver histology after systemic T-RECS ASO treatment.,codex_gpt-5.5_manual_agent,accept,ni_jie,A,
644,toxicity_endpoint,643,single,38015828,PMC10683999,10.1371/journal.pone.0294731,Targeted ASO-mediated Atp1a2 knockdown in astrocytes reduces SOD1 aggregation and accelerates disease onset in mutant SOD1 mice.,hepatic/hepatotoxicity,A,Results > Design of locked nucleic acid (LNA) ASO gapmers targeting Atp1a2; Fig 1 caption,accept,systemic toxicity/adverse disease progression and survival,True,True,A,0.91,pmc_full_text,True,"Although Atp1a2 ASO-treated mice displayed no off-target or systemic toxicity, the ASO-treated mice exhibited an accelerated disease onset and shorter lifespan than control mice.",Full-text/abstract reports administered Atp1a2 ASOs with explicit systemic-toxicity assessment plus adverse disease-onset/lifespan outcomes.,codex_gpt-5.5_manual_agent,accept,ni_jie,A,
645,toxicity_endpoint,644,Silver-Enhanced,37836816,PMC10574334,10.3390/molecules28196973,Sensitive Silver-Enhanced Microplate Apta-Enzyme Assay of Sb(3+) Ions in Drinking and Natural Waters.,immunotoxicity/immune activation,B,Abstract; paragraph 1,reject,NA,False,False,NA,0.99,pmc_full_text,False,NONE,"Reject: aptamer is used in an analytical silver-enhanced assay for antimony ions in water, not as a therapeutic administered oligonucleotide.",codex_gpt-5.5_manual_agent,reject,ni_jie,C,"Reject: PMID 37836816; Reject: aptamer is used in an analytical silver-enhanced assay for antimony ions in water, not as a therapeutic administered oligonucleotide."
646,toxicity_endpoint,645,significantly,37744174,PMC10514136,10.1016/j.omtn.2023.09.001,Peptide-conjugated antimiRs improve myotonic dystrophy type 1 phenotypes by promoting endogenous MBNL1 expression.,hepatic/hepatotoxicity,A,Results > CPP-PMO antimiRs improve histopathology signs and muscle function in HSALR; paragraph 15,accept,hepatic/renal/immune safety; body weight,True,True,A,0.93,pmc_full_text,True,"Finally, to check for possible CPP-PMO-mediated immune system activation, the bodyweight-normalized spleen weight (Figure S6A) and weight gain or loss (Figures S6B and S6C) were analyzed in each experimental group, with no significant between-group changes found.","Full-text CPP-PMO antimiR study measured serum liver/renal markers, spleen weight, weight change, blood counts, and cytokines after intravenous treatment.",codex_gpt-5.5_manual_agent,accept,ni_jie,A,
647,toxicity_endpoint,646,significant,38019311,PMC10840905manuscript-id: NIHMS1961216,10.1007/s00401-023-02652-3,G(2)C(4) targeting antisense oligonucleotides potently mitigate TDP-43 dysfunction in human C9orf72 ALS/FTD induced pluripotent stem cell derived neurons.,hepatic/hepatotoxicity,A,"Results > Treatment with G2C4, but not G4C2, targeting ASOs reverses molecular hallmarks of TDP-43 loss of function in C9orf72 patient iPSNs; paragraph 20",reject,NA,False,True,NA,0.92,pmc_full_text,False,NONE,"Reject: G2C4/G4C2 ASO results are target engagement and neuronal-dysfunction biology; the cell-viability assay is glutamate-induced neuronal death, not ASO safety/toxicity.",codex_gpt-5.5_manual_agent,reject,ni_jie,C,"Reject: PMID 38019311; Reject: G2C4/G4C2 ASO results are target engagement and neuronal-dysfunction biology; the cell-viability assay is glutamate-induced neuronal death, not ASO safety/toxicity."
648,toxicity_endpoint,647,since,37704069,PMC10591917manuscript-id: NIHMS1931813,10.1016/j.bone.2023.116898,Antisense oligonucleotides targeting a NOTCH3 mutation in male mice ameliorate the cortical osteopenia of lateral meningocele syndrome.,hepatic/hepatotoxicity,A,RESULTS > Effect of Notch3 ASOs on Notch3 Expression in Cells of the Osteoblast Lineage; paragraph 17,accept,systemic safety/body weight/hepatic and renal chemistry,True,True,A,0.94,pmc_full_text,True,The subcutaneous administration of Notch3 mutant ASO at 50 mg/Kg decreased Notch6691-TTATGA mRNA in bone without apparent toxicity;,"Full-text/abstract and safety-profile section report subcutaneous Notch3 mutant ASO administration with body weight, organ weights, and blood chemistry toxicity assessment.",codex_gpt-5.5_manual_agent,accept,ni_jie,A,
649,toxicity_endpoint,648,with ASO,36814640,PMC9939749,10.3389/fmolb.2023.1096286,Efficacy of IAPP suppression in mouse and human islets by GLP-1 analogue conjugated antisense oligonucleotide.,hepatic/hepatotoxicity,B,Methods > ASO treatment of mice; paragraph 11,reject,NA,False,True,NA,0.91,pmc_full_text,False,NONE,"Reject: passage discusses IAPP disease-protein toxicity and ASO efficacy/dosing; no primary oligonucleotide safety, tolerability, or toxicity endpoint is reported.",codex_gpt-5.5_manual_agent,reject,ni_jie,C,"Reject: PMID 36814640; Reject: passage discusses IAPP disease-protein toxicity and ASO efficacy/dosing; no primary oligonucleotide safety, tolerability, or toxicity endpoint is reported."
650,toxicity_endpoint,649,silencing,37719367,PMC10501866,10.1016/j.apsb.2023.03.020,Antitumor synergism between PAK4 silencing and immunogenic phototherapy of engineered extracellular vesicles.,hepatic/hepatotoxicity,A,Results > Synergistic antitumor effects in vivo; paragraph 29,accept,body weight/systemic organ histology,True,True,A,0.94,pmc_full_text,True,"In addition, no obvious histological toxicity and inflammation infiltrates were observed in major organs of mice, including the brain, heart, liver, spleen, lung, and kidney, after different treatments at the highest siRNA doses (Supporting Information Fig. S17).",Full-text in vivo study directly assessed body weight and major-organ H&E histology after highest-dose siRNA engineered EV treatments.,codex_gpt-5.5_manual_agent,accept,ni_jie,A,
651,toxicity_endpoint,650,single-chain,37692001,PMC10483903,10.4103/JAPTR.JAPTR_117_23,Preventive treatment of coronavirus disease-2019 virus using coronavirus disease-2019-receptor-binding domain 1C aptamer by suppress the expression of angiotensin-converting enzyme 2 receptor.,renal/renal safety,B,Abstract; paragraph 1,accept,cell viability/cytotoxicity,True,True,C,0.76,pmc_full_text,True,"The results of the cytotoxicity assay demonstrated the CoV-2-RBD-1C aptamer’s excellent adaptability and, as a consequence, reflected its economic advantage due to low concentration could be used.","Full-text/abstract reports a cytotoxicity assay for the CoV-2-RBD-1C therapeutic/preventive aptamer in A549-hACE2 cells, though the safety result is tersely described.",codex_gpt-5.5_manual_agent,accept,ni_jie,C,
652,toxicity_endpoint,651,inclisiran,37424909,PMC10326624,10.3389/fcvm.2023.1181720,Painful and recurring injection site reaction to alirocumab and evolocumab in a young woman with familial hypercholesterolemia and effective therapeutic alternative based on inclisiran: a case report.,hepatic/hepatotoxicity,C,Discussion; paragraph 14,accept,clinical adverse events/tolerability,True,True,C,0.86,pmc_full_text,True,"No adverse events were reported after inclisiran administration and LDL-C levels decreased significantly, confirming the evidence that this innovative approach to hypercholesterolemia is a safe and effective resource in patients at high CV risk who cannot achieve LDL-C goal with conventional lipid-lowering therapies and antibody-based PCSK9i.",Case report directly states no adverse events after administered inclisiran; evidence is clinical but single-patient and not hepatic-specific.,codex_gpt-5.5_manual_agent,accept,ni_jie,C,
653,toxicity_endpoint,652,silencing,37373287,PMC10299370,10.3390/ijms241210139,Less Severe Lipopolysaccharide-Induced Inflammation in Conditional mgmt-Deleted Mice with LysM-Cre System: The Loss of DNA Repair in Macrophages.,hepatic/hepatotoxicity,A,"2. Results > 2.2. Reduction in Macrophage Pro-Inflammation with mgmt Interferences after Either a Single LPS or Two Sequential LPS Stimulations: The Beneficial Effect in Hyper-Inflammatory Sepsis, but Not LPS Tolerance; paragraph 7",reject,NA,True,False,NA,0.97,pmc_full_text,False,NONE,"Reject: LPS/mgmt macrophage toxicity and cytokine endpoints are genetic/immune biology, with no therapeutic oligonucleotide administered or evaluated for safety.",codex_gpt-5.5_manual_agent,reject,ni_jie,C,"Reject: PMID 37373287; Reject: LPS/mgmt macrophage toxicity and cytokine endpoints are genetic/immune biology, with no therapeutic oligonucleotide administered or evaluated for safety."
654,toxicity_endpoint,653,single,37147890,PMC10339693,10.1111/cts.13531,A single ascending dose study of single-stranded oligodeoxyribonucleotide RO7062931 in Chinese healthy volunteers.,hepatic/hepatotoxicity,A,RESULTS > Safety; paragraph 27,accept,general safety/adverse events/tolerability,True,True,A,0.96,pmc_full_text,True,"Adverse events (AEs) were reported in 22 of 33 (66.6%) RO7062931 recipients (n = 80 treatment‐related) and seven of eight (87.5%) placebo recipients (n = 1 treatment‐related). Apart from two moderate‐intensity AEs, all AEs were mild.",Clinical phase I RO7062931 dosing reports treatment-emergent adverse events and tolerability in administered volunteers.,codex_gpt-5.5_manual_agent,accept,ni_jie,A,
655,toxicity_endpoint,654,signalling,37050317,PMC10096987,10.3390/polym15071703,"Synthesis of Novel 2,9-Disubstituted-6-morpholino Purine Derivatives Assisted by Virtual Screening and Modelling of Class I PI3K Isoforms.",hepatic/hepatotoxicity,B,Abstract; paragraph 1,reject,NA,False,False,NA,0.98,pmc_full_text,False,NONE,"Rejected: PI3K morpholino-purine derivatives are small-molecule kinase inhibitors, not therapeutic oligonucleotides.",codex_gpt-5.5_manual_agent,reject,ni_jie,C,"Reject: PMID 37050317; Rejected: PI3K morpholino-purine derivatives are small-molecule kinase inhibitors, not therapeutic oligonucleotides."
656,toxicity_endpoint,655,inclisiran,37021909,PMC10077952,10.1002/prp2.1080,The N-Acetylgalactosamine-conjugated small interfering RNA inclisiran can be coadministered safely with atorvastatin in cynomolgus monkeys resulting in additive low-density lipoprotein cholesterol reductions.,hepatic/hepatotoxicity,C,DISCUSSION; paragraph 60,accept,general safety/adverse effects,True,True,B,0.93,pmc_full_text,True,"No toxicities or adverse effects were observed in any cohort receiving inclisiran, either alone or in combination.",Inclisiran was administered to cynomolgus monkeys alone or with atorvastatin and the passage reports absence of observed toxicities/adverse effects.,codex_gpt-5.5_manual_agent,accept,ni_jie,B,
657,toxicity_endpoint,656,single-ascending,37002654,PMC10175964,10.1111/cts.13498,"A multi-purpose Japanese phase I study in the global development of vupanorsen: Randomized, placebo-controlled, single-ascending dose study in adults.",hepatic/hepatotoxicity,B,Abstract; paragraph 1,accept,general safety/adverse events/tolerability,True,True,A,0.96,pmc_full_text,True,Vupanorsen was well‐tolerated with no treatment‐related adverse events reported for either dose.,Clinical phase I vupanorsen dosing reports no treatment-related adverse events at the tested single doses.,codex_gpt-5.5_manual_agent,accept,ni_jie,A,
658,toxicity_endpoint,657,significantly,36719755,PMC10077475,10.1172/jci.insight.160516,DG9-conjugated morpholino rescues phenotype in SMA mice by reaching the CNS via a subcutaneous administration.,immunotoxicity/immune activation,A,Results > DG9-PMO treatment rescues the SMA phenotype without apparent toxicity.; paragraph 19,accept,general safety/tolerability,True,True,B,0.88,pmc_full_text,True,The treatment ameliorated the atrophic musculature and improved breathing function accompanied by improved muscle strength and innervation at the neuromuscular junction with no signs of apparent toxicity.,DG9-conjugated PMO was administered subcutaneously in SMA mice and the treatment is linked to no apparent toxicity.,codex_gpt-5.5_manual_agent,accept,ni_jie,B,
659,toxicity_endpoint,658,site,36614194,PMC9821664,10.3390/ijms24010752,Target-Specific Nanoparticle Polyplex Down-Regulates Mutant Kras to Prevent Pancreatic Carcinogenesis and Halt Tumor Progression.,hepatic/hepatotoxicity,A,2. Results > 2.6. CCK-BR Targeted NPs Exhibit Broad Safety Profile and Lack off Target Toxicity; paragraph 15,accept,general safety/histology/biochemistry,True,True,A,0.95,pmc_full_text,True,Safety and toxicity studies were performed in immune competent mice after short or long-term exposure and showed no off-target toxicity by histological or biochemical evaluation.,Mutant-Kras siRNA targeted nanoparticles were tested in immune-competent mice with histological and biochemical safety evaluation showing no off-target toxicity.,codex_gpt-5.5_manual_agent,accept,ni_jie,A,
660,toxicity_endpoint,659,single,35861704,PMC9595634,10.1089/nat.2022.0005,The Combination of Mesyl-Phosphoramidate Inter-Nucleotide Linkages and 2'-O-Methyl in Selected Positions in the Antisense Oligonucleotide Enhances the Performance of RNaseH1 Active PS-ASOs.,hepatic/hepatotoxicity,A,"Results > MsPA backbone improves potency, whereas gap2 OMe reduces toxicity in cytotoxic PS ASOs; FIG. 1. caption",accept,hepatic/hepatotoxicity,True,True,A,0.96,pmc_full_text,True,"Even at the highest dose used (150 mg/kg), the gap2 OMe-modified ASO did not cause ALT/AST elevation.",Mouse dosing of modified PS-ASOs directly measured ALT/AST hepatotoxicity and showed no elevation for the gap2 OMe ASO.,codex_gpt-5.5_manual_agent,accept,ni_jie,A,
661,toxicity_endpoint,660,single,36090761,PMC9424863,10.1016/j.omtn.2022.07.027,Identification and characterization of a MAPT-targeting locked nucleic acid antisense oligonucleotide therapeutic for tauopathies.,hepatic/hepatotoxicity,A,Results > Initial tiling screen identified a parental ASO targeting the 3鈥?UTR of MAPT with high cross-species reactivity; paragraph 6,accept,general safety/in vivo tolerability,True,True,A,0.93,pmc_full_text,True,Mice treated with 100 μg of ASO-001933 ICV showed robust tau mRNA reduction by 80% 72 h post dosing and no obvious acute in vivo signs as indicated by a tolerability scores of <1 in a modified Irwin battery31 (Figure 2C).,MAPT ASO-001933 was administered in vivo and acute tolerability was measured by Irwin battery scoring.,codex_gpt-5.5_manual_agent,accept,ni_jie,A,
662,toxicity_endpoint,661,single-dose,35860385,PMC9287140,10.1016/j.omtn.2022.06.015,"Developing antisense oligonucleotides for a TECPR2 mutation-induced, ultra-rare neurological disorder using patient-derived cellular models.",hepatic/hepatotoxicity,A,Results > Single-dose tolerability study of lead ASO candidates in cynomolgus monkeys; paragraph 17,accept,general safety/histopathology/tolerability,True,True,A,0.95,pmc_full_text,True,"Histopathology analyses of brain, spinal cord (lumbar, thoracic, and cervical), and dorsal root ganglia tissues indicated that the single 20-mg dose of ASO-005-02, ASO-059, or ASO-066 to cynomolgus monkeys via intrathecal injection did not result in any test item-related gross or microscopic changes at study termination (Figure S11).",Intrathecal ASO candidates in cynomolgus monkeys had postmortem histopathology safety assessment with no test-item-related gross or microscopic changes.,codex_gpt-5.5_manual_agent,accept,ni_jie,A,
663,toxicity_endpoint,662,significant,35080855,PMC9884500manuscript-id: NIHMS1868084,10.1021/acs.bioconjchem.1c00505,Gene Regulation Using Nanodiscs Modified with HIF-1-伪 Antisense Oligonucleotides.,hepatic/hepatotoxicity,C,Results and Discussion > Anti-HIF-1-伪 ASO-ND conjugates are active in vitro; paragraph 16,reject,NA,False,False,NA,0.90,pmc_full_text,False,NONE,"Rejected: anti-HIF-1-alpha ASO-nanodisc cell viability decrease is target-mediated cancer-cell survival/efficacy, while other toxicity mentions are background or prior trials, not a primary safety result for this study.",codex_gpt-5.5_manual_agent,reject,ni_jie,C,"Reject: PMID 35080855; Rejected: anti-HIF-1-alpha ASO-nanodisc cell viability decrease is target-mediated cancer-cell survival/efficacy, while other toxicity mentions are background or prior trials, not a primary safety result for this study."
664,toxicity_endpoint,663,siRNA,36520934,PMC9754606,10.1371/journal.pone.0276905,Inhibition of c-Rel expression in myeloid and lymphoid cells with distearoyl -phosphatidylserine (DSPS) liposomal nanoparticles encapsulating therapeutic siRNA.,hepatic/hepatotoxicity,A,Results > LNP containing DSPS can reach the cytoplasm of cells without detectable cytotoxicity; paragraph 14,accept,cell viability/cytotoxicity,True,True,A,0.94,pmc_full_text,True,"As shown in Fig 3B, the cell viability was not changed at the concentrations of LNP tested (0.1 to 50 μM). Similarly, insignificant levels of LDH release were detected in the supernatant of cultured cells, indicating that cells remained healthy following our treatment with LNP-S60 (Fig 3C).","DSPS LNP delivery product was directly tested by MTT and LDH assays, showing unchanged viability and insignificant LDH release.",codex_gpt-5.5_manual_agent,accept,ni_jie,A,
665,toxicity_endpoint,664,significant,35436109,PMC9112330,10.1021/acsinfecdis.2c00089,Antisense Peptide Nucleic Acid-Diaminobutanoic Acid Dendron Conjugates with SbmA-Independent Antimicrobial Activity against Gram-Negative Bacteria.,hepatic/hepatotoxicity,C,Results and Discussion > Cell Toxicity of Dendron鈥揚NAs; paragraph 13,accept,general safety/tolerability,True,True,B,0.91,pmc_full_text,True,"The compound was also well tolerated in mice upon i.v. administration up to a dose of 20 mg/kg, and in vivo fluorescence imaging indicated clearance via renal excretion with slight accumulation in the kidneys and liver.",Antibacterial antisense PNA dendron compound was administered intravenously in mice and reported as well tolerated.,codex_gpt-5.5_manual_agent,accept,ni_jie,B,
666,toxicity_endpoint,665,site,35155859,PMC8820988,10.1016/j.ekir.2021.11.011,Phase 2 Study of the Factor XI Antisense Inhibitor IONIS-FXI(Rx) in Patients With ESRD.,hepatic/hepatotoxicity,A,Results > Safety; paragraph 28,accept,hepatic/hepatotoxicity/platelet/thrombocytopenia,True,True,A,0.97,pmc_full_text,True,"There was no detectable hepatotoxicity or effect on platelets, and no treatment-related changes were observed in hepatic function based on transaminases or severe thrombocytopenia.","Phase 2 IONIS-FXIRx safety analysis directly reports no hepatotoxicity, platelet effect, transaminase change, or severe thrombocytopenia.",codex_gpt-5.5_manual_agent,accept,ni_jie,A,
667,toxicity_endpoint,666,similar,35852833,PMC9416547,10.1089/nat.2021.0107,NAT10 and DDX21 Proteins Interact with RNase H1 and Affect the Performance of Phosphorothioate Oligonucleotides.,hepatic/hepatotoxicity,A,Results > Reduction of NAT10 and DDX21 increases the cytotoxicity induced by toxic PS-ASOs; paragraph 66,reject,NA,True,False,NA,0.86,pmc_full_text,False,NONE,"Rejected: toxic/safe PS-ASOs are used as mechanistic cell-transfection tools to study RNase H1 partners, not an administered therapeutic oligonucleotide or delivery-product safety endpoint.",codex_gpt-5.5_manual_agent,reject,ni_jie,C,"Reject: PMID 35852833; Rejected: toxic/safe PS-ASOs are used as mechanistic cell-transfection tools to study RNase H1 partners, not an administered therapeutic oligonucleotide or delivery-product safety endpoint."
668,toxicity_endpoint,667,significantly,34949835,PMC8861976manuscript-id: NIHMS1779498,10.1038/s41591-021-01557-6,Suppression of mutant C9orf72 expression by a potent mixed backbone antisense oligonucleotide.,hepatic/hepatotoxicity,A,Results > PS reduction optimizes ASO5 safety and activity in mice; paragraph 15,accept,general safety/clinical chemistry/liver and kidney morphology,True,True,A,0.96,pmc_full_text,True,Neither ASO produced adverse behavioral side effects; all animals remained healthy until they were sacrificed at 21 days. Routine clinical blood chemistry and liver and kidney morphology after H&E staining revealed no gross abnormalities.,"C9ORF72 ASOs were administered in mice with behavioral, clinical chemistry, liver, and kidney morphology safety readouts.",codex_gpt-5.5_manual_agent,accept,ni_jie,A,
669,toxicity_endpoint,668,single,35692770,PMC9184686,10.3389/fonc.2022.854023,Epirubicin Enhances the Anti-Cancer Effects of Radioactive (125)I Seeds in Hepatocellular Carcinoma via Downregulation of the JAK/STAT1 Pathway.,hepatic/hepatotoxicity,A,Results > Enhancement of the 125I-Induced Anti-Cancer Effects by EPI via the JAK/STAT1 Pathway; paragraph 30,reject,NA,False,False,NA,0.98,pmc_full_text,False,NONE,"Rejected: the passage concerns epirubicin and radioactive iodine seed anticancer effects, with no therapeutic oligonucleotide safety result.",codex_gpt-5.5_manual_agent,reject,ni_jie,C,"Reject: PMID 35692770; Rejected: the passage concerns epirubicin and radioactive iodine seed anticancer effects, with no therapeutic oligonucleotide safety result."
670,toxicity_endpoint,669,siRNA,36457549,PMC9707323,10.2147/IJN.S383862,Combined Self-Assembled iRGD Polymersomes for Effective Targeted siRNA Anti-Tumor Therapy.,hepatic/hepatotoxicity,A,Materials and Methods > The Cytotoxicity Studies of iRGD Functionalized Lipopolysaccharide-Amine Nanopolymersomes to Mesenchymal Stem Cells; paragraph 11,accept,general safety/tolerability,True,True,B,0.88,pmc_full_text,True,"The introduced iRGD keeps tumor-targeting and -penetrating bioactivity, which endows iRGD-NPs with ~100% of tumor-cell uptake and excellent tumor spheroid-penetration, and thus iRGD-NPs can efficiently deliver siVEGF to significantly inhibit angiogenesis in zebrafish and tumor growth in nude mice bearing breast cancer without obvious toxicity.","siVEGF/iRGD nanoparticle therapy was evaluated in zebrafish and tumor-bearing nude mice, with the passage reporting tumor inhibition without obvious toxicity.",codex_gpt-5.5_manual_agent,accept,ni_jie,B,
671,toxicity_endpoint,670,siRNA,35156491,PMC8856077,10.1080/10717544.2022.2032874,Hyaluronic acid-modified redox-sensitive hybrid nanocomplex loading with siRNA for non-small-cell lung carcinoma therapy.,hepatic/hepatotoxicity,C,Results and discussion > In vivo anticancer activity and safety evaluation; paragraph 49,accept,general safety/histopathology,True,True,A,0.94,pmc_full_text,True,"As a contrast, insignificant inflammation and negligible necrotic cells could be observed in HA-SeSe-COOH/siR-93C@PAMAM treated group, indicating that the outer layer HA-SeSe-COOH did significantly improve the biosafety of PAMAM.","In vivo histology of the siRNA nanocomplex showed reduced tissue injury markers compared with PAMAM, supporting delivery-product biosafety.",codex_gpt-5.5_manual_agent,accept,ni_jie,A,
672,toxicity_endpoint,671,siRNA-Based,35143189,PMC8938942manuscript-id: NIHMS1785508,10.1021/jacs.1c12750,Hairpin-like siRNA-Based Spherical Nucleic Acids.,hepatic/hepatotoxicity,C,RESULTS AND DISCUSSION > Hairpin-like Design Increases Serum Nuclease Resistance and Decreases SNA Cytotoxicity.; paragraph 12,accept,cell viability/cytotoxicity,True,True,A,0.94,pmc_full_text,True,"Indeed, the median lethal dose (LD50) occurs at a higher siRNA concentration with hairpin-like siRNA-SNAs than with hybridized siRNA-SNAs, indicating that the hairpin-like architecture is less cytotoxic.","Hairpin-like siRNA-SNA cytotoxicity was directly measured by cell viability/LD50, showing lower cytotoxicity than hybridized siRNA-SNAs.",codex_gpt-5.5_manual_agent,accept,ni_jie,A,
673,toxicity_endpoint,672,Silencing,36421975,PMC9696999,10.3390/insects13111072,Silencing of dre4 Contributes to Mortality of Phyllotreta striolata.,hepatic/hepatotoxicity,B,Abstract > Abstract; paragraph 2,reject,NA,False,False,NA,0.99,pmc_full_text,False,NONE,"Rejected: dsRNA silencing is agricultural pest-control RNAi in Phyllotreta striolata, explicitly out of scope.",codex_gpt-5.5_manual_agent,reject,ni_jie,C,"Reject: PMID 36421975; Rejected: dsRNA silencing is agricultural pest-control RNAi in Phyllotreta striolata, explicitly out of scope."
674,toxicity_endpoint,673,single,36296424,PMC9610079,10.3390/molecules27206831,Assembly of Biologically Functional Structures by Nucleic Acid Templating: Implementation of a Strategy to Overcome Inhibition by Template Excess.,hepatic/hepatotoxicity,C,3. Discussion; paragraph 41,reject,NA,False,False,NA,0.94,pmc_full_text,False,NONE,"Rejected: nucleic-acid templating haplomers are an in vitro assembly/proof-of-concept system; toxicity refers to desired target-cell killing or background chemotherapy toxicity, not oligo safety.",codex_gpt-5.5_manual_agent,reject,ni_jie,C,"Reject: PMID 36296424; Rejected: nucleic-acid templating haplomers are an in vitro assembly/proof-of-concept system; toxicity refers to desired target-cell killing or background chemotherapy toxicity, not oligo safety."
675,toxicity_endpoint,674,significant,35204815,PMC8869475,10.3390/biom12020315,Insulin-Degrading Enzyme Is a Non Proteasomal Target of Carfilzomib and Affects the 20S Proteasome Inhibition by the Drug.,hepatic/hepatotoxicity,B,Abstract; paragraph 1,reject,NA,True,False,NA,0.97,pmc_full_text,False,NONE,"Rejected: siRNA is a tool to silence IDE and modulate carfilzomib cytotoxicity; the toxicity endpoint belongs to the small-molecule drug, not the oligonucleotide product.",codex_gpt-5.5_manual_agent,reject,ni_jie,C,"Reject: PMID 35204815; Rejected: siRNA is a tool to silence IDE and modulate carfilzomib cytotoxicity; the toxicity endpoint belongs to the small-molecule drug, not the oligonucleotide product."
676,toxicity_endpoint,675,significantly,34921016,PMC8898261manuscript-id: NIHMS1767244,10.1158/0008-5472.CAN-20-0948,ASO-Based PKM Splice-Switching Therapy Inhibits Hepatocellular Carcinoma Growth.,hepatic/hepatotoxicity,A,Results > ASO1-cEt/DNA inhibits HCC cell growth; paragraph 29,accept,hepatic/hepatotoxicity/body weight/histopathology,True,True,A,0.97,pmc_full_text,True,"During the three weeks of treatment, no obvious gross abnormalities were observed. Furthermore, we did not detect any histological abnormalities in the various organs in either mASO3-cEt/DNA-treated, Ctrl-cEt/DNA-treated, or saline-treated mice after three weeks of treatment (Fig. 6H). In a separate experiment, we assessed alanine transaminase (ALT) and aspartate transaminase (AST) levels in serum collected from C57BL6 mice that were administered subcutaneous injections of either saline or mASO3-cEt/DNA at 100 mg/kg/wk for 4 weeks. We did not detect any significant difference in either of the transaminase plasma levels. Similar to mASO3-cEt/DNA treatment in FVB/N mice, the C57BL6 mice likewise did not show significant differences in organ weights or total body weight (Supplementary Fig. 8C–E). These observations indicate that mASO3-cEt/DNA is well tolerated in both wild-type FVB/N mice and C57BL6 mice.","Mouse-specific PKM ASO safety was assessed by gross observation, organ histology, ALT/AST, organ weight, and body weight, with no significant toxicity signals.",codex_gpt-5.5_manual_agent,accept,ni_jie,A,
677,toxicity_endpoint,676,siRNA-Loaded,34683974,PMC8539450,10.3390/pharmaceutics13101681,Development of siRNA-Loaded Lipid Nanoparticles Targeting Long Non-Coding RNA LINC01257 as a Novel and Safe Therapeutic Approach for t(8;21) Pediatric Acute Myeloid Leukemia.,hepatic/hepatotoxicity,C,4. Discussion; paragraph 36,accept,cell viability/cytotoxicity,True,True,A,0.95,pmc_full_text,True,"However, in stark contrast to Kasumi-1 cells, where LNP-si-LINC01257 significantly decreased cell growth and viability, treatment with LNP-si-LINC01257 exerted a negligible impact on the viability of all three PBMC populations, with no difference in viability observed in monocytes and T cells, and a small but non-significant increase in B cell viability (Figure 6E and Figure S4B).","LNP-si-LINC01257 safety was tested in healthy PBMC populations despite uptake, showing negligible impact on viability.",codex_gpt-5.5_manual_agent,accept,ni_jie,A,
678,toxicity_endpoint,677,Site-specific,34141070,PMC8201499,10.1021/acsmedchemlett.1c00072,"Site-specific Incorporation of 2',5'-Linked Nucleic Acids Enhances Therapeutic Profile of Antisense Oligonucleotides.",hepatic/hepatotoxicity,B,Abstract; paragraph 1,accept,hepatic/hepatotoxicity,True,True,B,0.90,pmc_full_text,True,"Our results demonstrate that incorporation of 2′,5′-linked RNA in the gap region dramatically improved hepatotoxicity profile of PS-ASOs without compromising potency and provide a novel alternate chemical approach for improving therapeutic index of ASO drugs.","Abstract/full passage reports primary PS-ASO chemistry result of improved hepatotoxicity profile, but lacks detailed numeric safety data in the loaded passage, so graded B.",codex_gpt-5.5_manual_agent,accept,ni_jie,B,
679,toxicity_endpoint,678,nusinersen,33860461,PMC8609055,10.1007/s13311-021-01045-2,Reconditioning the Neurogenic Niche of Adult Non-human Primates by Antisense Oligonucleotide-Mediated Attenuation of TGFβ Signaling.,hepatic/hepatotoxicity,A,Results > In Vivo Effects of NVP-13 on Target Regulation and Intracellular Pathways: NVP-13 is a Safe and Effective Compound in Cynomolgus Monkeys; paragraph 8,accept,general safety/tolerability,True,True,A,0.94,pmc_full_text,True,"NVP-13 was very well tolerated, with “No Observed Adverse Effect Level” up to 4 mg/animal.",Full-text non-human-primate GLP toxicity study directly reports intrathecal NVP-13 tolerability and NOAEL after repeated administration.,codex_gpt-5.5_manual_agent,accept,ni_jie,A,
680,toxicity_endpoint,679,significant,34222719,PMC8246029,10.1016/j.jacbts.2021.04.004,Antisense Inhibition of Angiotensinogen With IONIS-AGT-L(Rx): Results of Phase 1 and Phase 2 Studies.,hepatic/hepatotoxicity,C,Discussion; paragraph 25,accept,hepatic/renal/platelet/tolerability,True,True,A,0.96,pmc_full_text,True,"IONIS-AGT-LRx was well tolerated with no significant changes in platelet count, potassium levels, or liver and renal function.","Clinical phase 1/2 trials directly measured tolerability plus platelet, liver, and renal safety after IONIS-AGT-LRx administration.",codex_gpt-5.5_manual_agent,accept,ni_jie,A,
681,toxicity_endpoint,680,mdx52,33567244,PMC7997716,10.1089/nat.2020.0907,Immortalized Canine Dystrophic Myoblast Cell Lines for Development of Peptide-Conjugated Splice-Switching Oligonucleotides.,hepatic/hepatotoxicity,C,Discussion; paragraph 28,reject,NA,False,True,NA,0.90,pmc_full_text,False,NONE,"Reject: passage discusses SSO screening and future in vivo pharmacokinetic/toxicity evaluation, but does not report a primary administered/measured toxicity endpoint for the oligo.",codex_gpt-5.5_manual_agent,reject,ni_jie,C,"Reject: PMID 33567244; Reject: passage discusses SSO screening and future in vivo pharmacokinetic/toxicity evaluation, but does not report a primary administered/measured toxicity endpoint for the oligo."
682,toxicity_endpoint,681,siRNAs,34648028,PMC8565336,10.1093/nar/gkab916,Overcoming GNA/RNA base-pairing limitations using isonucleotides improves the pharmacodynamic activity of ESC+ GalNAc-siRNAs.,hepatic/hepatotoxicity,A,RESULTS > Impact of GNA isonucleotides on GalNAc-siRNA activity in mice; paragraph 51,reject,NA,False,True,NA,0.92,pmc_full_text,False,NONE,"Reject: passage reports GalNAc-siRNA activity, off-target profile, and liver guide-strand levels, not an observed safety/toxicity/tolerability endpoint.",codex_gpt-5.5_manual_agent,reject,ni_jie,C,"Reject: PMID 34648028; Reject: passage reports GalNAc-siRNA activity, off-target profile, and liver guide-strand levels, not an observed safety/toxicity/tolerability endpoint."
683,toxicity_endpoint,682,siRNA,32749923,PMC8215420,10.1089/nat.2020.0857,Modulating Polymer-siRNA Binding Does Not Promote Polyplex-Mediated Silencing.,hepatic/hepatotoxicity,B,Abstract; paragraph 1,reject,cell viability/cytotoxicity,True,False,NA,0.86,pmc_full_text,False,NONE,Reject: the cytotoxicity statement concerns generic polymer-siRNA delivery/polyplex materials without a named therapeutic oligonucleotide candidate in scope.,codex_gpt-5.5_manual_agent,reject,ni_jie,C,Reject: PMID 32749923; Reject: the cytotoxicity statement concerns generic polymer-siRNA delivery/polyplex materials without a named therapeutic oligonucleotide candidate in scope.
684,toxicity_endpoint,683,size,34948105,PMC8703959,10.3390/ijms222413314,Cell Penetrating Peptide-Based Self-Assembly for PD-L1 Targeted Tumor Regression.,hepatic/hepatotoxicity,C,5. Conclusions; paragraph 30,accept,body weight/general biocompatibility,True,True,C,0.78,pmc_full_text,True,"In vivo, it shows good biocompatibility as there are no changes in mice’s body weight.",Full-text in vivo peptide-RNA delivery study reports body-weight biocompatibility for the therapeutic RNA nanovehicle; evidence is brief and nonspecific.,codex_gpt-5.5_manual_agent,accept,ni_jie,C,
685,toxicity_endpoint,684,silencing,34681893,PMC8538223,10.3390/ijms222011233,The Role of Nrf2 Transcription Factor and Sp1-Nrf2 Protein Complex in Glutamine Transporter SN1 Regulation in Mouse Cortical Astrocytes Exposed to Ammonia.,hepatic/hepatotoxicity,B,Abstract; paragraph 1,reject,NA,False,False,NA,0.96,pmc_full_text,False,NONE,"Reject: passage concerns ammonia-induced astrocyte/RNA toxicity biology and tool perturbation, not safety of an administered therapeutic oligonucleotide.",codex_gpt-5.5_manual_agent,reject,ni_jie,C,"Reject: PMID 34681893; Reject: passage concerns ammonia-induced astrocyte/RNA toxicity biology and tool perturbation, not safety of an administered therapeutic oligonucleotide."
686,toxicity_endpoint,685,similar,34566407,PMC8459178,10.2147/DDDT.S325790,CpG Oligodeoxynucleotide Developed to Activate Primate Immune Responses Promotes Antitumoral Effects in Combination with a Neoantigen-Based mRNA Cancer Vaccine.,hepatic/hepatotoxicity,A,Results > Safety of Combined Therapy with CpG and the mRNA Vaccine; paragraph 28,accept,hepatic/histopathology,True,True,B,0.88,pmc_full_text,True,No gross pathological findings related to the mRNA vaccine or CpG were observed in the liver (Figure 5M).,Full-text mouse combination-therapy safety section directly links CpG oligodeoxynucleotide treatment to liver histopathology without gross pathological findings.,codex_gpt-5.5_manual_agent,accept,ni_jie,B,
687,toxicity_endpoint,686,signal,34440222,PMC8394971,10.3390/biomedicines9081018,Vivo-Morpholino-Based Antiviral for SARS-CoV-2: Implications for Novel Therapies in the Treatment of Acute COVID-19 Disease.,hepatic/hepatotoxicity,B,2. Materials and Methods > 2.4. Method for Measuring Cytotoxic Effect of Compounds; paragraph 9,accept,cell viability/cytotoxicity,True,True,B,0.88,pmc_full_text,True,"In viability assays using MRCV-19 alone, we observed a high level of viability after cellular exposure to MRCV-19 at different concentrations (Figure 4). We observed low toxicity over 72 h post-exposure.",Full-text in vitro counter-screen measured host-cell viability after exposure to the vivo-morpholino antiviral MRCV-19 alone.,codex_gpt-5.5_manual_agent,accept,ni_jie,B,
688,toxicity_endpoint,687,siATF2,34331779,PMC8639630manuscript-id: NIHMS1729691,10.1002/hep.32083,"Hepatic Mitochondrial SAB Deletion or Knockdown Alleviates Diet-Induced Metabolic Syndrome, Steatohepatitis, and Hepatic Fibrosis.",hepatic/hepatotoxicity,A,Results > Increased hepatic SAB expression and P-JNK activation in diet-induced NAFLD; paragraph 12,reject,NA,False,False,NA,0.95,pmc_full_text,False,NONE,"Reject: ALT and inflammatory findings reflect diet-induced disease modulation by AAV/RNAi or GalNAc-Sab-ASO efficacy, not oligo-attributable toxicity/safety.",codex_gpt-5.5_manual_agent,reject,ni_jie,C,"Reject: PMID 34331779; Reject: ALT and inflammatory findings reflect diet-induced disease modulation by AAV/RNAi or GalNAc-Sab-ASO efficacy, not oligo-attributable toxicity/safety."
689,toxicity_endpoint,688,unspecified PMO,34288499,PMC8596621,10.1002/cmdc.202100409,Synthesis and Antimicrobial Evaluation of Bis-morpholine Triazine Quaternary Ammonium Salts.,general safety/cell viability/cytotoxicity,B,Abstract; paragraph 1,reject,NA,False,False,NA,0.97,pmc_full_text,False,NONE,"Reject: the passage evaluates bis-morpholine triazine quaternary ammonium salts, not a therapeutic oligonucleotide or delivery product.",codex_gpt-5.5_manual_agent,reject,ni_jie,C,"Reject: PMID 34288499; Reject: the passage evaluates bis-morpholine triazine quaternary ammonium salts, not a therapeutic oligonucleotide or delivery product."
690,toxicity_endpoint,689,sided,34251414,PMC8288671,10.1182/bloodadvances.2021004233,Phase 3 randomized trial of chemotherapy with or without oblimersen in older AML patients: CALGB 10201 (Alliance).,general toxicity/toxicity,B,Abstract; paragraph 2,accept,general toxicity/tolerability,True,True,B,0.86,pmc_full_text,True,No differences in toxicity were observed between arms.,Randomized phase 3 trial compared chemotherapy with versus without oblimersen and directly reports no toxicity difference between treatment arms.,codex_gpt-5.5_manual_agent,accept,ni_jie,B,
691,toxicity_endpoint,690,significance,33953843,PMC8092340,10.18632/oncotarget.27933,Creation of a new class of radiosensitizers for glioblastoma based on the mibefradil pharmacophore.,hepatic/hepatotoxicity,A,RESULTS > Identification of potential regulators of the selective alt-NHEJ inhibition of mibefradil; Figure 6 caption,reject,NA,False,False,NA,0.96,pmc_full_text,False,NONE,"Reject: passage concerns mibefradil small-molecule radiosensitizers and DDR knockdown assays, not therapeutic oligonucleotide toxicity.",codex_gpt-5.5_manual_agent,reject,ni_jie,C,"Reject: PMID 33953843; Reject: passage concerns mibefradil small-molecule radiosensitizers and DDR knockdown assays, not therapeutic oligonucleotide toxicity."
692,toxicity_endpoint,691,significant,33742144,PMC8110762,10.1038/s41416-021-01297-x,Development of a rational strategy for integration of lactate dehydrogenase A suppression into therapeutic algorithms for head and neck cancer.,hepatic/hepatotoxicity,B,PubMed abstract,reject,NA,False,False,NA,0.94,pmc_full_text,False,NONE,Reject: LDHA suppression is performed with shRNA/tool biology and efficacy framing; no therapeutic oligo safety endpoint is reported.,codex_gpt-5.5_manual_agent,reject,ni_jie,C,Reject: PMID 33742144; Reject: LDHA suppression is performed with shRNA/tool biology and efficacy framing; no therapeutic oligo safety endpoint is reported.
693,toxicity_endpoint,692,Site-specific,33544849,PMC7913697,10.1093/nar/gkab047,Site-specific incorporation of 5'-methyl DNA enhances the therapeutic profile of gapmer ASOs.,hepatic/hepatotoxicity,A,"RESULTS > Effect of site-specific incorporation of R- and S-5′-methyl DNA on duplex thermal stability, ASO activity and toxicity in cells; Figure 3. caption",accept,hepatic/hepatotoxicity,True,True,A,0.95,pmc_full_text,True,"Most of the R- and S-5′-methyl DNA modified ASOs exhibited comparable potency but significantly reduced toxicity even at the highest dose of 150 mg/kg, as compared to the parent ASO 558807 which can be lethal when administered at doses above 50 mg/kg (Figure 4A and B).",Full-text mouse ASO study measured plasma ALT/lethality and reports reduced toxicity of site-specific 5-prime-methyl DNA gapmer ASOs.,codex_gpt-5.5_manual_agent,accept,ni_jie,A,
694,toxicity_endpoint,693,significantly,33337582,PMC7863382,10.15252/emmm.202012993,MOTS-c promotes phosphorodiamidate morpholino oligomer uptake and efficacy in dystrophic mice.,hepatic/hepatotoxicity,A,Results > PMO‐M improves muscle pathologies without detectable toxicity in mdx mice; paragraph 20,accept,hepatic/renal/general toxicity,True,True,A,0.94,pmc_full_text,True,"Consistently, no morphological abnormality was found in kidney and liver (Fig 6C), indicating that PMO‐M does not cause any detectable toxicity.",Full-text repeated-dose PMO-M study measured liver/kidney morphology and serum safety indices after PMO administration in mdx mice.,codex_gpt-5.5_manual_agent,accept,ni_jie,A,
695,toxicity_endpoint,694,Single,32178467,PMC7139664,10.3390/ijms21061952,Antisense Oligonucleotide in LNA-Gapmer Design Targeting TGFBR2-A Key Single Gene Target for Safe and Effective Inhibition of TGFβ Signaling.,hepatic/hepatotoxicity,A,2. Results > 2.1. Discovery Process; paragraph 7,accept,hepatic/hepatotoxicity,True,True,A,0.96,pmc_full_text,True,"Body weight did not significantly change for any ASO candidate. X05134 (ALT: 64.9 U/l ± 21.0, AST: 108.9 ± 13.5), X07080 (ALT: 287.2 U/l ± 65.3, AST: 273.4 ± 101.3) and X07095 (ALT: 95.9 U/l ± 46.7, AST: 89.1 ± 21.8, Saline ALT: 9.9 ± 2.2, Saline AST: 28.2 ± 2.2) produced relevant liver enzyme elevations while X07070, X07085, X07091 = NVP-13 and X07065 did not affect ALT and AST levels compared to saline.",Full-text primary toxicity screen measured body weight and ALT/AST after ASO candidate administration and identifies NVP-13 as non-hepatotoxic versus toxic candidates.,codex_gpt-5.5_manual_agent,accept,ni_jie,A,
696,toxicity_endpoint,695,similar,31873063,PMC7133450,10.1089/nat.2019.0811,Systemic Evaluation of Chimeric LNA/2'-O-Methyl Steric Blockers for Myotonic Dystrophy Type 1 Therapy.,hepatic/hepatotoxicity,A,Results > Toxicity status of chimeric LNA/2′OMe ASOs in vivo; paragraph 34,accept,hepatic/hepatotoxicity,True,True,A,0.95,pmc_full_text,True,Assessment of liver sections revealed randomly distributed necrosis in ∼10% of hepatocytes in two mice injected with LNAc/2′OMe18h.,Full-text in vivo chimeric LNA/2-prime-OMe ASO toxicity section reports liver histology after repeated high-dose ASO treatment.,codex_gpt-5.5_manual_agent,accept,ni_jie,A,
697,toxicity_endpoint,696,PS ASO,32356888,PMC7261153,10.1093/nar/gkaa299,Phosphorothioate modified oligonucleotide-protein interactions.,hepatic/hepatotoxicity,B,Abstract; paragraph 1,reject,NA,False,True,NA,0.90,pmc_full_text,False,NONE,"Reject: this is a review/mechanistic discussion of PS-ASO protein interactions, not a primary administered/measured toxicity result from the source passage.",codex_gpt-5.5_manual_agent,reject,ni_jie,C,"Reject: PMID 32356888; Reject: this is a review/mechanistic discussion of PS-ASO protein interactions, not a primary administered/measured toxicity result from the source passage."
698,toxicity_endpoint,697,simulate,31991801,PMC7037139,10.3390/molecules25030525,Structural Diversity of Sense and Antisense RNA Hexanucleotide Repeats Associated with ALS and FTLD.,hepatic/hepatotoxicity,C,3. Discussion; paragraph 20,reject,NA,False,False,NA,0.97,pmc_full_text,False,NONE,"Reject: passage discusses endogenous ALS/FTLD repeat RNA toxicity as disease biology, not an administered therapeutic oligonucleotide safety endpoint.",codex_gpt-5.5_manual_agent,reject,ni_jie,C,"Reject: PMID 31991801; Reject: passage discusses endogenous ALS/FTLD repeat RNA toxicity as disease biology, not an administered therapeutic oligonucleotide safety endpoint."
699,toxicity_endpoint,698,Na2SO4,35515636,PMC9053576,10.1039/d0ra01435d,"A highly sensitive, selective and renewable carbon paste electrode based on a unique acyclic diamide ionophore for the potentiometric determination of lead ions in polluted water samples.",hepatic/hepatotoxicity,B,Abstract; paragraph 1,reject,NA,False,False,NA,0.98,pmc_full_text,False,NONE,Reject: passage is an environmental lead-ion electrode paper and contains no therapeutic oligonucleotide toxicity evidence.,codex_gpt-5.5_manual_agent,reject,ni_jie,C,Reject: PMID 35515636; Reject: passage is an environmental lead-ion electrode paper and contains no therapeutic oligonucleotide toxicity evidence.
700,toxicity_endpoint,699,significant,32805488,PMC7452286,10.1016/j.omtn.2020.07.008,MYC ASO Impedes Tumorigenesis and Elicits Oncogene Addiction in Autochthonous Transgenic Mouse Models of HCC and RCC.,hepatic/hepatotoxicity,A,"Results > MYC ASO Treatment Is Not Associated with Morbidity, Mortality, or Toxicity; paragraph 12",accept,body weight/mortality/hepatic/renal toxicity,True,True,A,0.94,pmc_full_text,True,"MYC ASO Treatment Is Not Associated with Morbidity, Mortality, or Toxicity We did not observe any toxicity-related morbidity or mortality in the treatment or control groups.","Full-text MYC ASO treatment section directly reports morbidity, mortality, body-weight, liver, and kidney safety outcomes after ASO administration.",codex_gpt-5.5_manual_agent,accept,ni_jie,A,
701,toxicity_endpoint,700,unspecified CpG oligodeoxynucleotide,30622178,PMC6347720,10.1073/pnas.1813376116,Mesyl phosphoramidate antisense oligonucleotides as an alternative to phosphorothioates with improved biochemical and biological properties.,hepatic/hepatotoxicity,A,Results > Hybridization Properties of µ-ODNs Targeting miR-21.; paragraph 10,reject,NA,False,True,NA,0.88,pmc_full_text,False,NONE,"Reject: observed apoptosis/cytotoxicity is in melanoma tumor cells and functions as anticancer/on-target or nonspecific chemistry efficacy/toxicity, which the v2 toxicity contract excludes.",codex_gpt-5.5_manual_agent,reject,ni_jie,C,"Reject: PMID 30622178; Reject: observed apoptosis/cytotoxicity is in melanoma tumor cells and functions as anticancer/on-target or nonspecific chemistry efficacy/toxicity, which the v2 toxicity contract excludes."
702,toxicity_endpoint,701,significant,30988454,PMC6465270,10.1038/s41598-019-42523-0,Systematic evaluation of 2'-Fluoro modified chimeric antisense oligonucleotide-mediated exon skipping in vitro.,hepatic/hepatotoxicity,A,Results > Evaluation of in vitro cytotoxicity of the 2′-F modified AOs; paragraph 10,accept,cell viability/cytotoxicity,True,True,A,0.92,pmc_full_text,True,"In general, all 2′-F modified AOs did not show any significant cytotoxicity in comparison to the fully 2′-OMe-PS control (Fig. 6).",Full-text DMD exon-skipping AO study directly measured WST-1 cell viability/cytotoxicity for therapeutic 2-prime-F modified antisense oligos.,codex_gpt-5.5_manual_agent,accept,ni_jie,A,
703,toxicity_endpoint,702,Site-specific,31034558,PMC6582325,10.1093/nar/gkz247,Site-specific replacement of phosphorothioate with alkyl phosphonate linkages enhances the therapeutic profile of gapmer ASOs by modulating interactions with cellular proteins.,hepatic/hepatotoxicity,A,RESULTS > A single MOP linkage at position 2 in the DNA gap reduces toxicity for multiple ASOs; paragraph 46,accept,hepatic/hepatotoxicity,True,True,A,0.96,pmc_full_text,True,"However, replacing even one PS-linkage at position 2 or 3 from the 5′-side of the DNA-gap with alkylphosphonates reduced or eliminated toxicity of several hepatotoxic gapmer ASOs.",Full-text gapmer ASO study reports reduced/eliminated hepatotoxicity from alkylphosphonate linkage replacement with supporting ALT and caspase assays.,codex_gpt-5.5_manual_agent,accept,ni_jie,A,
704,toxicity_endpoint,703,significantly,31546749,PMC6801465,10.3390/ijms20194700,Efficient Epidermal Growth Factor Receptor Targeting Oligonucleotide as a Potential Molecule for Targeted Cancer Therapy.,hepatic/hepatotoxicity,C,2. Results and Discussion > 2.4. CL-4RNV616 Aptamer Initiated Strong Cytotoxicity in EGFR Positive Cancer Cells; paragraph 10,reject,NA,False,False,NA,0.98,pmc_full_text,False,NONE,"Rejected: CL-4RNV616 cytotoxicity/apoptosis is intended cancer-cell-killing efficacy, not a safety/toxicity endpoint.",codex_gpt-5.5_manual_agent,reject,ni_jie,C,"Reject: PMID 31546749; Rejected: CL-4RNV616 cytotoxicity/apoptosis is intended cancer-cell-killing efficacy, not a safety/toxicity endpoint."
705,toxicity_endpoint,704,siRNA,31375812,PMC6879195manuscript-id: NIHMS1533065,10.1038/s41587-019-0205-0,A divalent siRNA chemical scaffold for potent and sustained modulation of gene expression throughout the central nervous system.,hepatic/hepatotoxicity,A,Results > Di-siRNA are safe and well-tolerated in mice; paragraph 21,accept,general safety/tolerability,True,True,A,0.94,pmc_full_text,True,"Finally, a comprehensive blood chemistry panel showed no detectable changes at any time point, suggesting a systemic tolerability of Di-siRNA administration to the CNS (Supplementary Fig. 14). Overall, Di-siRNA injection in CSF was well tolerated in mice at the doses and time points tested.",Accepted: Di-siRNA was administered into CSF and the passage reports measured blood chemistry and overall tolerability in mice.,codex_gpt-5.5_manual_agent,accept,ni_jie,A,
706,toxicity_endpoint,705,site,30817230,PMC6461157,10.1089/nat.2018.0754,IONIS-PKK(Rx) a Novel Antisense Inhibitor of Prekallikrein and Bradykinin Production.,hepatic/hepatotoxicity,A,Results > Phase I study results > Safety and tolerability; paragraph 45,accept,adverse events/tolerability,True,True,A,0.95,pmc_full_text,True,"There were no serious or severe nonserious adverse events observed in the study. The most common treatment-emergent adverse event in both cohorts was mild injection site reactions [6 (50.0%) subjects in SAD cohort and 16 (64.0%) subjects in MAD cohort experienced at least one, all receiving IONIS-PKKRx].","Accepted: IONIS-PKKRx is a therapeutic ASO evaluated in phase 1, with primary adverse-event/tolerability results reported.",codex_gpt-5.5_manual_agent,accept,ni_jie,A,
707,toxicity_endpoint,706,signal,32038525,PMC6993034,10.3389/fmicb.2019.03031,Development of a Sensitive Escherichia coli Bioreporter Without Antibiotic Markers for Detecting Bioavailable Copper in Water Environments.,hepatic/hepatotoxicity,B,Abstract; paragraph 1,reject,NA,False,False,NA,0.99,pmc_full_text,False,NONE,"Rejected: article is an E. coli copper bioreporter/environmental toxicology study, not therapeutic oligonucleotide toxicity.",codex_gpt-5.5_manual_agent,reject,ni_jie,C,"Reject: PMID 32038525; Rejected: article is an E. coli copper bioreporter/environmental toxicology study, not therapeutic oligonucleotide toxicity."
708,toxicity_endpoint,707,significantly,31629961,PMC6807288,10.1016/j.omtn.2019.09.012,Hexose Potentiates Peptide-Conjugated Morpholino Oligomer Efficacy in Cardiac Muscles of Dystrophic Mice in an Age-Dependent Manner.,hepatic/hepatotoxicity,A,Results > BMSP-PMO-GF Does Not Evoke Any Overt Toxicity in Adult mdx Mice; paragraph 14,accept,hepatic/renal toxicity,True,True,A,0.96,pmc_full_text,True,"Serum AST and ALT levels significantly declined (Figure 6A) and there was no change in creatinine and urea (Figure 6B) in BMSP-PMO-GF-treated adult mdx mice compared to untreated age-matched mdx controls, indicating no liver and kidney toxicities.",Accepted: BMSP-PMO-GF was administered to mdx mice and liver/kidney toxicity markers were measured.,codex_gpt-5.5_manual_agent,accept,ni_jie,A,
709,toxicity_endpoint,708,siRNAs,31495875,PMC6846478,10.1093/nar/gkz771,Kinetic and subcellular analysis of PS-ASO/protein interactions with P54nrb and RNase H1.,hepatic/hepatotoxicity,A,RESULTS > RNase H1 is required for the formation of the nucleolar P54nrb/ASO complex; paragraph 29,reject,NA,False,True,NA,0.91,pmc_full_text,False,NONE,"Rejected: passage discusses toxic PS-ASO interaction/localization mechanisms and prior toxicity context, but the row lacks a primary administered/measured safety endpoint.",codex_gpt-5.5_manual_agent,reject,ni_jie,C,"Reject: PMID 31495875; Rejected: passage discusses toxic PS-ASO interaction/localization mechanisms and prior toxicity context, but the row lacks a primary administered/measured safety endpoint."
710,toxicity_endpoint,709,significantly,30448197,PMC6318815,10.1016/j.ymthe.2018.10.011,Efficacy of Multi-exon Skipping Treatment in Duchenne Muscular Dystrophy Dog Model Neonates.,general safety/systemic safety/tolerability,B,Abstract; paragraph 1,abstain,none,False,False,NA,0.0,none,False,NONE,no source passage available; abstain required by Task A contract,codex_no_source_abstain_rule,reject,ni_jie,C,"Reject: PMID 30448197; the abstained record was checked at abstract level, but general safety/systemic safety/tolerability is still not directly recoverable for significantly."
711,toxicity_endpoint,710,unspecified ASO,30464402,PMC6217006,10.2147/DDDT.S179008,Saponins enhance exon skipping of 2'-O-methyl phosphorothioate oligonucleotide in vitro and in vivo.,hepatic/hepatotoxicity,C,Results and discussion > Cytotoxicity studies; paragraph 22,abstain,none,False,False,NA,0.0,none,False,NONE,no source passage available; abstain required by Task A contract,codex_no_source_abstain_rule,reject,ni_jie,C,"Reject: PMID 30464402; the abstained record was checked at abstract level, but hepatic/hepatotoxicity is still not directly recoverable for unspecified ASO."
712,toxicity_endpoint,711,significant,30388622,PMC6205332,10.1016/j.omtn.2018.09.027,Cationic Oligospermine-Oligonucleotide Conjugates Provide Carrier-free Splice Switching in Monolayer Cells and Spheroids.,general toxicity/toxicity,A,Results > Carrier-free Splice Switching with Spermine-Grafted SSOs in Monolayer Culture; paragraph 9,abstain,none,False,False,NA,0.0,none,False,NONE,no source passage available; abstain required by Task A contract,codex_no_source_abstain_rule,reject,ni_jie,C,Reject: PMID 30388622; significant remains unsupported for general toxicity/toxicity after abstract-level review of 'Cationic Oligospermine-Oligonucleotide Conjugates Provide Carrier-free Splice Switching in Mon?'.
713,toxicity_endpoint,712,significantly,29461800,PMC6669075manuscript-id: NIHMS956672,10.1021/acsinfecdis.7b00235,Antisense Inhibitors Retain Activity in Pulmonary Models of Burkholderia Infection.,hepatic/hepatotoxicity,A,RESULTS > PPMO Therapy Has Low Toxicity at MIC50 Concentrations and Reduces Bcc in a Mouse Model of Pneumonia; paragraph 9,abstain,none,False,False,NA,0.0,none,False,NONE,no source passage available; abstain required by Task A contract,codex_no_source_abstain_rule,reject,ni_jie,C,Reject: PMID 29461800; significantly remains unsupported for hepatic/hepatotoxicity after abstract-level review of 'Antisense Inhibitors Retain Activity in Pulmonary Models of Burkholderia Infection.'.
714,toxicity_endpoint,713,significant,30195785,PMC6070676,10.1016/j.omtn.2018.06.005,Long-Term Morpholino Oligomers in Hexose Elicits Long-Lasting Therapeutic Improvements in mdx Mice.,hepatic/hepatotoxicity,A,Results > PMO-GF Maintains Functional Rescue without Detectable Toxicity in mdx Mice; paragraph 7,abstain,none,False,False,NA,0.0,none,False,NONE,no source passage available; abstain required by Task A contract,codex_no_source_abstain_rule,reject,ni_jie,C,"Reject: PMID 30195785; the abstained record was checked at abstract level, but hepatic/hepatotoxicity is still not directly recoverable for significant."
715,toxicity_endpoint,714,LNA ASO,29997223,PMC6128086,10.1182/blood-2018-03-836601,"Therapeutic vulnerability of multiple myeloma to MIR17PTi, a first-in-class inhibitor of pri-miR-17-92.",hepatic/hepatotoxicity,B,Abstract; paragraph 3,abstain,none,False,False,NA,0.0,none,False,NONE,no source passage available; abstain required by Task A contract,codex_no_source_abstain_rule,reject,ni_jie,C,Reject: PMID 29997223; available abstract is not enough to curate hepatic/hepatotoxicity for LNA ASO as a verified toxicity record.
716,toxicity_endpoint,715,CDKL5,29282321,PMC5789928,10.1073/pnas.1715124115,A mixed modality approach towards Xi reactivation for Rett syndrome and other X-linked disorders.,general toxicity/toxicity,B,Abstract; paragraph 2,abstain,none,False,False,NA,0.0,none,False,NONE,no source passage available; abstain required by Task A contract,codex_no_source_abstain_rule,reject,ni_jie,C,Reject: PMID 29282321; 'A mixed modality approach towards Xi reactivation for Rett syndrome and other X-linked disorde?' does not provide a sufficiently specific administered-oligo toxicity endpoint for CDKL5.
717,toxicity_endpoint,716,siRNA,28129130,PMC5363199,10.1016/j.ymthe.2016.10.019,Clinical Proof of Concept for a Novel Hepatocyte-Targeting GalNAc-siRNA Conjugate.,hepatic/hepatotoxicity,B,Abstract; paragraph 1,accept,adverse events/tolerability,True,True,B,0.90,pmc_full_text,True,"Revusiran was generally well tolerated, with transient, mild to moderate injection site reactions the most common treatment-emergent adverse events.",Accepted: phase 1 GalNAc-siRNA revusiran abstract reports treatment-emergent adverse events and tolerability.,codex_gpt-5.5_manual_agent,accept,ni_jie,B,
718,toxicity_endpoint,717,single,30970855,PMC6432210,10.3390/polym9050177,Evaluation of Amphiphilic Peptide Modified Antisense Morpholino Oligonucleotides In Vitro and in Dystrophic mdx Mice.,hepatic/hepatotoxicity,C,3. Results and Discussion > 3.1. Cytotoxicity; paragraph 15,abstain,none,False,False,NA,0.0,none,False,NONE,no source passage available; abstain required by Task A contract,codex_no_source_abstain_rule,reject,ni_jie,C,Reject: PMID 30970855 abstract/title reviewed; no clear in-scope hepatic/hepatotoxicity endpoint is grounded for single.
719,toxicity_endpoint,718,single,28799823,PMC5649121,10.1089/nat.2017.0676,Lack of QT Prolongation for 2'-O-Methoxyethyl-Modified Antisense Oligonucleotides Based on Retrospective Exposure/Response Analysis of Ten Phase 1 Dose-Escalation Placebo-Controlled Studies in Healthy,general safety/systemic safety/tolerability,B,Materials and Methods > Phase 1 dose-escalation clinical studies; paragraph 10,abstain,none,False,False,NA,0.0,none,False,NONE,no source passage available; abstain required by Task A contract,codex_no_source_abstain_rule,reject,ni_jie,C,Reject: PMID 28799823 abstract/title reviewed; no clear in-scope general safety/systemic safety/tolerability endpoint is grounded for single.
720,toxicity_endpoint,719,simple,29246291,PMC5633364,10.1016/j.omtn.2017.09.006,Tween 85-Modified Low Molecular Weight PEI Enhances Exon-Skipping of Antisense Morpholino Oligomer In Vitro and in mdx Mice.,hepatic/hepatotoxicity,C,Results and Discussion > Local Delivery of Z-Mediated PMO In Vivo; paragraph 13,abstain,none,False,False,NA,0.0,none,False,NONE,no source passage available; abstain required by Task A contract,codex_no_source_abstain_rule,reject,ni_jie,C,Reject: PMID 29246291; simple remains unsupported for hepatic/hepatotoxicity after abstract-level review of 'Tween 85-Modified Low Molecular Weight PEI Enhances Exon-Skipping of Antisense Morpholino Olig?'.
721,toxicity_endpoint,720,similar,28742140,PMC5524367,10.1371/journal.pone.0181065,Short (16-mer) locked nucleic acid splice-switching oligonucleotides restore dystrophin production in Duchenne Muscular Dystrophy myotubes.,hepatic/hepatotoxicity,A,Results; paragraph 22,abstain,none,False,False,NA,0.0,none,False,NONE,no source passage available; abstain required by Task A contract,codex_no_source_abstain_rule,reject,ni_jie,C,Reject: PMID 28742140 abstract/title reviewed; no clear in-scope hepatic/hepatotoxicity endpoint is grounded for similar.
722,toxicity_endpoint,721,similar,28334749,PMC5435994,10.1093/nar/gkx111,CTG repeat-targeting oligonucleotides for down-regulating Huntingtin expression.,hepatic/hepatotoxicity,A,RESULTS > CAG ONs can be delivered to patient fibroblasts by peptide and gymnotic delivery; paragraph 36,abstain,none,False,False,NA,0.0,none,False,NONE,no source passage available; abstain required by Task A contract,codex_no_source_abstain_rule,reject,ni_jie,C,Reject: PMID 28334749; available abstract is not enough to curate hepatic/hepatotoxicity for similar as a verified toxicity record.
723,toxicity_endpoint,722,silk,28694238,PMC5942204manuscript-id: NIHMS892590,10.1016/j.actbio.2017.07.014,Functionalized bioengineered spider silk spheres improve nuclease resistance and activity of oligonucleotide therapeutics providing a strategy for cancer treatment.,general safety/cell viability/cytotoxicity,A,2. Materials and Methods > 2.10. Cytotoxicity study; paragraph 19,accept,cell viability/cytotoxicity,True,True,A,0.92,pmc_full_text,True,There was no significant difference between MS2 and MS2KN/CpG-STAT3siRNA spheres in terms of cytotoxicity.,Accepted: CpG-STAT3siRNA-loaded silk spheres are a therapeutic nucleic-acid delivery product with measured cytotoxicity results.,codex_gpt-5.5_manual_agent,accept,ni_jie,A,
724,toxicity_endpoint,723,unspecified PMO,28373570,PMC5402437,10.1073/pnas.1613203114,Effects of systemic multiexon skipping with peptide-conjugated morpholinos in the heart of a dog model of Duchenne muscular dystrophy.,hepatic/hepatotoxicity,B,Abstract; paragraph 1,abstain,none,False,False,NA,0.0,none,False,NONE,no source passage available; abstain required by Task A contract,codex_no_source_abstain_rule,reject,ni_jie,C,Reject: PMID 28373570; available abstract is not enough to curate hepatic/hepatotoxicity for unspecified PMO as a verified toxicity record.
725,toxicity_endpoint,724,significantly,28119399,PMC5338764,10.1523/JNEUROSCI.3102-16.2017,An ALS-Associated Mutant SOD1 Rapidly Suppresses KCNT1 (Slack) Na(+)-Activated K(+) Channels in Aplysia Neurons.,hepatic/hepatotoxicity,B,Abstract; paragraph 1,abstain,none,False,False,NA,0.0,none,False,NONE,no source passage available; abstain required by Task A contract,codex_no_source_abstain_rule,reject,ni_jie,C,Reject: PMID 28119399; no source passage or abstract wording gives a dependable toxicity call for significantly.
726,toxicity_endpoint,725,significant,27351681,PMC5022132,10.1038/mtna.2016.46,Fructose Promotes Uptake and Activity of Oligonucleotides With Different Chemistries in a Context-dependent Manner in mdx Mice.,hepatic/hepatotoxicity,A,Results > Long-term use of fructose does not elicit any overt toxicity in mdx mice; paragraph 12,abstain,none,False,False,NA,0.0,none,False,NONE,no source passage available; abstain required by Task A contract,codex_no_source_abstain_rule,reject,ni_jie,C,Reject: PMID 27351681; no source passage or abstract wording gives a dependable toxicity call for significant.
727,toxicity_endpoint,726,signal,27327137,PMC5022129,10.1038/mtna.2016.36,Pharmacokinetics and Pharmacodynamics of a 13-mer LNA-inhibitor-miR-221 in Mice and Non-human Primates.,hepatic/hepatotoxicity,A,Results > P27 is upregulated in mouse tissues after LNA-i-miR-221 treatment; paragraph 8,accept,general safety/tolerability,True,True,A,0.95,pmc_full_text,True,"All the recorded values confirmed the safety profile of LNA-i-miR-221 in monkeys, as shown by hematology, coagulation, liver and kidney parameters (see Supplementary Figure S5–S7).","Accepted: LNA-i-miR-221 was administered to monkeys and hematology, coagulation, liver, and kidney safety parameters were reported.",codex_gpt-5.5_manual_agent,accept,ni_jie,A,
728,toxicity_endpoint,727,siRNAs,27570789,PMC4995773manuscript-id: NIHMS807292,10.14304/surya.jpr.v4n7.5,RNA therapeutics: RNAi and antisense mechanisms and clinical applications.,hepatic/hepatotoxicity,B,Abstract; paragraph 1,reject,NA,False,False,NA,0.98,pmc_full_text,False,NONE,"Rejected: review article summarizing RNA therapeutics, not a primary observed oligonucleotide toxicity result.",codex_gpt-5.5_manual_agent,reject,ni_jie,C,"Reject: PMID 27570789; Rejected: review article summarizing RNA therapeutics, not a primary observed oligonucleotide toxicity result."
729,toxicity_endpoint,728,Silencing,27483025,PMC5023400,10.1038/mtna.2016.55,Silencing Myostatin Using Cholesterol-conjugated siRNAs Induces Muscle Growth.,hepatic/hepatotoxicity,A,Results > Mstn siRNA cholesterol conjugate shows dose-dependent and sustained knockdown of Mstn mRNA in muscle and in circulating protein levels; paragraph 7,accept,hepatic toxicity/muscle damage,True,True,A,0.94,pmc_full_text,True,"There was no evidence of liver toxicity or muscle damage at all doses examined, as determined by monitoring serum alanine transaminase (ALT)/aspartate transaminase (AST) and muscle creatine phosphokinase, respectively (data not shown).",Accepted: cholesterol-conjugated Mstn siRNA was systemically administered and liver/muscle toxicity markers were monitored.,codex_gpt-5.5_manual_agent,accept,ni_jie,A,
730,toxicity_endpoint,729,similarly,27655663,PMC5342005,10.18632/oncotarget.12043,Locked nucleic acid-inhibitor of miR-205 decreases endometrial cancer cells proliferation in vitro and in vivo.,hepatic/hepatotoxicity,A,RESULTS > Toxicity assessment of systemic administration of miR-205-LNA-inhibitor; paragraph 20,abstain,none,False,False,NA,0.0,none,False,NONE,no source passage available; abstain required by Task A contract,codex_no_source_abstain_rule,reject,ni_jie,C,Reject: PMID 27655663; available abstract is not enough to curate hepatic/hepatotoxicity for similarly as a verified toxicity record.
731,toxicity_endpoint,730,DUX4,27378237,PMC5023379,10.1038/mt.2016.111,Morpholino-mediated Knockdown of DUX4 Toward Facioscapulohumeral Muscular Dystrophy Therapeutics.,hepatic/hepatotoxicity,A,Results; paragraph 6,accept,cell viability/cytotoxicity,True,True,B,0.88,pmc_full_text,True,"FM10 had no significant cell toxicity, and RNA-seq analyses of FSHD and control myotubes revealed that FM10 down-regulated many transcriptional targets of DUX4, without overt off-target effects.",Accepted: therapeutic PMO candidate FM10 has a directly reported cell-toxicity result in FSHD/control myotubes.,codex_gpt-5.5_manual_agent,accept,ni_jie,B,
732,toxicity_endpoint,731,significant,26878886,PMC4754711,10.1038/srep21301,Morpholino-mediated SOD1 reduction ameliorates an amyotrophic lateral sclerosis disease phenotype.,hepatic/hepatotoxicity,A,Results > MOs rescue apoptosis-mediated death in fALS induced pluripotent stem cell-derived motor neurons; paragraph 10,abstain,none,False,False,NA,0.0,none,False,NONE,no source passage available; abstain required by Task A contract,codex_no_source_abstain_rule,reject,ni_jie,C,"Reject: PMID 26878886; the abstained record was checked at abstract level, but hepatic/hepatotoxicity is still not directly recoverable for significant."
733,toxicity_endpoint,732,CO2,26042553,PMC6415796manuscript-id: EMS82030,10.1021/acs.nanolett.5b00490,Self-Assembly into Nanoparticles Is Essential for Receptor Mediated Uptake of Therapeutic Antisense Oligonucleotides.,hepatic/hepatotoxicity,B,Methods > Cell culture and PCR; paragraph 23,reject,NA,False,True,NA,0.93,pmc_full_text,False,NONE,Rejected: study concerns ASO self-assembly and uptake mechanisms; loaded passage does not report a primary toxicity/safety endpoint for the ASO product.,codex_gpt-5.5_manual_agent,reject,ni_jie,C,Reject: PMID 26042553; Rejected: study concerns ASO self-assembly and uptake mechanisms; loaded passage does not report a primary toxicity/safety endpoint for the ASO product.
734,toxicity_endpoint,733,significant,25350581,PMC4217081,10.1038/mtna.2014.57,Antisense Oligonucleotide-mediated Suppression of Muscle Glycogen Synthase 1 Synthesis as an Approach for Substrate Reduction Therapy of Pompe Disease.,hepatic/hepatotoxicity,A,Results > Systemic administration of GS-PPMO does not elicit overt changes in histopathology and blood chemistry; paragraph 13,abstain,none,False,False,NA,0.0,none,False,NONE,no source passage available; abstain required by Task A contract,codex_no_source_abstain_rule,reject,ni_jie,C,"Reject: PMID 25350581; the abstained record was checked at abstract level, but hepatic/hepatotoxicity is still not directly recoverable for significant."
735,toxicity_endpoint,734,signalling,24866718,PMC4159403manuscript-id: NIHMS595159,10.1111/imb.12103,Knockdown of mitogen-activated protein kinase (MAPK) signalling in the midgut of Anopheles stephensi mosquitoes using antisense morpholinos.,hepatic/hepatotoxicity,B,Abstract; paragraph 1,abstain,none,False,False,NA,0.0,none,False,NONE,no source passage available; abstain required by Task A contract,codex_no_source_abstain_rule,reject,ni_jie,C,Reject: PMID 24866718 abstract/title reviewed; no clear in-scope hepatic/hepatotoxicity endpoint is grounded for signalling.
736,toxicity_endpoint,735,unspecified ASO,24586944,PMC3931823,10.1371/journal.pone.0089659,In vitro and in vivo activity of a novel locked nucleic acid (LNA)-inhibitor-miR-221 against multiple myeloma cells.,general toxicity/toxicity,B,Abstract > Methods; paragraph 2,accept,body weight/histopathology/general toxicity,True,True,B,0.91,pmc_full_text,True,"Exposure to LNA-i-miR-221 did not cause any significant behavioral changes or weight loss in animals. Histology did not reveal any organ damage or pathologic changes in the liver, kidney or heart tissues of treated mice (data not shown), which indicates that the treatment was not toxic.","Accepted: systemic LNA-i-miR-221 treatment in mice reports behavior, weight loss, and organ histology toxicity observations.",codex_gpt-5.5_manual_agent,accept,ni_jie,B,
737,toxicity_endpoint,736,significant,24506227,PMC4287843,10.1021/cb400875u,Targeting the r(CGG) repeats that cause FXTAS with modularly assembled small molecules and oligonucleotides.,hepatic/hepatotoxicity,B,Abstract; paragraph 1,abstain,none,False,False,NA,0.0,none,False,NONE,no source passage available; abstain required by Task A contract,codex_no_source_abstain_rule,reject,ni_jie,C,Reject: PMID 24506227; available abstract is not enough to curate hepatic/hepatotoxicity for significant as a verified toxicity record.
738,toxicity_endpoint,737,NC1,23982190,PMC3759741,10.1038/mtna.2013.46,Improved Performance of Anti-miRNA Oligonucleotides Using a Novel Non-Nucleotide Modifier.,hepatic/hepatotoxicity,A,Results > Toxicity of the different AMO designs; paragraph 35,reject,NA,False,False,NA,0.90,pmc_full_text,False,NONE,"Rejected: loaded passage only provides AMO design/toxicity background and a broad no-toxicity claim, without a grounded primary measured toxicity endpoint.",codex_gpt-5.5_manual_agent,reject,ni_jie,C,"Reject: PMID 23982190; Rejected: loaded passage only provides AMO design/toxicity background and a broad no-toxicity claim, without a grounded primary measured toxicity endpoint."
739,toxicity_endpoint,738,significantly,21179007,PMC3048192,10.1038/mt.2010.288,One-year treatment of morpholino antisense oligomer improves skeletal and cardiac muscle functions in dystrophic mdx mice.,general toxicity/toxicity,B,Abstract; paragraph 1,abstain,none,False,False,NA,0.0,none,False,NONE,no source passage available; abstain required by Task A contract,codex_no_source_abstain_rule,reject,ni_jie,C,Reject: PMID 21179007; significantly remains unsupported for general toxicity/toxicity after abstract-level review of 'One-year treatment of morpholino antisense oligomer improves skeletal and cardiac muscle funct?'.
740,toxicity_endpoint,739,silences,20498851,PMC2871785,10.1371/journal.pone.0010682,A locked nucleic acid antisense oligonucleotide (LNA) silences PCSK9 and enhances LDLR expression in vitro and in vivo.,general safety/cell viability/cytotoxicity,C,Results and Discussion > Cytotoxicity of LNA ASO; paragraph 45,abstain,none,False,False,NA,0.0,none,False,NONE,no source passage available; abstain required by Task A contract,codex_no_source_abstain_rule,reject,ni_jie,C,Reject: PMID 20498851 abstract/title reviewed; no clear in-scope general safety/cell viability/cytotoxicity endpoint is grounded for silences.
741,toxicity_endpoint,740,sinus,20615897,PMC2978335,10.1093/nar/gkq457,Short locked nucleic acid antisense oligonucleotides potently reduce apolipoprotein B mRNA and serum cholesterol in mice and non-human primates.,hepatic/hepatotoxicity,B,MATERIALS AND METHODS > Mouse studies; paragraph 11,abstain,none,False,False,NA,0.0,none,False,NONE,no source passage available; abstain required by Task A contract,codex_no_source_abstain_rule,reject,ni_jie,C,Reject: PMID 20615897; 'Short locked nucleic acid antisense oligonucleotides potently reduce apolipoprotein B mRNA and?' does not provide a sufficiently specific administered-oligo toxicity endpoint for sinus.
742,toxicity_endpoint,741,similar,20886816,PMC2993159manuscript-id: NIHMS242039,10.1021/ja105875e,An exocyclic methylene group acts as a bioisostere of the 2'-oxygen atom in LNA.,hepatic/hepatotoxicity,B,Abstract; paragraph 1,accept,hepatic/hepatotoxicity,True,True,B,0.89,pmc_full_text,True,The Methylene-cLNA ASO D1 and the R-Me-cLNA ASO D2 showed modest to no elevations in ALT levels at the highest does evaluated while the LNA ASO was toxic at the high dose.,Accepted: modified ASOs were administered in mice and plasma ALT elevations were measured as a liver injury endpoint.,codex_gpt-5.5_manual_agent,accept,ni_jie,B,
743,toxicity_endpoint,742,single,41876647,,10.1038/s41591-026-04262-4,LRRK2-targeting antisense oligonucleotide in Parkinson's disease: a phase 1 randomized controlled trial.,general safety/systemic safety/tolerability,B,PubMed abstract,abstain,none,False,False,NA,0.0,none,False,NONE,no source passage available; abstain required by Task A contract,codex_no_source_abstain_rule,accept,ni_jie,B,"Accept B: PubMed abstract gives a direct abstract-level signal for general safety/systemic safety/tolerability in single; no full passage, so curator kept confidence limited."
744,toxicity_endpoint,743,situ,41711123,,10.1177/21593337261417504,"Investigating the Biophysical Properties and In Vivo Activity of 7',5'-Alpha-Bicyclo-DNA Phosphodiester Backbone Gapmer Antisense Oligonucleotides.",general safety/systemic safety/tolerability,B,PubMed abstract sentence 5,abstain,none,False,False,NA,0.0,none,False,NONE,no source passage available; abstain required by Task A contract,codex_no_source_abstain_rule,reject,ni_jie,C,Reject: PMID 41711123 abstract/title reviewed; no clear in-scope general safety/systemic safety/tolerability endpoint is grounded for situ.
745,toxicity_endpoint,744,siRNA,42214258,,10.1016/j.dmd.2026.100301,Comparative evaluation of ultrafiltration and EMSA formats for siRNA plasma protein binding: Methodological determinants and artifacts.,hepatic/hepatotoxicity,C,PubMed abstract,abstain,none,False,False,NA,0.0,none,False,NONE,no source passage available; abstain required by Task A contract,codex_no_source_abstain_rule,reject,ni_jie,C,Reject: PMID 42214258; no source passage or abstract wording gives a dependable toxicity call for siRNA.
746,toxicity_endpoint,745,silencing,42155236,,10.1016/j.jcis.2026.140735,"PEG-lipid structure controls in vitro PEG shedding, surface remodeling, and timing of lipid nanoparticle-mediated silencing.",hepatic/hepatotoxicity,C,PubMed abstract,accept,cell viability/cytotoxicity,True,True,C,0.78,pubmed_abstract,True,"These differences translate into formulation-dependent cellular uptake and gene silencing kinetics in HCT116 cells, with LNPDMG/DSPE reaching a functional ""sweet spot"" between rapid onset and sustained silencing without detectable cytotoxicity.",Accepted: siRNA-loaded LNP formulation is linked in the abstract to an observed absence of detectable cytotoxicity in cells.,codex_gpt-5.5_manual_agent,reject,ni_jie,C,Reject after curator re-read: PMID 42155236; previous accept was too weak/generic for hepatic/hepatotoxicity in silencing. Basis checked: Accepted: siRNA-loaded LNP formulation is linked in the abstract to an observed absence of detectable cytotoxicity in cells.
747,toxicity_endpoint,746,siRNA,42097228,,10.1016/j.jconrel.2026.114973,In vivo genetic circuit drives systemic PARP1 siRNA assembly into small extracellular vesicles for BRCA2-deficient breast cancer therapy.,hepatic/hepatotoxicity,B,PubMed abstract,abstain,none,False,False,NA,0.0,none,False,NONE,no source passage available; abstain required by Task A contract,codex_no_source_abstain_rule,reject,ni_jie,C,Reject: PMID 42097228; available abstract is not enough to curate hepatic/hepatotoxicity for siRNA as a verified toxicity record.
748,toxicity_endpoint,747,significant,41411532,,10.1021/acsinfecdis.5c00779,Rational Design of Chimeric Antisense Oligonucleotides that Target FMN Riboswitch mRNAs and Inhibit the Growth of Methicillin-Resistant Staphylococcus aureus.,general safety/cell viability/cytotoxicity,C,PubMed abstract,abstain,none,False,False,NA,0.0,none,False,NONE,no source passage available; abstain required by Task A contract,codex_no_source_abstain_rule,reject,ni_jie,C,Reject: PMID 41411532; significant remains unsupported for general safety/cell viability/cytotoxicity after abstract-level review of 'Rational Design of Chimeric Antisense Oligonucleotides that Target FMN Riboswitch mRNAs and In?'.
749,toxicity_endpoint,748,significantly,41936854,,10.1016/j.tox.2026.154457,Reduced NR2F6 expression reshapes the VPA-induced transcriptome in human hepatocytes and increases lipid accumulation.,hepatic/hepatotoxicity,C,PubMed abstract,reject,NA,False,False,NA,0.99,pubmed_abstract,False,NONE,"Rejected: shRNA is a screening/knockdown tool used to study valproic-acid hepatotoxicity; the toxic exposure is VPA, not an oligo therapeutic.",codex_gpt-5.5_manual_agent,reject,ni_jie,C,"Reject: PMID 41936854; Rejected: shRNA is a screening/knockdown tool used to study valproic-acid hepatotoxicity; the toxic exposure is VPA, not an oligo therapeutic."
750,toxicity_endpoint,749,siRNA-Loaded,41832714,,10.2174/0113816128410562251204115232,Advances in siRNA-Loaded Nanocarriers: Harnessing Cutting-Edge Technologies for Precision Cancer Treatment.,hepatic/hepatotoxicity,B,PubMed abstract,abstain,none,False,False,NA,0.0,none,False,NONE,no source passage available; abstain required by Task A contract,codex_no_source_abstain_rule,reject,ni_jie,C,Reject: PMID 41832714; no source passage or abstract wording gives a dependable toxicity call for siRNA-Loaded.
751,toxicity_endpoint,750,siRNA,41570670,,10.1016/j.biomaterials.2026.124002,Transforming lipid nanoparticles into radio-activatable therapeutics through synergistic ferroptosis for enhanced cancer radiotherapy.,hepatic/hepatotoxicity,C,PubMed abstract,abstain,none,False,False,NA,0.0,none,False,NONE,no source passage available; abstain required by Task A contract,codex_no_source_abstain_rule,reject,ni_jie,C,Reject: PMID 41570670 abstract/title reviewed; no clear in-scope hepatic/hepatotoxicity endpoint is grounded for siRNA.
752,toxicity_endpoint,751,siRNA,42037220,,10.1021/acsinfecdis.6c00095,Rational Design and Screening of Chemically Modified Anti-SARS-CoV-2 siRNA.,general safety/cell viability/cytotoxicity,C,PubMed abstract sentence 5,abstain,none,False,False,NA,0.0,none,False,NONE,no source passage available; abstain required by Task A contract,codex_no_source_abstain_rule,reject,ni_jie,C,Reject: PMID 42037220; available abstract is not enough to curate general safety/cell viability/cytotoxicity for siRNA as a verified toxicity record.
753,toxicity_endpoint,752,silencing,41644074,,10.1016/j.ijpharm.2026.126654,Gene silencing meets chemotherapy: A dual topical strategy using lipid nanoparticles against squamous cell carcinoma.,hepatic/hepatotoxicity,B,PubMed abstract,reject,NA,False,True,NA,0.98,pubmed_abstract,False,NONE,"Rejected: reported cytotoxicity/apoptosis is squamous carcinoma antitumor efficacy of siRNA/5-FU nanoparticles, not product safety.",codex_gpt-5.5_manual_agent,reject,ni_jie,C,"Reject: PMID 41644074; Rejected: reported cytotoxicity/apoptosis is squamous carcinoma antitumor efficacy of siRNA/5-FU nanoparticles, not product safety."
754,toxicity_endpoint,753,siRNA-micelles,41443351,,10.1016/j.jconrel.2025.114568,Structurally-defined non-cationic docosahexaenoic acid based siRNA-micelles for safe and effective combinatorial glioblastoma therapy.,hepatic/hepatotoxicity,B,PubMed abstract,abstain,none,False,False,NA,0.0,none,False,NONE,no source passage available; abstain required by Task A contract,codex_no_source_abstain_rule,accept,ni_jie,C,"Accept C: PubMed abstract gives a weak abstract-level signal for hepatic/hepatotoxicity in siRNA-micelles; no full passage, so curator kept confidence limited."
755,toxicity_endpoint,754,siRNA-mediated,42191889,,10.1038/s41434-026-00620-6,Characterization of CAR-T cell factors that contribute to myeloid cell activation.,hepatic/hepatotoxicity,C,PubMed abstract,abstain,none,False,False,NA,0.0,none,False,NONE,no source passage available; abstain required by Task A contract,codex_no_source_abstain_rule,reject,ni_jie,C,Reject: PMID 42191889 abstract/title reviewed; no clear in-scope hepatic/hepatotoxicity endpoint is grounded for siRNA-mediated.
756,toxicity_endpoint,755,silencing,42176919,,10.1016/j.ijbiomac.2026.152671,Bif-1 upregulates autophagy to improve nitrite tolerance of Litopenaeus vannamei by interacts with Prohibitin-2.,renal/renal safety,C,PubMed abstract,abstain,none,False,False,NA,0.0,none,False,NONE,no source passage available; abstain required by Task A contract,codex_no_source_abstain_rule,reject,ni_jie,C,Reject: PMID 42176919; no source passage or abstract wording gives a dependable toxicity call for silencing.
757,toxicity_endpoint,756,significant,42176843,,10.1016/j.tox.2026.154505,ALDH1A3-dependent ferroptosis mediates hexafluoropropylene oxide dimer acid-induced trophoblast dysfunction.,hepatic/hepatotoxicity,B,PubMed abstract,abstain,none,False,False,NA,0.0,none,False,NONE,no source passage available; abstain required by Task A contract,codex_no_source_abstain_rule,reject,ni_jie,C,"Reject: PMID 42176843; the abstained record was checked at abstract level, but hepatic/hepatotoxicity is still not directly recoverable for significant."
758,toxicity_endpoint,757,singleton,42143999,,10.1016/j.placenta.2026.05.009,In vitro fertilization-associated osteomodulin upregulation is linked to impaired placental angiogenesis.,hepatic/hepatotoxicity,B,PubMed abstract,abstain,none,False,False,NA,0.0,none,False,NONE,no source passage available; abstain required by Task A contract,codex_no_source_abstain_rule,reject,ni_jie,C,Reject: PMID 42143999; singleton remains unsupported for hepatic/hepatotoxicity after abstract-level review of 'In vitro fertilization-associated osteomodulin upregulation is linked to impaired placental an?'.
759,toxicity_endpoint,758,signals,42108271,,10.1038/s41591-026-04408-4,The microRNA inhibitor CDR132L in patients with reduced left ventricular ejection fraction after myocardial infarction: a randomized phase 2 trial.,hepatic/hepatotoxicity,B,PubMed abstract,abstain,none,False,False,NA,0.0,none,False,NONE,no source passage available; abstain required by Task A contract,codex_no_source_abstain_rule,accept,ni_jie,B,"Accept B: PubMed abstract gives a direct abstract-level signal for hepatic/hepatotoxicity in signals; no full passage, so curator kept confidence limited."
760,toxicity_endpoint,759,unspecified ASO,42099136,,10.2174/0115665232415170251130041834,"Hutchinson-Gilford Progeria Syndrome: Genetic Insights, Clinical Challenges, and Innovative Therapeutic Approaches.",hepatic/hepatotoxicity,B,PubMed abstract,abstain,none,False,False,NA,0.0,none,False,NONE,no source passage available; abstain required by Task A contract,codex_no_source_abstain_rule,reject,ni_jie,C,"Reject: PMID 42099136; the abstained record was checked at abstract level, but hepatic/hepatotoxicity is still not directly recoverable for unspecified ASO."
761,toxicity_endpoint,760,silencing,42098773,,10.1186/s12951-026-04450-x,Tumor-targeted liposomal RNAi therapy suppresses breast cancer and modulates tumor microenvironment.,hepatic/hepatotoxicity,B,PubMed abstract,abstain,none,False,False,NA,0.0,none,False,NONE,no source passage available; abstain required by Task A contract,codex_no_source_abstain_rule,reject,ni_jie,C,Reject: PMID 42098773; silencing remains unsupported for hepatic/hepatotoxicity after abstract-level review of 'Tumor-targeted liposomal RNAi therapy suppresses breast cancer and modulates tumor microenviro?'.
762,toxicity_endpoint,761,Silver,42076851,,10.1002/jat.70234,TFEB Attenuates Silver Nanoparticle-Induced Pulmonary Ferroptosis by Preserving Lysosomal Integrity and Limiting Iron Dysregulation.,hepatic/hepatotoxicity,C,PubMed abstract,abstain,none,False,False,NA,0.0,none,False,NONE,no source passage available; abstain required by Task A contract,codex_no_source_abstain_rule,reject,ni_jie,C,Reject: PMID 42076851; available abstract is not enough to curate hepatic/hepatotoxicity for Silver as a verified toxicity record.
763,toxicity_endpoint,762,unspecified ASO,42067490,,10.1053/j.seminhematol.2026.03.012,Diagnosis and management of hematologic malignancies in the context of telomere biology disorders.,hepatic/hepatotoxicity,B,PubMed abstract,abstain,none,False,False,NA,0.0,none,False,NONE,no source passage available; abstain required by Task A contract,codex_no_source_abstain_rule,reject,ni_jie,C,Reject: PMID 42067490; available abstract is not enough to curate hepatic/hepatotoxicity for unspecified ASO as a verified toxicity record.
764,toxicity_endpoint,763,significant,42060212,,10.1007/s12672-026-05086-x,A patient-derived organoid model identifies TP53-dependent gemcitabine sensitivity in spinal chordoma.,general safety/cell viability/cytotoxicity,B,PubMed abstract,abstain,none,False,False,NA,0.0,none,False,NONE,no source passage available; abstain required by Task A contract,codex_no_source_abstain_rule,reject,ni_jie,C,Reject: PMID 42060212; 'A patient-derived organoid model identifies TP53-dependent gemcitabine sensitivity in spinal c?' does not provide a sufficiently specific administered-oligo toxicity endpoint for significant.
765,toxicity_endpoint,764,significantly,42046304,,10.1111/pce.70568,The MdERF1B-MdWRKY75-MdSOS3 Module Confers Salt Tolerance by Regulating Sodium-Potassium Homoeostasis in Apple.,hepatic/hepatotoxicity,C,PubMed abstract,abstain,none,False,False,NA,0.0,none,False,NONE,no source passage available; abstain required by Task A contract,codex_no_source_abstain_rule,reject,ni_jie,C,Reject: PMID 42046304; no source passage or abstract wording gives a dependable toxicity call for significantly.
766,toxicity_endpoint,765,signaling,42007566,,10.1021/acs.molpharmaceut.5c01868,Smart Magnetic Nanozyme for Multimodal Dynamic Regulation to Reverse Multidrug Resistance in Breast Cancer.,hepatic/hepatotoxicity,B,PubMed abstract,abstain,none,False,False,NA,0.0,none,False,NONE,no source passage available; abstain required by Task A contract,codex_no_source_abstain_rule,reject,ni_jie,C,"Reject: PMID 42007566; the abstained record was checked at abstract level, but hepatic/hepatotoxicity is still not directly recoverable for signaling."
767,toxicity_endpoint,766,siRNA,41996792,,10.1016/j.ecoenv.2026.120154,Di-(2-ethylhexyl) phthalate induces spermatogenic dysfunction via p38/NCOA4-dependent ferritinophagy and ferroptosis in Sertoli cells.,general safety/cell viability/cytotoxicity,C,PubMed abstract,abstain,none,False,False,NA,0.0,none,False,NONE,no source passage available; abstain required by Task A contract,codex_no_source_abstain_rule,reject,ni_jie,C,Reject: PMID 41996792; no source passage or abstract wording gives a dependable toxicity call for siRNA.
768,toxicity_endpoint,767,siRNA,41967235,,10.1016/j.phymed.2026.158143,Betulinic acid induces lysosome-dependent death in prostate cancer by targeting DDX5.,renal/renal safety,B,PubMed abstract,abstain,none,False,False,NA,0.0,none,False,NONE,no source passage available; abstain required by Task A contract,codex_no_source_abstain_rule,reject,ni_jie,C,Reject: PMID 41967235; no source passage or abstract wording gives a dependable toxicity call for siRNA.
769,toxicity_endpoint,768,siRNAs,41962730,,10.1016/j.actbio.2026.04.008,Carrier-free spherical nucleic acids engineered by coordination-competition for programmable release and cancer immunotherapy.,hepatic/hepatotoxicity,C,PubMed abstract,abstain,none,False,False,NA,0.0,none,False,NONE,no source passage available; abstain required by Task A contract,codex_no_source_abstain_rule,reject,ni_jie,C,Reject: PMID 41962730; siRNAs remains unsupported for hepatic/hepatotoxicity after abstract-level review of 'Carrier-free spherical nucleic acids engineered by coordination-competition for programmable r?'.
770,toxicity_endpoint,769,siRNA,41956481,,10.1667/RADE-25-00117.1,Apigenin Enhances the Radiosensitivity of TNBC Cells by Improving cGAS-STING Pathway Activity.,hepatic/hepatotoxicity,C,PubMed abstract,abstain,none,False,False,NA,0.0,none,False,NONE,no source passage available; abstain required by Task A contract,codex_no_source_abstain_rule,reject,ni_jie,C,Reject: PMID 41956481; available abstract is not enough to curate hepatic/hepatotoxicity for siRNA as a verified toxicity record.
771,toxicity_endpoint,770,siRNA,41950730,,10.1016/j.phymed.2026.158146,Characterization of cyclotide Vdif A from Viola diffusa inhibits non-small cell lung cancer cells via regulation of CKS2.,renal/renal safety,B,PubMed abstract,abstain,none,False,False,NA,0.0,none,False,NONE,no source passage available; abstain required by Task A contract,codex_no_source_abstain_rule,reject,ni_jie,C,Reject: PMID 41950730; no source passage or abstract wording gives a dependable toxicity call for siRNA.
772,toxicity_endpoint,771,significantly,41932596,,10.1016/j.yexcr.2026.115007,Zn(2+)-dependent modulation of the mitochondrial Ca(2+) uniporter underlies resveratrol-mediated protection against myocardial ischemia-reperfusion injury.,hepatic/hepatotoxicity,C,PubMed abstract,abstain,none,False,False,NA,0.0,none,False,NONE,no source passage available; abstain required by Task A contract,codex_no_source_abstain_rule,reject,ni_jie,C,"Reject: PMID 41932596; the abstained record was checked at abstract level, but hepatic/hepatotoxicity is still not directly recoverable for significantly."
773,toxicity_endpoint,772,Single-cell,41932066,,10.1016/j.dnarep.2026.103934,Single-cell transcriptomics reveal PRRC1 as a malignant cell enriched driver of DNA repair and therapy resistance in glioblastoma.,hepatic/hepatotoxicity,B,PubMed abstract,abstain,none,False,False,NA,0.0,none,False,NONE,no source passage available; abstain required by Task A contract,codex_no_source_abstain_rule,reject,ni_jie,C,Reject: PMID 41932066; Single-cell remains unsupported for hepatic/hepatotoxicity after abstract-level review of 'Single-cell transcriptomics reveal PRRC1 as a malignant cell enriched driver of DNA repair and?'.
774,toxicity_endpoint,773,significantly,41930872,,10.1016/j.intimp.2026.116524,Serine mediates protection against calcium oxalate nephrolithiasis by attenuating tubular epithelial cell apoptosis through the SDSL-IDH2 axis.,renal/renal safety,B,PubMed abstract,abstain,none,False,False,NA,0.0,none,False,NONE,no source passage available; abstain required by Task A contract,codex_no_source_abstain_rule,reject,ni_jie,C,Reject: PMID 41930872; no source passage or abstract wording gives a dependable toxicity call for significantly.
775,toxicity_endpoint,774,significantly,41876006,,10.1016/j.bbadis.2026.168229,Securinine suppresses pancreatic cancer progression by activating the p38 MAPK pathway to upregulate CHOP and induce endoplasmic reticulum stress.,hepatic/hepatotoxicity,B,PubMed abstract,abstain,none,False,False,NA,0.0,none,False,NONE,no source passage available; abstain required by Task A contract,codex_no_source_abstain_rule,reject,ni_jie,C,Reject: PMID 41876006; 'Securinine suppresses pancreatic cancer progression by activating the p38 MAPK pathway to upre?' does not provide a sufficiently specific administered-oligo toxicity endpoint for significantly.
776,toxicity_endpoint,775,RAC1,41857757,,10.1093/neuonc/noag057,RAC1 Regulates SHH-Medulloblastoma Growth via GLI-Mediated Transcription.,hepatic/hepatotoxicity,C,PubMed abstract sentence 3,abstain,none,False,False,NA,0.0,none,False,NONE,no source passage available; abstain required by Task A contract,codex_no_source_abstain_rule,reject,ni_jie,C,Reject: PMID 41857757; available abstract is not enough to curate hepatic/hepatotoxicity for RAC1 as a verified toxicity record.
777,toxicity_endpoint,776,simulations,41839309,,10.1016/j.ejps.2026.107503,Preclinical validation of tetrahydroquinoline derivatives as EGFR inhibitor inducing glioblastoma cell death.,hepatic/hepatotoxicity,B,PubMed abstract,abstain,none,False,False,NA,0.0,none,False,NONE,no source passage available; abstain required by Task A contract,codex_no_source_abstain_rule,reject,ni_jie,C,"Reject: PMID 41839309; the abstained record was checked at abstract level, but hepatic/hepatotoxicity is still not directly recoverable for simulations."
778,toxicity_endpoint,777,significant,41831864,,10.1016/j.pestbp.2026.106996,Clothianidin resistance in field populations of Nilaparvata lugens Stål.,hepatic/hepatotoxicity,C,PubMed abstract,abstain,none,False,False,NA,0.0,none,False,NONE,no source passage available; abstain required by Task A contract,codex_no_source_abstain_rule,reject,ni_jie,C,Reject: PMID 41831864; available abstract is not enough to curate hepatic/hepatotoxicity for significant as a verified toxicity record.
779,toxicity_endpoint,778,SIRT1-regulated,41831738,,10.1016/j.jep.2026.121525,Quercetin enhances skin flap survival via SIRT1-regulated mitophagy promotion and pyroptosis inhibition.,hepatic/hepatotoxicity,C,PubMed abstract,abstain,none,False,False,NA,0.0,none,False,NONE,no source passage available; abstain required by Task A contract,codex_no_source_abstain_rule,reject,ni_jie,C,Reject: PMID 41831738; available abstract is not enough to curate hepatic/hepatotoxicity for SIRT1-regulated as a verified toxicity record.
780,toxicity_endpoint,779,tofersen,41821425,,10.1080/21678421.2026.2638589,Tofersen treatment in SOD1 p.Leu145Phe ALS: real-world outcomes in a genetically homogeneous Croatian cohort.,general safety/systemic safety/tolerability,B,PubMed abstract,abstain,none,False,False,NA,0.0,none,False,NONE,no source passage available; abstain required by Task A contract,codex_no_source_abstain_rule,reject,ni_jie,C,"Reject: PMID 41821425; the abstained record was checked at abstract level, but general safety/systemic safety/tolerability is still not directly recoverable for tofersen."
781,toxicity_endpoint,780,siRNA-mediated,41818944,,10.1016/j.phymed.2026.158029,Huaier-derived arnicolide D induces ferroptosis in gastric cancer via SRC/TNF-mediated GPX4 inactivation.,hepatic/hepatotoxicity,B,PubMed abstract,abstain,none,False,False,NA,0.0,none,False,NONE,no source passage available; abstain required by Task A contract,codex_no_source_abstain_rule,reject,ni_jie,C,Reject: PMID 41818944; 'Huaier-derived arnicolide D induces ferroptosis in gastric cancer via SRC/TNF-mediated GPX4 in?' does not provide a sufficiently specific administered-oligo toxicity endpoint for siRNA-mediated.
782,toxicity_endpoint,781,unspecified ASO,41806608,,10.1016/j.bioorg.2026.109710,Red-light-activated and thermally-stable amido-dithienylethenes for the reversible control of G-quadruplex binding and anticancer activity.,hepatic/hepatotoxicity,C,PubMed abstract,abstain,none,False,False,NA,0.0,none,False,NONE,no source passage available; abstain required by Task A contract,codex_no_source_abstain_rule,reject,ni_jie,C,Reject: PMID 41806608; no source passage or abstract wording gives a dependable toxicity call for unspecified ASO.
783,toxicity_endpoint,782,signaling,41775213,,10.1016/j.phymed.2026.157949,Neveskin from Ferula samarcandica exerts anti-gastric cancer effects via the Hippo-YAP signaling pathway.,hepatic/hepatotoxicity,B,PubMed abstract,abstain,none,False,False,NA,0.0,none,False,NONE,no source passage available; abstain required by Task A contract,codex_no_source_abstain_rule,reject,ni_jie,C,Reject: PMID 41775213; signaling remains unsupported for hepatic/hepatotoxicity after abstract-level review of 'Neveskin from Ferula samarcandica exerts anti-gastric cancer effects via the Hippo-YAP signali?'.
784,toxicity_endpoint,783,unspecified ASO,41721069,,10.1007/s11095-026-04034-2,Targeted Gene Therapy for Mutated H-ras and C-raf.1 Genes Exhibited Variable Efficacy in Inhibiting Hepatocellular Carcinoma in Rats: A Mechanistic Approach.,hepatic/hepatotoxicity,C,PubMed abstract sentence 3,abstain,none,False,False,NA,0.0,none,False,NONE,no source passage available; abstain required by Task A contract,codex_no_source_abstain_rule,reject,ni_jie,C,"Reject: PMID 41721069; the abstained record was checked at abstract level, but hepatic/hepatotoxicity is still not directly recoverable for unspecified ASO."
785,toxicity_endpoint,784,signaling,41707964,,10.1016/j.mcn.2026.104074,4-MEC potentially triggers CAV1 via the BDNF-TrkB signaling pathway.,hepatic/hepatotoxicity,C,PubMed abstract,abstain,none,False,False,NA,0.0,none,False,NONE,no source passage available; abstain required by Task A contract,codex_no_source_abstain_rule,reject,ni_jie,C,Reject: PMID 41707964; '4-MEC potentially triggers CAV1 via the BDNF-TrkB signaling pathway.' does not provide a sufficiently specific administered-oligo toxicity endpoint for signaling.
786,toxicity_endpoint,785,side,41617419,,10.21873/anticanres.17975,Synergistic Effects of Honokiol on Camptothecin-triggered Apoptosis of Drug-resistant Glioblastoma Cells via CDK1-mediated G(2)/M Arrest and Intrinsic ROS-Mitochondrion-dependent Pathway.,hepatic/hepatotoxicity,B,PubMed abstract,abstain,none,False,False,NA,0.0,none,False,NONE,no source passage available; abstain required by Task A contract,codex_no_source_abstain_rule,reject,ni_jie,C,Reject: PMID 41617419; available abstract is not enough to curate hepatic/hepatotoxicity for side as a verified toxicity record.
787,toxicity_endpoint,786,Hsc70-Bim,41582000,,10.1002/ptr.70220,Celastrol Targets Hsc70-Bim Interaction as a Novel Senolytic to Extend Lifespan and Mitigate Organ Fibrosis.,hepatic/hepatotoxicity,B,PubMed abstract,abstain,none,False,False,NA,0.0,none,False,NONE,no source passage available; abstain required by Task A contract,codex_no_source_abstain_rule,reject,ni_jie,C,"Reject: PMID 41582000; the abstained record was checked at abstract level, but hepatic/hepatotoxicity is still not directly recoverable for Hsc70-Bim."
788,toxicity_endpoint,787,siRNA,41564474,,10.1016/j.intimp.2026.116202,MAP3K19 promotes the progression of hypopharyngeal cancer by suppressing dendritic cell maturation through mediating NF-κB activation and PD-L1 expression.,hepatic/hepatotoxicity,B,PubMed abstract,abstain,none,False,False,NA,0.0,none,False,NONE,no source passage available; abstain required by Task A contract,codex_no_source_abstain_rule,reject,ni_jie,C,Reject: PMID 41564474 abstract/title reviewed; no clear in-scope hepatic/hepatotoxicity endpoint is grounded for siRNA.
789,toxicity_endpoint,788,significant,41548790,,10.1016/j.ijbiomac.2026.150303,PSMA RNA aptamer A10-3.2 conjugated with indocyanine green for rapid intraoperative imaging and effective mild photothermal therapy of prostate cancer.,hepatic/hepatotoxicity,B,PubMed abstract,abstain,none,False,False,NA,0.0,none,False,NONE,no source passage available; abstain required by Task A contract,codex_no_source_abstain_rule,reject,ni_jie,C,Reject: PMID 41548790 abstract/title reviewed; no clear in-scope hepatic/hepatotoxicity endpoint is grounded for significant.
790,toxicity_endpoint,789,siRNA,41548376,,10.1016/j.ejphar.2026.178563,PEGylated cerium oxide nanoparticles alleviate osteoarthritis progression by inhibiting chondrocyte ferroptosis and maintaining cartilage homeostasis.,hepatic/hepatotoxicity,B,PubMed abstract,abstain,none,False,False,NA,0.0,none,False,NONE,no source passage available; abstain required by Task A contract,codex_no_source_abstain_rule,reject,ni_jie,C,"Reject: PMID 41548376; the abstained record was checked at abstract level, but hepatic/hepatotoxicity is still not directly recoverable for siRNA."
791,toxicity_endpoint,790,silence,41492227,,10.1002/adhm.202505100,Orchestrated Photothermal Nanoreactor Promoted Cuproptosis for Synergistic Cancer Therapy Through Glutathione Depletion and Gene Regulation.,hepatic/hepatotoxicity,C,PubMed abstract,abstain,none,False,False,NA,0.0,none,False,NONE,no source passage available; abstain required by Task A contract,codex_no_source_abstain_rule,reject,ni_jie,C,Reject: PMID 41492227; available abstract is not enough to curate hepatic/hepatotoxicity for silence as a verified toxicity record.
792,toxicity_endpoint,791,signature,41483378,,10.1007/s13577-025-01344-2,A p53-responsive microRNA-100 released from cardiomyoblasts serves as an early biomarker for acute coronary syndrome.,hepatic/hepatotoxicity,B,PubMed abstract,abstain,none,False,False,NA,0.0,none,False,NONE,no source passage available; abstain required by Task A contract,codex_no_source_abstain_rule,reject,ni_jie,C,Reject: PMID 41483378 abstract/title reviewed; no clear in-scope hepatic/hepatotoxicity endpoint is grounded for signature.
793,toxicity_endpoint,792,Silencers,41470012,,10.1002/smll.202506474,Molecular Materials as Fluorescent Nano Gene Silencers: Peptide Gold Cluster as Promising Cancer Theranostics.,hepatic/hepatotoxicity,C,PubMed abstract,abstain,none,False,False,NA,0.0,none,False,NONE,no source passage available; abstain required by Task A contract,codex_no_source_abstain_rule,reject,ni_jie,C,Reject: PMID 41470012; no source passage or abstract wording gives a dependable toxicity call for Silencers.
794,toxicity_endpoint,793,single-walled,41461321,,10.1016/j.tox.2025.154388,Macrophage-epithelial cells crosstalk and the role of CCL2-CCR2 axis in single-walled carbon nanotubes-induced lung inflammation and fibrosis.,immunotoxicity/immune activation,B,PubMed abstract,abstain,none,False,False,NA,0.0,none,False,NONE,no source passage available; abstain required by Task A contract,codex_no_source_abstain_rule,reject,ni_jie,C,"Reject: PMID 41461321; the abstained record was checked at abstract level, but immunotoxicity/immune activation is still not directly recoverable for single-walled."
795,toxicity_endpoint,794,Rab3a-directed,41453580,,10.1016/j.bbadis.2025.168148,Repair of amyloid-β-induced plasma membrane damage via coordinated P21-activated kinase activation and Rab3a-directed vesicle fusion.,hepatic/hepatotoxicity,C,PubMed abstract,abstain,none,False,False,NA,0.0,none,False,NONE,no source passage available; abstain required by Task A contract,codex_no_source_abstain_rule,reject,ni_jie,C,Reject: PMID 41453580; available abstract is not enough to curate hepatic/hepatotoxicity for Rab3a-directed as a verified toxicity record.
796,toxicity_endpoint,795,sites,41422812,,10.1016/S2213-8587(25)00290-6,"Zodasiran, an RNAi therapeutic targeting ANGPTL3, for treating patients with homozygous familial hypercholesterolaemia (GATEWAY): an open-label, randomised, phase 2 trial.",hepatic/hepatotoxicity,B,PubMed abstract,abstain,none,False,False,NA,0.0,none,False,NONE,no source passage available; abstain required by Task A contract,codex_no_source_abstain_rule,reject,ni_jie,C,Reject: PMID 41422812; available abstract is not enough to curate hepatic/hepatotoxicity for sites as a verified toxicity record.
797,toxicity_endpoint,796,siRNA,41422761,,10.1016/j.jcis.2025.139717,Promoting endogenous iron mediated ferroptosis for cancer therapy through gene interference and reactive oxygen species amplification.,hepatic/hepatotoxicity,B,PubMed abstract,abstain,none,False,False,NA,0.0,none,False,NONE,no source passage available; abstain required by Task A contract,codex_no_source_abstain_rule,reject,ni_jie,C,Reject: PMID 41422761 abstract/title reviewed; no clear in-scope hepatic/hepatotoxicity endpoint is grounded for siRNA.
798,toxicity_endpoint,797,siRNA,41418634,,10.1016/j.phymed.2025.157649,Ginsenoside F3 alleviates T cell exhaustion via RIPOR2-mediated immunometabolic reprogramming to potentiate anti-PD-1 therapy.,hepatic/hepatotoxicity,B,PubMed abstract,abstain,none,False,False,NA,0.0,none,False,NONE,no source passage available; abstain required by Task A contract,codex_no_source_abstain_rule,reject,ni_jie,C,Reject: PMID 41418634; 'Ginsenoside F3 alleviates T cell exhaustion via RIPOR2-mediated immunometabolic reprogramming?' does not provide a sufficiently specific administered-oligo toxicity endpoint for siRNA.
799,toxicity_endpoint,798,siMDR1,41360238,,10.1016/j.ijbiomac.2025.149478,Cancer cell membrane-biomimetic and antioxidant-powered nanoplatform for overcoming multidrug resistance in triple-negative breast cancer.,hepatic/hepatotoxicity,C,PubMed abstract,abstain,none,False,False,NA,0.0,none,False,NONE,no source passage available; abstain required by Task A contract,codex_no_source_abstain_rule,reject,ni_jie,C,"Reject: PMID 41360238; the abstained record was checked at abstract level, but hepatic/hepatotoxicity is still not directly recoverable for siMDR1."
800,toxicity_endpoint,799,silencing,41351883,,10.1093/jee/toaf269,RNAi-targeted silencing of OdfoCYP301A1 and OdfoGSTo1 increased the susceptibility of Odontotermes formosanus (Blattodea: Termitidae) to the nonsteroidal ecdysone agonist RH-5849.,hepatic/hepatotoxicity,C,PubMed abstract,reject,NA,False,False,NA,0.99,pubmed_abstract,False,NONE,Rejected: agricultural termite RNAi/insecticide susceptibility study; not therapeutic oligonucleotide safety.,codex_gpt-5.5_manual_agent,reject,ni_jie,C,Reject: PMID 41351883; Rejected: agricultural termite RNAi/insecticide susceptibility study; not therapeutic oligonucleotide safety.
801,toxicity_endpoint,800,simultaneously,41344487,,10.1016/j.jconrel.2025.114493,Immunological conversion of triple-negative breast cancer by engineered extracellular vesicle-mediated pyroptosis.,hepatic/hepatotoxicity,B,PubMed abstract,abstain,none,False,False,NA,0.0,none,False,NONE,no source passage available; abstain required by Task A contract,codex_no_source_abstain_rule,reject,ni_jie,C,Reject: PMID 41344487; no source passage or abstract wording gives a dependable toxicity call for simultaneously.
802,toxicity_endpoint,801,signaling,41344272,,10.1016/j.phymed.2025.157640,Harmine inhibits non-small cell lung cancer growth by targeting phosphodiesterase4D and inducing ferroptosis.,hepatic/hepatotoxicity,C,PubMed abstract,abstain,none,False,False,NA,0.0,none,False,NONE,no source passage available; abstain required by Task A contract,codex_no_source_abstain_rule,reject,ni_jie,C,Reject: PMID 41344272; 'Harmine inhibits non-small cell lung cancer growth by targeting phosphodiesterase4D and induci?' does not provide a sufficiently specific administered-oligo toxicity endpoint for signaling.
803,toxicity_endpoint,802,Silver,41317784,,10.1016/j.fct.2025.115869,NCOA4-mediated ferritinophagy regulates AgNP-induced ferroptosis in lung cells.,general safety/cell viability/cytotoxicity,C,PubMed abstract,abstain,none,False,False,NA,0.0,none,False,NONE,no source passage available; abstain required by Task A contract,codex_no_source_abstain_rule,reject,ni_jie,C,Reject: PMID 41317784; 'NCOA4-mediated ferritinophagy regulates AgNP-induced ferroptosis in lung cells.' does not provide a sufficiently specific administered-oligo toxicity endpoint for Silver.
804,toxicity_endpoint,803,siRNA,41161393,,10.1016/j.freeradbiomed.2025.10.287,Cadmium induces ferroptosis in B cells via ATP6V0A1-upregulated lysosomal ferritinophagy: insights from murine transcriptomics and human cellular models.,hepatic/hepatotoxicity,C,PubMed abstract,abstain,none,False,False,NA,0.0,none,False,NONE,no source passage available; abstain required by Task A contract,codex_no_source_abstain_rule,reject,ni_jie,C,"Reject: PMID 41161393; the abstained record was checked at abstract level, but hepatic/hepatotoxicity is still not directly recoverable for siRNA."
805,toxicity_endpoint,804,significantly,41101550,,10.1016/j.jep.2025.120751,Huanglian-ejiao decoction ameliorates doxorubicin-induced cardiomyocyte apoptosis and autophagic flux dysregulation by up-regulating ubiquilin1.,hepatic/hepatotoxicity,B,PubMed abstract,abstain,none,False,False,NA,0.0,none,False,NONE,no source passage available; abstain required by Task A contract,codex_no_source_abstain_rule,reject,ni_jie,C,"Reject: PMID 41101550; the abstained record was checked at abstract level, but hepatic/hepatotoxicity is still not directly recoverable for significantly."
806,toxicity_endpoint,805,silencing,40902370,,10.1016/j.bioadv.2025.214477,Acid-triggered nucleic acid release from gold nanoparticles via Schiff base linkages: In vitro validation of endosomal escape and gene silencing.,hepatic/hepatotoxicity,C,PubMed abstract,accept,general toxicity/cell viability,True,True,C,0.76,pubmed_abstract,True,The DNA-Schiff-AuNPs were effectively incorporated into HeLa cells without any toxicity.,Accepted: nucleic-acid AuNP delivery product is linked to an in vitro no-toxicity observation.,codex_gpt-5.5_manual_agent,reject,ni_jie,C,Reject after curator re-read: PMID 40902370; previous accept was too weak/generic for hepatic/hepatotoxicity in silencing. Basis checked: Accepted: nucleic-acid AuNP delivery product is linked to an in vitro no-toxicity observation.
807,toxicity_endpoint,806,significantly,41724477,,10.3168/jds.2025-27574,The E3 ubiquitin ligase NEDD4 protects against nonesterified fatty acid-induced hepatic inflammatory injury in ketotic cows.,hepatic/hepatotoxicity,B,PubMed abstract,abstain,none,False,False,NA,0.0,none,False,NONE,no source passage available; abstain required by Task A contract,codex_no_source_abstain_rule,reject,ni_jie,C,Reject: PMID 41724477; 'The E3 ubiquitin ligase NEDD4 protects against nonesterified fatty acid-induced hepatic inflam?' does not provide a sufficiently specific administered-oligo toxicity endpoint for significantly.
808,toxicity_endpoint,807,silenced,41419139,,10.1016/j.ejps.2025.107417,ASIC3-PLCG1 axis-driven macropinocytosis promotes osimertinib drug-tolerant persistence in malignant pleural effusion-associated NSCLC.,hepatic/hepatotoxicity,B,PubMed abstract,abstain,none,False,False,NA,0.0,none,False,NONE,no source passage available; abstain required by Task A contract,codex_no_source_abstain_rule,reject,ni_jie,C,Reject: PMID 41419139; available abstract is not enough to curate hepatic/hepatotoxicity for silenced as a verified toxicity record.
809,toxicity_endpoint,808,simulate,41275931,,10.1016/j.freeradbiomed.2025.11.047,Activation of RXRα mitigates maternal separation-induced hippocampal neurodevelopmental impairment in mice by inhibiting oxidative stress and restoring mitochondrial homeostasis.,hepatic/hepatotoxicity,B,PubMed abstract,abstain,none,False,False,NA,0.0,none,False,NONE,no source passage available; abstain required by Task A contract,codex_no_source_abstain_rule,reject,ni_jie,C,Reject: PMID 41275931 abstract/title reviewed; no clear in-scope hepatic/hepatotoxicity endpoint is grounded for simulate.
810,toxicity_endpoint,809,signaling,42226100,,10.1186/s11658-026-00952-6,Exendin-4 averts all-trans-retinal-driven damage to photoreceptors and the retina via the GLP-1R/PKA/CREB1 signaling axis.,hepatic/hepatotoxicity,B,PubMed abstract,abstain,none,False,False,NA,0.0,none,False,NONE,no source passage available; abstain required by Task A contract,codex_no_source_abstain_rule,reject,ni_jie,C,Reject: PMID 42226100; 'Exendin-4 averts all-trans-retinal-driven damage to photoreceptors and the retina via the GLP-?' does not provide a sufficiently specific administered-oligo toxicity endpoint for signaling.
811,toxicity_endpoint,810,silenced,40646322,,10.1038/s41591-025-03784-7,The UBE3A-ATS antisense oligonucleotide rugonersen in children with Angelman syndrome: a phase 1 trial.,general safety/systemic safety/tolerability,B,PubMed abstract,abstain,none,False,False,NA,0.0,none,False,NONE,no source passage available; abstain required by Task A contract,codex_no_source_abstain_rule,reject,ni_jie,C,Reject: PMID 40646322; 'The UBE3A-ATS antisense oligonucleotide rugonersen in children with Angelman syndrome: a phase?' does not provide a sufficiently specific administered-oligo toxicity endpoint for silenced.
812,toxicity_endpoint,811,single,39798707,,10.1016/j.jhep.2024.12.046,"AZD2693, a PNPLA3 antisense oligonucleotide, for the treatment of MASH in 148M homozygous participants: Two randomized phase I trials.",hepatic/hepatotoxicity,B,PubMed abstract,abstain,none,False,False,NA,0.0,none,False,NONE,no source passage available; abstain required by Task A contract,codex_no_source_abstain_rule,accept,ni_jie,B,"Accept B: PubMed abstract gives a direct abstract-level signal for hepatic/hepatotoxicity in single; no full passage, so curator kept confidence limited."
813,toxicity_endpoint,812,inotersen,39580013,,10.1016/j.yrtph.2024.105743,Carcinogenicity assessment of inotersen in Tg.rasH2 mice and Sprague-Dawley rats: Implications for 2'-MOE antisense oligonucleotides.,hepatic/hepatotoxicity,C,PubMed abstract,abstain,none,False,False,NA,0.0,none,False,NONE,no source passage available; abstain required by Task A contract,codex_no_source_abstain_rule,accept,ni_jie,B,"Accept B: PubMed abstract gives a direct abstract-level signal for hepatic/hepatotoxicity in inotersen; no full passage, so curator kept confidence limited."
814,toxicity_endpoint,813,sites,40849139,,10.1016/S0140-6736(25)00979-1,"Antisense oligonucleotide DGAT-2 inhibitor, ION224, for metabolic dysfunction-associated steatohepatitis (ION224-CS2): results of a 51-week, multicentre, randomised, double-blind, placebo-controlled, ",hepatic/hepatotoxicity,B,PubMed abstract,abstain,none,False,False,NA,0.0,none,False,NONE,no source passage available; abstain required by Task A contract,codex_no_source_abstain_rule,reject,ni_jie,C,Reject: PMID 40849139; no source passage or abstract wording gives a dependable toxicity call for sites.
815,toxicity_endpoint,814,the ASO,39882764,,10.1177/01926233241311277,Characterizing Antisense Oligonucleotide-Induced Histopathology Findings in Spinal Cord of Mauritius Cynomolgus Monkeys by Molecular Localization Investigation.,general toxicity/toxicity,C,PubMed abstract sentence 8,abstain,none,False,False,NA,0.0,none,False,NONE,no source passage available; abstain required by Task A contract,codex_no_source_abstain_rule,reject,ni_jie,C,Reject: PMID 39882764; 'Characterizing Antisense Oligonucleotide-Induced Histopathology Findings in Spinal Cord of Mau?' does not provide a sufficiently specific administered-oligo toxicity endpoint for the ASO.
816,toxicity_endpoint,815,Significant,40720030,,10.1007/978-1-0716-4730-1_23,Use of Tricyclo-DNA Antisense Oligonucleotides for Exon-Skipping.,hepatic/hepatotoxicity,B,PubMed abstract,abstain,none,False,False,NA,0.0,none,False,NONE,no source passage available; abstain required by Task A contract,codex_no_source_abstain_rule,reject,ni_jie,C,Reject: PMID 40720030; no source passage or abstract wording gives a dependable toxicity call for Significant.
817,toxicity_endpoint,816,signaling,41043736,,10.1016/j.ijbiomac.2025.148058,Incorporation of monophosphoryl lipid A and CpG-oligodeoxynucleotides into lipid nanoparticles activates toll-like receptor signaling pathways while maintaining antigen expression for mRNA-based vacci,hepatic/hepatotoxicity,B,PubMed abstract,abstain,none,False,False,NA,0.0,none,False,NONE,no source passage available; abstain required by Task A contract,codex_no_source_abstain_rule,reject,ni_jie,C,Reject: PMID 41043736; 'Incorporation of monophosphoryl lipid A and CpG-oligodeoxynucleotides into lipid nanoparticles?' does not provide a sufficiently specific administered-oligo toxicity endpoint for signaling.
818,toxicity_endpoint,817,single,40454845,,10.1097/CRD.0000000000000962,Zilebesiran: A Novel RNA Interference Therapeutic for Hypertension.,hepatic/hepatotoxicity,B,PubMed abstract,abstain,none,False,False,NA,0.0,none,False,NONE,no source passage available; abstain required by Task A contract,codex_no_source_abstain_rule,reject,ni_jie,C,Reject: PMID 40454845; available abstract is not enough to curate hepatic/hepatotoxicity for single as a verified toxicity record.
819,toxicity_endpoint,818,significant,40280496,,10.1016/j.spinee.2025.04.021,NF-kappa B Oligo DNA decoy provides 12 months of pain relief and disc height restoration for patients with chronic discogenic low back pain-a randomized clinical trial.,hepatic/hepatotoxicity,B,PubMed abstract,abstain,none,False,False,NA,0.0,none,False,NONE,no source passage available; abstain required by Task A contract,codex_no_source_abstain_rule,accept,ni_jie,C,"Accept C: PubMed abstract gives a weak abstract-level signal for hepatic/hepatotoxicity in significant; no full passage, so curator kept confidence limited."
820,toxicity_endpoint,819,similar,39960827,,10.1089/nat.2024.0085,Combined 20-Hydroxyecdysone and Antisense-Mediated Exon Skipping Improve Functional Outcomes in a Mouse Model of Duchenne Muscular Dystrophy.,hepatic/hepatotoxicity,B,PubMed abstract,abstain,none,False,False,NA,0.0,none,False,NONE,no source passage available; abstain required by Task A contract,codex_no_source_abstain_rule,reject,ni_jie,C,"Reject: PMID 39960827; the abstained record was checked at abstract level, but hepatic/hepatotoxicity is still not directly recoverable for similar."
821,toxicity_endpoint,820,siRNA-Mediated,41504091,,10.31083/FBE44344,Targeting the LRRK2 G2019S Mutation Found in Parkinson's Disease: Efficiency of Biosynthesized Solid Lipid Nanoparticles for Therapeutic siRNA-Mediated Gene Therapy.,hepatic/hepatotoxicity,C,PubMed abstract,abstain,none,False,False,NA,0.0,none,False,NONE,no source passage available; abstain required by Task A contract,codex_no_source_abstain_rule,reject,ni_jie,C,Reject: PMID 41504091 abstract/title reviewed; no clear in-scope hepatic/hepatotoxicity endpoint is grounded for siRNA-Mediated.
822,toxicity_endpoint,821,siRNA,40736725,,10.1021/acs.jmedchem.5c01269,Thermodynamic Destabilization and Structural Adaptability of 2'-Alkoxy/Fluoro-N(3)-Methyl Pyrimidine Nucleotides in siRNA Enhance RNA Interference Activity.,general safety/cell viability/cytotoxicity,B,PubMed abstract,abstain,none,False,False,NA,0.0,none,False,NONE,no source passage available; abstain required by Task A contract,codex_no_source_abstain_rule,reject,ni_jie,C,Reject: PMID 40736725; no source passage or abstract wording gives a dependable toxicity call for siRNA.
823,toxicity_endpoint,822,silk,40907899,,10.1016/j.ejps.2025.107252,In vitro/in vivo evaluation of 3D bioprinted silk fibroin hydrogels for IBD: A dual mesalazine and TNF-α siRNA approach.,general safety/cell viability/cytotoxicity,C,PubMed abstract,abstain,none,False,False,NA,0.0,none,False,NONE,no source passage available; abstain required by Task A contract,codex_no_source_abstain_rule,reject,ni_jie,C,Reject: PMID 40907899 abstract/title reviewed; no clear in-scope general safety/cell viability/cytotoxicity endpoint is grounded for silk.
824,toxicity_endpoint,823,siRNA,40306576,,10.1016/j.jconrel.2025.113790,"Formulation of siRNA nanoparticles, transfection and enhanced adhesion -penetration in nasal mucosal tissue.",general safety/cell viability/cytotoxicity,C,PubMed abstract sentence 2,abstain,none,False,False,NA,0.0,none,False,NONE,no source passage available; abstain required by Task A contract,codex_no_source_abstain_rule,reject,ni_jie,C,"Reject: PMID 40306576; the abstained record was checked at abstract level, but general safety/cell viability/cytotoxicity is still not directly recoverable for siRNA."
825,toxicity_endpoint,824,significant,40175880,,10.1007/978-1-0716-4394-5_18,A Robust Post-Insertion Method for the Preparation of Targeted Lipid Nanoparticles.,hepatic/hepatotoxicity,C,PubMed abstract,abstain,none,False,False,NA,0.0,none,False,NONE,no source passage available; abstain required by Task A contract,codex_no_source_abstain_rule,reject,ni_jie,C,Reject: PMID 40175880; 'A Robust Post-Insertion Method for the Preparation of Targeted Lipid Nanoparticles.' does not provide a sufficiently specific administered-oligo toxicity endpoint for significant.
826,toxicity_endpoint,825,unspecified ASO,39878452,,10.1002/chem.202404068,Self-Assembly of Antisense DNA-Camptothecin Amphiphile into Glutathione-Responsive Nanoparticles for Combination Cancer Therapy.,general safety/cell viability/cytotoxicity,C,PubMed abstract sentence 8,abstain,none,False,False,NA,0.0,none,False,NONE,no source passage available; abstain required by Task A contract,codex_no_source_abstain_rule,reject,ni_jie,C,Reject: PMID 39878452 abstract/title reviewed; no clear in-scope general safety/cell viability/cytotoxicity endpoint is grounded for unspecified ASO.
827,toxicity_endpoint,826,siRNA,39855282,,10.1016/j.ijpharm.2025.125234,Therapeutic potential of siRNA PMP22-SQ nanoparticles for Charcot-Marie-Tooth 1A neuropathy in rodents and non-human primates.,general safety/systemic safety/tolerability,C,PubMed abstract sentence 5,abstain,none,False,False,NA,0.0,none,False,NONE,no source passage available; abstain required by Task A contract,codex_no_source_abstain_rule,reject,ni_jie,C,Reject: PMID 39855282; no source passage or abstract wording gives a dependable toxicity call for siRNA.
828,toxicity_endpoint,827,siRNA,39791575,,10.1021/acsnano.4c15130,Inhalable siRNA Targeting IL-11 Nanoparticles Significantly Inhibit Bleomycin-Induced Pulmonary Fibrosis.,hepatic/hepatotoxicity,B,PubMed abstract,abstain,none,False,False,NA,0.0,none,False,NONE,no source passage available; abstain required by Task A contract,codex_no_source_abstain_rule,reject,ni_jie,C,Reject: PMID 39791575 abstract/title reviewed; no clear in-scope hepatic/hepatotoxicity endpoint is grounded for siRNA.
829,toxicity_endpoint,828,siRNA,39733890,,10.1016/j.ijbiomac.2024.139219,Shielding siRNA by peptide-based nanofibers: An efficient approach for turning off EGFR gene in breast cancer.,hepatic/hepatotoxicity,C,PubMed abstract,abstain,none,False,False,NA,0.0,none,False,NONE,no source passage available; abstain required by Task A contract,codex_no_source_abstain_rule,accept,ni_jie,C,"Accept C: PubMed abstract gives a weak abstract-level signal for hepatic/hepatotoxicity in siRNA; no full passage, so curator kept confidence limited."
830,toxicity_endpoint,829,siRNA,39723844,,10.1021/acsabm.4c01319,"Application of Strontium Chloride Hexahydrate to Synthesize Strontium-Substituted Carbonate Apatite as a pH-Sensitive, Biologically Safe, and Highly Efficient siRNA Nanocarrier.",hepatic/hepatotoxicity,B,PubMed abstract,abstain,none,False,False,NA,0.0,none,False,NONE,no source passage available; abstain required by Task A contract,codex_no_source_abstain_rule,accept,ni_jie,C,"Accept C: PubMed abstract gives a weak abstract-level signal for hepatic/hepatotoxicity in siRNA; no full passage, so curator kept confidence limited."
831,toxicity_endpoint,830,significant,41249096,,10.1021/acsinfecdis.5c00721,In Vivo MicroRNA-Based Inhibition of Experimental Cestode Infection.,hepatic/hepatotoxicity,B,PubMed abstract,abstain,none,False,False,NA,0.0,none,False,NONE,no source passage available; abstain required by Task A contract,codex_no_source_abstain_rule,reject,ni_jie,C,"Reject: PMID 41249096; the abstained record was checked at abstract level, but hepatic/hepatotoxicity is still not directly recoverable for significant."
832,toxicity_endpoint,831,significant,41197701,,10.1016/j.ijbiomac.2025.148785,Rhamno-oligosaccharide-based glycoconjugates as promising vaccine candidates against Group A Streptococcus.,immunotoxicity/immune activation,B,PubMed abstract,abstain,none,False,False,NA,0.0,none,False,NONE,no source passage available; abstain required by Task A contract,codex_no_source_abstain_rule,reject,ni_jie,C,"Reject: PMID 41197701; the abstained record was checked at abstract level, but immunotoxicity/immune activation is still not directly recoverable for significant."
833,toxicity_endpoint,832,silencing,41194772,,10.1021/acschembio.5c00614,A Circular Aptamer-ASO Chimera for Activating DLX5-Regulated Osteogenesis through Targeted Inhibition of STAT5A Expression.,hepatic/hepatotoxicity,B,PubMed abstract,abstain,none,False,False,NA,0.0,none,False,NONE,no source passage available; abstain required by Task A contract,codex_no_source_abstain_rule,reject,ni_jie,C,Reject: PMID 41194772; 'A Circular Aptamer-ASO Chimera for Activating DLX5-Regulated Osteogenesis through Targeted Inh?' does not provide a sufficiently specific administered-oligo toxicity endpoint for silencing.
834,toxicity_endpoint,833,significant,41124733,,10.1016/j.jhazmat.2025.140193,Nanoplastic-induced NAT10/ac4C axis drives both oxidative stress and chemoresistance.,hepatic/hepatotoxicity,C,PubMed abstract,abstain,none,False,False,NA,0.0,none,False,NONE,no source passage available; abstain required by Task A contract,codex_no_source_abstain_rule,reject,ni_jie,C,Reject: PMID 41124733; 'Nanoplastic-induced NAT10/ac4C axis drives both oxidative stress and chemoresistance.' does not provide a sufficiently specific administered-oligo toxicity endpoint for significant.
835,toxicity_endpoint,834,SIRT4,41086675,,10.1016/j.phymed.2025.157283,"Ailanthone targets mitophagy-loaded SIRT4 to facilitate the deacetylation of HIF1α, triggering oxidative stress for gastric carcinoma treatment.",hepatic/hepatotoxicity,B,PubMed abstract,abstain,none,False,False,NA,0.0,none,False,NONE,no source passage available; abstain required by Task A contract,codex_no_source_abstain_rule,reject,ni_jie,C,"Reject: PMID 41086675; the abstained record was checked at abstract level, but hepatic/hepatotoxicity is still not directly recoverable for SIRT4."
836,toxicity_endpoint,835,SiRNA-mediated,41046827,,10.1016/j.intimp.2025.115633,Targeting TBXAS1: a novel target of daidzein in alleviating APAP-induced hepatic injury.,hepatic/hepatotoxicity,C,PubMed abstract,abstain,none,False,False,NA,0.0,none,False,NONE,no source passage available; abstain required by Task A contract,codex_no_source_abstain_rule,reject,ni_jie,C,Reject: PMID 41046827; no source passage or abstract wording gives a dependable toxicity call for SiRNA-mediated.
837,toxicity_endpoint,836,significant,40846040,,10.1016/j.jep.2025.120449,YinxingGujin decoction suppresses lung adenocarcinoma metastasis by modulating the TGF-β/STAT3/PD-L1 Axis: Network pharmacology and experimental validation.,hepatic/hepatotoxicity,B,PubMed abstract,abstain,none,False,False,NA,0.0,none,False,NONE,no source passage available; abstain required by Task A contract,codex_no_source_abstain_rule,reject,ni_jie,C,Reject: PMID 40846040; available abstract is not enough to curate hepatic/hepatotoxicity for significant as a verified toxicity record.
838,toxicity_endpoint,837,siRNA-mediated,40845764,,10.1016/j.jri.2025.104633,SQSTM1/p62 drives radiosensitivity in cervical cancer via autophagy-independent mechanisms.,hepatic/hepatotoxicity,B,PubMed abstract,abstain,none,False,False,NA,0.0,none,False,NONE,no source passage available; abstain required by Task A contract,codex_no_source_abstain_rule,reject,ni_jie,C,Reject: PMID 40845764; 'SQSTM1/p62 drives radiosensitivity in cervical cancer via autophagy-independent mechanisms.' does not provide a sufficiently specific administered-oligo toxicity endpoint for siRNA-mediated.
839,toxicity_endpoint,838,significant,40816462,,10.1016/j.fct.2025.115699,The effect and mechanism of NCOA4-mediated ferritinophagy in aluminum-induced ferroptosis of PC12 cells.,general toxicity/toxicity,C,PubMed abstract,abstain,none,False,False,NA,0.0,none,False,NONE,no source passage available; abstain required by Task A contract,codex_no_source_abstain_rule,reject,ni_jie,C,Reject: PMID 40816462; significant remains unsupported for general toxicity/toxicity after abstract-level review of 'The effect and mechanism of NCOA4-mediated ferritinophagy in aluminum-induced ferroptosis of P?'.
840,toxicity_endpoint,839,significant,40720029,,10.1007/978-1-0716-4730-1_22,In Vivo Evaluation of Multiple Exon Skipping with Peptide-PMOs in Cardiac and Skeletal Muscles in Dystrophic Dogs.,hepatic/hepatotoxicity,B,PubMed abstract,abstain,none,False,False,NA,0.0,none,False,NONE,no source passage available; abstain required by Task A contract,codex_no_source_abstain_rule,reject,ni_jie,C,Reject: PMID 40720029; available abstract is not enough to curate hepatic/hepatotoxicity for significant as a verified toxicity record.
841,toxicity_endpoint,840,Signaling,40694678,,10.1021/acs.jafc.4c11912,The Key Flavor Substance in Zanthoxylum Preventing Alzheimer's Disease through Insulin Signaling.,renal/renal safety,C,PubMed abstract,abstain,none,False,False,NA,0.0,none,False,NONE,no source passage available; abstain required by Task A contract,codex_no_source_abstain_rule,reject,ni_jie,C,Reject: PMID 40694678 abstract/title reviewed; no clear in-scope renal/renal safety endpoint is grounded for Signaling.
842,toxicity_endpoint,841,siRNA,40685728,,10.2174/0118715206377167250709062942,Innovative Nanocarriers: Magnetosomes in the Fight against Cancer.,hepatic/hepatotoxicity,B,PubMed abstract,abstain,none,False,False,NA,0.0,none,False,NONE,no source passage available; abstain required by Task A contract,codex_no_source_abstain_rule,reject,ni_jie,C,Reject: PMID 40685728; no source passage or abstract wording gives a dependable toxicity call for siRNA.
843,toxicity_endpoint,842,siRNA,40682728,,10.1007/s40618-025-02656-8,"1α,25(OH)(2)D(3) alleviates perfluorooctane sulfonic acid-induced oxidative injury through the Nrf2-ARE pathway via VDR in Sertoli cells.",general safety/cell viability/cytotoxicity,C,PubMed abstract,abstain,none,False,False,NA,0.0,none,False,NONE,no source passage available; abstain required by Task A contract,codex_no_source_abstain_rule,reject,ni_jie,C,Reject: PMID 40682728; no source passage or abstract wording gives a dependable toxicity call for siRNA.
844,toxicity_endpoint,843,significantly,40680668,,10.1016/j.bbrc.2025.152361,Anti-nucleolin aptamer-guided anticancer activity of AS1411-Chalcone conjugate in breast cancer.,hepatic/hepatotoxicity,B,PubMed abstract,abstain,none,False,False,NA,0.0,none,False,NONE,no source passage available; abstain required by Task A contract,codex_no_source_abstain_rule,reject,ni_jie,C,Reject: PMID 40680668; available abstract is not enough to curate hepatic/hepatotoxicity for significantly as a verified toxicity record.
845,toxicity_endpoint,844,unspecified ASO,40663327,,10.1007/978-1-0716-4578-9_9,Parallel and Automated PNA Synthesis in μSPOT Format.,hepatic/hepatotoxicity,B,PubMed abstract,abstain,none,False,False,NA,0.0,none,False,NONE,no source passage available; abstain required by Task A contract,codex_no_source_abstain_rule,reject,ni_jie,C,"Reject: PMID 40663327; the abstained record was checked at abstract level, but hepatic/hepatotoxicity is still not directly recoverable for unspecified ASO."
846,toxicity_endpoint,845,siRNA-silenced,40641021,,10.2174/0122117385373434250705125526,Nanocarriers in Atopic Dermatitis Therapy: A Comprehensive Exploration.,hepatic/hepatotoxicity,B,PubMed abstract,abstain,none,False,False,NA,0.0,none,False,NONE,no source passage available; abstain required by Task A contract,codex_no_source_abstain_rule,reject,ni_jie,C,Reject: PMID 40641021; 'Nanocarriers in Atopic Dermatitis Therapy: A Comprehensive Exploration.' does not provide a sufficiently specific administered-oligo toxicity endpoint for siRNA-silenced.
847,toxicity_endpoint,846,significantly,40624770,,10.1111/pcmr.70036,YAP Upregulation Contributes to Acquired Resistance to BET Inhibitors in Uveal Melanoma.,hepatic/hepatotoxicity,B,PubMed abstract,abstain,none,False,False,NA,0.0,none,False,NONE,no source passage available; abstain required by Task A contract,codex_no_source_abstain_rule,reject,ni_jie,C,Reject: PMID 40624770 abstract/title reviewed; no clear in-scope hepatic/hepatotoxicity endpoint is grounded for significantly.
848,toxicity_endpoint,847,silica,40544907,,10.1016/j.cbi.2025.111611,Regulation of ferroptosis ameliorates silica nanoparticle-induced lung injury by inhibiting NCOA4-mediated ferritinophagy.,hepatic/hepatotoxicity,C,PubMed abstract,abstain,none,False,False,NA,0.0,none,False,NONE,no source passage available; abstain required by Task A contract,codex_no_source_abstain_rule,reject,ni_jie,C,Reject: PMID 40544907; 'Regulation of ferroptosis ameliorates silica nanoparticle-induced lung injury by inhibiting NC?' does not provide a sufficiently specific administered-oligo toxicity endpoint for silica.
849,toxicity_endpoint,848,silencing,40484286,,10.1016/j.jneumeth.2025.110500,Development of high-content screening assay for gene silencing in adult sensory neurons.,hepatic/hepatotoxicity,C,PubMed abstract,reject,NA,False,False,NA,0.97,pubmed_abstract,False,NONE,"Rejected: lipid-siRNA system is an assay/screening tool in adult sensory neurons, not a therapeutic oligonucleotide toxicity result.",codex_gpt-5.5_manual_agent,reject,ni_jie,C,"Reject: PMID 40484286; Rejected: lipid-siRNA system is an assay/screening tool in adult sensory neurons, not a therapeutic oligonucleotide toxicity result."
850,toxicity_endpoint,849,signalling,40456202,,10.1016/j.phymed.2025.156925,Ponicidin triggered ferroptosis in esophageal squamous cell carcinoma by suppressing the SLC7A11/Glutathione/GPX4 signalling axis.,hepatic/hepatotoxicity,B,PubMed abstract,abstain,none,False,False,NA,0.0,none,False,NONE,no source passage available; abstain required by Task A contract,codex_no_source_abstain_rule,reject,ni_jie,C,Reject: PMID 40456202; 'Ponicidin triggered ferroptosis in esophageal squamous cell carcinoma by suppressing the SLC7A?' does not provide a sufficiently specific administered-oligo toxicity endpoint for signalling.
851,toxicity_endpoint,850,siRNA-mediated,40450984,,10.1016/j.phymed.2025.156908,Jianpi Huayu decoction enhances the antitumor effect of doxorubicin via piezo1-mediated autophagy in hepatocellular carcinoma.,hepatic/hepatotoxicity,B,PubMed abstract,abstain,none,False,False,NA,0.0,none,False,NONE,no source passage available; abstain required by Task A contract,codex_no_source_abstain_rule,reject,ni_jie,C,Reject: PMID 40450984; siRNA-mediated remains unsupported for hepatic/hepatotoxicity after abstract-level review of 'Jianpi Huayu decoction enhances the antitumor effect of doxorubicin via piezo1-mediated autoph?'.
852,toxicity_endpoint,851,signaling,40327939,,10.1016/j.jhazmat.2025.138438,Methotrexate-induced disruption of the serum-glucocorticoid inducible protein kinase 3 signaling pathway and its effects on brain development.,hepatic/hepatotoxicity,B,PubMed abstract,abstain,none,False,False,NA,0.0,none,False,NONE,no source passage available; abstain required by Task A contract,codex_no_source_abstain_rule,reject,ni_jie,C,"Reject: PMID 40327939; the abstained record was checked at abstract level, but hepatic/hepatotoxicity is still not directly recoverable for signaling."
853,toxicity_endpoint,852,signaling,40286451,,10.1016/j.ejmech.2025.117641,"N-(5-(2-morpholino-4-oxo-3,4-dihydroquinazolin-8-yl)pyridin-2-yl)acylamides as novel multi-PI3K/DNA-PK/P-gp inhibitors for efficient chemosensitization and MDR alleviation.",hepatic/hepatotoxicity,B,PubMed abstract,abstain,none,False,False,NA,0.0,none,False,NONE,no source passage available; abstain required by Task A contract,codex_no_source_abstain_rule,reject,ni_jie,C,Reject: PMID 40286451 abstract/title reviewed; no clear in-scope hepatic/hepatotoxicity endpoint is grounded for signaling.
854,toxicity_endpoint,853,signaling,40222106,,10.1016/j.molpha.2025.100032,Doxorubicin-induced apoptosis is exacerbated by MG53 and associated with altered Akt signaling in H9c2 cells.,hepatic/hepatotoxicity,C,PubMed abstract,abstain,none,False,False,NA,0.0,none,False,NONE,no source passage available; abstain required by Task A contract,codex_no_source_abstain_rule,reject,ni_jie,C,Reject: PMID 40222106; no source passage or abstract wording gives a dependable toxicity call for signaling.
855,toxicity_endpoint,854,siRNA,40220706,,10.1016/j.dmd.2025.100062,Evaluation of small interfering RNA-dependent knockdowns of drug-metabolizing enzymes in multiwell array culture of primary human hepatocyte spheroids for estimation of fraction metabolized.,hepatic/hepatotoxicity,C,PubMed abstract,abstain,none,False,False,NA,0.0,none,False,NONE,no source passage available; abstain required by Task A contract,codex_no_source_abstain_rule,reject,ni_jie,C,Reject: PMID 40220706; available abstract is not enough to curate hepatic/hepatotoxicity for siRNA as a verified toxicity record.
856,toxicity_endpoint,855,signalling,40202160,,10.1039/d4mo00205a,"Human circulatory proteome interaction, oxidative stress-associated signalling and cardiovascular implications during titanium dioxide nanoparticle (TiO(2)-NP) exposure.",hepatic/hepatotoxicity,C,PubMed abstract,abstain,none,False,False,NA,0.0,none,False,NONE,no source passage available; abstain required by Task A contract,codex_no_source_abstain_rule,reject,ni_jie,C,"Reject: PMID 40202160; signalling remains unsupported for hepatic/hepatotoxicity after abstract-level review of 'Human circulatory proteome interaction, oxidative stress-associated signalling and cardiovascu?'."
857,toxicity_endpoint,856,Signaling,40190139,,10.1002/ptr.8468,Xanthohumol Regulates Mitophagy in Osteosarcoma Cells via AMPK-ULK1-FUNDC1 Signaling Pathway.,hepatic/hepatotoxicity,B,PubMed abstract,abstain,none,False,False,NA,0.0,none,False,NONE,no source passage available; abstain required by Task A contract,codex_no_source_abstain_rule,reject,ni_jie,C,Reject: PMID 40190139; 'Xanthohumol Regulates Mitophagy in Osteosarcoma Cells via AMPK-ULK1-FUNDC1 Signaling Pathway.' does not provide a sufficiently specific administered-oligo toxicity endpoint for Signaling.
858,toxicity_endpoint,857,site,40184263,,10.1021/acs.est.5c02110,Contribution of Nilaparvata lugens Nicotinic Acetylcholine Receptor Subunits Toward Triflumezopyrim and Neonicotinoid Susceptibility.,renal/renal safety,C,PubMed abstract,abstain,none,False,False,NA,0.0,none,False,NONE,no source passage available; abstain required by Task A contract,codex_no_source_abstain_rule,reject,ni_jie,C,Reject: PMID 40184263; site remains unsupported for renal/renal safety after abstract-level review of 'Contribution of Nilaparvata lugens Nicotinic Acetylcholine Receptor Subunits Toward Triflumezo?'.
859,toxicity_endpoint,858,sites,40112899,,10.1016/j.jconrel.2025.113644,Inhalable pH-responsive charge-reversal polymer-small interfering RNA polyplexes for directed gene therapy of anaplastic lymphoma kinase fusion-positive lung cancer.,hepatic/hepatotoxicity,C,PubMed abstract,abstain,none,False,False,NA,0.0,none,False,NONE,no source passage available; abstain required by Task A contract,codex_no_source_abstain_rule,reject,ni_jie,C,Reject: PMID 40112899; sites remains unsupported for hepatic/hepatotoxicity after abstract-level review of 'Inhalable pH-responsive charge-reversal polymer-small interfering RNA polyplexes for directed?'.
860,toxicity_endpoint,859,significantly,40049439,,10.1016/j.cbi.2025.111452,Chlorpyrifos-oxon results in autophagic flux dysfunction contributing to neuronal apoptosis via a ROS/AMPK/CHOP activation pathway.,hepatic/hepatotoxicity,C,PubMed abstract,abstain,none,False,False,NA,0.0,none,False,NONE,no source passage available; abstain required by Task A contract,codex_no_source_abstain_rule,reject,ni_jie,C,"Reject: PMID 40049439; the abstained record was checked at abstract level, but hepatic/hepatotoxicity is still not directly recoverable for significantly."
861,toxicity_endpoint,860,silencing,39964965,,10.1093/cvr/cvaf022,Thousand and one amino acid protein kinase 1 suppression improves doxorubicin-induced cardiomyopathy by preventing cardiomyocyte death and dysfunction.,hepatic/hepatotoxicity,B,PubMed abstract,abstain,none,False,False,NA,0.0,none,False,NONE,no source passage available; abstain required by Task A contract,codex_no_source_abstain_rule,reject,ni_jie,C,Reject: PMID 39964965; no source passage or abstract wording gives a dependable toxicity call for silencing.
862,toxicity_endpoint,861,significantly,39904427,,10.1016/j.ijbiomac.2025.140634,Transcription factor CREB/ATF regulates overexpression of CYP6CY14 conferring resistance to cycloxaprid in Aphis gossypii.,hepatic/hepatotoxicity,C,PubMed abstract,abstain,none,False,False,NA,0.0,none,False,NONE,no source passage available; abstain required by Task A contract,codex_no_source_abstain_rule,reject,ni_jie,C,Reject: PMID 39904427; no source passage or abstract wording gives a dependable toxicity call for significantly.
863,toxicity_endpoint,862,silencing,39827759,,10.1016/j.jcis.2025.01.107,Nanoparticles (NPs)-mediated silencing of GSTP1 expression to reverse chemoresistance for effective breast cancer therapy.,hepatic/hepatotoxicity,B,PubMed abstract,reject,NA,False,True,NA,0.98,pubmed_abstract,False,NONE,Rejected: cytotoxicity refers to doxorubicin antitumor efficacy/chemoresistance; no primary safety endpoint for the siRNA nanoparticle is reported.,codex_gpt-5.5_manual_agent,reject,ni_jie,C,Reject: PMID 39827759; Rejected: cytotoxicity refers to doxorubicin antitumor efficacy/chemoresistance; no primary safety endpoint for the siRNA nanoparticle is reported.
864,toxicity_endpoint,863,silencing,39820813,,10.1038/s41587-024-02535-2,Multiplexed inhibition of immunosuppressive genes with Cas13d for combinatorial cancer immunotherapy.,hepatic/hepatotoxicity,B,PubMed abstract,abstain,none,False,False,NA,0.0,none,False,NONE,no source passage available; abstain required by Task A contract,codex_no_source_abstain_rule,reject,ni_jie,C,Reject: PMID 39820813; 'Multiplexed inhibition of immunosuppressive genes with Cas13d for combinatorial cancer immunot?' does not provide a sufficiently specific administered-oligo toxicity endpoint for silencing.
865,toxicity_endpoint,864,single,39809473,,10.1021/acs.molpharmaceut.4c00917,MRI-Based Multifunctional Nanoliposomes for Enhanced HCC Therapy and Diagnosis.,hepatic/hepatotoxicity,C,PubMed abstract,abstain,none,False,False,NA,0.0,none,False,NONE,no source passage available; abstain required by Task A contract,codex_no_source_abstain_rule,reject,ni_jie,C,Reject: PMID 39809473; single remains unsupported for hepatic/hepatotoxicity after abstract-level review of 'MRI-Based Multifunctional Nanoliposomes for Enhanced HCC Therapy and Diagnosis.'.
866,toxicity_endpoint,865,siRNA,39661279,,10.1007/s10620-024-08734-w,Cell Type-Preferential Expression of Peptidylarginine Deiminase 4 and p53-Dependent Therapeutic Vulnerabilities in Gastric Cancer.,hepatic/hepatotoxicity,B,PubMed abstract,abstain,none,False,False,NA,0.0,none,False,NONE,no source passage available; abstain required by Task A contract,codex_no_source_abstain_rule,reject,ni_jie,C,Reject: PMID 39661279; siRNA remains unsupported for hepatic/hepatotoxicity after abstract-level review of 'Cell Type-Preferential Expression of Peptidylarginine Deiminase 4 and p53-Dependent Therapeuti?'.
867,toxicity_endpoint,866,signal,39586487,,10.1016/j.tox.2024.154014,Tetrabromobisphenol A induced p38-MAPK/AMPKα activation downstream-triggered CHOP signal contributing to neuronal apoptosis and death.,hepatic/hepatotoxicity,C,PubMed abstract,abstain,none,False,False,NA,0.0,none,False,NONE,no source passage available; abstain required by Task A contract,codex_no_source_abstain_rule,reject,ni_jie,C,"Reject: PMID 39586487; the abstained record was checked at abstract level, but hepatic/hepatotoxicity is still not directly recoverable for signal."
868,toxicity_endpoint,867,siRNA,39580141,,10.1016/j.lfs.2024.123258,Cardiac-specific Suv39h1 knockout ameliorates high-fat diet induced diabetic cardiomyopathy via regulating Hmox1 transcription.,hepatic/hepatotoxicity,B,PubMed abstract,abstain,none,False,False,NA,0.0,none,False,NONE,no source passage available; abstain required by Task A contract,codex_no_source_abstain_rule,reject,ni_jie,C,Reject: PMID 39580141; no source passage or abstract wording gives a dependable toxicity call for siRNA.
869,toxicity_endpoint,868,Similar,40886138,,10.1021/acs.jmedchem.5c00704,"A Novel PROTAC G9a/GLP Degrader that Inhibits, Similar to G9a siRNA, the Migration of MCF-7 Breast-Cancer Cells without Affecting Proliferation.",hepatic/hepatotoxicity,C,PubMed abstract sentence 6,abstain,none,False,False,NA,0.0,none,False,NONE,no source passage available; abstain required by Task A contract,codex_no_source_abstain_rule,reject,ni_jie,C,"Reject: PMID 40886138; 'A Novel PROTAC G9a/GLP Degrader that Inhibits, Similar to G9a siRNA, the Migration of MCF-7 Br?' does not provide a sufficiently specific administered-oligo toxicity endpoint for Similar."
870,toxicity_endpoint,869,siRNA,39835559,,10.2174/0115665232337735250101121115,siRNA Knocking Down in HepG2 Cells Identifies PFKFB4 and HNF4α as Key Genes Important for Cancer Cell Survival.,hepatic/hepatotoxicity,C,PubMed abstract,abstain,none,False,False,NA,0.0,none,False,NONE,no source passage available; abstain required by Task A contract,codex_no_source_abstain_rule,reject,ni_jie,C,Reject: PMID 39835559; siRNA remains unsupported for hepatic/hepatotoxicity after abstract-level review of 'siRNA Knocking Down in HepG2 Cells Identifies PFKFB4 and HNF4α as Key Genes Important for Canc?'.
871,toxicity_endpoint,870,siRNA,39630486,,10.1039/d4tb01547a,Topical siRNA therapy of diabetic-like wound healing.,hepatic/hepatotoxicity,B,PubMed abstract,abstain,none,False,False,NA,0.0,none,False,NONE,no source passage available; abstain required by Task A contract,codex_no_source_abstain_rule,reject,ni_jie,C,Reject: PMID 39630486 abstract/title reviewed; no clear in-scope hepatic/hepatotoxicity endpoint is grounded for siRNA.
872,toxicity_endpoint,871,SIRT6-mediated,40403679,,10.1016/j.bbrc.2025.152046,Senkyunolide A mitigates lipid deposition in hyperlipidemic hepatocytes through SIRT6-mediated suppression of oxidative stress and fetuin-A.,hepatic/hepatotoxicity,C,PubMed abstract,abstain,none,False,False,NA,0.0,none,False,NONE,no source passage available; abstain required by Task A contract,codex_no_source_abstain_rule,reject,ni_jie,C,Reject: PMID 40403679; 'Senkyunolide A mitigates lipid deposition in hyperlipidemic hepatocytes through SIRT6-mediated?' does not provide a sufficiently specific administered-oligo toxicity endpoint for SIRT6-mediated.
873,toxicity_endpoint,872,significantly,40015535,,10.1016/j.jep.2025.119550,Effect of Sceptridium ternatum extract (STE) on radiation-induced pulmonary fibrosis by inhibiting cell adhesion factor CEACAM1.,hepatic/hepatotoxicity,B,PubMed abstract,abstain,none,False,False,NA,0.0,none,False,NONE,no source passage available; abstain required by Task A contract,codex_no_source_abstain_rule,reject,ni_jie,C,Reject: PMID 40015535; significantly remains unsupported for hepatic/hepatotoxicity after abstract-level review of 'Effect of Sceptridium ternatum extract (STE) on radiation-induced pulmonary fibrosis by inhibi?'.
874,toxicity_endpoint,873,siRNA,40012358,,10.1021/acs.jmedchem.4c02819,"Discovery of Novel Oxazolo[4,3-f]purine Derivatives as Antitumor Agents through PPIA Interaction.",hepatic/hepatotoxicity,B,PubMed abstract,abstain,none,False,False,NA,0.0,none,False,NONE,no source passage available; abstain required by Task A contract,codex_no_source_abstain_rule,reject,ni_jie,C,"Reject: PMID 40012358; siRNA remains unsupported for hepatic/hepatotoxicity after abstract-level review of 'Discovery of Novel Oxazolo[4,3-f]purine Derivatives as Antitumor Agents through PPIA Interacti?'."
875,toxicity_endpoint,874,siRNA,39947390,,10.1016/j.neuropharm.2025.110362,Esketamine mitigates endotoxin-induced hippocampal injury by regulating calcium transient and synaptic plasticity via the NF-α1/CREB pathway.,hepatic/hepatotoxicity,C,PubMed abstract,abstain,none,False,False,NA,0.0,none,False,NONE,no source passage available; abstain required by Task A contract,codex_no_source_abstain_rule,reject,ni_jie,C,Reject: PMID 39947390; siRNA remains unsupported for hepatic/hepatotoxicity after abstract-level review of 'Esketamine mitigates endotoxin-induced hippocampal injury by regulating calcium transient and?'.
876,toxicity_endpoint,875,siRNA,39844419,,10.2174/0113862073354456241219065512,Resveratrol Reduces Cisplatin-induced Cochlear Hair Cell Pyroptosis by Inhibiting the mtROS/TXNIP/NLRP3 Pathway.,hepatic/hepatotoxicity,B,PubMed abstract,abstain,none,False,False,NA,0.0,none,False,NONE,no source passage available; abstain required by Task A contract,codex_no_source_abstain_rule,reject,ni_jie,C,Reject: PMID 39844419; siRNA remains unsupported for hepatic/hepatotoxicity after abstract-level review of 'Resveratrol Reduces Cisplatin-induced Cochlear Hair Cell Pyroptosis by Inhibiting the mtROS/TX?'.
877,toxicity_endpoint,876,signaling,39700772,,10.1016/j.ecoenv.2024.117546,Rutin attenuates zearalenone-induced ferroptosis of endometrial stromal cells in piglets through the p53 signaling pathway.,immunotoxicity/immune activation,C,PubMed abstract,abstain,none,False,False,NA,0.0,none,False,NONE,no source passage available; abstain required by Task A contract,codex_no_source_abstain_rule,reject,ni_jie,C,Reject: PMID 39700772; signaling remains unsupported for immunotoxicity/immune activation after abstract-level review of 'Rutin attenuates zearalenone-induced ferroptosis of endometrial stromal cells in piglets throu?'.
878,toxicity_endpoint,877,siRNA,38155279,,10.1007/s11427-023-2434-8,Targeting lncRNA16 by GalNAc-siRNA conjugates facilitates chemotherapeutic sensibilization via the HBB/NDUFAF5/ROS pathway.,renal/renal safety,B,PubMed abstract,abstain,none,False,False,NA,0.0,none,False,NONE,no source passage available; abstain required by Task A contract,codex_no_source_abstain_rule,reject,ni_jie,C,Reject: PMID 38155279; available abstract is not enough to curate renal/renal safety for siRNA as a verified toxicity record.
879,toxicity_endpoint,878,site,38040383,,10.1016/j.nbd.2023.106368,Antisense oligonucleotide-mediated disruption of HTT caspase-6 cleavage site ameliorates the phenotype of YAC128 Huntington disease mice.,general toxicity/toxicity,C,PubMed abstract,abstain,none,False,False,NA,0.0,none,False,NONE,no source passage available; abstain required by Task A contract,codex_no_source_abstain_rule,reject,ni_jie,C,Reject: PMID 38040383; available abstract is not enough to curate general toxicity/toxicity for site as a verified toxicity record.
880,toxicity_endpoint,879,inclisiran,38945909,,10.1254/fpj.24018,"[Pharmacological and clinical profile of inclisiran sodium, a long-acting LDL cholesterol lowering siRNA, LEQVIO for s.c. injection syringe 300 ‍mg].",immunotoxicity/immune activation,B,PubMed abstract,abstain,none,False,False,NA,0.0,none,False,NONE,no source passage available; abstain required by Task A contract,codex_no_source_abstain_rule,reject,ni_jie,C,"Reject: PMID 38945909; inclisiran remains unsupported for immunotoxicity/immune activation after abstract-level review of '[Pharmacological and clinical profile of inclisiran sodium, a long-acting LDL cholesterol lowe?'."
881,toxicity_endpoint,880,simulation,38688053,,10.1016/j.chroma.2024.464945,"Influence of oligonucleotides structures for separation of diastereomers by capillary electrophoresis method using polyvinylpyrrolidone 1,300,000.",hepatic/hepatotoxicity,C,PubMed abstract,abstain,none,False,False,NA,0.0,none,False,NONE,no source passage available; abstain required by Task A contract,codex_no_source_abstain_rule,reject,ni_jie,C,Reject: PMID 38688053 abstract/title reviewed; no clear in-scope hepatic/hepatotoxicity endpoint is grounded for simulation.
882,toxicity_endpoint,881,unspecified ASO,38330721,,10.1016/j.bioorg.2024.107176,Repurposing sodium stibogluconate as an uracil DNA glycosylase inhibitor against prostate cancer using a time-resolved oligonucleotide-based drug screening platform.,general safety/cell viability/cytotoxicity,C,PubMed abstract sentence 6,abstain,none,False,False,NA,0.0,none,False,NONE,no source passage available; abstain required by Task A contract,codex_no_source_abstain_rule,reject,ni_jie,C,Reject: PMID 38330721; 'Repurposing sodium stibogluconate as an uracil DNA glycosylase inhibitor against prostate canc?' does not provide a sufficiently specific administered-oligo toxicity endpoint for unspecified ASO.
883,toxicity_endpoint,882,signaling,39321527,,10.1016/j.ecoenv.2024.117104,Di-(2-ethylhexyl) phthalate exposure induces ferroptosis by regulating the Nrf2-mediated signaling pathway in mouse ovaries.,hepatic/hepatotoxicity,C,PubMed abstract,abstain,none,False,False,NA,0.0,none,False,NONE,no source passage available; abstain required by Task A contract,codex_no_source_abstain_rule,reject,ni_jie,C,"Reject: PMID 39321527; the abstained record was checked at abstract level, but hepatic/hepatotoxicity is still not directly recoverable for signaling."
884,toxicity_endpoint,883,signaling,39245217,,10.1016/j.chemosphere.2024.143293,Prevalence of perturbed gut microbiota in pathophysiology of arsenic-induced anxiety- and depression-like behaviour in mice.,hepatic/hepatotoxicity,C,PubMed abstract,abstain,none,False,False,NA,0.0,none,False,NONE,no source passage available; abstain required by Task A contract,codex_no_source_abstain_rule,reject,ni_jie,C,Reject: PMID 39245217 abstract/title reviewed; no clear in-scope hepatic/hepatotoxicity endpoint is grounded for signaling.
885,toxicity_endpoint,884,silico,39136161,,10.1039/d4dt01075b,Unravelling the mechanism of apoptosis induced by copper(II) complexes of NN(2)-pincer ligands in lung cancer cells.,hepatic/hepatotoxicity,B,PubMed abstract,abstain,none,False,False,NA,0.0,none,False,NONE,no source passage available; abstain required by Task A contract,codex_no_source_abstain_rule,reject,ni_jie,C,Reject: PMID 39136161; 'Unravelling the mechanism of apoptosis induced by copper(II) complexes of NN(2)-pincer ligands?' does not provide a sufficiently specific administered-oligo toxicity endpoint for silico.
886,toxicity_endpoint,885,inclisiran,39101472,,10.1093/eurjpc/zwae254,In-silico trial emulation to predict the cardiovascular protection of new lipid-lowering drugs: an illustration through the design of the SIRIUS programme.,hepatic/hepatotoxicity,B,PubMed abstract,abstain,none,False,False,NA,0.0,none,False,NONE,no source passage available; abstain required by Task A contract,codex_no_source_abstain_rule,reject,ni_jie,C,"Reject: PMID 39101472; the abstained record was checked at abstract level, but hepatic/hepatotoxicity is still not directly recoverable for inclisiran."
887,toxicity_endpoint,886,situ,39008248,,10.1007/978-1-0716-4043-2_4,Proximity Ligation Assay for the Analysis of Iron-Mediated Protein-Protein Interactions in the Nucleus.,renal/renal safety,C,PubMed abstract,abstain,none,False,False,NA,0.0,none,False,NONE,no source passage available; abstain required by Task A contract,codex_no_source_abstain_rule,reject,ni_jie,C,Reject: PMID 39008248; no source passage or abstract wording gives a dependable toxicity call for situ.
888,toxicity_endpoint,887,multifunctional ASO,38968904,,10.1016/j.bioorg.2024.107595,RNase H-sensitive multifunctional ASO-based constructs as promising tools for the treatment of multifactorial complex pathologies.,hepatic/hepatotoxicity,C,PubMed abstract sentence 7,abstain,none,False,False,NA,0.0,none,False,NONE,no source passage available; abstain required by Task A contract,codex_no_source_abstain_rule,reject,ni_jie,C,Reject: PMID 38968904 abstract/title reviewed; no clear in-scope hepatic/hepatotoxicity endpoint is grounded for multifunctional ASO.
889,toxicity_endpoint,888,silico,38795878,,10.1016/j.ijbiomac.2024.132455,Spraying double-stranded RNA targets UDP-N-acetylglucosamine pyrophosphorylase in the control of Nilaparvata lugens.,hepatic/hepatotoxicity,B,PubMed abstract,abstain,none,False,False,NA,0.0,none,False,NONE,no source passage available; abstain required by Task A contract,codex_no_source_abstain_rule,reject,ni_jie,C,"Reject: PMID 38795878; the abstained record was checked at abstract level, but hepatic/hepatotoxicity is still not directly recoverable for silico."
890,toxicity_endpoint,889,similarly,38568291,,10.1007/s12017-024-08775-4,Tetramethylpyrazine Nitrone Promotes the Clearance of Alpha-Synuclein via Nrf2-Mediated Ubiquitin-Proteasome System Activation.,renal/renal safety,C,PubMed abstract,abstain,none,False,False,NA,0.0,none,False,NONE,no source passage available; abstain required by Task A contract,codex_no_source_abstain_rule,reject,ni_jie,C,Reject: PMID 38568291; 'Tetramethylpyrazine Nitrone Promotes the Clearance of Alpha-Synuclein via Nrf2-Mediated Ubiqui?' does not provide a sufficiently specific administered-oligo toxicity endpoint for similarly.
891,toxicity_endpoint,890,similar,38545650,,10.1152/ajprenal.00014.2024,MFSD12 depletion reduces cystine accumulation without improvement in proximal tubular function in experimental models for cystinosis.,hepatic/hepatotoxicity,B,PubMed abstract,abstain,none,False,False,NA,0.0,none,False,NONE,no source passage available; abstain required by Task A contract,codex_no_source_abstain_rule,reject,ni_jie,C,Reject: PMID 38545650 abstract/title reviewed; no clear in-scope hepatic/hepatotoxicity endpoint is grounded for similar.
892,toxicity_endpoint,891,nusinersen,38465810,,10.17116/jnevro202412402145,[Risdiplam for the treatment of spinal muscular atrophy].,hepatic/hepatotoxicity,B,PubMed abstract,abstain,none,False,False,NA,0.0,none,False,NONE,no source passage available; abstain required by Task A contract,codex_no_source_abstain_rule,reject,ni_jie,C,Reject: PMID 38465810; nusinersen remains unsupported for hepatic/hepatotoxicity after abstract-level review of '[Risdiplam for the treatment of spinal muscular atrophy].'.
893,toxicity_endpoint,892,siRNA,38442139,,10.1080/09553002.2024.2324475,Taraxasterol enhanced bladder cancer cells radiosensitivity via inhibiting the COX-2/PGE2/JAK2/STAT3/MMP pathway.,hepatic/hepatotoxicity,B,PubMed abstract,abstain,none,False,False,NA,0.0,none,False,NONE,no source passage available; abstain required by Task A contract,codex_no_source_abstain_rule,reject,ni_jie,C,Reject: PMID 38442139 abstract/title reviewed; no clear in-scope hepatic/hepatotoxicity endpoint is grounded for siRNA.
894,toxicity_endpoint,893,Siderophore,38407513,,10.1002/anie.202402405,Catechol-Siderophore Mimics Convey Nucleic Acid Therapeutics into Bacteria.,hepatic/hepatotoxicity,C,PubMed abstract,abstain,none,False,False,NA,0.0,none,False,NONE,no source passage available; abstain required by Task A contract,codex_no_source_abstain_rule,reject,ni_jie,C,Reject: PMID 38407513; no source passage or abstract wording gives a dependable toxicity call for Siderophore.
895,toxicity_endpoint,894,Signaling,38310055,,10.1016/j.ijbiomac.2024.129876,Suppression of SOCS3 expression in macrophage cells: Potential application in diabetic wound healing.,immunotoxicity/immune activation,C,PubMed abstract,abstain,none,False,False,NA,0.0,none,False,NONE,no source passage available; abstain required by Task A contract,codex_no_source_abstain_rule,reject,ni_jie,C,Reject: PMID 38310055; 'Suppression of SOCS3 expression in macrophage cells: Potential application in diabetic wound h?' does not provide a sufficiently specific administered-oligo toxicity endpoint for Signaling.
896,toxicity_endpoint,895,inclisiran,38220483,,10.1016/j.clinthera.2023.12.003,First Report of Inclisiran Utilization for Hypercholesterolemia Treatment in Real-world Clinical Settings in a Middle East Population.,hepatic/hepatotoxicity,B,PubMed abstract sentence 12,abstain,none,False,False,NA,0.0,none,False,NONE,no source passage available; abstain required by Task A contract,codex_no_source_abstain_rule,reject,ni_jie,C,Reject: PMID 38220483; inclisiran remains unsupported for hepatic/hepatotoxicity after abstract-level review of 'First Report of Inclisiran Utilization for Hypercholesterolemia Treatment in Real-world Clinic?'.
897,toxicity_endpoint,896,signaling,37951450,,10.1016/j.ijbiomac.2023.127909,"Design, synthesis and anticancer evaluation of novel arylhydrazones of active methylene compounds.",hepatic/hepatotoxicity,B,PubMed abstract,abstain,none,False,False,NA,0.0,none,False,NONE,no source passage available; abstain required by Task A contract,codex_no_source_abstain_rule,reject,ni_jie,C,"Reject: PMID 37951450; 'Design, synthesis and anticancer evaluation of novel arylhydrazones of active methylene compou?' does not provide a sufficiently specific administered-oligo toxicity endpoint for signaling."
898,toxicity_endpoint,897,siRNA,39490472,,10.1016/j.ijbiomac.2024.136964,Chitosan/siRNA nanoparticles targeting PARP-1 attenuate Neuroinflammation and apoptosis in hyperglycemia-induced oxidative stress in Neuro2a cells.,general safety/cell viability/cytotoxicity,C,PubMed abstract sentence 6,abstain,none,False,False,NA,0.0,none,False,NONE,no source passage available; abstain required by Task A contract,codex_no_source_abstain_rule,reject,ni_jie,C,Reject: PMID 39490472 abstract/title reviewed; no clear in-scope general safety/cell viability/cytotoxicity endpoint is grounded for siRNA.
899,toxicity_endpoint,898,sized,39141571,,10.1080/17425247.2024.2393244,An investigation of nano- and micron-sized carriers based on calcium carbonate and polylactic acid for oral administration of siRNA.,hepatic/hepatotoxicity,C,PubMed abstract,abstain,none,False,False,NA,0.0,none,False,NONE,no source passage available; abstain required by Task A contract,codex_no_source_abstain_rule,reject,ni_jie,C,Reject: PMID 39141571 abstract/title reviewed; no clear in-scope hepatic/hepatotoxicity endpoint is grounded for sized.
900,toxicity_endpoint,899,siRNA-MANF,39547060,,10.1016/j.ecoenv.2024.117331,MANF inhibits NLRP3 inflammasome activation by competitively binding to DDX3X in paraquat-stimulated alveolar macrophages.,hepatic/hepatotoxicity,C,PubMed abstract,abstain,none,False,False,NA,0.0,none,False,NONE,no source passage available; abstain required by Task A contract,codex_no_source_abstain_rule,reject,ni_jie,C,Reject: PMID 39547060; siRNA-MANF remains unsupported for hepatic/hepatotoxicity after abstract-level review of 'MANF inhibits NLRP3 inflammasome activation by competitively binding to DDX3X in paraquat-stim?'.
901,toxicity_endpoint,900,silencing,38961849,,10.1002/jgm.3716,"Biocompatible hydroxyapatite-based nano vehicle bypasses viral transduction and enables sustained silencing of a pluripotency marker gene, demonstrating desired differentiation in mouse embryonic stem cells.",hepatic/hepatotoxicity,C,PubMed abstract,reject,NA,False,False,NA,0.96,pubmed_abstract,False,NONE,"Rejected: R8HNP-siRNA is used as a stem-cell differentiation/gene-silencing protocol, not an administered therapeutic oligonucleotide safety result.",codex_gpt-5.5_manual_agent,reject,ni_jie,C,"Reject: PMID 38961849; Rejected: R8HNP-siRNA is used as a stem-cell differentiation/gene-silencing protocol, not an administered therapeutic oligonucleotide safety result."
902,toxicity_endpoint,901,siRNA,37804762,,10.1016/j.jhazmat.2023.132597,"1,2-bis(2,4,6-tribromophenoxy) ethane, a novel brominated flame retardant, disrupts intestinal barrier function via the IRX3/NOS2 axis in rat small intestine.",hepatic/hepatotoxicity,C,PubMed abstract,abstain,none,False,False,NA,0.0,none,False,NONE,no source passage available; abstain required by Task A contract,codex_no_source_abstain_rule,reject,ni_jie,C,Reject: PMID 37804762; no source passage or abstract wording gives a dependable toxicity call for siRNA.
903,toxicity_endpoint,902,siRNA,37497888,,10.1002/ajh.27015,"SLN124, a GalNAc conjugated 19-mer siRNA targeting tmprss6, reduces plasma iron and increases hepcidin levels of healthy volunteers.",hepatic/hepatotoxicity,B,PubMed abstract,abstain,none,False,False,NA,0.0,none,False,NONE,no source passage available; abstain required by Task A contract,codex_no_source_abstain_rule,accept,ni_jie,B,"Accept B: PubMed abstract gives a direct abstract-level signal for hepatic/hepatotoxicity in siRNA; no full passage, so curator kept confidence limited."
904,toxicity_endpoint,903,inotersen,36228827,,10.1053/j.ajkd.2022.08.018,"Focal Segmental Glomerulosclerosis Complicating Therapy With Inotersen, an Antisense Oligonucleotide Inhibitor: A Case Report.",renal/renal safety,B,PubMed abstract,abstain,none,False,False,NA,0.0,none,False,NONE,no source passage available; abstain required by Task A contract,codex_no_source_abstain_rule,reject,ni_jie,C,Reject: PMID 36228827; available abstract is not enough to curate renal/renal safety for inotersen as a verified toxicity record.
905,toxicity_endpoint,904,single,36513186,,10.1016/j.jhep.2022.11.025,"A phase I/II study of ARO-HSD, an RNA interference therapeutic, for the treatment of non-alcoholic steatohepatitis.",hepatic/hepatotoxicity,B,PubMed abstract,abstain,none,False,False,NA,0.0,none,False,NONE,no source passage available; abstain required by Task A contract,codex_no_source_abstain_rule,accept,ni_jie,B,"Accept B: PubMed abstract gives a direct abstract-level signal for hepatic/hepatotoxicity in single; no full passage, so curator kept confidence limited."
906,toxicity_endpoint,905,significantly,36373781,,10.1177/08853282221138922,The complexing of cationic copolymer MPC(30)-DEA(70) with TGF-β1 antisense oligodeoxynucleotide and transfection into cardiomyocytes in vitro.,hepatic/hepatotoxicity,C,PubMed abstract,abstain,none,False,False,NA,0.0,none,False,NONE,no source passage available; abstain required by Task A contract,codex_no_source_abstain_rule,reject,ni_jie,C,Reject: PMID 36373781; no source passage or abstract wording gives a dependable toxicity call for significantly.
907,toxicity_endpoint,906,siRNA,37962485,,10.1002/cpz1.923,A Convenient Method for the Synthesis of 2'-O-Cyanoethylated Nucleotides and Their Application in the Solid-Phase Synthesis of Related RNA Analogs.,hepatic/hepatotoxicity,B,PubMed abstract sentence 1,abstain,none,False,False,NA,0.0,none,False,NONE,no source passage available; abstain required by Task A contract,codex_no_source_abstain_rule,reject,ni_jie,C,Reject: PMID 37962485; 'A Convenient Method for the Synthesis of 2'-O-Cyanoethylated Nucleotides and Their Application?' does not provide a sufficiently specific administered-oligo toxicity endpoint for siRNA.
908,toxicity_endpoint,907,significant,37769581,,10.1016/j.ecoenv.2023.115526,"Identification of the Kupffer cell-derived circulating IGFBP-3 as a universal radiation biomarker for heavy ion, proton, and X-ray exposure.",hepatic/hepatotoxicity,B,PubMed abstract,abstain,none,False,False,NA,0.0,none,False,NONE,no source passage available; abstain required by Task A contract,codex_no_source_abstain_rule,reject,ni_jie,C,Reject: PMID 37769581; 'Identification of the Kupffer cell-derived circulating IGFBP-3 as a universal radiation biomar?' does not provide a sufficiently specific administered-oligo toxicity endpoint for significant.
909,toxicity_endpoint,908,single-dose,37524230,,10.1016/j.jhep.2023.07.026,First-in-human randomized study of RNAi therapeutic RG6346 for chronic hepatitis B virus infection.,hepatic/hepatotoxicity,B,PubMed abstract,abstain,none,False,False,NA,0.0,none,False,NONE,no source passage available; abstain required by Task A contract,codex_no_source_abstain_rule,accept,ni_jie,B,"Accept B: PubMed abstract gives a direct abstract-level signal for hepatic/hepatotoxicity in single-dose; no full passage, so curator kept confidence limited."
910,toxicity_endpoint,909,signs,37458103,,10.1039/d3dt01836a,Cobalt bis(dicarbollide) is a DNA-neutral pharmacophore.,hepatic/hepatotoxicity,C,PubMed abstract,abstain,none,False,False,NA,0.0,none,False,NONE,no source passage available; abstain required by Task A contract,codex_no_source_abstain_rule,reject,ni_jie,C,Reject: PMID 37458103; signs remains unsupported for hepatic/hepatotoxicity after abstract-level review of 'Cobalt bis(dicarbollide) is a DNA-neutral pharmacophore.'.
911,toxicity_endpoint,910,of ASO,37635089,,10.1002/chem.202301928,Post-Synthetic Nucleobase Modification of Oligodeoxynucleotides by Sonogashira Coupling and Influence of Alkynyl Modifications on the Duplex-Forming Ability.,hepatic/hepatotoxicity,C,PubMed abstract,abstain,none,False,False,NA,0.0,none,False,NONE,no source passage available; abstain required by Task A contract,codex_no_source_abstain_rule,reject,ni_jie,C,"Reject: PMID 37635089; the abstained record was checked at abstract level, but hepatic/hepatotoxicity is still not directly recoverable for of ASO."
912,toxicity_endpoint,911,significant,37059380,,10.1016/j.fct.2023.113782,DBP induced autophagy and necrotic apoptosis in HepG2 cells via the mitochondrial damage pathway.,general safety/cell viability/cytotoxicity,C,PubMed abstract,abstain,none,False,False,NA,0.0,none,False,NONE,no source passage available; abstain required by Task A contract,codex_no_source_abstain_rule,reject,ni_jie,C,Reject: PMID 37059380 abstract/title reviewed; no clear in-scope general safety/cell viability/cytotoxicity endpoint is grounded for significant.
913,toxicity_endpoint,912,siRNA-Bckdhb,36813076,,10.1016/j.neulet.2023.137141,Effect of sevoflurane anesthesia to neonatal rat hippocampus by RNA-seq.,renal/renal safety,C,PubMed abstract,abstain,none,False,False,NA,0.0,none,False,NONE,no source passage available; abstain required by Task A contract,codex_no_source_abstain_rule,reject,ni_jie,C,Reject: PMID 36813076; siRNA-Bckdhb remains unsupported for renal/renal safety after abstract-level review of 'Effect of sevoflurane anesthesia to neonatal rat hippocampus by RNA-seq.'.
914,toxicity_endpoint,913,unspecified PMO,36709649,,10.1016/j.ejmech.2023.115148,Design and synthesis of benzochromene derivatives as AcrB inhibitors for the reversal of bacterial multidrug resistance.,hepatic/hepatotoxicity,B,PubMed abstract,abstain,none,False,False,NA,0.0,none,False,NONE,no source passage available; abstain required by Task A contract,codex_no_source_abstain_rule,reject,ni_jie,C,Reject: PMID 36709649; 'Design and synthesis of benzochromene derivatives as AcrB inhibitors for the reversal of bacte?' does not provide a sufficiently specific administered-oligo toxicity endpoint for unspecified PMO.
915,toxicity_endpoint,914,unspecified ASO,36608275,,10.1021/acs.jmedchem.2c01557,Inducible Degradation of Oncogenic Nucleolin Using an Aptamer-Based PROTAC.,hepatic/hepatotoxicity,C,PubMed abstract,abstain,none,False,False,NA,0.0,none,False,NONE,no source passage available; abstain required by Task A contract,codex_no_source_abstain_rule,reject,ni_jie,C,"Reject: PMID 36608275; the abstained record was checked at abstract level, but hepatic/hepatotoxicity is still not directly recoverable for unspecified ASO."
916,toxicity_endpoint,915,Since,36401026,,10.1007/978-1-0716-2772-3_6,Restoring Dystrophin Expression by Skipping Exons 6 and 8 in Neonatal Dystrophic Dogs.,hepatic/hepatotoxicity,B,PubMed abstract,abstain,none,False,False,NA,0.0,none,False,NONE,no source passage available; abstain required by Task A contract,codex_no_source_abstain_rule,reject,ni_jie,C,Reject: PMID 36401026; no source passage or abstract wording gives a dependable toxicity call for Since.
917,toxicity_endpoint,916,signaling,36306888,,10.1016/j.envpol.2022.120510,Non-additive mixture effects of benzo[a]pyrene and pesticides in vitro and in vivo: Role of AhR signaling.,hepatic/hepatotoxicity,C,PubMed abstract,abstain,none,False,False,NA,0.0,none,False,NONE,no source passage available; abstain required by Task A contract,codex_no_source_abstain_rule,reject,ni_jie,C,Reject: PMID 36306888 abstract/title reviewed; no clear in-scope hepatic/hepatotoxicity endpoint is grounded for signaling.
918,toxicity_endpoint,917,siRNA,35027752,,10.1038/s41591-021-01634-w,Preclinical development and phase 1 trial of a novel siRNA targeting lipoprotein(a).,general safety/systemic safety/tolerability,B,PubMed abstract,abstain,none,False,False,NA,0.0,none,False,NONE,no source passage available; abstain required by Task A contract,codex_no_source_abstain_rule,reject,ni_jie,C,Reject: PMID 35027752; siRNA remains unsupported for general safety/systemic safety/tolerability after abstract-level review of 'Preclinical development and phase 1 trial of a novel siRNA targeting lipoprotein(a).'.
919,toxicity_endpoint,918,single,35042440,,10.1177/01926233211063831,Antisense Oligonucleotide-Related Macrovesicular Vacuolation of Hippocampal Neurons in Nonhuman Primates.,general safety/systemic safety/tolerability,C,PubMed abstract,abstain,none,False,False,NA,0.0,none,False,NONE,no source passage available; abstain required by Task A contract,codex_no_source_abstain_rule,reject,ni_jie,C,Reject: PMID 35042440; single remains unsupported for general safety/systemic safety/tolerability after abstract-level review of 'Antisense Oligonucleotide-Related Macrovesicular Vacuolation of Hippocampal Neurons in Nonhuma?'.
920,toxicity_endpoint,919,SIGNIFICANCE,34921096,,10.1124/dmd.121.000751,"Antisense Oligonucleotide In Vitro Protein Binding Determination in Plasma, Brain, and Cerebral Spinal Fluid Using Hybridization LC-MS/MS.",hepatic/hepatotoxicity,B,PubMed abstract,reject,NA,False,False,NA,0.98,pubmed_abstract,False,NONE,"Rejected: ASO unbound-fraction/protein-binding method has only potential-toxicity relevance, not an observed safety/toxicity endpoint.",codex_gpt-5.5_manual_agent,reject,ni_jie,C,"Reject: PMID 34921096; Rejected: ASO unbound-fraction/protein-binding method has only potential-toxicity relevance, not an observed safety/toxicity endpoint."
921,toxicity_endpoint,920,siRNA,35749736,,10.1002/adhm.202200579,Aggregation-Induced Emission (AIE) and Magnetic Resonance Imaging Characteristics for Targeted and Image-Guided siRNA Therapy of Hepatocellular Carcinoma.,hepatic/hepatotoxicity,B,PubMed abstract,abstain,none,False,False,NA,0.0,none,False,NONE,no source passage available; abstain required by Task A contract,codex_no_source_abstain_rule,reject,ni_jie,C,Reject: PMID 35749736; siRNA remains unsupported for hepatic/hepatotoxicity after abstract-level review of 'Aggregation-Induced Emission (AIE) and Magnetic Resonance Imaging Characteristics for Targeted?'.
922,toxicity_endpoint,921,sites,36085230,,10.1007/s10565-022-09757-7,Mechanistic insights into HuR inhibitor MS-444 arresting embryonic development revealed by low-input RNA-seq and STORM.,hepatic/hepatotoxicity,B,PubMed abstract,abstain,none,False,False,NA,0.0,none,False,NONE,no source passage available; abstain required by Task A contract,codex_no_source_abstain_rule,reject,ni_jie,C,Reject: PMID 36085230; available abstract is not enough to curate hepatic/hepatotoxicity for sites as a verified toxicity record.
923,toxicity_endpoint,922,siRNA,35189260,,10.1016/j.jconrel.2022.02.022,Dual-RNA controlled delivery system inhibited tumor growth by apoptosis induction and TME activation.,hepatic/hepatotoxicity,C,PubMed abstract,abstain,none,False,False,NA,0.0,none,False,NONE,no source passage available; abstain required by Task A contract,codex_no_source_abstain_rule,reject,ni_jie,C,Reject: PMID 35189260; no source passage or abstract wording gives a dependable toxicity call for siRNA.
924,toxicity_endpoint,923,sidechain,35168151,,10.1016/j.ejmech.2022.114183,Thiosugar naphthalene diimide conjugates: G-quadruplex ligands with antiparasitic and anticancer activity.,hepatic/hepatotoxicity,C,PubMed abstract,abstain,none,False,False,NA,0.0,none,False,NONE,no source passage available; abstain required by Task A contract,codex_no_source_abstain_rule,reject,ni_jie,C,Reject: PMID 35168151; available abstract is not enough to curate hepatic/hepatotoxicity for sidechain as a verified toxicity record.
925,toxicity_endpoint,924,significantly,34915704,,10.1021/acs.bioconjchem.1c00456,Structural Modifications to the Internal Oligoguanidinium Transporter Uncover Two Potent Analogues that Effectively Deliver the Proapoptotic Peptide in Multiple Cancer Cell Lines.,hepatic/hepatotoxicity,B,PubMed abstract,abstain,none,False,False,NA,0.0,none,False,NONE,no source passage available; abstain required by Task A contract,codex_no_source_abstain_rule,reject,ni_jie,C,Reject: PMID 34915704; significantly remains unsupported for hepatic/hepatotoxicity after abstract-level review of 'Structural Modifications to the Internal Oligoguanidinium Transporter Uncover Two Potent Analo?'.
926,toxicity_endpoint,925,situ,34799047,,10.1016/j.jcis.2021.11.019,Hybridized double-shell periodic mesoporous organosilica nanotheranostics for ultrasound imaging guided photothermal therapy.,hepatic/hepatotoxicity,B,PubMed abstract,abstain,none,False,False,NA,0.0,none,False,NONE,no source passage available; abstain required by Task A contract,codex_no_source_abstain_rule,reject,ni_jie,C,Reject: PMID 34799047; available abstract is not enough to curate hepatic/hepatotoxicity for situ as a verified toxicity record.
927,toxicity_endpoint,926,siRNA,34101472,,10.1021/acs.langmuir.1c00530,Scalable Production of Lipid Nanoparticles Containing Amphotericin B.,hepatic/hepatotoxicity,C,PubMed abstract,abstain,none,False,False,NA,0.0,none,False,NONE,no source passage available; abstain required by Task A contract,codex_no_source_abstain_rule,reject,ni_jie,C,"Reject: PMID 34101472; the abstained record was checked at abstract level, but hepatic/hepatotoxicity is still not directly recoverable for siRNA."
928,toxicity_endpoint,927,size,34474856,,10.1016/j.msec.2021.112305,Folate targeted hybrid lipo-polymeric nanoplexes containing docetaxel and miRNA-34a for breast cancer treatment.,hepatic/hepatotoxicity,C,PubMed abstract,abstain,none,False,False,NA,0.0,none,False,NONE,no source passage available; abstain required by Task A contract,codex_no_source_abstain_rule,reject,ni_jie,C,Reject: PMID 34474856; size remains unsupported for hepatic/hepatotoxicity after abstract-level review of 'Folate targeted hybrid lipo-polymeric nanoplexes containing docetaxel and miRNA-34a for breast?'.
929,toxicity_endpoint,928,siRNAs,34062235,,10.1016/j.bbagen.2021.129938,Short interfering RNA delivered by a hybrid nanoparticle targeting VEGF: Biodistribution and anti-tumor effect.,hepatic/hepatotoxicity,B,PubMed abstract,abstain,none,False,False,NA,0.0,none,False,NONE,no source passage available; abstain required by Task A contract,codex_no_source_abstain_rule,reject,ni_jie,C,Reject: PMID 34062235; no source passage or abstract wording gives a dependable toxicity call for siRNAs.
930,toxicity_endpoint,929,vutrisiran,32599652,,10.1002/cpt.1974,"Single-Dose Pharmacokinetics and Pharmacodynamics of Transthyretin Targeting N-acetylgalactosamine-Small Interfering Ribonucleic Acid Conjugate, Vutrisiran, in Healthy Subjects.",general safety/systemic safety/tolerability,B,PubMed abstract sentence 2,abstain,none,False,False,NA,0.0,none,False,NONE,no source passage available; abstain required by Task A contract,codex_no_source_abstain_rule,reject,ni_jie,C,"Reject: PMID 32599652; the abstained record was checked at abstract level, but general safety/systemic safety/tolerability is still not directly recoverable for vutrisiran."
931,toxicity_endpoint,930,simple,32865788,,10.1007/978-1-0716-0771-8_10,Calcium-Mediated In Vitro Transfection Technique of Oligonucleotides with Broad Chemical Modification Compatibility.,general safety/cell viability/cytotoxicity,C,PubMed abstract sentence 3,abstain,none,False,False,NA,0.0,none,False,NONE,no source passage available; abstain required by Task A contract,codex_no_source_abstain_rule,reject,ni_jie,C,Reject: PMID 32865788; available abstract is not enough to curate general safety/cell viability/cytotoxicity for simple as a verified toxicity record.
932,toxicity_endpoint,931,simultaneously,32330214,,10.1039/c9tb02700a,Amphetamine decorated cationic lipid nanoparticles cross the blood-brain barrier: therapeutic promise for combating glioblastoma.,hepatic/hepatotoxicity,C,PubMed abstract,abstain,none,False,False,NA,0.0,none,False,NONE,no source passage available; abstain required by Task A contract,codex_no_source_abstain_rule,reject,ni_jie,C,"Reject: PMID 32330214; the abstained record was checked at abstract level, but hepatic/hepatotoxicity is still not directly recoverable for simultaneously."
933,toxicity_endpoint,932,siRNA,32726663,,10.1016/j.lfs.2020.118150,Inhibition of CD73 using folate targeted nanoparticles carrying anti-CD73 siRNA potentiates anticancer efficacy of Dinaciclib.,hepatic/hepatotoxicity,B,PubMed abstract,abstain,none,False,False,NA,0.0,none,False,NONE,no source passage available; abstain required by Task A contract,codex_no_source_abstain_rule,reject,ni_jie,C,Reject: PMID 32726663; available abstract is not enough to curate hepatic/hepatotoxicity for siRNA as a verified toxicity record.
934,toxicity_endpoint,933,significant,32597264,,10.1080/03639045.2020.1788061,Development of orally administered insulin-loaded polymeric-oligonucleotide nanoparticles: statistical optimization and physicochemical characterization.,hepatic/hepatotoxicity,B,PubMed abstract,abstain,none,False,False,NA,0.0,none,False,NONE,no source passage available; abstain required by Task A contract,codex_no_source_abstain_rule,reject,ni_jie,C,Reject: PMID 32597264; no source passage or abstract wording gives a dependable toxicity call for significant.
935,toxicity_endpoint,934,unspecified ASO,32857010,,10.1089/nat.2020.0878,Strategies for Identity Testing of Therapeutic Oligonucleotide Drug Substances and Drug Products.,hepatic/hepatotoxicity,B,PubMed abstract,abstain,none,False,False,NA,0.0,none,False,NONE,no source passage available; abstain required by Task A contract,codex_no_source_abstain_rule,reject,ni_jie,C,Reject: PMID 32857010 abstract/title reviewed; no clear in-scope hepatic/hepatotoxicity endpoint is grounded for unspecified ASO.
936,toxicity_endpoint,935,situ,31812480,,10.1016/j.jhazmat.2019.121720,Selenomethionine exposure affects chondrogenic differentiation and bone formation in Japanese medaka (Oryzias latipes).,hepatic/hepatotoxicity,C,PubMed abstract,abstain,none,False,False,NA,0.0,none,False,NONE,no source passage available; abstain required by Task A contract,codex_no_source_abstain_rule,reject,ni_jie,C,Reject: PMID 31812480; no source passage or abstract wording gives a dependable toxicity call for situ.
937,toxicity_endpoint,936,which ASO,31009315,,10.1089/nat.2018.0773,Evaluating the Impact of Variable Phosphorothioate Content in Tricyclo-DNA Antisense Oligonucleotides in a Duchenne Muscular Dystrophy Mouse Model.,hepatic/hepatotoxicity,C,PubMed abstract,abstain,none,False,False,NA,0.0,none,False,NONE,no source passage available; abstain required by Task A contract,codex_no_source_abstain_rule,reject,ni_jie,C,Reject: PMID 31009315 abstract/title reviewed; no clear in-scope hepatic/hepatotoxicity endpoint is grounded for which ASO.
938,toxicity_endpoint,937,simulations,30284504,,10.1080/07391102.2018.1498390,Structural insight into antisense gapmer-RNA oligomer duplexes through molecular dynamics simulations.,hepatic/hepatotoxicity,B,PubMed abstract,abstain,none,False,False,NA,0.0,none,False,NONE,no source passage available; abstain required by Task A contract,codex_no_source_abstain_rule,reject,ni_jie,C,Reject: PMID 30284504; 'Structural insight into antisense gapmer-RNA oligomer duplexes through molecular dynamics simu?' does not provide a sufficiently specific administered-oligo toxicity endpoint for simulations.
939,toxicity_endpoint,938,Silencing,31556592,,10.1021/acsami.9b14324,Synthetic α-l-Threose Nucleic Acids Targeting BcL-2 Show Gene Silencing and in Vivo Antitumor Activity for Cancer Therapy.,hepatic/hepatotoxicity,C,PubMed abstract,abstain,none,False,False,NA,0.0,none,False,NONE,no source passage available; abstain required by Task A contract,codex_no_source_abstain_rule,reject,ni_jie,C,Reject: PMID 31556592; Silencing remains unsupported for hepatic/hepatotoxicity after abstract-level review of 'Synthetic α-l-Threose Nucleic Acids Targeting BcL-2 Show Gene Silencing and in Vivo Antitumor?'.
940,toxicity_endpoint,939,PS-ASO,31036929,,10.1038/s41587-019-0106-2,Chemical modification of PS-ASO therapeutics reduces cellular protein-binding and improves the therapeutic index.,hepatic/hepatotoxicity,C,PubMed abstract sentence 2,abstain,none,False,False,NA,0.0,none,False,NONE,no source passage available; abstain required by Task A contract,codex_no_source_abstain_rule,reject,ni_jie,C,Reject: PMID 31036929 abstract/title reviewed; no clear in-scope hepatic/hepatotoxicity endpoint is grounded for PS-ASO.
941,toxicity_endpoint,940,signaling,30552932,,10.1016/j.taap.2018.12.009,Alternative splicing of the vitamin D receptor modulates target gene expression and promotes ligand-independent functions.,hepatic/hepatotoxicity,C,PubMed abstract,abstain,none,False,False,NA,0.0,none,False,NONE,no source passage available; abstain required by Task A contract,codex_no_source_abstain_rule,reject,ni_jie,C,"Reject: PMID 30552932; the abstained record was checked at abstract level, but hepatic/hepatotoxicity is still not directly recoverable for signaling."
942,toxicity_endpoint,941,significant,30171554,,10.1007/978-1-4939-8651-4_23,In Vivo Evaluation of Multiple Exon Skipping with Peptide-PMOs in Cardiac and Skeletal Muscles in Dystrophic Dogs.,hepatic/hepatotoxicity,B,PubMed abstract,abstain,none,False,False,NA,0.0,none,False,NONE,no source passage available; abstain required by Task A contract,codex_no_source_abstain_rule,reject,ni_jie,C,"Reject: PMID 30171554; the abstained record was checked at abstract level, but hepatic/hepatotoxicity is still not directly recoverable for significant."
943,toxicity_endpoint,942,CP05,29875202,,10.1126/scitranslmed.aat0195,"Anchor peptide captures, targets, and loads exosomes of diverse origins for diagnostics and therapy.",hepatic/hepatotoxicity,B,PubMed abstract,abstain,none,False,False,NA,0.0,none,False,NONE,no source passage available; abstain required by Task A contract,codex_no_source_abstain_rule,reject,ni_jie,C,"Reject: PMID 29875202; the abstained record was checked at abstract level, but hepatic/hepatotoxicity is still not directly recoverable for CP05."
944,toxicity_endpoint,943,unspecified ASO,28610721,,10.1016/j.bbamem.2017.06.006,Cationic liposomal vectors incorporating a bolaamphiphile for oligonucleotide antimicrobials.,hepatic/hepatotoxicity,C,PubMed abstract,abstain,none,False,False,NA,0.0,none,False,NONE,no source passage available; abstain required by Task A contract,codex_no_source_abstain_rule,reject,ni_jie,C,Reject: PMID 28610721; available abstract is not enough to curate hepatic/hepatotoxicity for unspecified ASO as a verified toxicity record.
945,toxicity_endpoint,944,silencing,28571947,,10.1016/j.bbagen.2017.05.026,Boron nitride nanotubes for gene silencing.,hepatic/hepatotoxicity,C,PubMed abstract,abstain,none,False,False,NA,0.0,none,False,NONE,no source passage available; abstain required by Task A contract,codex_no_source_abstain_rule,reject,ni_jie,C,Reject: PMID 28571947; 'Boron nitride nanotubes for gene silencing.' does not provide a sufficiently specific administered-oligo toxicity endpoint for silencing.
946,toxicity_endpoint,945,siRNA,27557584,,10.1007/978-1-4939-3795-0_16,Quantitative Microinjection of Morpholino Antisense Oligonucleotides into Mouse Oocytes to Examine Gene Function in Meiosis-I.,hepatic/hepatotoxicity,C,PubMed abstract,abstain,none,False,False,NA,0.0,none,False,NONE,no source passage available; abstain required by Task A contract,codex_no_source_abstain_rule,reject,ni_jie,C,"Reject: PMID 27557584; the abstained record was checked at abstract level, but hepatic/hepatotoxicity is still not directly recoverable for siRNA."
947,toxicity_endpoint,946,silencing,26855051,,10.1016/j.jconrel.2016.02.007,"Evaluation of the effects of chemically different linkers on hepatic accumulations, cell tropism and gene silencing ability of cholesterol-conjugated antisense oligonucleotides.",hepatic/hepatotoxicity,C,PubMed abstract,accept,platelet/thrombocytopenia; mortality,True,True,C,0.91,pubmed_abstract,True,"In toxicity analysis, some of the linkers induced lethal toxicities when they were injected at high concentrations (>600μM). These toxicities were attributed to decreased platelet levels in the blood, suggesting an interaction between cholesterol-conjugated ASO and platelets.",PubMed abstract directly reports lethal toxicity and decreased platelet levels after high-concentration cholesterol-conjugated ASO linker administration.,codex_gpt-5.5_manual_agent,accept,ni_jie,C,
948,toxicity_endpoint,947,siRNA,26944796,,10.1016/j.biochi.2016.02.015,Modified siRNA effectively silence inducible immunoproteasome subunits in NSO cells.,renal/renal safety,B,PubMed abstract,abstain,none,False,False,NA,0.0,none,False,NONE,no source passage available; abstain required by Task A contract,codex_no_source_abstain_rule,reject,ni_jie,C,"Reject: PMID 26944796; the abstained record was checked at abstract level, but renal/renal safety is still not directly recoverable for siRNA."
949,toxicity_endpoint,948,unspecified ASO,27420413,,10.1021/jacs.6b05787,"Effective Antisense Gene Regulation via Noncationic, Polyethylene Glycol Brushes.",hepatic/hepatotoxicity,C,PubMed abstract,abstain,none,False,False,NA,0.0,none,False,NONE,no source passage available; abstain required by Task A contract,codex_no_source_abstain_rule,reject,ni_jie,C,"Reject: PMID 27420413; the abstained record was checked at abstract level, but hepatic/hepatotoxicity is still not directly recoverable for unspecified ASO."
950,toxicity_endpoint,949,nusinersen,27939059,,10.1016/S0140-6736(16)31408-8,"Treatment of infantile-onset spinal muscular atrophy with nusinersen: a phase 2, open-label, dose-escalation study.",hepatic/hepatotoxicity,B,PubMed abstract,abstain,none,False,False,NA,0.0,none,False,NONE,no source passage available; abstain required by Task A contract,codex_no_source_abstain_rule,accept,ni_jie,B,"Accept B: PubMed abstract gives a direct abstract-level signal for hepatic/hepatotoxicity in nusinersen; no full passage, so curator kept confidence limited."
951,toxicity_endpoint,950,single,25197025,,10.1002/jcph.396,First proof of pharmacology in humans of a novel glucagon receptor antisense drug.,hepatic/hepatotoxicity,C,PubMed abstract sentence 2,abstain,none,False,False,NA,0.0,none,False,NONE,no source passage available; abstain required by Task A contract,codex_no_source_abstain_rule,reject,ni_jie,C,Reject: PMID 25197025; 'First proof of pharmacology in humans of a novel glucagon receptor antisense drug.' does not provide a sufficiently specific administered-oligo toxicity endpoint for single.
952,toxicity_endpoint,951,AMO122,24511611,,,The systemic administration of an anti-miRNA oligonucleotide encapsulated pH-sensitive liposome results in reduced level of hepatic microRNA-122 in mice.,general safety/cell viability/cytotoxicity,C,PubMed abstract sentence 5,abstain,none,False,False,NA,0.0,none,False,NONE,no source passage available; abstain required by Task A contract,codex_no_source_abstain_rule,accept,ni_jie,C,"Accept C: PubMed abstract gives a weak abstract-level signal for general safety/cell viability/cytotoxicity in AMO122; no full passage, so curator kept confidence limited."
953,toxicity_endpoint,952,unspecified ASO,24085767,,10.1182/blood-2013-04-499657,Antisense-based RNA therapy of factor V deficiency: in vitro and ex vivo rescue of a F5 deep-intronic splicing mutation.,hepatic/hepatotoxicity,B,PubMed abstract sentence 7,abstain,none,False,False,NA,0.0,none,False,NONE,no source passage available; abstain required by Task A contract,codex_no_source_abstain_rule,reject,ni_jie,C,"Reject: PMID 24085767; the abstained record was checked at abstract level, but hepatic/hepatotoxicity is still not directly recoverable for unspecified ASO."
954,toxicity_endpoint,953,significantly,22149555,,10.1089/jop.2011.0135,Efficacy of a phosphorodiamidate morpholino oligomer antisense compound in the inhibition of corneal transplant rejection in a rat cornea transplant model.,general safety/systemic safety/tolerability,B,PubMed abstract,abstain,none,False,False,NA,0.0,none,False,NONE,no source passage available; abstain required by Task A contract,codex_no_source_abstain_rule,reject,ni_jie,C,Reject: PMID 22149555 abstract/title reviewed; no clear in-scope general safety/systemic safety/tolerability endpoint is grounded for significantly.
955,toxicity_endpoint,954,site,19533419,,10.1007/s12032-009-9254-4,Treatment of prostate and breast tumors employing mono- and bi-specific antisense oligonucleotides targeting apoptosis inhibitory proteins clusterin and bcl-2.,hepatic/hepatotoxicity,C,PubMed abstract,abstain,none,False,False,NA,0.0,none,False,NONE,no source passage available; abstain required by Task A contract,codex_no_source_abstain_rule,reject,ni_jie,C,Reject: PMID 19533419; no source passage or abstract wording gives a dependable toxicity call for site.
956,toxicity_endpoint,955,two ASO,41624332,PMC12857545,10.1016/j.omtn.2025.102815,Atrophin-1 antisense oligonucleotide provides robust protection from pathology in a fully humanized DRPLA model.,hepatic/hepatotoxicity,A,Results > Development of ATN1 allele-specific ASOs; paragraph 8,abstain,none,False,False,NA,0.0,none,False,NONE,no source passage available; abstain required by Task A contract,codex_no_source_abstain_rule,reject,ni_jie,C,"Reject: PMID 41624332; the abstained record was checked at abstract level, but hepatic/hepatotoxicity is still not directly recoverable for two ASO."
957,toxicity_endpoint,956,siRNA,41388232,PMC12881174,10.1007/s40262-025-01606-0,Platform Assessment of Concentration-QTc Relationship Across GalNAc-siRNA Molecules.,general toxicity/toxicity,A,Results > Study Population; paragraph 30,abstain,none,False,False,NA,0.0,none,False,NONE,no source passage available; abstain required by Task A contract,codex_no_source_abstain_rule,reject,ni_jie,C,Reject: PMID 41388232; siRNA remains unsupported for general toxicity/toxicity after abstract-level review of 'Platform Assessment of Concentration-QTc Relationship Across GalNAc-siRNA Molecules.'.
958,toxicity_endpoint,957,SQY51,41583579,PMC12828233,10.1093/narmme/ugag001,Systemic distribution of tricyclo-DNA antisense oligonucleotide following intratracheal instillation in the mouse.,general safety/cell viability/cytotoxicity,B,Materials and methods > Cell viability assay; paragraph 31,accept,general safety/systemic safety/tolerability; immune/inflammation,True,True,A,0.96,pmc_full_text,True,"A single 25 mg/kg pulmonary dose was safe and well-tolerated, with no adverse structural or immune effects.",Full-text passage directly links SQY51 pulmonary dosing to observed tolerability and absence of structural or immune adverse effects.,codex_gpt-5.5_manual_agent,accept,ni_jie,A,
959,toxicity_endpoint,958,siDUX4,41994867,PMC13120848,10.1093/nar/gkag301,Development of a DUX4-targeting antibody oligonucleotide conjugate as a therapy for FSHD.,hepatic/hepatotoxicity,A,Results > DUX4 AOC-mediated prevention of the FSHD phenotype in a mouse model; Figure 4. caption,abstain,none,False,False,NA,0.0,none,False,NONE,no source passage available; abstain required by Task A contract,codex_no_source_abstain_rule,reject,ni_jie,C,Reject: PMID 41994867; siDUX4 remains unsupported for hepatic/hepatotoxicity after abstract-level review of 'Development of a DUX4-targeting antibody oligonucleotide conjugate as a therapy for FSHD.'.
960,toxicity_endpoint,959,siRNA,41683454,PMC12899625,10.3390/molecules31030476,Refined Design and Liquid-Phase Assembly of GalNAc-siRNA Conjugates: Comparative Efficiency Validation in PCSK9 Targeting.,hepatic/hepatotoxicity,C,3. Discussion > 3.4. Results of In Vitro Testing of Target GalNAc-Oligonucleotide Conjugates; paragraph 60,abstain,none,False,False,NA,0.0,none,False,NONE,no source passage available; abstain required by Task A contract,codex_no_source_abstain_rule,reject,ni_jie,C,Reject: PMID 41683454; no source passage or abstract wording gives a dependable toxicity call for siRNA.
961,toxicity_endpoint,960,unspecified ASO,41856548,PMC13002315,10.1002/jms.70049,Characterisation of Antisense Oligonucleotides by Ion-Pair Reversed-Phase UHPLC-HRMS: Method development using Design of Experiments.,hepatic/hepatotoxicity,C,Results and Discussion; paragraph 22,abstain,none,False,False,NA,0.0,none,False,NONE,no source passage available; abstain required by Task A contract,codex_no_source_abstain_rule,reject,ni_jie,C,"Reject: PMID 41856548; the abstained record was checked at abstract level, but hepatic/hepatotoxicity is still not directly recoverable for unspecified ASO."
962,toxicity_endpoint,961,Atxn2-CAG100-Knockin,42041567,PMC13115098,10.3390/cells15080699,"Astro-Versus Microglia-Enriched Transcriptomes from Aged Atxn2-CAG100-Knockin Mice Suggest Underlying Pathology of RNA Processing at Ribosomes, and Possibly at U-Bodies.",hepatic/hepatotoxicity,A,3. Results; paragraph 21,reject,NA,False,False,NA,0.95,pmc_full_text,False,NONE,"Reject: Atxn2-CAG100-knockin is a disease mouse model/transcriptomics study, not an administered therapeutic oligo toxicity endpoint.",codex_gpt-5.5_manual_agent,reject,ni_jie,C,"Reject: PMID 42041567; Reject: Atxn2-CAG100-knockin is a disease mouse model/transcriptomics study, not an administered therapeutic oligo toxicity endpoint."
963,toxicity_endpoint,962,siRNA,42033217,PMC13107126,10.1093/nar/gkag287,Divalent siRNA for prion disease.,hepatic/hepatotoxicity,A,Materials and methods > In silico off-targets analysis; paragraph 13,abstain,none,False,False,NA,0.0,none,False,NONE,no source passage available; abstain required by Task A contract,codex_no_source_abstain_rule,reject,ni_jie,C,"Reject: PMID 42033217; the abstained record was checked at abstract level, but hepatic/hepatotoxicity is still not directly recoverable for siRNA."
964,toxicity_endpoint,963,siRNA,41867745,PMC13001464,10.1101/2024.12.05.627039,Divalent siRNA for prion disease.,hepatic/hepatotoxicity,A,Methods > In silico off-targets analysis; paragraph 13,abstain,none,False,False,NA,0.0,none,False,NONE,no source passage available; abstain required by Task A contract,codex_no_source_abstain_rule,reject,ni_jie,C,Reject: PMID 41867745; no source passage or abstract wording gives a dependable toxicity call for siRNA.
965,toxicity_endpoint,964,unconjugated ASO,41592789,PMC12846741,10.1093/nar/gkag007,Heteroduplex oligonucleotide technology boosts gene knockdown in cardiac and skeletal muscles.,general toxicity/toxicity,B,Materials and methods > Administration of ASOs and HDOs; paragraph 11,abstain,none,False,False,NA,0.0,none,False,NONE,no source passage available; abstain required by Task A contract,codex_no_source_abstain_rule,reject,ni_jie,C,Reject: PMID 41592789; 'Heteroduplex oligonucleotide technology boosts gene knockdown in cardiac and skeletal muscles.' does not provide a sufficiently specific administered-oligo toxicity endpoint for unconjugated ASO.
966,toxicity_endpoint,965,Silencing,41041909,PMC12836460,10.1002/adhm.202502186,Silencing Myostatin Using In Vivo Self-Assembled siRNA Protects Against Cancer- and Dexamethasone-Induced Muscle Atrophy.,hepatic/hepatotoxicity,A,Results > Evaluation of the Toxicity and Safety of IVSA‐siRNA Targeting MSTN; paragraph 28,accept,hepatic/hepatotoxicity; renal safety; hematology; histopathology,True,True,A,0.97,pmc_full_text,True,"Biochemical markers for liver functions, including alanine transaminase (ALT), aspartate aminotransferase (AST), albumin (ALB), and total bilirubin (TBIL), as well as indicators for cardiac and kidney injuries, such as lactate dehydrogenase (LDH) and serum creatinine (CREA) and blood urea nitrogen (BUN), showed no significant differences among all groups (Figure S6A, Supporting Information).","Full-text safety section reports liver, cardiac, and kidney injury markers after IVSA-siRNA construct administration with no significant differences across groups.",codex_gpt-5.5_manual_agent,accept,ni_jie,A,
967,toxicity_endpoint,966,Single-cell,41932914,PMC13219712,10.1038/s41467-026-71468-y,Single-cell transcriptomics reveals FXR1 as an actionable target for siRNA therapy in ovarian cancer.,hepatic/hepatotoxicity,A,"Results > Sequence specific screening identifies highly potent siRNAs that enhance FXR1 silencing, inhibit cell growth, and promote apoptosis; paragraph 10",reject,NA,False,False,NA,0.95,pmc_full_text,False,NONE,"Reject: FXR1 LNA-siRNA effects are cancer efficacy endpoints such as tumor growth, proliferation, apoptosis, and immune microenvironment, not oligo safety/toxicity.",codex_gpt-5.5_manual_agent,reject,ni_jie,C,"Reject: PMID 41932914; Reject: FXR1 LNA-siRNA effects are cancer efficacy endpoints such as tumor growth, proliferation, apoptosis, and immune microenvironment, not oligo safety/toxicity."
968,toxicity_endpoint,967,nusinersen,41754920,PMC12943899,10.3390/pharmaceutics18020178,Comparative Characterization of a Proposed Generic Nusinersen: Identity of the Oligonucleotide Structure and Equivalence in SMN2 Splicing Activity.,hepatic/hepatotoxicity,B,Abstract; paragraph 1,abstain,none,False,False,NA,0.0,none,False,NONE,no source passage available; abstain required by Task A contract,codex_no_source_abstain_rule,reject,ni_jie,C,Reject: PMID 41754920 abstract/title reviewed; no clear in-scope hepatic/hepatotoxicity endpoint is grounded for nusinersen.
969,toxicity_endpoint,968,silencing,41732207,PMC12925542,10.1016/j.omtn.2026.102848,"Design, validation, and functional impact of oligonucleotides for multigene silencing in Alzheimer's disease.",hepatic/hepatotoxicity,A,"Results > IC50, time course, and viability analysis; paragraph 10",accept,cell viability/cytotoxicity,True,True,B,0.92,pmc_full_text,True,"Both ASOs demonstrated potent, concentration-dependent gene silencing with IC50 values in the picomolar to low-nanomolar range for at least 48 h post-transfection, with no cytotoxicity at therapeutic concentrations (Figures 3 and 4).",Full-text results describe primary cell-viability/cytotoxicity assessment of therapeutic bispecific ASO candidates at therapeutic concentrations.,codex_gpt-5.5_manual_agent,accept,ni_jie,B,
970,toxicity_endpoint,969,siRNA,41673867,PMC12903658,10.1186/s12951-026-04092-z,Coptis chinensis extracellular vesicles loaded with CA1-siRNA promote endothelial repair and stent restenosis therapy by regulating the PADI2 and NF-κB pathway.,hepatic/hepatotoxicity,A,Results > CLENs (siRNA) exhibit excellent biological safety; paragraph 37,abstain,none,False,False,NA,0.0,none,False,NONE,no source passage available; abstain required by Task A contract,codex_no_source_abstain_rule,reject,ni_jie,C,Reject: PMID 41673867; no source passage or abstract wording gives a dependable toxicity call for siRNA.
971,toxicity_endpoint,970,siRNA,41624166,PMC12855142,10.3389/fphar.2026.1749966,Targeting SAA expression via siRNA mitigates preterm birth induced by maternal inflammation.,general toxicity/toxicity,A,Results > Maternal administration of siSaa2 reduces placental SAA2 expression following sub-chronic maternal inflammation; FIGURE 2 caption,reject,NA,False,True,NA,0.95,pmc_full_text,False,NONE,"Reject: siSaa2 is used therapeutically, but the cited endpoints are placental injury/preterm-birth efficacy under maternal inflammation, not safety or toxicity of the oligo product.",codex_gpt-5.5_manual_agent,reject,ni_jie,C,"Reject: PMID 41624166; Reject: siSaa2 is used therapeutically, but the cited endpoints are placental injury/preterm-birth efficacy under maternal inflammation, not safety or toxicity of the oligo product."
972,toxicity_endpoint,971,siRNA,41595780,PMC12839048,10.3390/biomedicines14010246,Therapeutic Exosomes Carrying VEGFA siRNA Inhibit Pathological Corneal Angiogenesis via PI3K-Akt-Caspase-3 Signaling.,general toxicity/toxicity,A,"3. Results > 3.8. Histological Suppression of CNV and Inflammation, and Systemic Safety of VEGFA siRNA-FAM-Loaded Exosomes; paragraph 37",abstain,none,False,False,NA,0.0,none,False,NONE,no source passage available; abstain required by Task A contract,codex_no_source_abstain_rule,reject,ni_jie,C,"Reject: PMID 41595780; the abstained record was checked at abstract level, but general toxicity/toxicity is still not directly recoverable for siRNA."
973,toxicity_endpoint,972,siRNA,41575989,PMC12829790,10.1371/journal.pone.0340066,Evaluation of rat pancreatic islets damage after siRNA microporation.,general safety/cell viability/cytotoxicity,C,Results and discussion; paragraph 38,abstain,none,False,False,NA,0.0,none,False,NONE,no source passage available; abstain required by Task A contract,codex_no_source_abstain_rule,reject,ni_jie,C,Reject: PMID 41575989 abstract/title reviewed; no clear in-scope general safety/cell viability/cytotoxicity endpoint is grounded for siRNA.
974,toxicity_endpoint,973,siRNA,41552385,PMC12804371,10.1016/j.omtn.2025.102802,An acyclic nucleic acid-modified siRNA targeting CAG expansions for polyglutamine disease treatment.,hepatic/hepatotoxicity,A,Results > S9-SNA ameliorated the phenotype of SBMA mice; paragraph 12,accept,neurological/neurotoxicity; immune/neuroinflammation; body weight/behavior,True,True,A,0.96,pmc_full_text,True,"No significant toxicity of SNA-modified siRNA, including defective mouse behavior or weight gain, or histological signs of neuroinflammation was evident in the SBMA and SCA3 mice, supporting the safety and tolerability of this CNS treatment.","Full-text discussion directly reports no significant toxicity of administered SNA-modified siRNA across behavior, weight gain, and neuroinflammation histology endpoints.",codex_gpt-5.5_manual_agent,accept,ni_jie,A,
975,toxicity_endpoint,974,siRNA,41178597,PMC12806500,10.1002/advs.202510454,MSC Membrane-Coated circPROSC-siRNA Nanoparticles for Ameliorating Craniosynostosis by Inhibiting Premature Suture Ossification.,general toxicity/toxicity,A,Results > Reduction in circPROSC Inhibits Premature Fusion of the Coronal Suture of the Skull in Mice with Craniosynostosis; paragraph 19,abstain,none,False,False,NA,0.0,none,False,NONE,no source passage available; abstain required by Task A contract,codex_no_source_abstain_rule,reject,ni_jie,C,Reject: PMID 41178597 abstract/title reviewed; no clear in-scope general toxicity/toxicity endpoint is grounded for siRNA.
976,toxicity_endpoint,975,silver-based,40266550,PMC12682719,10.1007/s13346-025-01860-6,Development of silver-based hybrid nanoparticles loaded with eEF2 K-siRNA and quercetin against triple-negative breast cancer.,hepatic/hepatotoxicity,B,Material & methods > Materials; paragraph 13,abstain,none,False,False,NA,0.0,none,False,NONE,no source passage available; abstain required by Task A contract,codex_no_source_abstain_rule,reject,ni_jie,C,Reject: PMID 40266550; available abstract is not enough to curate hepatic/hepatotoxicity for silver-based as a verified toxicity record.
977,toxicity_endpoint,976,Signaling,42206237,PMC13209148,10.2147/DDDT.S599539,Semaglutide Inhibits Osteoblast Ferroptosis Induced by Diabetic Periodontitis via Modulating the Wnt5a/Ror2/p38 MAPK Signaling Pathway.,hepatic/hepatotoxicity,B,Abstract > Methods; paragraph 2,reject,NA,False,False,NA,0.95,pmc_full_text,False,NONE,"Reject: semaglutide is a small-molecule/peptide drug study with signaling and ferroptosis endpoints, not therapeutic oligo toxicity.",codex_gpt-5.5_manual_agent,reject,ni_jie,C,"Reject: PMID 42206237; Reject: semaglutide is a small-molecule/peptide drug study with signaling and ferroptosis endpoints, not therapeutic oligo toxicity."
978,toxicity_endpoint,977,site,42191816,PMC13213047,10.1038/s41698-026-01492-0,NAALADL1 modulates cellular resistance to Tumor Treating Fields in colorectal cancer.,general toxicity/toxicity,B,Methods > Patient characteristics and pathological assessment; paragraph 27,abstain,none,False,False,NA,0.0,none,False,NONE,no source passage available; abstain required by Task A contract,codex_no_source_abstain_rule,reject,ni_jie,C,Reject: PMID 42191816; available abstract is not enough to curate general toxicity/toxicity for site as a verified toxicity record.
979,toxicity_endpoint,978,siRNA,42182299,PMC13192662,10.64898/2026.05.14.725187,Impaired SOX17 Expression Causes Endothelial Dysfunction and Pulmonary Arterial Hypertension by Insufficient Suppression of RUNX1.,hepatic/hepatotoxicity,B,PubMed abstract,abstain,none,False,False,NA,0.0,none,False,NONE,no source passage available; abstain required by Task A contract,codex_no_source_abstain_rule,reject,ni_jie,C,Reject: PMID 42182299; 'Impaired SOX17 Expression Causes Endothelial Dysfunction and Pulmonary Arterial Hypertension b?' does not provide a sufficiently specific administered-oligo toxicity endpoint for siRNA.
980,toxicity_endpoint,979,sizes,42180769,PMC13189782,10.3389/fmed.2026.1813362,RNA activation as a precision dosing modality: MTL-CEBPA for controlled enzyme elevation in MPS I-H.,hepatic/hepatotoxicity,B,PubMed abstract,abstain,none,False,False,NA,0.0,none,False,NONE,no source passage available; abstain required by Task A contract,codex_no_source_abstain_rule,reject,ni_jie,C,Reject: PMID 42180769; available abstract is not enough to curate hepatic/hepatotoxicity for sizes as a verified toxicity record.
981,toxicity_endpoint,980,SIRT2,42170640,PMC13187688,10.5812/ijpr-169951,Pharmacological SIRT2 Inhibition by AGK2 Attenuates Hapten-Induced Keratinocyte Inflammation via NF-κB/NLRP3 Suppression and Nrf2 Reactivation.,hepatic/hepatotoxicity,B,Abstract > Methods; paragraph 3,abstain,none,False,False,NA,0.0,none,False,NONE,no source passage available; abstain required by Task A contract,codex_no_source_abstain_rule,reject,ni_jie,C,Reject: PMID 42170640; available abstract is not enough to curate hepatic/hepatotoxicity for SIRT2 as a verified toxicity record.
982,toxicity_endpoint,981,siRNA,42164756,PMC13184955,10.34133/research.1288,RNA-Targeted Therapeutics for Lipid Metabolic Disorders: From Bench to Bedside.,hepatic/hepatotoxicity,B,RNA-Targeted Therapeutics for Lipid-Metabolic Disorders: Bench Evidence; paragraph 33,reject,NA,False,True,NA,0.95,pmc_full_text,False,NONE,Reject: review article summarizes RNA-targeted therapeutics and toxicology elsewhere; no primary observed/administered toxicity result in this passage.,codex_gpt-5.5_manual_agent,reject,ni_jie,C,Reject: PMID 42164756; Reject: review article summarizes RNA-targeted therapeutics and toxicology elsewhere; no primary observed/administered toxicity result in this passage.
983,toxicity_endpoint,982,Similarly,42092277,PMC13158386,10.1016/j.tranon.2026.102766,Mitochondrial RNA helicase DDX28 promotes cell cycle and DNA repair programs and shapes an immunosuppressive microenvironment in acute myeloid leukemia.,hepatic/hepatotoxicity,A,Results > Mechanisms of therapeutic resistance are revealed by functional enrichment; paragraph 21,abstain,none,False,False,NA,0.0,none,False,NONE,no source passage available; abstain required by Task A contract,codex_no_source_abstain_rule,reject,ni_jie,C,Reject: PMID 42092277; available abstract is not enough to curate hepatic/hepatotoxicity for Similarly as a verified toxicity record.
984,toxicity_endpoint,983,siRNA,42087285,PMC13144433,10.1096/fj.202503284RR,Synergistic Effects of DNA-PKcs Inhibition and Radiotherapy in Esophageal Squamous Cell Carcinoma.,genotoxicity/DNA damage response,A,Results > DNA‐PKcs Inhibition Enhances Irradiation‐Induced DSBs and Modulates Associated DDR; FIGURE 4 caption,abstain,none,False,False,NA,0.0,none,False,NONE,no source passage available; abstain required by Task A contract,codex_no_source_abstain_rule,reject,ni_jie,C,Reject: PMID 42087285; no source passage or abstract wording gives a dependable toxicity call for siRNA.
985,toxicity_endpoint,984,siRNAs,42066623,PMC13145390,10.1016/j.neurot.2026.e00912,PEBP1 inhibition as a therapeutic target for neurological recovery in ischemic stroke.,general toxicity/toxicity,B,Materials and methods; paragraph 10,reject,NA,False,False,NA,0.95,pmc_full_text,False,NONE,"Reject: siRNAs are experimental knockdown tools in ischemic stroke/mechanism work; toxicity language concerns disease injury or methods, not oligo safety.",codex_gpt-5.5_manual_agent,reject,ni_jie,C,"Reject: PMID 42066623; Reject: siRNAs are experimental knockdown tools in ischemic stroke/mechanism work; toxicity language concerns disease injury or methods, not oligo safety."
986,toxicity_endpoint,985,siRNAs,42038028,PMC13105147,10.7150/jca.131494,Targeting MUC16 to Reverse Anoikis Resistance: A Promising Strategy for Metastatic Lung Adenocarcinoma Therapy.,hepatic/hepatotoxicity,B,2. Methodology > 2.12. Quantitative Real-Time PCR (qRT-PCR); paragraph 24,reject,NA,False,False,NA,0.95,pmc_full_text,False,NONE,"Reject: MUC16 siRNAs are cancer-cell knockdown tools and endpoints are anoikis/proliferation/metastatic efficacy, not oligo toxicity.",codex_gpt-5.5_manual_agent,reject,ni_jie,C,"Reject: PMID 42038028; Reject: MUC16 siRNAs are cancer-cell knockdown tools and endpoints are anoikis/proliferation/metastatic efficacy, not oligo toxicity."
987,toxicity_endpoint,986,significantly,42036047,PMC13202567,10.1016/j.jbc.2026.112204,Ubiquitin E3 ligase MYCBP2 targets KIF14 and contributes to acute myeloid leukemia progression.,hepatic/hepatotoxicity,A,Results > KIF14 contributes to MYCBP2-dependent AML cell phenotypes; paragraph 11,abstain,none,False,False,NA,0.0,none,False,NONE,no source passage available; abstain required by Task A contract,codex_no_source_abstain_rule,reject,ni_jie,C,Reject: PMID 42036047; no source passage or abstract wording gives a dependable toxicity call for significantly.
988,toxicity_endpoint,987,site-1,42007129,PMC13090898,10.62347/FLHK8476,Protective effect of taurine on skin aging caused by deficiency of B cell-specific Moloney MLV insertion site-1.,hepatic/hepatotoxicity,B,Abstract; paragraph 1,abstain,none,False,False,NA,0.0,none,False,NONE,no source passage available; abstain required by Task A contract,codex_no_source_abstain_rule,reject,ni_jie,C,Reject: PMID 42007129; no source passage or abstract wording gives a dependable toxicity call for site-1.
989,toxicity_endpoint,988,siRNA,42003915,PMC13086009,10.7150/ijbs.131646,Polycystin-1 Orchestrates Tumor Context-Dependent Mechanotransduction Programs Driving Epithelial-to-Mesenchymal Transition and Invasion in Solid Cancers.,hepatic/hepatotoxicity,B,Abstract; paragraph 1,reject,NA,False,False,NA,0.95,pmc_full_text,False,NONE,"Reject: siRNA is used as a mechanistic cancer knockdown tool; endpoints are EMT/invasion/tumor biology, not safety/toxicity of an oligo product.",codex_gpt-5.5_manual_agent,reject,ni_jie,C,"Reject: PMID 42003915; Reject: siRNA is used as a mechanistic cancer knockdown tool; endpoints are EMT/invasion/tumor biology, not safety/toxicity of an oligo product."
990,toxicity_endpoint,989,Silencing,41994627,PMC13079168,10.3389/fonc.2026.1800308,FH535-mediated inhibition of Wnt/β-catenin suppresses CRC growth and invasion and alters MCP1 and MCP2 expression with potential immunological implications.,hepatic/hepatotoxicity,A,Results > FH535-induced inhibition of Wnt/β-catenin exerts immunomodulatory effects on the CRC TME; Figure 6 caption,reject,NA,False,False,NA,0.95,pmc_full_text,False,NONE,"Reject: FH535 is a small-molecule Wnt inhibitor and cited endpoints are colorectal cancer efficacy/immunomodulation, not therapeutic oligo toxicity.",codex_gpt-5.5_manual_agent,reject,ni_jie,C,"Reject: PMID 41994627; Reject: FH535 is a small-molecule Wnt inhibitor and cited endpoints are colorectal cancer efficacy/immunomodulation, not therapeutic oligo toxicity."
991,toxicity_endpoint,990,silencing,41993628,PMC13080800,10.7150/thno.132916,Synergistic nanomedicine overcomes hypoxia-driven DNA repair to potentiate radiotherapy for lung adenocarcinoma.,hepatic/hepatotoxicity,A,Results > PDP achieves efficient intracellular siRNA delivery for functional HIF-1α silencing under hypoxia; paragraph 17,abstain,none,False,False,NA,0.0,none,False,NONE,no source passage available; abstain required by Task A contract,codex_no_source_abstain_rule,reject,ni_jie,C,"Reject: PMID 41993628; the abstained record was checked at abstract level, but hepatic/hepatotoxicity is still not directly recoverable for silencing."
992,toxicity_endpoint,991,single,41987897,PMC13076579,10.3389/fcimb.2026.1742078,nc886 noncoding RNA regulates hepatitis B virus replication via PKR-dependent eIF2α phosphorylation.,hepatic/hepatotoxicity,B,Materials and methods > Experimental design for epistasis and pharmacologic rescue; paragraph 32,reject,NA,False,False,NA,0.95,pmc_full_text,False,NONE,"Reject: nc886 is an endogenous noncoding RNA/HBV mechanism study, not an administered therapeutic oligo safety endpoint.",codex_gpt-5.5_manual_agent,reject,ni_jie,C,"Reject: PMID 41987897; Reject: nc886 is an endogenous noncoding RNA/HBV mechanism study, not an administered therapeutic oligo safety endpoint."
993,toxicity_endpoint,992,significantly,41986321,PMC13194734,10.1038/s41419-026-08739-5,PRMT5 inhibition impairs Fanconi Anemia pathway-mediated homologous recombination and enhances the antitumor efficacy of Temozolomide in glioblastoma.,hepatic/hepatotoxicity,A,Results > PRMT5 inhibition increases the sensitivity of TMZ in GSCs; paragraph 6,abstain,none,False,False,NA,0.0,none,False,NONE,no source passage available; abstain required by Task A contract,codex_no_source_abstain_rule,reject,ni_jie,C,"Reject: PMID 41986321; the abstained record was checked at abstract level, but hepatic/hepatotoxicity is still not directly recoverable for significantly."
994,toxicity_endpoint,993,significant,41968320,PMC13217683,10.1186/s12964-026-02873-5,Loss of protein phosphatase 1 regulator TIMAP protein triggers EMT in A549 cells.,hepatic/hepatotoxicity,A,"Results > TIMAP knockdown alters morphology, cell adhesion and migration of A549 cells; paragraph 30",abstain,none,False,False,NA,0.0,none,False,NONE,no source passage available; abstain required by Task A contract,codex_no_source_abstain_rule,reject,ni_jie,C,Reject: PMID 41968320; significant remains unsupported for hepatic/hepatotoxicity after abstract-level review of 'Loss of protein phosphatase 1 regulator TIMAP protein triggers EMT in A549 cells.'.
995,toxicity_endpoint,994,siRNA-based,41959481,PMC13060255,10.64898/2026.03.29.715103,Rab12 is a regulator of mitophagy and mitochondrial homeostasis.,general safety/cell viability/cytotoxicity,A,RESULTS > Rab12 knockdown enhances basal and depolarization-induced mitophagy; paragraph 8,abstain,none,False,False,NA,0.0,none,False,NONE,no source passage available; abstain required by Task A contract,codex_no_source_abstain_rule,reject,ni_jie,C,Reject: PMID 41959481 abstract/title reviewed; no clear in-scope general safety/cell viability/cytotoxicity endpoint is grounded for siRNA-based.
996,toxicity_endpoint,995,silencing,41913229,PMC13159294,10.1186/s12951-026-04347-9,pH-responsive virus-drug conjugates for targeted PD-L1 silencing and enhanced cancer immunotherapy.,hepatic/hepatotoxicity,A,Materials and methods > Cytotoxicity; paragraph 39,reject,NA,False,False,NA,0.95,pmc_full_text,False,NONE,Reject: passage uses AAV/virus-drug conjugate and cancer cytotoxicity/transduction optimization; AAV/shRNA-style delivery and cancer-cell killing efficacy are excluded.,codex_gpt-5.5_manual_agent,reject,ni_jie,C,Reject: PMID 41913229; Reject: passage uses AAV/virus-drug conjugate and cancer cytotoxicity/transduction optimization; AAV/shRNA-style delivery and cancer-cell killing efficacy are excluded.
997,toxicity_endpoint,996,unspecified CpG oligodeoxynucleotide,41911534,PMC13085855,10.1021/acsnano.5c14408,Combination mRNA Vaccine Adjuvanted with CpG Oligodeoxynucleotides Enhances Protection against Respiratory Virus Infection.,hepatic/hepatotoxicity,A,Methods > In Vivo Safety and Toxicity Profile; paragraph 53,abstain,none,False,False,NA,0.0,none,False,NONE,no source passage available; abstain required by Task A contract,codex_no_source_abstain_rule,reject,ni_jie,C,Reject: PMID 41911534; 'Combination mRNA Vaccine Adjuvanted with CpG Oligodeoxynucleotides Enhances Protection against?' does not provide a sufficiently specific administered-oligo toxicity endpoint for unspecified CpG oligodeoxynucleotide.
998,toxicity_endpoint,997,significant,41909465,PMC13022602,10.1016/j.omtn.2026.102887,TIPE2 gene knockdown in mice attenuates experimental colitis by diminishing inflammatory cell infiltration.,immunotoxicity/immune activation,A,Results > AdV-mediated TIPE2 knockdown ameliorates DSS-induced colitis; paragraph 10,reject,NA,False,False,NA,0.95,pmc_full_text,False,NONE,"Reject: AdV-shTIPE2 is an adenoviral shRNA knockdown strategy and endpoints are DSS colitis efficacy/disease-injury measures, not oligo toxicity.",codex_gpt-5.5_manual_agent,reject,ni_jie,C,"Reject: PMID 41909465; Reject: AdV-shTIPE2 is an adenoviral shRNA knockdown strategy and endpoints are DSS colitis efficacy/disease-injury measures, not oligo toxicity."
999,toxicity_endpoint,998,significantly,41889731,PMC13014246,10.1021/jacsau.6c00012,Host-Guest Assembly of Transmucosal Molecular Spherical Nucleic Acids for Oral Leukoplakia Immunotherapy and Microbiota Homeostasis Restoration.,hepatic/hepatotoxicity,C,Results and Discussion > In Vivo Therapeutic Efficacy for OLK; paragraph 18,abstain,none,False,False,NA,0.0,none,False,NONE,no source passage available; abstain required by Task A contract,codex_no_source_abstain_rule,reject,ni_jie,C,Reject: PMID 41889731 abstract/title reviewed; no clear in-scope hepatic/hepatotoxicity endpoint is grounded for significantly.
1000,toxicity_endpoint,999,siRNA,41884417,PMC13012330,10.2147/BCTT.S572244,Identification of Potential Therapeutic Targets for Xihuang Pill in Breast Cancer: A Mendelian Randomization and Experimental Study.,hepatic/hepatotoxicity,A,Results > Silencing SLC22A5 and GSTM1 Promotes the Proliferation and Migration of Breast Cancer Cells; paragraph 35,reject,NA,False,False,NA,0.95,pmc_full_text,False,NONE,"Reject: siRNA knockdown is an in vitro breast-cancer target-validation tool; cell proliferation/migration endpoints are efficacy, not oligo toxicity.",codex_gpt-5.5_manual_agent,reject,ni_jie,C,"Reject: PMID 41884417; Reject: siRNA knockdown is an in vitro breast-cancer target-validation tool; cell proliferation/migration endpoints are efficacy, not oligo toxicity."
1001,toxicity_endpoint,1000,silenced,41883862,PMC13012783,10.1159/000550803,ANGPTL3 in Podocytes Contributes to the Pathogenesis of Lupus Nephritis by Activating MSR1 in Macrophages.,immunotoxicity/immune activation,A,Results > The ANGPTL3-MSR1 Axis Drives Macrophage Activation via Interferon Signaling; paragraph 23,reject,NA,False,False,NA,0.95,pmc_full_text,False,NONE,"Reject: MSR1 siRNA/silencing is a mechanistic macrophage tool in lupus nephritis signaling, not administered oligo safety/toxicity.",codex_gpt-5.5_manual_agent,reject,ni_jie,C,"Reject: PMID 41883862; Reject: MSR1 siRNA/silencing is a mechanistic macrophage tool in lupus nephritis signaling, not administered oligo safety/toxicity."
1002,toxicity_endpoint,1001,situ,41882730,PMC13141430,10.1186/s12967-026-08057-6,Mitochondria in situ releasing corosolic acid enhanced antitumor effects via activating mitophagy in castration-resistant prostate cancer.,hepatic/hepatotoxicity,A,Results > Targeted mitochondria enhance CA-induced cell apoptosis by regulating mitophagy via PINK1/Parkin pathway; paragraph 37,abstain,none,False,False,NA,0.0,none,False,NONE,no source passage available; abstain required by Task A contract,codex_no_source_abstain_rule,reject,ni_jie,C,Reject: PMID 41882730 abstract/title reviewed; no clear in-scope hepatic/hepatotoxicity endpoint is grounded for situ.
1003,toxicity_endpoint,1002,CD36,41862802,PMC13126879,10.1186/s11658-026-00893-0,Intermittent fasting inhibits ferroptosis by modulating CD36 and its palmitoylation to alleviate diabetic dry eye.,hepatic/hepatotoxicity,B,Methods > Animals; paragraph 13,abstain,none,False,False,NA,0.0,none,False,NONE,no source passage available; abstain required by Task A contract,codex_no_source_abstain_rule,reject,ni_jie,C,Reject: PMID 41862802 abstract/title reviewed; no clear in-scope hepatic/hepatotoxicity endpoint is grounded for CD36.
1004,toxicity_endpoint,1003,signaling,41820988,PMC13112906,10.1186/s12964-026-02791-6,STING-ERO1 signaling exacerbates PARylation-mediated parthanatos in sepsis.,general safety/cell viability/cytotoxicity,A,Results > ERO1 is a key endoplasmic reticulum target that mediates STING-activated ADP-ribosylation; paragraph 49,abstain,none,False,False,NA,0.0,none,False,NONE,no source passage available; abstain required by Task A contract,codex_no_source_abstain_rule,reject,ni_jie,C,Reject: PMID 41820988 abstract/title reviewed; no clear in-scope general safety/cell viability/cytotoxicity endpoint is grounded for signaling.
1005,toxicity_endpoint,1004,siRNA,41814308,PMC13064355,10.1186/s12964-026-02803-5,Precise metabolomics identifies glycolysis-related pyruvate kinase M activity as regulator of the S-phase-specific radiation response in triple-negative breast cancer cells.,general safety/cell viability/cytotoxicity,B,Methods > Cell viability; paragraph 16,abstain,none,False,False,NA,0.0,none,False,NONE,no source passage available; abstain required by Task A contract,codex_no_source_abstain_rule,reject,ni_jie,C,Reject: PMID 41814308 abstract/title reviewed; no clear in-scope general safety/cell viability/cytotoxicity endpoint is grounded for siRNA.
1006,toxicity_endpoint,1005,unspecified siRNA,41808881,PMC12969124,10.1016/j.jot.2026.101049,Mitochondrial metabolism restoration via Tramiprosate suppresses mitochondrial ROS-driven foamy macrophage senescence post spinal cord injury.,general toxicity/toxicity,B,Abstract > Methods; paragraph 2,abstain,none,False,False,NA,0.0,none,False,NONE,no source passage available; abstain required by Task A contract,codex_no_source_abstain_rule,reject,ni_jie,C,Reject: PMID 41808881; available abstract is not enough to curate general toxicity/toxicity for unspecified siRNA as a verified toxicity record.
1007,toxicity_endpoint,1006,single-cell,41787499,PMC13037310,10.1186/s12967-026-07876-x,Network medicine modeling of the m⁶A regulatory landscape identifies a KLF6-WTAP axis as a therapeutic target in pulmonary fibrosis.,hepatic/hepatotoxicity,B,Abstract > Methods; paragraph 2,reject,NA,False,False,NA,0.95,pmc_full_text,False,NONE,"Reject: single-cell/spatial transcriptomics and shRNA-mediated WTAP silencing in fibrosis are mechanism/efficacy studies, not therapeutic oligo toxicity.",codex_gpt-5.5_manual_agent,reject,ni_jie,C,"Reject: PMID 41787499; Reject: single-cell/spatial transcriptomics and shRNA-mediated WTAP silencing in fibrosis are mechanism/efficacy studies, not therapeutic oligo toxicity."
1008,toxicity_endpoint,1007,Silencing,41749901,PMC12939398,10.3390/cancers18040647,Repurposing Alkylating Agents in Melanoma via ERCC8 Silencing: A Novel Therapeutic Strategy.,hepatic/hepatotoxicity,A,2. Results > 2.2. Targeting CSA Reduces Tumorigenicity and Proliferative Capacity in Melanoma; paragraph 10,reject,NA,False,False,NA,0.95,pmc_full_text,False,NONE,"Reject: ERCC8/CSA antisense use is melanoma efficacy sensitization; normal-cell sparing/cell death is cancer therapy efficacy, not oligo toxicity.",codex_gpt-5.5_manual_agent,reject,ni_jie,C,"Reject: PMID 41749901; Reject: ERCC8/CSA antisense use is melanoma efficacy sensitization; normal-cell sparing/cell death is cancer therapy efficacy, not oligo toxicity."
1009,toxicity_endpoint,1008,SiHa,41730837,PMC12966417,10.1038/s41389-026-00602-8,Human papillomavirus16 E7 enhances cell stemness by regulating the APC2/SPIN4/β-catenin axis in cervical cancer.,general safety/systemic safety/tolerability,A,Results > HPV16 E7/APC2 axis promotes the malignancy and stemness of cervical cancer by positively regulating SPIN4 expression in vitro and in vivo; paragraph 31,reject,NA,False,False,NA,0.95,pmc_full_text,False,NONE,Reject: SiHa is a cervical cancer cell line and siRNA is a gene-expression tool; no therapeutic oligo safety/tolerability endpoint.,codex_gpt-5.5_manual_agent,reject,ni_jie,C,Reject: PMID 41730837; Reject: SiHa is a cervical cancer cell line and siRNA is a gene-expression tool; no therapeutic oligo safety/tolerability endpoint.
1010,toxicity_endpoint,1009,siRNA,41717287,PMC12914657,10.1016/j.omtn.2026.102843,Artificial microRNAs targeting tau enable post-symptomatic functional recovery in aged tauopathy mice.,hepatic/hepatotoxicity,B,Materials and methods > Design of amiRNAs and subcloning in viral vectors; paragraph 24,reject,NA,False,False,NA,0.95,pmc_full_text,False,NONE,Reject: tau artificial microRNAs are delivered by viral vectors and endpoints are functional recovery/efficacy; viral/amiRNA tool strategy is excluded.,codex_gpt-5.5_manual_agent,reject,ni_jie,C,Reject: PMID 41717287; Reject: tau artificial microRNAs are delivered by viral vectors and endpoints are functional recovery/efficacy; viral/amiRNA tool strategy is excluded.
1011,toxicity_endpoint,1010,siRNA-based,41706894,PMC12933115,10.1073/pnas.2513031123,Lamin B receptor upregulation in metastatic melanoma causes nuclear envelope fragility in confined migration during cancer invasion.,hepatic/hepatotoxicity,B,Abstract; paragraph 2,abstain,none,False,False,NA,0.0,none,False,NONE,no source passage available; abstain required by Task A contract,codex_no_source_abstain_rule,reject,ni_jie,C,Reject: PMID 41706894; siRNA-based remains unsupported for hepatic/hepatotoxicity after abstract-level review of 'Lamin B receptor upregulation in metastatic melanoma causes nuclear envelope fragility in conf?'.
1012,toxicity_endpoint,1011,ARS2,41676641,PMC12889738,10.64898/2026.02.03.703549,Cognate amino acid therapies provide preclinical benefit in 19 C. elegans models of ARS2 deficiency.,hepatic/hepatotoxicity,B,Abstract; paragraph 1,abstain,none,False,False,NA,0.0,none,False,NONE,no source passage available; abstain required by Task A contract,codex_no_source_abstain_rule,reject,ni_jie,C,Reject: PMID 41676641; no source passage or abstract wording gives a dependable toxicity call for ARS2.
1013,toxicity_endpoint,1012,siRNA-mediated,41674969,PMC12885881,10.21037/tcr-2025-1887,VDAC1 and VDAC2 as prognostic biomarkers and therapeutic targets in hepatocellular carcinoma.,general safety/cell viability/cytotoxicity,A,"Results > VDAC1 and VDAC2 regulate proliferation, apoptosis, ferroptosis, and migration in HCC cells; Figure 7 caption",reject,NA,False,False,NA,0.95,pmc_full_text,False,NONE,"Reject: siRNA-mediated VDAC knockdown is HCC cell target validation; apoptosis/ferroptosis/proliferation endpoints are cancer efficacy, not safety.",codex_gpt-5.5_manual_agent,reject,ni_jie,C,"Reject: PMID 41674969; Reject: siRNA-mediated VDAC knockdown is HCC cell target validation; apoptosis/ferroptosis/proliferation endpoints are cancer efficacy, not safety."
1014,toxicity_endpoint,1013,tofersen,41670738,PMC12894152,10.1007/s00415-025-13579-y,Treating SOD1-ALS with tofersen results in nonprogressive chronic ALS-a case series from Iceland.,hepatic/hepatotoxicity,B,Abstract; paragraph 1,abstain,none,False,False,NA,0.0,none,False,NONE,no source passage available; abstain required by Task A contract,codex_no_source_abstain_rule,reject,ni_jie,C,Reject: PMID 41670738; available abstract is not enough to curate hepatic/hepatotoxicity for tofersen as a verified toxicity record.
1015,toxicity_endpoint,1014,Signaling,41603250,PMC13042818,10.1002/advs.202417135,RIG-I Mediated Neuron-Specific IFN Type 1 Signaling in FUS-ALS Induces Neurodegeneration and Offers New Biomarker-Driven Individualized Treatment Options for (FUS-)ALS.,hepatic/hepatotoxicity,B,Methods > Treatments and siRNA; paragraph 50,abstain,none,False,False,NA,0.0,none,False,NONE,no source passage available; abstain required by Task A contract,codex_no_source_abstain_rule,reject,ni_jie,C,Reject: PMID 41603250 abstract/title reviewed; no clear in-scope hepatic/hepatotoxicity endpoint is grounded for Signaling.
1016,toxicity_endpoint,1015,significantly,41588921,PMC13042452,10.1002/advs.202515009,Amodiaquine Enhances Anti-Melanoma Efficacy of Attenuated Salmonella via Targeting Glutathione Reductase in Neutrophils.,hepatic/hepatotoxicity,A,Results > Engineered VNP Strain Exerts Enhanced Anti‐Melanoma Activity by Targeting GR in Neutrophils; paragraph 20,abstain,none,False,False,NA,0.0,none,False,NONE,no source passage available; abstain required by Task A contract,codex_no_source_abstain_rule,reject,ni_jie,C,Reject: PMID 41588921; no source passage or abstract wording gives a dependable toxicity call for significantly.
1017,toxicity_endpoint,1016,size,41564859,PMC12866108,10.1016/j.xcrm.2025.102524,Engineered Akkermansia muciniphila vesicles for targeted pyroptosis and trained immunity to enhance immunotherapy in hepatocellular carcinoma.,hepatic/hepatotoxicity,A,Results > SMB nanoparticles target tumor cells and specifically accumulate in HCC tissues in vivo; paragraph 9,abstain,none,False,False,NA,0.0,none,False,NONE,no source passage available; abstain required by Task A contract,codex_no_source_abstain_rule,reject,ni_jie,C,Reject: PMID 41564859; no source passage or abstract wording gives a dependable toxicity call for size.
1018,toxicity_endpoint,1017,siRNA,41559666,PMC12905907,10.1186/s12935-026-04182-w,Integrating bioinformatic analyses and experimental validation of disulfidptosis-related genes and TMX4 in melanoma progression.,general toxicity/toxicity,A,Results > High expression of TMX4 in human melanoma tissues; paragraph 44,reject,NA,False,False,NA,0.95,pmc_full_text,False,NONE,"Reject: melanoma siRNA knockdown of TMX4 is target-validation/cancer phenotype work; proliferation, migration, and redox endpoints are not oligo toxicity.",codex_gpt-5.5_manual_agent,reject,ni_jie,C,"Reject: PMID 41559666; Reject: melanoma siRNA knockdown of TMX4 is target-validation/cancer phenotype work; proliferation, migration, and redox endpoints are not oligo toxicity."
1019,toxicity_endpoint,1018,Signaling,41433111,PMC13134801,10.34067/KID.0000001069,The Positive Feedback Loop of Hypoxia-Inducible Factor-1 α /miR-295/Factor Inhibiting Hypoxia-Inducible Factor-1 in Hyperuricemic Nephropathy.,renal/renal safety,B,Methods > Chemicals and Reagents; paragraph 11,abstain,none,False,False,NA,0.0,none,False,NONE,no source passage available; abstain required by Task A contract,codex_no_source_abstain_rule,reject,ni_jie,C,"Reject: PMID 41433111; the abstained record was checked at abstract level, but renal/renal safety is still not directly recoverable for Signaling."
1020,toxicity_endpoint,1019,significantly,41358055,PMC12677934,10.1002/jmd2.70052,"Course of Pregnancy in a Woman With Familial Chylomicronemia Syndrome Treated With Plozasiran, a Small Interfering RNA Against ApoC3.",hepatic/hepatotoxicity,B,Abstract; paragraph 1,abstain,none,False,False,NA,0.0,none,False,NONE,no source passage available; abstain required by Task A contract,codex_no_source_abstain_rule,reject,ni_jie,C,Reject: PMID 41358055; no source passage or abstract wording gives a dependable toxicity call for significantly.
1021,toxicity_endpoint,1020,significantly,41199675,PMC12849924,10.1002/advs.202512139,Designer Solid Self-Emulsifying Nanovaccines Enable Dual Modulation of Dendritic Cells and T Cells for Potent Antitumor Immunity.,hepatic/hepatotoxicity,A,Results > SSE Vaccine Exhibits Efficient Antigen Internalization and APC Activation; paragraph 11,abstain,none,False,False,NA,0.0,none,False,NONE,no source passage available; abstain required by Task A contract,codex_no_source_abstain_rule,reject,ni_jie,C,"Reject: PMID 41199675; the abstained record was checked at abstract level, but hepatic/hepatotoxicity is still not directly recoverable for significantly."
1022,toxicity_endpoint,1021,significant,41076566,PMC12914764,10.1111/febs.70281,Transglutaminase-mediated cytokeratin modifications implicated in bile-acid-induced hepatocyte death.,hepatic/hepatotoxicity,A,Results > Effects of K18 and K8 on GCDCA‐induced hepatocyte apoptosis; paragraph 17,abstain,none,False,False,NA,0.0,none,False,NONE,no source passage available; abstain required by Task A contract,codex_no_source_abstain_rule,reject,ni_jie,C,"Reject: PMID 41076566; the abstained record was checked at abstract level, but hepatic/hepatotoxicity is still not directly recoverable for significant."
1023,toxicity_endpoint,1022,significantly,41823075,PMC12983189,10.1111/liv.70592,Trefoil Factor-3 Is a Hypoxia-Triggered Pro-Tumorigenic Factor in Hepatoblastoma.,hepatic/hepatotoxicity,A,Results > TFF3 Expression Is Induced in an Experimental Mouse Model of HB and Contributes to Tumour Growth; paragraph 28,abstain,none,False,False,NA,0.0,none,False,NONE,no source passage available; abstain required by Task A contract,codex_no_source_abstain_rule,reject,ni_jie,C,Reject: PMID 41823075; available abstract is not enough to curate hepatic/hepatotoxicity for significantly as a verified toxicity record.
1024,toxicity_endpoint,1023,silence,41810963,PMC13055220,10.1128/spectrum.02140-25,Fatty acid transporter protein isoform 2 (FATP2) inhibitor lipofermata inhibits Zika virus replication and blocks fatty acid uptake in SH-SY5Y neuroblastoma cell line.,general safety/cell viability/cytotoxicity,A,RESULTS > FATP2 silencing by siRNA impaired ZIKV production in SH-SY5Y; paragraph 36,abstain,none,False,False,NA,0.0,none,False,NONE,no source passage available; abstain required by Task A contract,codex_no_source_abstain_rule,reject,ni_jie,C,Reject: PMID 41810963; no source passage or abstract wording gives a dependable toxicity call for silence.
1025,toxicity_endpoint,1024,signaling,41792108,PMC12982766,,C1s protects cutaneous squamous carcinoma cells from TRAIL-induced apoptosis.,hepatic/hepatotoxicity,B,Abstract; paragraph 1,reject,NA,False,False,NA,0.95,pmc_full_text,False,NONE,"Rejected: C1s siRNA/CRISPR perturbation is a mechanistic cancer apoptosis study and TRAIL sensitization is cancer-cell-killing efficacy, not therapeutic oligo toxicity.",codex_gpt-5.5_manual_agent,reject,ni_jie,C,"Reject: PMID 41792108; Rejected: C1s siRNA/CRISPR perturbation is a mechanistic cancer apoptosis study and TRAIL sensitization is cancer-cell-killing efficacy, not therapeutic oligo toxicity."
1026,toxicity_endpoint,1025,silencing,41768995,PMC12946047,,TrpC5 silencing reduces cell invasion and migration and enhances radiosensitivity in papillary thyroid carcinoma cells.,hepatic/hepatotoxicity,B,Methods > Irradiation exposure; paragraph 9,reject,NA,False,False,NA,0.95,pmc_full_text,False,NONE,Rejected: TrpC5 siRNA is used to modulate papillary thyroid carcinoma proliferation/radiosensitivity; apoptosis and DNA damage are anticancer efficacy endpoints.,codex_gpt-5.5_manual_agent,reject,ni_jie,C,Reject: PMID 41768995; Rejected: TrpC5 siRNA is used to modulate papillary thyroid carcinoma proliferation/radiosensitivity; apoptosis and DNA damage are anticancer efficacy endpoints.
1027,toxicity_endpoint,1026,Signaling,41751842,PMC12941082,10.3390/ijms27041706,COPG1 Is a Selectively Essential Regulator of Cancer Progression and Chemoresistance via Redox Modulation and AKT Signaling.,general toxicity/toxicity,B,4. Materials and Methods > 4.3. In Vivo Xenograft Modeling; paragraph 54,abstain,none,False,False,NA,0.0,none,False,NONE,no source passage available; abstain required by Task A contract,codex_no_source_abstain_rule,reject,ni_jie,C,Reject: PMID 41751842; Signaling remains unsupported for general toxicity/toxicity after abstract-level review of 'COPG1 Is a Selectively Essential Regulator of Cancer Progression and Chemoresistance via Redox?'.
1028,toxicity_endpoint,1027,silencing,41743270,PMC12930163,,Allele-selective von Willebrand factor silencing.,hepatic/hepatotoxicity,B,Impact of Allele-Selective Silencing Of VWF In Vivo; paragraph 22,reject,NA,False,True,NA,0.95,pmc_full_text,False,NONE,"Rejected: allele-selective VWF silencing is therapeutic-oligo relevant, but this review passage summarizes prior studies and does not provide a primary administered/measured toxicity endpoint from the article.",codex_gpt-5.5_manual_agent,reject,ni_jie,C,"Reject: PMID 41743270; Rejected: allele-selective VWF silencing is therapeutic-oligo relevant, but this review passage summarizes prior studies and does not provide a primary administered/measured toxicity endpoint from the article."
1029,toxicity_endpoint,1028,siRNA,41741661,PMC12966435,10.1038/s41598-026-41300-0,DUSP29 does not regulate melanoma-myoblast interactions in a skeletal muscle co-culture model.,hepatic/hepatotoxicity,A,Results > Cytotoxicity of TRF and DUSP29 siRNA treatments in myoblast cells; paragraph 25,abstain,none,False,False,NA,0.0,none,False,NONE,no source passage available; abstain required by Task A contract,codex_no_source_abstain_rule,reject,ni_jie,C,Reject: PMID 41741661 abstract/title reviewed; no clear in-scope hepatic/hepatotoxicity endpoint is grounded for siRNA.
1030,toxicity_endpoint,1029,siRNAs,41725810,PMC12916563,,Human papillomavirus 16 E6 oncoprotein promotes up-regulation of RNA-binding protein Sam68 in head and neck cancer.,general safety/cell viability/cytotoxicity,B,Materials and methods > SAM68 silencing and cell viability assay; paragraph 25,reject,NA,False,False,NA,0.95,pmc_full_text,False,NONE,Rejected: SAM68 siRNAs are tool knockdowns in HPV-positive cancer cells; reduced cell growth is anticancer/mechanistic efficacy rather than safety.,codex_gpt-5.5_manual_agent,reject,ni_jie,C,Reject: PMID 41725810; Rejected: SAM68 siRNAs are tool knockdowns in HPV-positive cancer cells; reduced cell growth is anticancer/mechanistic efficacy rather than safety.
1031,toxicity_endpoint,1030,Sigma-Aldrich,41480893,PMC12795515manuscript-id: NIHMS2134281,10.1021/acs.jmedchem.5c02055,Targeting Oxalate Production by Combining Enzyme Inhibition and Proteolysis Activation: A Novel Therapeutic Approach for Primary Hyperoxaluria Type 1.,general safety/cell viability/cytotoxicity,B,Biological Methods > Cell Culture Treatments and Measurements; paragraph 173,abstain,none,False,False,NA,0.0,none,False,NONE,no source passage available; abstain required by Task A contract,codex_no_source_abstain_rule,reject,ni_jie,C,Reject: PMID 41480893; no source passage or abstract wording gives a dependable toxicity call for Sigma-Aldrich.
1032,toxicity_endpoint,1031,single,41280074,PMC12637667,10.1101/2025.11.04.686541,Preclinical evaluation of antisense oligonucleotide therapy in a mouse model of HNRNPH2-related neurodevelopmental disorder.,general safety/systemic safety/tolerability,A,Results > ASO targeting mouse Hnrnph2 in a non-allele-specific manner knocks down Hnrnph2 and upregulates Hnrnph1.; paragraph 7,abstain,none,False,False,NA,0.0,none,False,NONE,no source passage available; abstain required by Task A contract,codex_no_source_abstain_rule,reject,ni_jie,C,Reject: PMID 41280074 abstract/title reviewed; no clear in-scope general safety/systemic safety/tolerability endpoint is grounded for single.
1033,toxicity_endpoint,1032,BIIB078-treated,40865525,PMC13054592manuscript-id: NIHMS2102056,10.1016/j.cell.2025.07.045,Molecular impact of antisense oligonucleotide therapy in C9orf72-associated ALS.,hepatic/hepatotoxicity,A,Results: > BIIB078 induces immune-related protein abundance changes.; paragraph 6,abstain,none,False,False,NA,0.0,none,False,NONE,no source passage available; abstain required by Task A contract,codex_no_source_abstain_rule,reject,ni_jie,C,Reject: PMID 40865525; no source passage or abstract wording gives a dependable toxicity call for BIIB078-treated.
1034,toxicity_endpoint,1033,PCSK9,40763041,PMC12521069,10.1002/psp4.70076,A Case Study of Model-Informed Drug Development of a Novel PCSK9 Antisense Oligonucleotide. Part 2: Phase 2 to Phase 3.,hematological/thrombocytopenia,C,Discussion; paragraph 17,abstain,none,False,False,NA,0.0,none,False,NONE,no source passage available; abstain required by Task A contract,codex_no_source_abstain_rule,reject,ni_jie,C,Reject: PMID 40763041; no source passage or abstract wording gives a dependable toxicity call for PCSK9.
1035,toxicity_endpoint,1034,with ASO,40501380,PMC12503371manuscript-id: NIHMS2087327embargo-date: 2026/06/12,,Antisense Oligonucleotide Targeting Sortilin Reduces Vascular Calcification in Mice in a Sex-Dependent Manner.,general toxicity/toxicity,B,Abstract > Methods:; paragraph 2,reject,NA,False,True,NA,0.95,pmc_full_text,False,NONE,"Rejected: ASO-Sort1 is therapeutic-oligo relevant, but the loaded passage reports vascular calcification/atherosclerosis efficacy without a safety, toxicity, or tolerability endpoint.",codex_gpt-5.5_manual_agent,reject,ni_jie,C,"Reject: PMID 40501380; Rejected: ASO-Sort1 is therapeutic-oligo relevant, but the loaded passage reports vascular calcification/atherosclerosis efficacy without a safety, toxicity, or tolerability endpoint."
1036,toxicity_endpoint,1035,significant,40339155,PMC12058459,10.1002/alz.70022,Antisense oligonucleotides directed against App and Rab5 normalized endosomal Rab activity and reversed DS-AD-linked degenerative phenotypes in the Dp16 mouse model of Down syndrome.,immunotoxicity/immune activation,A,RESULTS > Rab5‐ASOs reversed endosomal Rab hyperactivation and upregulation of RABs 7 and 11 GEFs in Dp16 brains; paragraph 40,abstain,none,False,False,NA,0.0,none,False,NONE,no source passage available; abstain required by Task A contract,codex_no_source_abstain_rule,reject,ni_jie,C,Reject: PMID 40339155; available abstract is not enough to curate immunotoxicity/immune activation for significant as a verified toxicity record.
1037,toxicity_endpoint,1036,significantly,39955311,PMC11829967,10.1038/s41467-025-56913-8,Antisense oligonucleotide-mediated TRA2β poison exon inclusion induces the expression of a lncRNA with anti-tumor effects.,hepatic/hepatotoxicity,A,Results > Direct TRA2β protein knockdown does not phenocopy ASO-1570 effects; paragraph 22,abstain,none,False,False,NA,0.0,none,False,NONE,no source passage available; abstain required by Task A contract,codex_no_source_abstain_rule,reject,ni_jie,C,Reject: PMID 39955311; significantly remains unsupported for hepatic/hepatotoxicity after abstract-level review of 'Antisense oligonucleotide-mediated TRA2β poison exon inclusion induces the expression of a lnc?'.
1038,toxicity_endpoint,1037,kgHordeolum000001,39793573,PMC11866436,10.1016/j.xcrm.2024.101901,Phase 1/2 trial of brogidirsen: Dual-targeting antisense oligonucleotides for exon 44 skipping in Duchenne muscular dystrophy.,hepatic/hepatotoxicity,A,Results > Safety (primary endpoint); paragraph 10,abstain,none,False,False,NA,0.0,none,False,NONE,no source passage available; abstain required by Task A contract,codex_no_source_abstain_rule,reject,ni_jie,C,Reject: PMID 39793573; kgHordeolum000001 remains unsupported for hepatic/hepatotoxicity after abstract-level review of 'Phase 1/2 trial of brogidirsen: Dual-targeting antisense oligonucleotides for exon 44 skipping?'.
1039,toxicity_endpoint,1038,Single,40737088,PMC12309379,,Single alkyl phosphonate modification of the siRNA backbone in the seed region enhances specificity and therapeutic profile.,hepatic/hepatotoxicity,A,Results > Alkyl phosphonate at positions 6–7 enhances the therapeutic profile and reduces hepatotoxicity of Ttr and Marc1 siRNAs; paragraph 65,accept,hepatic/hepatotoxicity,True,True,A,0.93,pmc_full_text,True,"We also demonstrate enhanced safety in mice, as evidenced by reduced ALT/AST elevation and the absence of histopathological changes.",Accepted: chemically modified therapeutic siRNAs were administered to mice and the passage reports reduced liver enzyme elevation plus no histopathological changes.,codex_gpt-5.5_manual_agent,accept,ni_jie,A,
1040,toxicity_endpoint,1039,single-base,41601692,PMC12833424,10.3389/fimmu.2025.1699400,An antibody uniquely binding short 2'-O-methyl RNA oligonucleotide duplexes: formation and recognition of target duplexes on cell surfaces.,hepatic/hepatotoxicity,A,Results > Strand specificity of IgG1-DS5 recognition; paragraph 23,abstain,none,False,False,NA,0.0,none,False,NONE,no source passage available; abstain required by Task A contract,codex_no_source_abstain_rule,reject,ni_jie,C,Reject: PMID 41601692 abstract/title reviewed; no clear in-scope hepatic/hepatotoxicity endpoint is grounded for single-base.
1041,toxicity_endpoint,1040,siRNA,41413582,PMC12828953,10.1186/s12951-025-03900-2,NUP85 siRNA loaded red blood cell-derived extracellular vesicles alleviate hepatic steatosis in MASLD.,hepatic/hepatotoxicity,A,"Results > NUP85 aggravates PAOA-induced hepatocyte lipid deposition, oxidative stress, and inflammatory response; paragraph 51",abstain,none,False,False,NA,0.0,none,False,NONE,no source passage available; abstain required by Task A contract,codex_no_source_abstain_rule,reject,ni_jie,C,Reject: PMID 41413582; available abstract is not enough to curate hepatic/hepatotoxicity for siRNA as a verified toxicity record.
1042,toxicity_endpoint,1041,Sirius,40896584,PMC12398789,10.1016/j.omtn.2025.102665,A combinatorial oligonucleotide therapy to improve dystrophin restoration and dystrophin-deficient muscle health.,general toxicity/toxicity,A,Results > Chronic dual PMO therapy of D2-mdx improves dystrophin restoration and muscle health; paragraph 17,abstain,none,False,False,NA,0.0,none,False,NONE,no source passage available; abstain required by Task A contract,codex_no_source_abstain_rule,reject,ni_jie,C,Reject: PMID 40896584; available abstract is not enough to curate general toxicity/toxicity for Sirius as a verified toxicity record.
1043,toxicity_endpoint,1042,similar,40599554,PMC12208382,10.1097/CP9.0000000000000122,Rats subject to extracorporeal membrane oxygenation have improved cardiac function following anticoagulation and reversal with factor IXa aptamer-antidote oligonucleotide pair.,hematological/thrombocytopenia,A,Abstract > Results:; paragraph 3,abstain,none,False,False,NA,0.0,none,False,NONE,no source passage available; abstain required by Task A contract,codex_no_source_abstain_rule,accept,ni_jie,C,"Accept C: PubMed abstract gives a weak abstract-level signal for hematological/thrombocytopenia in similar; no full passage, so curator kept confidence limited."
1044,toxicity_endpoint,1043,significantly,39988193,PMC11981816,10.1016/j.jlr.2025.100763,Foamy monocytes and atherogenesis in mice with combined hyperlipidemia and effects of antisense knockdown of apoCIII.,hepatic/hepatotoxicity,A,Results > Effects of apoCIII ASO treatment on monocyte phenotypes and atherosclerosis in Ldlr−/−ApoCIIItg mice; paragraph 38,abstain,none,False,False,NA,0.0,none,False,NONE,no source passage available; abstain required by Task A contract,codex_no_source_abstain_rule,reject,ni_jie,C,"Reject: PMID 39988193; the abstained record was checked at abstract level, but hepatic/hepatotoxicity is still not directly recoverable for significantly."
1045,toxicity_endpoint,1044,Simulations,40977082,PMC12603973,10.1002/anie.202511386,"Synthesis, Biological Activity, and Molecular Dynamics Simulations of LNA-Charge Neutral Linkages for Enhanced Splice-Switching Antisense Oligonucleotides.",hepatic/hepatotoxicity,B,Oligonucleotide Synthesis and Physical Properties > Splice‐Switching Activity Assay; paragraph 24,abstain,none,False,False,NA,0.0,none,False,NONE,no source passage available; abstain required by Task A contract,codex_no_source_abstain_rule,reject,ni_jie,C,"Reject: PMID 40977082; Simulations remains unsupported for hepatic/hepatotoxicity after abstract-level review of 'Synthesis, Biological Activity, and Molecular Dynamics Simulations of LNA-Charge Neutral Linka?'."
1046,toxicity_endpoint,1045,siRNA,39829464,PMC11740256,10.1021/acsomega.4c06840,Inhibition of Hepatitis B Virus Replication by a Novel GalNAc-siRNA In Vivo and In Vitro.,hepatic/hepatotoxicity,A,Results > Evaluation of Cellular Cytotoxicity; paragraph 32,abstain,none,False,False,NA,0.0,none,False,NONE,no source passage available; abstain required by Task A contract,codex_no_source_abstain_rule,reject,ni_jie,C,Reject: PMID 39829464; no source passage or abstract wording gives a dependable toxicity call for siRNA.
1047,toxicity_endpoint,1046,silencing,41127529,PMC12538225,,Chemically inducible antisense oligonucleotides for cell-specific gene silencing.,hepatic/hepatotoxicity,C,Results and discussion > Live cell gene silencing of Bcl2 using H2O2 inducible ABcl2@BO; paragraph 17,reject,NA,False,False,NA,0.95,pmc_full_text,False,NONE,"Rejected: inducible ASO targeting Bcl2 is evaluated for tumor-selective gene silencing and cancer cell death; cytotoxicity is intended oncology efficacy, not safety.",codex_gpt-5.5_manual_agent,reject,ni_jie,C,"Reject: PMID 41127529; Rejected: inducible ASO targeting Bcl2 is evaluated for tumor-selective gene silencing and cancer cell death; cytotoxicity is intended oncology efficacy, not safety."
1048,toxicity_endpoint,1047,size,41399806,PMC12701985,10.1016/j.omtn.2025.102773,Myeloid cell-targeted lipid nanoparticles for B cell lymphoma immunotherapy.,hepatic/hepatotoxicity,A,Results > Optimization of LNP2 formulation to enhance targeting of myeloid cells and B cells; paragraph 10,abstain,none,False,False,NA,0.0,none,False,NONE,no source passage available; abstain required by Task A contract,codex_no_source_abstain_rule,reject,ni_jie,C,Reject: PMID 41399806; available abstract is not enough to curate hepatic/hepatotoxicity for size as a verified toxicity record.
1049,toxicity_endpoint,1048,siRNA-Biopolymer,41210516,PMC12595972,10.2147/JEP.S546622,"In vivo Therapeutic Inhibition of the Tp53-Induced Glycolysis and Apoptosis Regulator (TIGAR) by Intravenous Administration of an Anti-Oncological siRNA-Biopolymer, TI6752 (Tituxistatin), in a Preclin",hepatic/hepatotoxicity,A,Results > High Levels of TIGAR Correlate with the Recruitment of Stromal Endothelial Progenitors and Angiogenesis in Primary Colorectal Carcinoma Tissues; parag,abstain,none,False,False,NA,0.0,none,False,NONE,no source passage available; abstain required by Task A contract,codex_no_source_abstain_rule,reject,ni_jie,C,Reject: PMID 41210516; siRNA-Biopolymer remains unsupported for hepatic/hepatotoxicity after abstract-level review of 'In vivo Therapeutic Inhibition of the Tp53-Induced Glycolysis and Apoptosis Regulator (TIGAR)?'.
1050,toxicity_endpoint,1049,siRNA,41210170,PMC12590278,10.1016/j.omtm.2025.101609,Design and systematic evaluation of novel chemical modification patterns enable the identification of a potent siRNA targeting PCSK9.,hepatic/hepatotoxicity,A,Results > Safety assessment; paragraph 23,abstain,none,False,False,NA,0.0,none,False,NONE,no source passage available; abstain required by Task A contract,codex_no_source_abstain_rule,reject,ni_jie,C,Reject: PMID 41210170 abstract/title reviewed; no clear in-scope hepatic/hepatotoxicity endpoint is grounded for siRNA.
1051,toxicity_endpoint,1050,Silencing,41155238,PMC12563032,,RNA Interference-Mediated Silencing of HbREF and HbSRPP Genes Reduces Allergenic Protein Content While Maintaining Rubber Production in Hevea brasiliensis.,hepatic/hepatotoxicity,C,3. Discussion; paragraph 19,reject,NA,False,False,NA,0.95,pmc_full_text,False,NONE,"Rejected: RNAi in Hevea brasiliensis is agricultural biotechnology for hypoallergenic rubber production, outside therapeutic oligo toxicity scope.",codex_gpt-5.5_manual_agent,reject,ni_jie,C,"Reject: PMID 41155238; Rejected: RNAi in Hevea brasiliensis is agricultural biotechnology for hypoallergenic rubber production, outside therapeutic oligo toxicity scope."
1052,toxicity_endpoint,1051,patisiran,41070092,PMC12504482,,The evolving landscape of restrictive cardiomyopathy treatment: clinical trial trends and future directions.,hepatic/hepatotoxicity,A,Results; paragraph 6,reject,NA,False,True,NA,0.95,pmc_full_text,False,NONE,"Rejected: patisiran/inotersen are therapeutic oligos, but this clinical-trial landscape review provides no primary safety/toxicity result for the reviewed article.",codex_gpt-5.5_manual_agent,reject,ni_jie,C,"Reject: PMID 41070092; Rejected: patisiran/inotersen are therapeutic oligos, but this clinical-trial landscape review provides no primary safety/toxicity result for the reviewed article."
1053,toxicity_endpoint,1052,significantly,40708199,PMC12380039manuscript-id: NIHMS2102814,10.1016/j.ymthe.2025.07.029,Cell-selective telomere damage by thiopurine-based oligonucleotide for diffuse large B cell lymphoma immunotherapy.,hepatic/hepatotoxicity,A,Results > TERT-selective and structure-dependent cytotoxicity of 6tdGO; paragraph 7,abstain,none,False,False,NA,0.0,none,False,NONE,no source passage available; abstain required by Task A contract,codex_no_source_abstain_rule,reject,ni_jie,C,Reject: PMID 40708199; no source passage or abstract wording gives a dependable toxicity call for significantly.
1054,toxicity_endpoint,1053,siRNA,40598231,PMC12210728,,Targeting YTHDF2 with pH-responsive siRNA nanoparticles suppresses MYC m6A modification and restores antitumor immunity in hepatocellular carcinoma.,hepatic/hepatotoxicity,A,"Results > Lip@si-YTHDF2 significantly suppresses HCC stem cell proliferation, migration, invasion, and stemness by inhibiting MYC; paragraph 109",reject,NA,False,True,NA,0.95,pmc_full_text,False,NONE,"Rejected: lip@si-YTHDF2 is therapeutic-oligo relevant, but the loaded passage only describes safety assay methods and anticancer efficacy, with no primary toxicity result reported.",codex_gpt-5.5_manual_agent,reject,ni_jie,C,"Reject: PMID 40598231; Rejected: lip@si-YTHDF2 is therapeutic-oligo relevant, but the loaded passage only describes safety assay methods and anticancer efficacy, with no primary toxicity result reported."
1055,toxicity_endpoint,1054,siRNA-Based,40536433,PMC12442593,10.1002/advs.202509883,Bioactive siRNA-Based Liposomes Promoted Tendon-Bone Healing in Osteoporotic Mice by Recovering the Stemness of CD248(+) TSPCs.,hepatic/hepatotoxicity,A,"Results > Design, Characterization, and Biocompatibility of Lipo@si‐CD248; paragraph 25",abstain,none,False,False,NA,0.0,none,False,NONE,no source passage available; abstain required by Task A contract,codex_no_source_abstain_rule,reject,ni_jie,C,Reject: PMID 40536433; siRNA-Based remains unsupported for hepatic/hepatotoxicity after abstract-level review of 'Bioactive siRNA-Based Liposomes Promoted Tendon-Bone Healing in Osteoporotic Mice by Recoverin?'.
1056,toxicity_endpoint,1055,signals,40459540,PMC12177939,10.1021/acsnano.5c05517,Thermosensitive Hydrogel Sustaining the Release of Lymph-Draining Oligonucleotide Adjuvant Polyplex Micelles Improves Systemic Cancer Immunotherapy.,hepatic/hepatotoxicity,C,Results and Discussion > CpG Formulation Results in Distinct Patterns of CpG Delivery to dLN APCs; paragraph 21,abstain,none,False,False,NA,0.0,none,False,NONE,no source passage available; abstain required by Task A contract,codex_no_source_abstain_rule,reject,ni_jie,C,Reject: PMID 40459540; no source passage or abstract wording gives a dependable toxicity call for signals.
1057,toxicity_endpoint,1056,Single-dose,40313754,PMC12045366,,Single-dose administration of therapeutic divalent siRNA targeting MECP2 prevents lethality for one year in an MECP2 duplication mouse model.,general toxicity/toxicity,A,RESULTS > Lead MECP2-targeting siRNAs tune MECP2 levels in wildtype mice for up to four months; paragraph 16,accept,general toxicity/tolerability,True,True,A,0.91,pmc_full_text,True,"produced no overt toxicity, though this study was not designed to detect subtle behavioral changes.",Accepted: therapeutic divalent MECP2 siRNA was administered in vivo and the passage reports an observed no-overt-toxicity finding in wild-type mouse brains.,codex_gpt-5.5_manual_agent,accept,ni_jie,A,
1058,toxicity_endpoint,1057,siRNA,40289180,PMC12245715,10.1038/s41417-025-00906-8,Lactate-coated polyurea-siRNA dendriplex: a gene therapy-directed and metabolism-based strategy to impair glioblastoma (GBM).,hepatic/hepatotoxicity,A,Results > PUREG4-LA12-anti-GLS1-siRNA promoted autophagy; paragraph 44,abstain,none,False,False,NA,0.0,none,False,NONE,no source passage available; abstain required by Task A contract,codex_no_source_abstain_rule,reject,ni_jie,C,Reject: PMID 40289180; no source passage or abstract wording gives a dependable toxicity call for siRNA.
1059,toxicity_endpoint,1058,siRNA,40253509,PMC12009310,10.1038/s43856-025-00847-1,Drug and siRNA screens identify ROCK2 as a therapeutic target for ciliopathies.,hepatic/hepatotoxicity,A,Results > Drug screens; paragraph 51,abstain,none,False,False,NA,0.0,none,False,NONE,no source passage available; abstain required by Task A contract,codex_no_source_abstain_rule,reject,ni_jie,C,Reject: PMID 40253509; siRNA remains unsupported for hepatic/hepatotoxicity after abstract-level review of 'Drug and siRNA screens identify ROCK2 as a therapeutic target for ciliopathies.'.
1060,toxicity_endpoint,1059,Single-dose,40196492,PMC11974818,,Single-dose administration of therapeutic divalent siRNA targeting MECP2 prevents lethality for one year in an MECP2 duplication mouse model.,general safety/systemic safety/tolerability,A,RESULTS > Single injection of non-isoform selective 1764_S1 but not E1 selective 112_S1 induces mixed behavioral effects in Tg1 mice; paragraph 36,accept,general safety/systemic safety/tolerability,True,True,A,0.92,pmc_full_text,True,"These behavioral differences in 1764_S1, but not 112_S1 treated Tg1 mice may indicate adverse effects due to exaggerated pharmacological activity of the siRNA.",Accepted: therapeutic MECP2 siRNAs were administered to mice and the passage reports behavioral changes interpreted as possible adverse effects from exaggerated pharmacology.,codex_gpt-5.5_manual_agent,accept,ni_jie,A,
1061,toxicity_endpoint,1060,patisiran,39804640,PMC11894486,10.1001/jamaneurol.2024.4631,Five-Year Results With Patisiran for Hereditary Transthyretin Amyloidosis With Polyneuropathy: A Randomized Clinical Trial With Open-Label Extension.,general safety/systemic safety/tolerability,A,Abstract > Results; paragraph 10,abstain,none,False,False,NA,0.0,none,False,NONE,no source passage available; abstain required by Task A contract,codex_no_source_abstain_rule,reject,ni_jie,C,Reject: PMID 39804640; available abstract is not enough to curate general safety/systemic safety/tolerability for patisiran as a verified toxicity record.
1062,toxicity_endpoint,1061,inclisiran,41510415,PMC12776537,10.7759/cureus.98687,Inclisiran-Induced Fixed Drug Eruption in a Patient With Refractory Hypercholesterolemia.,hepatic/hepatotoxicity,C,Discussion; paragraph 15,abstain,none,False,False,NA,0.0,none,False,NONE,no source passage available; abstain required by Task A contract,codex_no_source_abstain_rule,reject,ni_jie,C,Reject: PMID 41510415; 'Inclisiran-Induced Fixed Drug Eruption in a Patient With Refractory Hypercholesterolemia.' does not provide a sufficiently specific administered-oligo toxicity endpoint for inclisiran.
1063,toxicity_endpoint,1062,siRNA,41477349,PMC12750176,,The cytoskeletal protein smoothelin maintains homologous recombination repair by stabilizing RAD51 in an HUWE1-dependent manner in colorectal cancer.,genotoxicity/DNA damage response,A,Results > Knockdown of SMTN enhances chemosensitivity in vitro; paragraph 27,reject,NA,False,False,NA,0.95,pmc_full_text,False,NONE,"Rejected: SMTN siRNA increases DNA damage and chemosensitivity in colorectal cancer cells; this is cancer-cell-killing efficacy, not genotoxicity safety assessment.",codex_gpt-5.5_manual_agent,reject,ni_jie,C,"Reject: PMID 41477349; Rejected: SMTN siRNA increases DNA damage and chemosensitivity in colorectal cancer cells; this is cancer-cell-killing efficacy, not genotoxicity safety assessment."
1064,toxicity_endpoint,1063,CgALDH6A1,41462626,PMC12729558,10.3390/antiox14121423,The Regulatory Role of CgALDH6A1 in the Oxidative Stress Response of Crassostrea gigas Under High-Temperature Stress.,general toxicity/toxicity,B,2. Materials and Methods > 2.8. Histopathological Observation of Tissues; paragraph 15,abstain,none,False,False,NA,0.0,none,False,NONE,no source passage available; abstain required by Task A contract,codex_no_source_abstain_rule,reject,ni_jie,C,Reject: PMID 41462626; 'The Regulatory Role of CgALDH6A1 in the Oxidative Stress Response of Crassostrea gigas Under H?' does not provide a sufficiently specific administered-oligo toxicity endpoint for CgALDH6A1.
1065,toxicity_endpoint,1064,unspecified siRNA,41426227,PMC12715684,10.1093/narmme/ugaf030,Gamma-retrovirus design for efficacious microRNA-mediated gene knock-down and protein co-expression without compromising titers.,hepatic/hepatotoxicity,B,Abstract; paragraph 1,abstain,none,False,False,NA,0.0,none,False,NONE,no source passage available; abstain required by Task A contract,codex_no_source_abstain_rule,reject,ni_jie,C,Reject: PMID 41426227 abstract/title reviewed; no clear in-scope hepatic/hepatotoxicity endpoint is grounded for unspecified siRNA.
1066,toxicity_endpoint,1065,significant,41394759,PMC12697276,10.1101/2025.11.24.690266,Ribosomal RNA Synthesis is a Lethal Vulnerability During Reductive Stress In C . elegans.,hepatic/hepatotoxicity,B,Abstract; paragraph 1,abstain,none,False,False,NA,0.0,none,False,NONE,no source passage available; abstain required by Task A contract,codex_no_source_abstain_rule,reject,ni_jie,C,Reject: PMID 41394759; significant remains unsupported for hepatic/hepatotoxicity after abstract-level review of 'Ribosomal RNA Synthesis is a Lethal Vulnerability During Reductive Stress In C . elegans.'.
1067,toxicity_endpoint,1066,siRNA,41373402,PMC12692099,,Preclinical Assessment in Transgenic NOD Mice of a Novel Immunotherapy for Type 1 Diabetes: Lipoplexes Down-Modulate the Murine C1858T Ptpn22 Variant In Vitro.,hepatic/hepatotoxicity,B,Abstract; paragraph 1,reject,NA,False,True,NA,0.95,pmc_full_text,False,NONE,"Rejected: Ptpn22 siRNA lipoplexes are therapeutic-oligo relevant, but the current passage reports in vitro variant knockdown and planned future safety studies, not a primary toxicity endpoint.",codex_gpt-5.5_manual_agent,reject,ni_jie,C,"Reject: PMID 41373402; Rejected: Ptpn22 siRNA lipoplexes are therapeutic-oligo relevant, but the current passage reports in vitro variant knockdown and planned future safety studies, not a primary toxicity endpoint."
1068,toxicity_endpoint,1067,simplified,41368817,PMC12785211embargo-date: 2026/12/09,10.1080/17576180.2025.2597181,Nucleic acid nanorobot assay for accurate and simplified ASO quantification in mouse plasma.,hepatic/hepatotoxicity,C,PubMed abstract,abstain,none,False,False,NA,0.0,none,False,NONE,no source passage available; abstain required by Task A contract,codex_no_source_abstain_rule,reject,ni_jie,C,Reject: PMID 41368817; simplified remains unsupported for hepatic/hepatotoxicity after abstract-level review of 'Nucleic acid nanorobot assay for accurate and simplified ASO quantification in mouse plasma.'.
1069,toxicity_endpoint,1068,significantly,41360761,PMC12830725,10.1038/s41419-025-08293-6,LncPEDS1-AS promotes UTUC resistance to lipid peroxidation by regulating PEDS1 expression via DDX23.,general safety/cell viability/cytotoxicity,A,Results > Exploration of the therapeutic potential of ASO drugs targeting LncPEDS1-AS; paragraph 31,abstain,none,False,False,NA,0.0,none,False,NONE,no source passage available; abstain required by Task A contract,codex_no_source_abstain_rule,reject,ni_jie,C,Reject: PMID 41360761; significantly remains unsupported for general safety/cell viability/cytotoxicity after abstract-level review of 'LncPEDS1-AS promotes UTUC resistance to lipid peroxidation by regulating PEDS1 expression via?'.
1070,toxicity_endpoint,1069,Situ,41295519,PMC12656848,10.3390/vaccines13111146,In-Situ Self-Assembling Oligomeric Collagen Scaffold Enhances Vaccine Retention and Vaccine-Induced Humoral Immunity.,hepatic/hepatotoxicity,A,3. Results > 3.5. Oligomer Scaffold Enhances Antigen Retention and Supports Vaccine-Induced Immune Cell Recruitment at the Injection Site; paragraph 20,abstain,none,False,False,NA,0.0,none,False,NONE,no source passage available; abstain required by Task A contract,codex_no_source_abstain_rule,reject,ni_jie,C,Reject: PMID 41295519; Situ remains unsupported for hepatic/hepatotoxicity after abstract-level review of 'In-Situ Self-Assembling Oligomeric Collagen Scaffold Enhances Vaccine Retention and Vaccine-In?'.
1071,toxicity_endpoint,1070,following ASO,41292795,PMC12642443,10.1101/2025.11.12.687933,Late-Onset Preeclampsia is characterised by Accelerated Placental Aging.,hepatic/hepatotoxicity,A,Results > Loss of TERRA contributes to telomere attrition and senescence in LOPE trophoblast organoids; paragraph 29,abstain,none,False,False,NA,0.0,none,False,NONE,no source passage available; abstain required by Task A contract,codex_no_source_abstain_rule,reject,ni_jie,C,Reject: PMID 41292795; available abstract is not enough to curate hepatic/hepatotoxicity for following ASO as a verified toxicity record.
1072,toxicity_endpoint,1071,olezarsen,41180755,PMC12577896,10.1097/MS9.0000000000003768,Olezarsen: FDA approval and clinical impact in familial chylomicronemia syndrome (FCS).,hematological/thrombocytopenia,A,Safety profile and adverse events; paragraph 22,abstain,none,False,False,NA,0.0,none,False,NONE,no source passage available; abstain required by Task A contract,codex_no_source_abstain_rule,reject,ni_jie,C,Reject: PMID 41180755; no source passage or abstract wording gives a dependable toxicity call for olezarsen.
1073,toxicity_endpoint,1072,significance,41166122,PMC13085910,10.1177/18758592251392828,SLAMF8 expression and prognostic significance in melanoma: A multi-omics and Mendelian randomization study.,hepatic/hepatotoxicity,A,Abstract > Results; paragraph 3,abstain,none,False,False,NA,0.0,none,False,NONE,no source passage available; abstain required by Task A contract,codex_no_source_abstain_rule,reject,ni_jie,C,Reject: PMID 41166122; 'SLAMF8 expression and prognostic significance in melanoma: A multi-omics and Mendelian randomi?' does not provide a sufficiently specific administered-oligo toxicity endpoint for significance.
1074,toxicity_endpoint,1073,silencing,41088451,PMC12522392,,Control of Aedes albopictus populations by silencing of the vesicular GABA transporter (vgat) and the vesicular monoamine transporter (vmat) genes using recombinant Chlorella shRNA.,hepatic/hepatotoxicity,A,Abstract > Results; paragraph 3,reject,NA,False,False,NA,0.95,pmc_full_text,False,NONE,"Rejected: shRNA-recombinant Chlorella is an agricultural/vector-control mosquito biocide, explicitly outside therapeutic oligo scope.",codex_gpt-5.5_manual_agent,reject,ni_jie,C,"Reject: PMID 41088451; Rejected: shRNA-recombinant Chlorella is an agricultural/vector-control mosquito biocide, explicitly outside therapeutic oligo scope."
1075,toxicity_endpoint,1074,inclisiran,41069968,PMC12504999,10.1016/j.athplu.2025.09.005,Inclisiran for fast-track lipid-lowering treatment early after an acute coronary syndrome: a pilot study.,general safety/systemic safety/tolerability,A,Abstract > Results; paragraph 3,abstain,none,False,False,NA,0.0,none,False,NONE,no source passage available; abstain required by Task A contract,codex_no_source_abstain_rule,reject,ni_jie,C,"Reject: PMID 41069968; the abstained record was checked at abstract level, but general safety/systemic safety/tolerability is still not directly recoverable for inclisiran."
1076,toxicity_endpoint,1075,Single-cell,41050668,PMC12488599,,Single-cell profiling uncovers PTPRG-driven stemness in malignant plasma cells and signatures of treatment failure in multiple myeloma.,hepatic/hepatotoxicity,A,Abstract > Results; paragraph 3,reject,NA,False,False,NA,0.95,pmc_full_text,False,NONE,"Rejected: PTPRG siRNA knockdown reduces multiple myeloma cell viability and increases apoptosis as anticancer functional validation, not safety/toxicity.",codex_gpt-5.5_manual_agent,reject,ni_jie,C,"Reject: PMID 41050668; Rejected: PTPRG siRNA knockdown reduces multiple myeloma cell viability and increases apoptosis as anticancer functional validation, not safety/toxicity."
1077,toxicity_endpoint,1076,signature,40998932,PMC12464214,10.1038/s41598-025-17111-0,Prognostic signature and tumor microenvironment infiltration based on amino acid metabolism-related genes and lncRNAs of colorectal cancer.,general safety/cell viability/cytotoxicity,B,Materials and methods > Cell viability detection; paragraph 13,abstain,none,False,False,NA,0.0,none,False,NONE,no source passage available; abstain required by Task A contract,codex_no_source_abstain_rule,reject,ni_jie,C,Reject: PMID 40998932; 'Prognostic signature and tumor microenvironment infiltration based on amino acid metabolism-re?' does not provide a sufficiently specific administered-oligo toxicity endpoint for signature.
1078,toxicity_endpoint,1077,signifies,40978076,PMC12449873,10.2147/JMDH.S539699,Clinical Research for Inherited Retinal Disease Related Pediatric Blindness: A Preliminary Descriptive Analysis Based on ClinicalTrials.gov.,hepatic/hepatotoxicity,A,Results; paragraph 13,abstain,none,False,False,NA,0.0,none,False,NONE,no source passage available; abstain required by Task A contract,codex_no_source_abstain_rule,reject,ni_jie,C,Reject: PMID 40978076; no source passage or abstract wording gives a dependable toxicity call for signifies.
1079,toxicity_endpoint,1078,signaling,40948585,PMC12423596,10.1016/j.mtbio.2025.101760,Aminoguanidine-assembled functional DNA tetrahedron alleviates acute lung injury by targeting the cGAS-STING signaling pathway.,general safety/cell viability/cytotoxicity,B,Materials and methods > CCK8 analysis; paragraph 13,abstain,none,False,False,NA,0.0,none,False,NONE,no source passage available; abstain required by Task A contract,codex_no_source_abstain_rule,reject,ni_jie,C,Reject: PMID 40948585; signaling remains unsupported for general safety/cell viability/cytotoxicity after abstract-level review of 'Aminoguanidine-assembled functional DNA tetrahedron alleviates acute lung injury by targeting?'.
1080,toxicity_endpoint,1079,Signaling,40943068,PMC12428531,10.3390/ijms26178138,Claudin-1 Contributes to Gastrointestinal Stromal Tumors (GIST) Resistance to Imatinib Mesylate (IM) via Regulation of FGFR-Signaling.,hepatic/hepatotoxicity,A,2. Results > 2.1. An Increased Expression of CLDN1 in GIST T-1 Cells Contributes to IM’s Resistance; paragraph 7,abstain,none,False,False,NA,0.0,none,False,NONE,no source passage available; abstain required by Task A contract,codex_no_source_abstain_rule,reject,ni_jie,C,Reject: PMID 40943068; available abstract is not enough to curate hepatic/hepatotoxicity for Signaling as a verified toxicity record.
1081,toxicity_endpoint,1080,inotersen,40940654,PMC12432994,10.1186/s42466-025-00428-6,Real-world treatment management in hereditary transthyretin amyloidosis - an experience report and proposal for therapy switch decision criteria.,hematological/thrombocytopenia,A,Results > Treatment switching; paragraph 27,abstain,none,False,False,NA,0.0,none,False,NONE,no source passage available; abstain required by Task A contract,codex_no_source_abstain_rule,reject,ni_jie,C,Reject: PMID 40940654; no source passage or abstract wording gives a dependable toxicity call for inotersen.
1082,toxicity_endpoint,1081,significant,40936676,PMC12421066,10.1002/ccr3.70861,Acute Post-Streptococcal Glomerulonephritis in a 22-Month-Old Toddler: A Rare and Uncustomary Age of Onset.,renal/renal safety,C,"Differential Diagnosis, Investigations, and Treatment > Conclusion and Results (Outcome and Follow‐Up); paragraph 15",abstain,none,False,False,NA,0.0,none,False,NONE,no source passage available; abstain required by Task A contract,codex_no_source_abstain_rule,reject,ni_jie,C,Reject: PMID 40936676; significant remains unsupported for renal/renal safety after abstract-level review of 'Acute Post-Streptococcal Glomerulonephritis in a 22-Month-Old Toddler: A Rare and Uncustomary?'.
1083,toxicity_endpoint,1082,BHF7,40928446,PMC12790151,,Small Interfering RNA Therapy Targeting the Long Noncoding RNA SMILR for Therapeutic Intervention in Coronary Artery Bypass Graft Failure.,hepatic/hepatotoxicity,A,Methods > Lactate dehydrogenase cytotoxicity assay; paragraph 31,accept,cell viability/cytotoxicity,True,True,A,0.94,pmc_full_text,True,This demonstrated that BHF7 does not induce a cytotoxic response either in vitro or ex vivo.,Accepted: BHF7 therapeutic siRNA was tested in patient-derived vascular cells and ex vivo saphenous vein tissue with cytotoxic response directly measured.,codex_gpt-5.5_manual_agent,accept,ni_jie,A,
1084,toxicity_endpoint,1083,silencer,40896590,PMC12396411,10.1016/j.omtn.2025.102668,Targeting a pathogenic cryptic exon that drives HLRCC to induce exon skipping.,hepatic/hepatotoxicity,A,Results > Targeting the chr1:241498239 T/C variant with ASOs restores GFP expression; paragraph 6,abstain,none,False,False,NA,0.0,none,False,NONE,no source passage available; abstain required by Task A contract,codex_no_source_abstain_rule,reject,ni_jie,C,Reject: PMID 40896590; 'Targeting a pathogenic cryptic exon that drives HLRCC to induce exon skipping.' does not provide a sufficiently specific administered-oligo toxicity endpoint for silencer.
1085,toxicity_endpoint,1084,signs,40884397,PMC12397906,10.1093/nar/gkaf851,Angelman syndrome patient-derived neuron screen leads to clinical ASO rugonersen targeting UBE3A-ATS with long-lasting effect in monkeys.,hepatic/hepatotoxicity,A,Results > Safety and tolerability in NHPs (Study 2); paragraph 72,abstain,none,False,False,NA,0.0,none,False,NONE,no source passage available; abstain required by Task A contract,codex_no_source_abstain_rule,reject,ni_jie,C,Reject: PMID 40884397; available abstract is not enough to curate hepatic/hepatotoxicity for signs as a verified toxicity record.
1086,toxicity_endpoint,1085,siRNA,40860346,PMC12377381,10.2147/ITT.S533552,Fracture-Induced Immunological Cascades Trigger Rapid Systemic Bone Loss via Osteocyte-Regulated Osteoclastogenesis.,hepatic/hepatotoxicity,B,Abstract > Methods; paragraph 2,abstain,none,False,False,NA,0.0,none,False,NONE,no source passage available; abstain required by Task A contract,codex_no_source_abstain_rule,reject,ni_jie,C,Reject: PMID 40860346; 'Fracture-Induced Immunological Cascades Trigger Rapid Systemic Bone Loss via Osteocyte-Regulat?' does not provide a sufficiently specific administered-oligo toxicity endpoint for siRNA.
1087,toxicity_endpoint,1086,significant,40852577,PMC12369976manuscript-id: NIHMS2101912,,Reconfigurable Nucleic Acid Nanoparticles with Therapeutic RNAi Responses to Intracellular Disease Markers.,general safety/cell viability/cytotoxicity,C,Results and Discussion > Uptake and Conditional Gene Silencing in 3D Spheroids; paragraph 19,accept,cell viability/cytotoxicity,True,True,C,0.80,pmc_full_text,True,with cells dying due to uptake of recNANPs at less than 1%.,Accepted: RNAi-releasing recNANPs were delivered to a non-target HEK-293FT cell model and uptake-associated cell death was directly measured as a cytotoxicity endpoint.,codex_gpt-5.5_manual_agent,accept,ni_jie,C,
1088,toxicity_endpoint,1087,significantly,40814374,PMC12344161,10.62347/THYT9980,Transcriptomic validation and clinical translation of CCDC78 as a prognostic biomarker in colorectal cancer.,hepatic/hepatotoxicity,B,Abstract; paragraph 1,abstain,none,False,False,NA,0.0,none,False,NONE,no source passage available; abstain required by Task A contract,codex_no_source_abstain_rule,reject,ni_jie,C,Reject: PMID 40814374; available abstract is not enough to curate hepatic/hepatotoxicity for significantly as a verified toxicity record.
1089,toxicity_endpoint,1088,significantly,40770266,PMC12328819,,ALDH18A1 has carcinogenic functions and regulates alternative splicing events of DNA repair-related genes in esophageal carcinoma cells.,hepatic/hepatotoxicity,B,Abstract; paragraph 1,reject,NA,False,False,NA,0.95,pmc_full_text,False,NONE,"Rejected: siALDH18A1 promotes DNA damage in esophageal cancer cells as a tumor mechanism/target-validation endpoint, not therapeutic oligo genotoxicity safety.",codex_gpt-5.5_manual_agent,reject,ni_jie,C,"Reject: PMID 40770266; Rejected: siALDH18A1 promotes DNA damage in esophageal cancer cells as a tumor mechanism/target-validation endpoint, not therapeutic oligo genotoxicity safety."
1090,toxicity_endpoint,1089,Cyp2e1,40699771,PMC12110742,10.3390/cimb47050372,Amelioration of Acetaminophen-Induced Hepatic Oxidative Stress and Inflammation by RNAi Targeting Cyp2e1 In Vivo.,hepatic/hepatotoxicity,B,2. Materials and Methods > 2.4. Serum and Liver Analysis; paragraph 14,abstain,none,False,False,NA,0.0,none,False,NONE,no source passage available; abstain required by Task A contract,codex_no_source_abstain_rule,reject,ni_jie,C,"Reject: PMID 40699771; the abstained record was checked at abstract level, but hepatic/hepatotoxicity is still not directly recoverable for Cyp2e1."
1091,toxicity_endpoint,1090,signaling,40672635,PMC12261161,,LncRNA SNHG5 promotes the invasion and proliferation of oropharyngeal squamous cell carcinoma by regulating the miR-21/PTEN signaling pathway.,hepatic/hepatotoxicity,B,Abstract; paragraph 1,reject,NA,False,False,NA,0.95,pmc_full_text,False,NONE,"Rejected: SNHG5 siRNA increases apoptosis and reduces OPSCC proliferation/invasion as cancer efficacy/mechanistic validation, not toxicity safety.",codex_gpt-5.5_manual_agent,reject,ni_jie,C,"Reject: PMID 40672635; Rejected: SNHG5 siRNA increases apoptosis and reduces OPSCC proliferation/invasion as cancer efficacy/mechanistic validation, not toxicity safety."
1092,toxicity_endpoint,1091,inclisiran,40648843,PMC12250220,10.3390/jcm14134469,PCSK9-Targeting Drugs and Gender: Are There Any Differences?,general safety/systemic safety/tolerability,A,3. Results; paragraph 36,abstain,none,False,False,NA,0.0,none,False,NONE,no source passage available; abstain required by Task A contract,codex_no_source_abstain_rule,reject,ni_jie,C,Reject: PMID 40648843; inclisiran remains unsupported for general safety/systemic safety/tolerability after abstract-level review of 'PCSK9-Targeting Drugs and Gender: Are There Any Differences?'.
1093,toxicity_endpoint,1092,signs,40636269,PMC12240652,10.1155/crpe/9946572,Posterior Reversible Encephalopathy Syndrome Leading to Diagnosis of Acute Postinfectious Glomerulonephritis in a Pediatric Patient: A Case Report.,renal/renal safety,B,PubMed abstract,abstain,none,False,False,NA,0.0,none,False,NONE,no source passage available; abstain required by Task A contract,codex_no_source_abstain_rule,reject,ni_jie,C,"Reject: PMID 40636269; the abstained record was checked at abstract level, but renal/renal safety is still not directly recoverable for signs."
1094,toxicity_endpoint,1093,lumasiran,40632478,PMC12630153,10.1007/s40620-025-02325-2,"Lumasiran at birth changes the trajectory of primary hyperoxaluria type 1: same disease, different outcomes in two affected siblings.",hepatic/hepatotoxicity,B,Abstract; paragraph 1,abstain,none,False,False,NA,0.0,none,False,NONE,no source passage available; abstain required by Task A contract,codex_no_source_abstain_rule,reject,ni_jie,C,Reject: PMID 40632478 abstract/title reviewed; no clear in-scope hepatic/hepatotoxicity endpoint is grounded for lumasiran.
1095,toxicity_endpoint,1094,siRNAs,40597017,PMC12211329,,Bioinformatics identification and validation of m6A/m1A/m5C/m7G/ac4 C-modified genes in oral squamous cell carcinoma.,hepatic/hepatotoxicity,B,Materials and methods > CCK8 assay; paragraph 17,reject,NA,False,False,NA,0.95,pmc_full_text,False,NONE,"Rejected: siRNA/shRNA inhibition of NAT10 or IGF2BP2 suppresses OSCC proliferation/tumorigenicity; this is anticancer efficacy, not safety.",codex_gpt-5.5_manual_agent,reject,ni_jie,C,"Reject: PMID 40597017; Rejected: siRNA/shRNA inhibition of NAT10 or IGF2BP2 suppresses OSCC proliferation/tumorigenicity; this is anticancer efficacy, not safety."
1096,toxicity_endpoint,1095,site,40586711,PMC12221212manuscript-id: NIHMS2093099,10.1158/1541-7786.MCR-24-1143,LINC01235 Is an Upstream Regulator of the NFIB Gene and the Notch Pathway in Triple-Negative Breast Cancer.,hepatic/hepatotoxicity,A,Results > LINC01235 KO/KD decreases proliferation of breast tumor luminal progenitor-like cells; paragraph 31,abstain,none,False,False,NA,0.0,none,False,NONE,no source passage available; abstain required by Task A contract,codex_no_source_abstain_rule,reject,ni_jie,C,"Reject: PMID 40586711; the abstained record was checked at abstract level, but hepatic/hepatotoxicity is still not directly recoverable for site."
1097,toxicity_endpoint,1096,significantly,40585984,PMC12203666,10.7150/thno.105519,Combination of KRAS ASO and RIG-I agonist in extracellular vesicles transforms the tumor microenvironment towards effective treatment of KRAS-dependent cancers.,hepatic/hepatotoxicity,A,Results > Combining KRAS G12D ASO with immRNA in RBCEVs elicits a potent response against KRAS-driven tumors; paragraph 19,abstain,none,False,False,NA,0.0,none,False,NONE,no source passage available; abstain required by Task A contract,codex_no_source_abstain_rule,reject,ni_jie,C,Reject: PMID 40585984; no source passage or abstract wording gives a dependable toxicity call for significantly.
1098,toxicity_endpoint,1097,Sialic,40574023,PMC12195924,10.3390/pharmaceutics17060710,Optimization of Lipoplexes Functionalized with a Sialic Acid Mimetic (F9-PEG) to Target the C1858T PTPN22 Variant for Preclinical Assessment of a Novel Immunotherapy in Endocrine Autoimmunity.,hepatic/hepatotoxicity,B,Abstract; paragraph 1,abstain,none,False,False,NA,0.0,none,False,NONE,no source passage available; abstain required by Task A contract,codex_no_source_abstain_rule,reject,ni_jie,C,Reject: PMID 40574023; 'Optimization of Lipoplexes Functionalized with a Sialic Acid Mimetic (F9-PEG) to Target the C1?' does not provide a sufficiently specific administered-oligo toxicity endpoint for Sialic.
1099,toxicity_endpoint,1098,significant,40572585,PMC12196029,10.3390/molecules30122622,Topical Application of RNAi Therapy Using Surface-Modified Liposomes for Treating Retinal-Vein Occlusion.,hepatic/hepatotoxicity,C,2. Results and Discussion > 2.1. PnkRNA-Loaded Liposomal Eye Drops Inhibit Retinal Edema in Retinal-Vein Occlusion Model Mice > 2.1.3. Retinal Edema Therapeutic,abstain,none,False,False,NA,0.0,none,False,NONE,no source passage available; abstain required by Task A contract,codex_no_source_abstain_rule,reject,ni_jie,C,"Reject: PMID 40572585; the abstained record was checked at abstract level, but hepatic/hepatotoxicity is still not directly recoverable for significant."
1100,toxicity_endpoint,1099,significantly,40568339,PMC12001220,10.5527/wjn.v14.i2.103039,Advances in the pathophysiology and treatment of focal segmental glomerulosclerosis: The importance of a timely and tailored approach.,renal/renal safety,B,Abstract; paragraph 1,abstain,none,False,False,NA,0.0,none,False,NONE,no source passage available; abstain required by Task A contract,codex_no_source_abstain_rule,reject,ni_jie,C,"Reject: PMID 40568339; the abstained record was checked at abstract level, but renal/renal safety is still not directly recoverable for significantly."
1101,toxicity_endpoint,1100,significantly,40540492,PMC12180649,10.1371/journal.pone.0325206,Association of pulmonary artery bifurcation angle shift with contralateral stenosis after post-arterial switch in the pediatric transposition of great artery patients.,general toxicity/toxicity,C,Discussion; paragraph 35,abstain,none,False,False,NA,0.0,none,False,NONE,no source passage available; abstain required by Task A contract,codex_no_source_abstain_rule,reject,ni_jie,C,Reject: PMID 40540492; 'Association of pulmonary artery bifurcation angle shift with contralateral stenosis after post?' does not provide a sufficiently specific administered-oligo toxicity endpoint for significantly.
1102,toxicity_endpoint,1101,Signaling,40539383,PMC12412546,10.1002/advs.202506718,ASO Therapy Targeting STAU2 to Inhibit Pancreatic Ductal Adenocarcinoma Progression and Metastasis by Regulating the PALLD-Mediated EMT Signaling Pathway.,hepatic/hepatotoxicity,A,"Results > STAU2‐ASO Inhibits PDAC Cell Progression, Invasion, and Migration by Regulating the EMT Pathway In Vitro; Figure 7 caption",abstain,none,False,False,NA,0.0,none,False,NONE,no source passage available; abstain required by Task A contract,codex_no_source_abstain_rule,reject,ni_jie,C,Reject: PMID 40539383; Signaling remains unsupported for hepatic/hepatotoxicity after abstract-level review of 'ASO Therapy Targeting STAU2 to Inhibit Pancreatic Ductal Adenocarcinoma Progression and Metast?'.
1103,toxicity_endpoint,1102,signaling,40534660,PMC12171875,,A Therapeutic Small-Interfering RNA Potentiates Janus Kinase 1 Modulation for the Treatment of Dog Inflammatory Diseases.,hepatic/hepatotoxicity,B,Abstract; paragraph 1,reject,NA,False,True,NA,0.95,pmc_full_text,False,NONE,"Rejected: dog JAK1 siRNA is therapeutic-oligo relevant, but the passage reports target silencing/ex vivo delivery efficacy without a measured toxicity endpoint.",codex_gpt-5.5_manual_agent,reject,ni_jie,C,"Reject: PMID 40534660; Rejected: dog JAK1 siRNA is therapeutic-oligo relevant, but the passage reports target silencing/ex vivo delivery efficacy without a measured toxicity endpoint."
1104,toxicity_endpoint,1103,significant,40478750,PMC12559792,10.1093/ndt/gfaf101,"High-flux hemodialysis with polymethylmethacrylate membranes reduces soluble CD40L, a mediator of cardiovascular disease in uremia.",hepatic/hepatotoxicity,A,RESULTS > In vitro studies > EC assays; paragraph 49,abstain,none,False,False,NA,0.0,none,False,NONE,no source passage available; abstain required by Task A contract,codex_no_source_abstain_rule,reject,ni_jie,C,"Reject: PMID 40478750; the abstained record was checked at abstract level, but hepatic/hepatotoxicity is still not directly recoverable for significant."
1105,toxicity_endpoint,1104,siRNA,40462499,PMC12134396,10.1002/ctm2.70344,Fibroblasts-specific p16(INK4a) exacerbates inflammageing-mediated post-infarction ventricular remodelling through interacting with STAT3 to regulate NLRP3 transcription.,hepatic/hepatotoxicity,A,RESULTS > In vivo biodistribution of FNLM‐p16‐siRNA in post‐MI murine models; paragraph 50,abstain,none,False,False,NA,0.0,none,False,NONE,no source passage available; abstain required by Task A contract,codex_no_source_abstain_rule,reject,ni_jie,C,Reject: PMID 40462499 abstract/title reviewed; no clear in-scope hepatic/hepatotoxicity endpoint is grounded for siRNA.
1106,toxicity_endpoint,1105,Single-Cell,40365116,PMC12074843,10.1155/ijog/6454413,Decoding the Tumor Microenvironment of Myoepithelial Cells in Triple-Negative Breast Cancer Through Single-Cell and Transcriptomic Sequencing and Establishing a Prognostic Model Based on Key Myoepithe,general safety/cell viability/cytotoxicity,B,2. Materials and Methods > 2.15. CCK8 Methods; paragraph 23,abstain,none,False,False,NA,0.0,none,False,NONE,no source passage available; abstain required by Task A contract,codex_no_source_abstain_rule,reject,ni_jie,C,Reject: PMID 40365116; available abstract is not enough to curate general safety/cell viability/cytotoxicity for Single-Cell as a verified toxicity record.
1107,toxicity_endpoint,1106,site,40348775,PMC12065846,10.1038/s41467-025-59510-x,RNA transcripts serve as a template for double-strand break repair in human cells.,hepatic/hepatotoxicity,A,Results > Human cells repair DSBs using RNA as a template to copy genetic information; paragraph 10,abstain,none,False,False,NA,0.0,none,False,NONE,no source passage available; abstain required by Task A contract,codex_no_source_abstain_rule,reject,ni_jie,C,Reject: PMID 40348775 abstract/title reviewed; no clear in-scope hepatic/hepatotoxicity endpoint is grounded for site.
1108,toxicity_endpoint,1107,unspecified ASO,40309219,PMC12042295,,Factor XI and Atrial Fibrillation: A Mismatched Pairing?,hepatic/hepatotoxicity,B,Abstract; paragraph 1,reject,NA,False,True,NA,0.95,pmc_full_text,False,NONE,"Rejected: FXI antisense oligonucleotides are mentioned in a narrative review, but no specific primary ASO safety/toxicity result is reported in the loaded passage.",codex_gpt-5.5_manual_agent,reject,ni_jie,C,"Reject: PMID 40309219; Rejected: FXI antisense oligonucleotides are mentioned in a narrative review, but no specific primary ASO safety/toxicity result is reported in the loaded passage."
1109,toxicity_endpoint,1108,lumasiran,40303203,PMC12034872,10.1016/j.ekir.2024.12.033,Real-Life Data of 2-Year Lumasiran Use in the DAILY-LUMA Cohort.,hepatic/hepatotoxicity,B,Methods; paragraph 10,abstain,none,False,False,NA,0.0,none,False,NONE,no source passage available; abstain required by Task A contract,codex_no_source_abstain_rule,reject,ni_jie,C,Reject: PMID 40303203 abstract/title reviewed; no clear in-scope hepatic/hepatotoxicity endpoint is grounded for lumasiran.
1110,toxicity_endpoint,1109,significant,40270362,PMC12140345,,Targeting PTBP3-Mediated Alternative Splicing of COX11 Induces Cuproptosis for Inhibiting Gastric Cancer Peritoneal Metastasis.,hepatic/hepatotoxicity,A,Results > ASO Drugs Targeting S‐COX11 Attenuate the Proliferative and Invasive Capabilities of Gastric Cancer Cells and Organoids; Figure 4 caption,reject,NA,False,False,NA,0.95,pmc_full_text,False,NONE,"Rejected: S-COX11 ASO induces copper-mediated cuproptosis and reduces gastric cancer tumor burden; this is intended cancer-cell-killing efficacy, not safety toxicity.",codex_gpt-5.5_manual_agent,reject,ni_jie,C,"Reject: PMID 40270362; Rejected: S-COX11 ASO induces copper-mediated cuproptosis and reduces gastric cancer tumor burden; this is intended cancer-cell-killing efficacy, not safety toxicity."
1111,toxicity_endpoint,1110,siRNA,40265153,PMC12011715,10.3389/fphys.2025.1520246,Regulatory mechanism of ABCB1 transcriptional repression by HDAC5 in rat hepatocytes under hypoxic environment.,general safety/cell viability/cytotoxicity,B,Abstract > Methods; paragraph 2,abstain,none,False,False,NA,0.0,none,False,NONE,no source passage available; abstain required by Task A contract,codex_no_source_abstain_rule,reject,ni_jie,C,Reject: PMID 40265153; no source passage or abstract wording gives a dependable toxicity call for siRNA.
1112,toxicity_endpoint,1111,significantly,40221835,PMC12266034embargo-date: 2026/07/02,10.1016/j.ymthe.2025.04.009,Seltoplasmid promotes ulcer healing versus placebo for treating patients with chronic limb-threatening ischemia: HOPE CLTI-2 trial.,general safety/systemic safety/tolerability,B,Abstract; paragraph 1,abstain,none,False,False,NA,0.0,none,False,NONE,no source passage available; abstain required by Task A contract,codex_no_source_abstain_rule,reject,ni_jie,C,Reject: PMID 40221835; significantly remains unsupported for general safety/systemic safety/tolerability after abstract-level review of 'Seltoplasmid promotes ulcer healing versus placebo for treating patients with chronic limb-thr?'.
1113,toxicity_endpoint,1112,tofersen,40169784,PMC11961715,10.1038/s41598-025-94984-1,Neurodegenerative and neuroinflammatory changes in SOD1-ALS patients receiving tofersen.,general toxicity/toxicity,B,Methods > Clinical variables; paragraph 32,abstain,none,False,False,NA,0.0,none,False,NONE,no source passage available; abstain required by Task A contract,codex_no_source_abstain_rule,reject,ni_jie,C,Reject: PMID 40169784 abstract/title reviewed; no clear in-scope general toxicity/toxicity endpoint is grounded for tofersen.
1114,toxicity_endpoint,1113,unspecified ASO,40152945,PMC12187242embargo-date: 2026/07/01,10.1681/ASN.0000000676,Effects of Prothrombin on Podocytopathy and Proteinuria in Glomerular Disease.,renal/renal safety,B,Abstract > Methods; paragraph 3,abstain,none,False,False,NA,0.0,none,False,NONE,no source passage available; abstain required by Task A contract,codex_no_source_abstain_rule,reject,ni_jie,C,"Reject: PMID 40152945; the abstained record was checked at abstract level, but renal/renal safety is still not directly recoverable for unspecified ASO."
1115,toxicity_endpoint,1114,olezarsen,40064331,PMC12065585manuscript-id: NIHMS2071115embargo-date: 2026/08/01,10.1016/j.ahj.2025.03.003,Design and rationale of the CORE-TIMI 72a and CORE2-TIMI 72b trials of olezarsen in patients with severe hypertriglyceridemia.,hepatic/hepatotoxicity,B,PubMed abstract,abstain,none,False,False,NA,0.0,none,False,NONE,no source passage available; abstain required by Task A contract,codex_no_source_abstain_rule,reject,ni_jie,C,Reject: PMID 40064331 abstract/title reviewed; no clear in-scope hepatic/hepatotoxicity endpoint is grounded for olezarsen.
1116,toxicity_endpoint,1115,siRNA,40056974,PMC12163395,10.1016/j.ajpath.2025.02.005,Toll-Interacting Protein Down-Regulation by Cigarette Smoke Exposure Impairs Human Lung Defense against Influenza A Virus Infection.,immunotoxicity/immune activation,B,Abstract; paragraph 1,abstain,none,False,False,NA,0.0,none,False,NONE,no source passage available; abstain required by Task A contract,codex_no_source_abstain_rule,reject,ni_jie,C,"Reject: PMID 40056974; the abstained record was checked at abstract level, but immunotoxicity/immune activation is still not directly recoverable for siRNA."
1117,toxicity_endpoint,1116,single,40024534,PMC12022666,,Therapeutic Potential of STE20-Type Kinase STK25 Inhibition for the Prevention and Treatment of Metabolically Induced Hepatocellular Carcinoma.,hepatic/hepatotoxicity,A,Results > Stk25-Targeting ASO Therapy Hinders the Development and Progression of MASH-Related HCC in a Mouse Model; paragraph 16,accept,hepatic/hepatotoxicity,True,True,A,0.91,pmc_full_text,True,"plasma concentrations of alanine transaminase (ALT) and aspartate aminotransferase (AST), the most widely used clinical biomarkers of MASH, were downregulated in mice dosed with Stk25-targeting ASOs compared with mice in the control groups",Accepted: Stk25-targeting therapeutic ASOs were administered to mice and plasma ALT/AST hepatic injury biomarkers were directly measured.,codex_gpt-5.5_manual_agent,accept,ni_jie,A,
1118,toxicity_endpoint,1117,significantly,40012043,PMC11866873,,Radiotherapy resistance driven by Asparagine endopeptidase through ATR pathway modulation in breast cancer.,hepatic/hepatotoxicity,A,Results > AEP activity is required for cell cycle progression and cell division in cancer cells; paragraph 11,reject,NA,False,False,NA,0.93,pmc_full_text,False,NONE,"Rejected: passage describes AEP inhibition/shRNA/siRNA cancer-biology tools and cancer-cell genomic instability or death, not an administered therapeutic oligo safety endpoint.",codex_gpt-5.5_manual_agent,reject,ni_jie,C,"Reject: PMID 40012043; Rejected: passage describes AEP inhibition/shRNA/siRNA cancer-biology tools and cancer-cell genomic instability or death, not an administered therapeutic oligo safety endpoint."
1119,toxicity_endpoint,1118,size,40006507,PMC11859493,10.3390/pharmaceutics17020139,Intestinal Probiotic Lysate Modified Bifunctional Nanoparticle for Efficient Colon Cancer Immunotherapy.,hepatic/hepatotoxicity,A,3. Results > 3.1. Preparation and Characterization of the DMPLAC/siRNA Complex; paragraph 31,abstain,none,False,False,NA,0.0,none,False,NONE,no source passage available; abstain required by Task A contract,codex_no_source_abstain_rule,reject,ni_jie,C,"Reject: PMID 40006507; the abstained record was checked at abstract level, but hepatic/hepatotoxicity is still not directly recoverable for size."
1120,toxicity_endpoint,1119,inclisiran,39996142,PMC11848444,10.1016/j.athplu.2025.01.001,"""Inclisiran: Early LDL-C target achievement in a real-life population"".",hepatic/hepatotoxicity,A,Results > Baseline characteristics; paragraph 16,abstain,none,False,False,NA,0.0,none,False,NONE,no source passage available; abstain required by Task A contract,codex_no_source_abstain_rule,reject,ni_jie,C,Reject: PMID 39996142; no source passage or abstract wording gives a dependable toxicity call for inclisiran.
1121,toxicity_endpoint,1120,inclisiran,39991453,PMC11843091,10.1093/ehjcr/ytaf061,Pregnancy 3 months after inclisiran injection: a unique case report including newborn baby monitoring.,general safety/systemic safety/tolerability,B,article body; paragraph 5,abstain,none,False,False,NA,0.0,none,False,NONE,no source passage available; abstain required by Task A contract,codex_no_source_abstain_rule,reject,ni_jie,C,Reject: PMID 39991453; 'Pregnancy 3 months after inclisiran injection: a unique case report including newborn baby mon?' does not provide a sufficiently specific administered-oligo toxicity endpoint for inclisiran.
1122,toxicity_endpoint,1121,silencing,39962586,PMC11831766,,Targeting TUBB2B inhibits triple-negative breast cancer growth and brain-metastatic colonization.,hepatic/hepatotoxicity,A,Results > TUBB2B is required for TNBC spheroid growth and maintenance; paragraph 33,reject,NA,False,False,NA,0.93,pmc_full_text,False,NONE,"Rejected: TUBB2B shRNA knockdown is an anticancer growth and metastasis efficacy experiment, with no therapeutic oligo toxicity or tolerability endpoint.",codex_gpt-5.5_manual_agent,reject,ni_jie,C,"Reject: PMID 39962586; Rejected: TUBB2B shRNA knockdown is an anticancer growth and metastasis efficacy experiment, with no therapeutic oligo toxicity or tolerability endpoint."
1123,toxicity_endpoint,1122,patisiran,39954098,PMC11829936,10.1007/s00415-025-12950-3,"Patisiran in ATTRv amyloidosis with polyneuropathy: ""PatisiranItaly"" multicenter observational study.",general safety/systemic safety/tolerability,A,Abstract > Results; paragraph 3,abstain,none,False,False,NA,0.0,none,False,NONE,no source passage available; abstain required by Task A contract,codex_no_source_abstain_rule,reject,ni_jie,C,"Reject: PMID 39954098; patisiran remains unsupported for general safety/systemic safety/tolerability after abstract-level review of 'Patisiran in ATTRv amyloidosis with polyneuropathy: ""PatisiranItaly"" multicenter observational?'."
1124,toxicity_endpoint,1123,the ASO,39950874,PMC11967816,,Nanodot-Inspired Precise Bacterial Gene Suppression in a Smart Hydrogel Bandage for Underwater Wound Healing.,hepatic/hepatotoxicity,C,Results and Discussion > Gene Silencing Effects of the ASO/CDs; paragraph 39,accept,cytotoxicity/cell viability,True,True,B,0.84,pmc_full_text,True,"Considerably high cell viabilities after their incubation for 24 h with CSGC and HepG2 cells were obtained (Figure S18,b, Supporting Information), consistent with the low cytotoxicity of the ASO/CDs‐hydrogel composite (Figure S18c, Supporting Information).","Full-text results link the ASO/CDs-hydrogel therapeutic product to host-cell viability and low cytotoxicity, though the oligo is an antibacterial/aquatic wound product.",codex_gpt-5.5_manual_agent,accept,ni_jie,B,
1125,toxicity_endpoint,1124,bepirovirsen,39950613,PMC11975176,10.1002/cpdd.1518,Lack of Pharmacokinetic Drug-Drug Interactions Between Bepirovirsen and Nucleos(t)ide Analogs.,hepatic/hepatotoxicity,B,Methods > Clinical Evaluation of Bepirovirsen as DDI Perpetrator (Effect of Bepirovirsen on NA PK) in the B‐Clear Study > B‐Clear Study Design; paragraph 14,abstain,none,False,False,NA,0.0,none,False,NONE,no source passage available; abstain required by Task A contract,codex_no_source_abstain_rule,reject,ni_jie,C,"Reject: PMID 39950613; the abstained record was checked at abstract level, but hepatic/hepatotoxicity is still not directly recoverable for bepirovirsen."
1126,toxicity_endpoint,1125,significantly,39938155,PMC11869960,10.1016/j.neo.2025.101138,MYH knockdown in pancreatic cancer cells creates an exploitable DNA repair vulnerability.,hepatic/hepatotoxicity,A,Results > MYH Knockdown in PDAC cells induces DNA damage and cell cycle checkpoint activation; paragraph 20,abstain,none,False,False,NA,0.0,none,False,NONE,no source passage available; abstain required by Task A contract,codex_no_source_abstain_rule,reject,ni_jie,C,Reject: PMID 39938155; significantly remains unsupported for hepatic/hepatotoxicity after abstract-level review of 'MYH knockdown in pancreatic cancer cells creates an exploitable DNA repair vulnerability.'.
1127,toxicity_endpoint,1126,significant,39856697,PMC11763106,,The injury effect of osteopontin in sepsis-associated lung injury.,general toxicity/toxicity,A,Abstract > Results; paragraph 3,reject,NA,False,False,NA,0.93,pmc_full_text,False,NONE,"Rejected: OPN-siRNA is used as a mechanistic tool in LPS/sepsis injury biology and the observed inflammation or mortality is disease-model injury, not oligo toxicity.",codex_gpt-5.5_manual_agent,reject,ni_jie,C,"Reject: PMID 39856697; Rejected: OPN-siRNA is used as a mechanistic tool in LPS/sepsis injury biology and the observed inflammation or mortality is disease-model injury, not oligo toxicity."
1128,toxicity_endpoint,1127,single,39759873,PMC11699249,10.1016/j.omtn.2024.102404,Discovery and characterization of stereodefined PMO-gapmers targeting tau.,hepatic/hepatotoxicity,A,Results > Impact of phosphorus stereochemistry on safety; paragraph 19,abstain,none,False,False,NA,0.0,none,False,NONE,no source passage available; abstain required by Task A contract,codex_no_source_abstain_rule,reject,ni_jie,C,Reject: PMID 39759873; available abstract is not enough to curate hepatic/hepatotoxicity for single as a verified toxicity record.
1129,toxicity_endpoint,1128,significantly,39656824,PMC12107082,10.1093/rheumatology/keae662,Targeting mechanistic target of rapamycin complex 2 attenuates immunopathology in systemic lupus erythematosus.,renal/renal safety,A,Results > Rictor-ASO treatment benefits lupus-like symptoms in MRL/lpr mice; paragraph 28,abstain,none,False,False,NA,0.0,none,False,NONE,no source passage available; abstain required by Task A contract,codex_no_source_abstain_rule,reject,ni_jie,C,Reject: PMID 39656824 abstract/title reviewed; no clear in-scope renal/renal safety endpoint is grounded for significantly.
1130,toxicity_endpoint,1129,siRNA-Mediated,41392379,PMC12703009,,Exploitation of Biocomputational Approaches for siRNA-Mediated Gene Silencing of HPV: A Novel Therapeutic Strategy for Cervical Cancer.,hepatic/hepatotoxicity,B,Methods > Screening and Filtration of Off‐Target Sites; paragraph 11,reject,NA,False,True,NA,0.93,pmc_full_text,False,NONE,"Rejected: passage reports computational siRNA design/off-target screening for HPV targets, without administered or measured toxicity/tolerability evidence.",codex_gpt-5.5_manual_agent,reject,ni_jie,C,"Reject: PMID 41392379; Rejected: passage reports computational siRNA design/off-target screening for HPV targets, without administered or measured toxicity/tolerability evidence."
1131,toxicity_endpoint,1130,siRNA,39940962,PMC11818693,10.3390/ijms26031196,"Cetuximab-Immunoliposomes Loaded with TGF-β1 siRNA for the Targeting Therapy of NSCLC: Design, and In Vitro and In Vivo Evaluation.",renal/renal safety,A,2. Results > 2.7. In Vivo Anticancer Activity and Safety Evaluation; paragraph 16,abstain,none,False,False,NA,0.0,none,False,NONE,no source passage available; abstain required by Task A contract,codex_no_source_abstain_rule,accept,ni_jie,C,"Accept C: PubMed abstract gives a weak abstract-level signal for renal/renal safety in siRNA; no full passage, so curator kept confidence limited."
1132,toxicity_endpoint,1131,SIRT1,41340476,PMC13191479,,Myocyte enhancer factor 2A orchestrates vascular redox homeostasis via direct transcriptional activation of SIRT1.,hepatic/hepatotoxicity,A,Results > Endothelial-specific Mef2a knockdown recapitulates vascular oxidative pathology in vivo; paragraph 35,reject,NA,False,False,NA,0.93,pmc_full_text,False,NONE,"Rejected: endothelial MEF2A knockdown uses AAV1-shRNA and mechanistic SIRT1 biology, an explicitly excluded viral shRNA/tool setting without oligo safety evidence.",codex_gpt-5.5_manual_agent,reject,ni_jie,C,"Reject: PMID 41340476; Rejected: endothelial MEF2A knockdown uses AAV1-shRNA and mechanistic SIRT1 biology, an explicitly excluded viral shRNA/tool setting without oligo safety evidence."
1133,toxicity_endpoint,1132,Tox2,41279207,PMC12632824,10.1101/2025.10.10.681694,Obesity Impairs the Antitumor Activity of CAR-T Cells in Triple-Negative Breast Cancer.,hepatic/hepatotoxicity,B,PubMed abstract,abstain,none,False,False,NA,0.0,none,False,NONE,no source passage available; abstain required by Task A contract,codex_no_source_abstain_rule,reject,ni_jie,C,Reject: PMID 41279207; no source passage or abstract wording gives a dependable toxicity call for Tox2.
1134,toxicity_endpoint,1133,silencing,41213905,PMC12603160,,MZT2B promotes malignant phenotypes in NSCLC cells by enhancing mitochondrial function and COX5B expression.,hepatic/hepatotoxicity,A,"Results > MZT2B silencing impedes viability, proliferation, migration, and induces cell cycle arrest in primary and immortalized NSCLC cells; paragraph 29",reject,NA,False,False,NA,0.93,pmc_full_text,False,NONE,"Rejected: MZT2B shRNA/CRISPR effects on NSCLC cell viability and apoptosis are anticancer efficacy readouts, not oligo safety endpoints.",codex_gpt-5.5_manual_agent,reject,ni_jie,C,"Reject: PMID 41213905; Rejected: MZT2B shRNA/CRISPR effects on NSCLC cell viability and apoptosis are anticancer efficacy readouts, not oligo safety endpoints."
1135,toxicity_endpoint,1134,siRNA,40143816,PMC12017598,10.1161/ATVBAHA.124.322346,Gut Microbial Metabolite Imidazole Propionate Impairs Endothelial Cell Function and Promotes the Development of Atherosclerosis.,renal/renal safety,A,Results > ImP Suppresses PI3K/AKT Signaling and Promotes Activation of Nuclear FOXO1; Figure 6. caption,abstain,none,False,False,NA,0.0,none,False,NONE,no source passage available; abstain required by Task A contract,codex_no_source_abstain_rule,reject,ni_jie,C,Reject: PMID 40143816; 'Gut Microbial Metabolite Imidazole Propionate Impairs Endothelial Cell Function and Promotes t?' does not provide a sufficiently specific administered-oligo toxicity endpoint for siRNA.
1136,toxicity_endpoint,1135,signal,40062663,PMC11892085,10.1111/jocd.70082,Upregulation of Receptor Interacting Protein 1 Induced by UVB Contributes to Photodamage of the Skin Through NF-κB Pathway In Vivo and In Vitro.,hepatic/hepatotoxicity,C,PubMed abstract,abstain,none,False,False,NA,0.0,none,False,NONE,no source passage available; abstain required by Task A contract,codex_no_source_abstain_rule,reject,ni_jie,C,Reject: PMID 40062663; available abstract is not enough to curate hepatic/hepatotoxicity for signal as a verified toxicity record.
1137,toxicity_endpoint,1136,siRNA,39989968,PMC11844640,10.21203/rs.3.rs-5936706/v1,PRMT5 inhibition sensitizes glioblastoma tumor models to temozolomide.,hepatic/hepatotoxicity,A,Results > PRMT5 inhibition increases the sensitivity of TMZ in GBMNS; paragraph 24,abstain,none,False,False,NA,0.0,none,False,NONE,no source passage available; abstain required by Task A contract,codex_no_source_abstain_rule,reject,ni_jie,C,Reject: PMID 39989968; no source passage or abstract wording gives a dependable toxicity call for siRNA.
1138,toxicity_endpoint,1137,Single-cell,39974881,PMC11839031,10.1101/2025.02.06.636643,Targeting FGFR4 Abrogates HNF1A-driven Metastasis in Pancreatic Ductal Adenocarcinoma.,hepatic/hepatotoxicity,B,PubMed abstract,abstain,none,False,False,NA,0.0,none,False,NONE,no source passage available; abstain required by Task A contract,codex_no_source_abstain_rule,reject,ni_jie,C,Reject: PMID 39974881; Single-cell remains unsupported for hepatic/hepatotoxicity after abstract-level review of 'Targeting FGFR4 Abrogates HNF1A-driven Metastasis in Pancreatic Ductal Adenocarcinoma.'.
1139,toxicity_endpoint,1138,siRNA,39958970,PMC11825585,10.1002/pul2.70054,Estrogen and Cyp1b1 Regulate Pparγ in Pulmonary Hypertension Through a Ubiquitin-Dependent Mechanism.,hepatic/hepatotoxicity,B,Methods > Cell Culture and Transfection; paragraph 7,abstain,none,False,False,NA,0.0,none,False,NONE,no source passage available; abstain required by Task A contract,codex_no_source_abstain_rule,reject,ni_jie,C,Reject: PMID 39958970; siRNA remains unsupported for hepatic/hepatotoxicity after abstract-level review of 'Estrogen and Cyp1b1 Regulate Pparγ in Pulmonary Hypertension Through a Ubiquitin-Dependent Mec?'.
1140,toxicity_endpoint,1139,Since,39949253,PMC11826303,10.1002/jmv.70210,Tumor Necrosis Factor-Alpha Inhibits the Replication of Patient-Derived Archetype BK Polyomavirus While Activating Rearranged Strains.,renal/renal safety,A,Results > Role of the IKK‐NF‐κB Pathway in the Effects of TNF‐α on BKPyV; paragraph 24,abstain,none,False,False,NA,0.0,none,False,NONE,no source passage available; abstain required by Task A contract,codex_no_source_abstain_rule,reject,ni_jie,C,Reject: PMID 39949253; no source passage or abstract wording gives a dependable toxicity call for Since.
1141,toxicity_endpoint,1140,signaling,39910045,PMC11799145,,TMEM45A enhances palbociclib resistance and cellular glycolysis by activating AKT/mTOR signaling pathway in HR+ breast cancer.,hepatic/hepatotoxicity,A,Results > Construction and characterization of the BRCA primary cell-derived engineered exosomes; paragraph 14,accept,systemic safety/hepatic/renal toxicity,True,True,A,0.94,pmc_full_text,True,"To determine whether engineered exosomes have any side effects in vivo, we collected blood samples at the end of the PDX experiment for the detection of ALT, AST, BUN, and CREA. The results showed no significant differences between groups, and there were also no obvious statistical differences in the body weight of mice across the groups (Fig. S7A-D). Major organs from the mice were also collected and subjected to HE staining at the end of the experiment, as shown in Fig.","Full-text PDX safety assessment measured ALT, AST, BUN, CREA, body weight, and organ histology after siRNA-loaded engineered exosome treatment.",codex_gpt-5.5_manual_agent,accept,ni_jie,A,
1142,toxicity_endpoint,1141,significant,39867828,PMC11759725,10.1007/s10616-025-00703-z,Mechanism underlying the role of the circRNA OMA1/miR-654-3p/RAF1 axis in children with inflammatory bowel disease.,hepatic/hepatotoxicity,B,Abstract; paragraph 1,abstain,none,False,False,NA,0.0,none,False,NONE,no source passage available; abstain required by Task A contract,codex_no_source_abstain_rule,reject,ni_jie,C,Reject: PMID 39867828 abstract/title reviewed; no clear in-scope hepatic/hepatotoxicity endpoint is grounded for significant.
1143,toxicity_endpoint,1142,siRNA,37980543,PMC10787139,10.1016/j.ymthe.2023.11.012,GalNAc-conjugated siRNA targeting the DNAJB1-PRKACA fusion junction in fibrolamellar hepatocellular carcinoma.,hepatic/hepatotoxicity,A,Results; paragraph 10,abstain,none,False,False,NA,0.0,none,False,NONE,no source passage available; abstain required by Task A contract,codex_no_source_abstain_rule,reject,ni_jie,C,Reject: PMID 37980543; siRNA remains unsupported for hepatic/hepatotoxicity after abstract-level review of 'GalNAc-conjugated siRNA targeting the DNAJB1-PRKACA fusion junction in fibrolamellar hepatocel?'.
1144,toxicity_endpoint,1143,Single-Dose,38949758,PMC11315818,10.1007/s40268-024-00467-5,"A Randomized, Open-Label, Phase I, Single-Dose Study of Antisense Oligonucleotide, Vupanorsen, in Chinese Adults with Elevated Triglycerides.",hepatic/hepatotoxicity,A,Results > Safety Summary; paragraph 26,abstain,none,False,False,NA,0.0,none,False,NONE,no source passage available; abstain required by Task A contract,codex_no_source_abstain_rule,reject,ni_jie,C,"Reject: PMID 38949758; the abstained record was checked at abstract level, but hepatic/hepatotoxicity is still not directly recoverable for Single-Dose."
1145,toxicity_endpoint,1144,The ASO,39122967,PMC12010239manuscript-id: NIHMS2063975,10.1038/s41591-024-03197-y,Antisense oligonucleotide therapy in an individual with KIF1A-associated neurological disorder.,hepatic/hepatotoxicity,B,Methods > Design of the study; paragraph 45,abstain,none,False,False,NA,0.0,none,False,NONE,no source passage available; abstain required by Task A contract,codex_no_source_abstain_rule,reject,ni_jie,C,Reject: PMID 39122967; available abstract is not enough to curate hepatic/hepatotoxicity for The ASO as a verified toxicity record.
1146,toxicity_endpoint,1145,siRNA,39109217,PMC11300937,10.1016/j.omtm.2024.101289,Lipid nanoparticle-encapsulated DOCK11-siRNA efficiently reduces hepatitis B virus cccDNA level in infected mice.,hepatic/hepatotoxicity,A,Results > The DOCK11-targeting gapmer transiently decreases DOCK11 expression but is insufficient to eliminate HBV cccDNA in vivo; paragraph 8,abstain,none,False,False,NA,0.0,none,False,NONE,no source passage available; abstain required by Task A contract,codex_no_source_abstain_rule,reject,ni_jie,C,Reject: PMID 39109217; available abstract is not enough to curate hepatic/hepatotoxicity for siRNA as a verified toxicity record.
1147,toxicity_endpoint,1146,TREM2,38654375,PMC11040766,10.1186/s13024-024-00725-9,Regulation of human microglial gene expression and function via RNAase-H active antisense oligonucleotides in vivo in Alzheimer's disease.,immunotoxicity/immune activation,A,Results > Safety profiles of the lead APOE and TREM2 ASOs; paragraph 68,abstain,none,False,False,NA,0.0,none,False,NONE,no source passage available; abstain required by Task A contract,codex_no_source_abstain_rule,reject,ni_jie,C,Reject: PMID 38654375 abstract/title reviewed; no clear in-scope immunotoxicity/immune activation endpoint is grounded for TREM2.
1148,toxicity_endpoint,1147,siRNA,38436880,PMC11377399,10.1007/s11302-024-09989-8,Novel synthesized ionizable lipid for LNP-mediated P2X7siRNA to inhibit migration and induce apoptosis of breast cancer cells.,hepatic/hepatotoxicity,B,Abstract; paragraph 1,abstain,none,False,False,NA,0.0,none,False,NONE,no source passage available; abstain required by Task A contract,codex_no_source_abstain_rule,reject,ni_jie,C,Reject: PMID 38436880; available abstract is not enough to curate hepatic/hepatotoxicity for siRNA as a verified toxicity record.
1149,toxicity_endpoint,1148,patisiran,39525592,PMC11544175,10.1016/j.apsb.2024.06.011,Modeling on in vivo disposition and cellular transportation of RNA lipid nanoparticles via quantum mechanics/physiologically-based pharmacokinetic approaches.,general toxicity/toxicity,B,Materials and methods > PBPK modeling on in vivo disposition of RNA-LNP > Data collection; paragraph 10,abstain,none,False,False,NA,0.0,none,False,NONE,no source passage available; abstain required by Task A contract,codex_no_source_abstain_rule,reject,ni_jie,C,Reject: PMID 39525592; no source passage or abstract wording gives a dependable toxicity call for patisiran.
1150,toxicity_endpoint,1149,significantly,39327422,PMC11427662,10.1038/s41467-024-48204-5,Heteroduplex oligonucleotide technology boosts oligonucleotide splice switching activity of morpholino oligomers in a Duchenne muscular dystrophy mouse model.,hepatic/hepatotoxicity,A,Results > Dystrophin restoration and improvement of histology by HDOs; paragraph 16,abstain,none,False,False,NA,0.0,none,False,NONE,no source passage available; abstain required by Task A contract,codex_no_source_abstain_rule,reject,ni_jie,C,"Reject: PMID 39327422; the abstained record was checked at abstract level, but hepatic/hepatotoxicity is still not directly recoverable for significantly."
1151,toxicity_endpoint,1150,silico,38804718,PMC11342294,10.1021/acs.analchem.3c04351,MIND4OLIGOS: Determining the Monoisotopic Mass of Oligonucleotides Observed in High-Resolution Mass Spectrometry.,renal/renal safety,B,Abstract; paragraph 1,abstain,none,False,False,NA,0.0,none,False,NONE,no source passage available; abstain required by Task A contract,codex_no_source_abstain_rule,reject,ni_jie,C,Reject: PMID 38804718; available abstract is not enough to curate renal/renal safety for silico as a verified toxicity record.
1152,toxicity_endpoint,1151,significantly,39303667,PMC11437961,10.1016/j.ebiom.2024.105356,Customised design of antisense oligonucleotides targeting EGFR driver mutants for personalised treatment of non-small cell lung cancer.,hepatic/hepatotoxicity,A,Results > Targeted delivery of mutant-specific ASOs via RBCEVs conjugated with EGFR-binding nanobodies enhances anti-cancer efficacy; paragraph 51,abstain,none,False,False,NA,0.0,none,False,NONE,no source passage available; abstain required by Task A contract,codex_no_source_abstain_rule,reject,ni_jie,C,Reject: PMID 39303667; 'Customised design of antisense oligonucleotides targeting EGFR driver mutants for personalised?' does not provide a sufficiently specific administered-oligo toxicity endpoint for significantly.
1153,toxicity_endpoint,1152,Similarly,38511173,PMC10950871,10.1016/j.omtn.2024.102154,STAT6-targeting antisense oligonucleotides against solitary fibrous tumor.,hepatic/hepatotoxicity,A,Results > In vivo tolerability testing of STAT6 3′ UTR-targeting ASOs; paragraph 15,abstain,none,False,False,NA,0.0,none,False,NONE,no source passage available; abstain required by Task A contract,codex_no_source_abstain_rule,reject,ni_jie,C,"Reject: PMID 38511173; the abstained record was checked at abstract level, but hepatic/hepatotoxicity is still not directly recoverable for Similarly."
1154,toxicity_endpoint,1153,pTrc99a,39373509,PMC11551753,10.1093/nar/gkae839,Pathological R-loops in bacteria from engineered expression of endogenous antisense RNAs whose synthesis is ordinarily terminated by Rho.,hepatic/hepatotoxicity,A,Results > Evidence for R-loop toxicity upon expression of X. oryzae antisense region in E. coli; paragraph 75,abstain,none,False,False,NA,0.0,none,False,NONE,no source passage available; abstain required by Task A contract,codex_no_source_abstain_rule,reject,ni_jie,C,Reject: PMID 39373509; pTrc99a remains unsupported for hepatic/hepatotoxicity after abstract-level review of 'Pathological R-loops in bacteria from engineered expression of endogenous antisense RNAs whose?'.
1155,toxicity_endpoint,1154,siRNA,39339854,PMC11435946,10.3390/v16091378,Combining RNA Interference and RIG-I Activation to Inhibit Hepatitis E Virus Replication.,hepatic/hepatotoxicity,C,4. Discussion; paragraph 44,abstain,none,False,False,NA,0.0,none,False,NONE,no source passage available; abstain required by Task A contract,codex_no_source_abstain_rule,reject,ni_jie,C,Reject: PMID 39339854 abstract/title reviewed; no clear in-scope hepatic/hepatotoxicity endpoint is grounded for siRNA.
1156,toxicity_endpoint,1155,Single,38192611,PMC10772295,,Single intravitreal administration of a tetravalent siRNA exhibits robust and efficient gene silencing in mouse and pig photoreceptors.,hepatic/hepatotoxicity,A,Results > The structure and chemical configuration of the siRNA affects the distribution pattern in mouse retinas; paragraph 7,accept,retinal safety/neuroinflammation,True,True,A,0.94,pmc_full_text,True,"To evaluate safety, we performed electroretinogram (ERG) recordings under scotopic (rod PR cell response) and photopic (cone PR cell response) conditions, which revealed no significant differences among the different dose groups (Figures 3C and S2). Similarly, immunohistochemical analyses of retinal cross-sections detected no migration of microglia marked by ionized calcium binding adaptor molecule 1 (Iba1) into the ONL and/or inner outer segment region, except for occasional cells at the highest dose (60 μg; arrowheads, Figure 3D). Consistent with this, there was no reactive gliosis in the retina as assessed by the normal expression of glial fibrillary acidic protein (GFAP) (Figure 3E).",Full-text retinal safety assessment measured ERG function and Iba1/GFAP immune or gliosis markers after intravitreal tetra-siRNAHtt dosing.,codex_gpt-5.5_manual_agent,accept,ni_jie,A,
1157,toxicity_endpoint,1156,unspecified ASO,39795992,PMC11719963,10.3390/ijms26010134,Probing the Effects of Chemical Modifications on Anticoagulant and Antiproliferative Activity of Thrombin Binding Aptamer.,hepatic/hepatotoxicity,B,Abstract; paragraph 1,abstain,none,False,False,NA,0.0,none,False,NONE,no source passage available; abstain required by Task A contract,codex_no_source_abstain_rule,reject,ni_jie,C,Reject: PMID 39795992; no source passage or abstract wording gives a dependable toxicity call for unspecified ASO.
1158,toxicity_endpoint,1157,signature,39749345,PMC11693660,,Exploration and validation of a novel reactive oxygen species-related signature for predicting the prognosis and chemotherapy response of patients with bladder cancer.,hepatic/hepatotoxicity,A,"Results > AKR1B1 affected BLCA cell viability, migration, and proliferation; paragraph 51",reject,NA,False,False,NA,0.93,pmc_full_text,False,NONE,"Rejected: passage concerns a prognostic ROS signature and AKR1B1 validation in bladder cancer, with no therapeutic oligo administered or safety endpoint.",codex_gpt-5.5_manual_agent,reject,ni_jie,C,"Reject: PMID 39749345; Rejected: passage concerns a prognostic ROS signature and AKR1B1 validation in bladder cancer, with no therapeutic oligo administered or safety endpoint."
1159,toxicity_endpoint,1158,siRNA,39622652,PMC11614486,,Identification of essential genes for Acanthamoeba castellanii excystation during encystation and excystation.,hepatic/hepatotoxicity,B,Abstract; paragraph 1,reject,NA,False,False,NA,0.93,pmc_full_text,False,NONE,"Rejected: Acanthamoeba siRNAs are functional knockdown tools for excystation biology, not therapeutic oligo toxicity or tolerability evidence.",codex_gpt-5.5_manual_agent,reject,ni_jie,C,"Reject: PMID 39622652; Rejected: Acanthamoeba siRNAs are functional knockdown tools for excystation biology, not therapeutic oligo toxicity or tolerability evidence."
1160,toxicity_endpoint,1159,siRNAs,39598377,PMC11597789,,RNAi Screen Identifies AXL Inhibition Combined with Cannabinoid WIN55212-2 as a Potential Strategy for Cancer Treatment.,general safety/cell viability/cytotoxicity,A,2. Results > 2.1. siRNA Screening Identifies Genes That Sensitizes the Anti-Proliferation of WIN 55212-2; paragraph 6,reject,NA,False,False,NA,0.93,pmc_full_text,False,NONE,"Rejected: siRNAs are used in an RNAi screen to sensitize cancer cells to cannabinoid treatment; cell viability is anticancer efficacy, not safety toxicity.",codex_gpt-5.5_manual_agent,reject,ni_jie,C,"Reject: PMID 39598377; Rejected: siRNAs are used in an RNAi screen to sensitize cancer cells to cannabinoid treatment; cell viability is anticancer efficacy, not safety toxicity."
1161,toxicity_endpoint,1160,givosiran,39597922,PMC11594983,,German Real-World Experience of Patients with Diverse Features of Acute Intermittent Porphyria Treated with Givosiran.,hepatic/hepatotoxicity,A,3. Results > 3.4. Safety > Adverse Events; paragraph 37,accept,hepatic/renal adverse events,True,True,A,0.97,pmc_full_text,True,"Renal AEs included an early but transient moderate increase in serum creatinine (30.7%) or a reduction in the eGFR (11.5%, Table 2). In total, 15.4% of patients experienced a mild elevation of liver enzyme activities (<1.5 UNL, [AST/ALT]), with a further 7.7% of patients’ liver enzyme activities elevated further (>1.5ULN, [AST/ALT]). There were no episodes of pancreatitis.","Real-world givosiran safety section directly reports renal adverse events, liver enzyme elevations, and other treatment-emergent side effects.",codex_gpt-5.5_manual_agent,accept,ni_jie,A,
1162,toxicity_endpoint,1161,significant,39574583,PMC11580966,10.1101/2024.11.06.621880,Aramchol attenuates fibrosis in mouse models of biliary fibrosis and blocks the TGFβ-induced fibroinflammatory mediators in cholangiocytes.,hepatic/hepatotoxicity,A,Abstract > Results; paragraph 3,abstain,none,False,False,NA,0.0,none,False,NONE,no source passage available; abstain required by Task A contract,codex_no_source_abstain_rule,reject,ni_jie,C,Reject: PMID 39574583; significant remains unsupported for hepatic/hepatotoxicity after abstract-level review of 'Aramchol attenuates fibrosis in mouse models of biliary fibrosis and blocks the TGFβ-induced f?'.
1163,toxicity_endpoint,1162,significantly,39534236,PMC11554394,10.36401/JQSH-24-9,Using the Failure Mode and Effect Analysis Tool to Improve the Automatic Stop Order Process.,general safety/systemic safety/tolerability,C,PubMed abstract,abstain,none,False,False,NA,0.0,none,False,NONE,no source passage available; abstain required by Task A contract,codex_no_source_abstain_rule,reject,ni_jie,C,Reject: PMID 39534236; significantly remains unsupported for general safety/systemic safety/tolerability after abstract-level review of 'Using the Failure Mode and Effect Analysis Tool to Improve the Automatic Stop Order Process.'.
1164,toxicity_endpoint,1163,inclisiran,39479289,PMC11522611,10.1002/hsr2.70174,PCSK9 Inhibitors: The Evolving Future.,general safety/systemic safety/tolerability,A,Abstract > Results; paragraph 4,abstain,none,False,False,NA,0.0,none,False,NONE,no source passage available; abstain required by Task A contract,codex_no_source_abstain_rule,reject,ni_jie,C,Reject: PMID 39479289; inclisiran remains unsupported for general safety/systemic safety/tolerability after abstract-level review of 'PCSK9 Inhibitors: The Evolving Future.'.
1165,toxicity_endpoint,1164,Single,39475170,PMC11633785,10.14744/AnatolJCardiol.2024.4610,Transseptal Puncture and Cryoballoon Ablation of Atrial Fibrillation in Patients with Atrial Septal Occluder or Atrial Septal Defect Surgical Repair: A Single Center Experience.,renal/renal safety,B,Methods > Study Population; paragraph 11,abstain,none,False,False,NA,0.0,none,False,NONE,no source passage available; abstain required by Task A contract,codex_no_source_abstain_rule,reject,ni_jie,C,"Reject: PMID 39475170; the abstained record was checked at abstract level, but renal/renal safety is still not directly recoverable for Single."
1166,toxicity_endpoint,1165,siRNA,39418102,PMC11623947,10.1172/jci.insight.184396,Knockdown of ketohexokinase versus inhibition of its kinase activity exert divergent effects on fructose metabolism.,hepatic/hepatotoxicity,A,"Results > Inhibition of KHK activity, but not its KD, leads to hepatic glycogen accumulation.; paragraph 7",abstain,none,False,False,NA,0.0,none,False,NONE,no source passage available; abstain required by Task A contract,codex_no_source_abstain_rule,reject,ni_jie,C,Reject: PMID 39418102; 'Knockdown of ketohexokinase versus inhibition of its kinase activity exert divergent effects o?' does not provide a sufficiently specific administered-oligo toxicity endpoint for siRNA.
1167,toxicity_endpoint,1166,signaling,39261477,PMC11390935,10.1038/s41408-024-01133-4,Association of ADAM family members with proliferation signaling and disease progression in multiple myeloma.,hepatic/hepatotoxicity,B,Materials and methods > siRNA-mediated knockdown; paragraph 9,abstain,none,False,False,NA,0.0,none,False,NONE,no source passage available; abstain required by Task A contract,codex_no_source_abstain_rule,reject,ni_jie,C,Reject: PMID 39261477; 'Association of ADAM family members with proliferation signaling and disease progression in mul?' does not provide a sufficiently specific administered-oligo toxicity endpoint for signaling.
1168,toxicity_endpoint,1167,siRNA,39258007,PMC11382036,10.1016/j.ijcrp.2024.200323,Gene editing of angiotensin for blood pressure management.,hepatic/hepatotoxicity,B,Small interference RNA or antisense RNA: alternative approaches to temporarily reduce the AGT expression in arterial hypertension; paragraph 20,abstain,none,False,False,NA,0.0,none,False,NONE,no source passage available; abstain required by Task A contract,codex_no_source_abstain_rule,reject,ni_jie,C,Reject: PMID 39258007; siRNA remains unsupported for hepatic/hepatotoxicity after abstract-level review of 'Gene editing of angiotensin for blood pressure management.'.
1169,toxicity_endpoint,1168,siFibrinogen,39238094,PMC11882931manuscript-id: NIHMS2004489,10.1097/TA.0000000000004442,Suppressing upregulation of fibrinogen after polytrauma mitigates thrombosis in mice.,hepatic/hepatotoxicity,C,DISCUSSION; paragraph 22,abstain,none,False,False,NA,0.0,none,False,NONE,no source passage available; abstain required by Task A contract,codex_no_source_abstain_rule,reject,ni_jie,C,Reject: PMID 39238094; 'Suppressing upregulation of fibrinogen after polytrauma mitigates thrombosis in mice.' does not provide a sufficiently specific administered-oligo toxicity endpoint for siFibrinogen.
1170,toxicity_endpoint,1169,signaling,39131369,PMC11312597,10.1101/2024.08.01.606069,Targeting mechanistic target of rapamycin complex 2 attenuates immunopathology in Systemic Lupus Erythematosus.,renal/renal safety,A,Results > Rictor-ASO treatment benefits lupus-like symptoms in MRL/lpr mice.; paragraph 22,abstain,none,False,False,NA,0.0,none,False,NONE,no source passage available; abstain required by Task A contract,codex_no_source_abstain_rule,reject,ni_jie,C,Reject: PMID 39131369; no source passage or abstract wording gives a dependable toxicity call for signaling.
1171,toxicity_endpoint,1170,siRNA,39027255,PMC11252458,10.1016/j.apsb.2024.04.023,LncRNA ZFPM2-AS1 promotes phyllodes tumor progression by binding to CDC42 and inhibiting STAT1 activation.,hepatic/hepatotoxicity,B,Materials and methods > Histology and hematology; paragraph 36,abstain,none,False,False,NA,0.0,none,False,NONE,no source passage available; abstain required by Task A contract,codex_no_source_abstain_rule,reject,ni_jie,C,Reject: PMID 39027255; siRNA remains unsupported for hepatic/hepatotoxicity after abstract-level review of 'LncRNA ZFPM2-AS1 promotes phyllodes tumor progression by binding to CDC42 and inhibiting STAT1?'.
1172,toxicity_endpoint,1171,silencing,38979291,PMC11230209,,RNAi-mediated silencing of SOD1 profoundly extends survival and functional outcomes in ALS mice.,hepatic/hepatotoxicity,A,RESULTS > Extensive screening identifies a potent chemically stabilized SOD1-targeting siRNA; paragraph 11,accept,neuroinflammation/neurotoxicity,True,True,B,0.88,pmc_full_text,True,"To determine if SOD1 reduction by di-siRNASOD1_123 exNA in G93A mice impacted neurogliosis, we evaluated astrocyte and microglial morphology in the cortex and spinal cord. In the cortex, there was no evidence of either astrogliosis (Figure S3A,C) or microgliosis (Figure S4A,C) between wild-type, transgenic non-mutant or transgenic mutant untreated mice, while both phenomena were enhanced in di-siRNASOD1_123 exNA treated G93A mice. By contrast, in the lumbar spinal cord, untreated G93A mice exhibit both astrogliosis (Figure S3B,D) and microgliosis (Figure S4B,D) compared to wild-type or non-mutant transgenic mice that was unaffected by the di-siRNASOD1_123 exNA treatment. Taken together, these immunohistochemistry findings suggest that di-siRNASOD1_123 exNA treatment maintains synapse structure and protects against the synapse loss observed in untreated ALS mice.",Full-text immunohistochemistry measured astrocyte and microglial activation after therapeutic di-siRNA SOD1-lowering in ALS mice.,codex_gpt-5.5_manual_agent,accept,ni_jie,B,
1173,toxicity_endpoint,1172,significantly,38968577,PMC11466482,10.18632/aging.205992,LncRNA DANCR promotes macrophage lipid accumulation through modulation of membrane cholesterol transporters.,hepatic/hepatotoxicity,B,Abstract; paragraph 1,abstain,none,False,False,NA,0.0,none,False,NONE,no source passage available; abstain required by Task A contract,codex_no_source_abstain_rule,reject,ni_jie,C,Reject: PMID 38968577; 'LncRNA DANCR promotes macrophage lipid accumulation through modulation of membrane cholesterol?' does not provide a sufficiently specific administered-oligo toxicity endpoint for significantly.
1174,toxicity_endpoint,1173,unspecified ASO,38910594,PMC11188846,10.1177/23971983241256250,Is anticoagulative therapy in systemic sclerosis to be reconsidered?,hepatic/hepatotoxicity,B,Abstract; paragraph 1,abstain,none,False,False,NA,0.0,none,False,NONE,no source passage available; abstain required by Task A contract,codex_no_source_abstain_rule,reject,ni_jie,C,Reject: PMID 38910594; no source passage or abstract wording gives a dependable toxicity call for unspecified ASO.
1175,toxicity_endpoint,1174,Since,38864216,PMC11257812manuscript-id: NIHMS1999151,,Therapeutic Inhibition of LincRNA-p21 Protects Against Cardiac Hypertrophy.,hepatic/hepatotoxicity,A,Results > lincRNA-p21 targets scaffold protein KAP1 during cardiac hypertrophy; paragraph 25,reject,NA,False,True,NA,0.93,pmc_full_text,False,NONE,Rejected: lincRNA-p21 ASO attenuates cardiac hypertrophy and adverse remodeling as a disease-efficacy endpoint; the passage does not measure ASO toxicity or tolerability.,codex_gpt-5.5_manual_agent,reject,ni_jie,C,Reject: PMID 38864216; Rejected: lincRNA-p21 ASO attenuates cardiac hypertrophy and adverse remodeling as a disease-efficacy endpoint; the passage does not measure ASO toxicity or tolerability.
1176,toxicity_endpoint,1175,signaling,38811958,PMC11138077,,Long non-coding RNA PXN-AS1 promotes glutamine synthetase-mediated chronic myeloid leukemia BCR::ABL1-independent resistance to Imatinib via cell cycle signaling pathway.,hepatic/hepatotoxicity,A,Results > Overexpression of GS promotes CML cell resistant to Imatinib by perturbing cell cycle of CML cells via mTOR signaling pathway both in vitro and in vivo; paragraph 26,reject,NA,False,False,NA,0.93,pmc_full_text,False,NONE,"Rejected: PXN-AS1/miR-635/GS signaling work concerns CML imatinib-resistance biology and knockdown efficacy, not a therapeutic oligo safety endpoint.",codex_gpt-5.5_manual_agent,reject,ni_jie,C,"Reject: PMID 38811958; Rejected: PXN-AS1/miR-635/GS signaling work concerns CML imatinib-resistance biology and knockdown efficacy, not a therapeutic oligo safety endpoint."
1177,toxicity_endpoint,1176,silencing,38807667,PMC11130613,,PLK1 inhibition leads to mitotic arrest and triggers apoptosis in cholangiocarcinoma cells.,hepatic/hepatotoxicity,A,Results > Depletion of the PLK1 gene exhibits antiproliferative effects on CCA cell lines; paragraph 23,reject,NA,False,False,NA,0.93,pmc_full_text,False,NONE,"Rejected: PLK1 siRNA/inhibitor assays measure cholangiocarcinoma antiproliferative apoptosis and DNA damage efficacy, an excluded cancer-cell-killing endpoint.",codex_gpt-5.5_manual_agent,reject,ni_jie,C,"Reject: PMID 38807667; Rejected: PLK1 siRNA/inhibitor assays measure cholangiocarcinoma antiproliferative apoptosis and DNA damage efficacy, an excluded cancer-cell-killing endpoint."
1178,toxicity_endpoint,1177,lumasiran,38742209,PMC11089410,10.1093/ckj/sfae090,Lumasiran treatment in pediatric patients with PH1: real-world data within a compassionate use program in Italy.,renal/renal safety,A,Abstract > Results; paragraph 3,abstain,none,False,False,NA,0.0,none,False,NONE,no source passage available; abstain required by Task A contract,codex_no_source_abstain_rule,reject,ni_jie,C,Reject: PMID 38742209; lumasiran remains unsupported for renal/renal safety after abstract-level review of 'Lumasiran treatment in pediatric patients with PH1: real-world data within a compassionate use?'.
1179,toxicity_endpoint,1178,silencing,38741123,PMC11089668,,Targeted degradation of oncogenic BCR-ABL by silencing the gene of NEDD8 E3 ligase RAPSYN.,hepatic/hepatotoxicity,B,Materials and methods > Cell viability assay; paragraph 15,accept,systemic safety/body weight,True,True,B,0.86,pmc_full_text,True,"Meanwhile, body weight of the mice did not have significant changes, and no adverse effects were noticeably observed during and after the treatments (Fig.","Mouse xenograft treatment reports unchanged body weight and no noticeable adverse effects for the siRAPSYN lipid nanoparticle product, with only preliminary safety depth.",codex_gpt-5.5_manual_agent,accept,ni_jie,B,
1180,toxicity_endpoint,1179,nusinersen,38722537,PMC11213752,10.1007/s12325-024-02852-7,A Post-Marketing Surveillance Study of Nusinersen for Spinal Muscular Atrophy in Routine Medical Practice in China: Interim Results.,general safety/systemic safety/tolerability,B,Abstract > Methods; paragraph 2,abstain,none,False,False,NA,0.0,none,False,NONE,no source passage available; abstain required by Task A contract,codex_no_source_abstain_rule,accept,ni_jie,B,"Accept B: PubMed abstract gives a direct abstract-level signal for general safety/systemic safety/tolerability in nusinersen; no full passage, so curator kept confidence limited."
1181,toxicity_endpoint,1180,signaling,38706897,PMC11064270,,PSAT1 mediated EMT of colorectal cancer cells by regulating Pl3K/AKT signaling pathway.,hepatic/hepatotoxicity,B,PubMed abstract,reject,NA,False,False,NA,0.93,pmc_full_text,False,NONE,Rejected: PubMed abstract describes PSAT1/PI3K/AKT colorectal-cancer signaling with no therapeutic oligo product or toxicity measurement.,codex_gpt-5.5_manual_agent,reject,ni_jie,C,Reject: PMID 38706897; Rejected: PubMed abstract describes PSAT1/PI3K/AKT colorectal-cancer signaling with no therapeutic oligo product or toxicity measurement.
1182,toxicity_endpoint,1181,patisiran,38622453,PMC11306272,10.1007/s10072-024-07494-9,"Long-term treatment of hereditary transthyretin amyloidosis with patisiran: multicentre, real-world experience in Italy.",hepatic/hepatotoxicity,A,Results > Safety; paragraph 18,abstain,none,False,False,NA,0.0,none,False,NONE,no source passage available; abstain required by Task A contract,codex_no_source_abstain_rule,reject,ni_jie,C,Reject: PMID 38622453; no source passage or abstract wording gives a dependable toxicity call for patisiran.
1183,toxicity_endpoint,1182,significance,38473072,PMC10931340,,Establishment and Characterization of a Primary Fibroblast Cell Culture from the Amazonian Manatee (Trichechus inunguis).,general safety/cell viability/cytotoxicity,B,2. Materials and Methods > 2.7. Cell Viability after Andiroba Seed Oil Treatment; paragraph 13,reject,NA,True,False,NA,0.93,pmc_full_text,False,NONE,Rejected: ASO here denotes andiroba seed oil rather than an oligonucleotide; cell viability effects of the oil are outside oligo scope.,codex_gpt-5.5_manual_agent,reject,ni_jie,C,Reject: PMID 38473072; Rejected: ASO here denotes andiroba seed oil rather than an oligonucleotide; cell viability effects of the oil are outside oligo scope.
1184,toxicity_endpoint,1183,SIRT2,38464227,PMC10925077,10.1101/2024.02.24.581864,Metabolic control of adaptive β-cell proliferation by the protein deacetylase SIRT2.,hepatic/hepatotoxicity,B,METHODS > Animal studies; paragraph 21,abstain,none,False,False,NA,0.0,none,False,NONE,no source passage available; abstain required by Task A contract,codex_no_source_abstain_rule,reject,ni_jie,C,Reject: PMID 38464227; no source passage or abstract wording gives a dependable toxicity call for SIRT2.
1185,toxicity_endpoint,1184,significantly,38464017,PMC10925217,10.1101/2023.06.20.544360,Prothrombin Knockdown Protects Podocytes and Reduces Proteinuria in Glomerular Disease.,hepatic/hepatotoxicity,B,Abstract; paragraph 1,abstain,none,False,False,NA,0.0,none,False,NONE,no source passage available; abstain required by Task A contract,codex_no_source_abstain_rule,reject,ni_jie,C,Reject: PMID 38464017; available abstract is not enough to curate hepatic/hepatotoxicity for significantly as a verified toxicity record.
1186,toxicity_endpoint,1185,signatures,38429929,PMC11081874,,ASOs are an effective treatment for disease-associated oligodendrocyte signatures in premanifest and symptomatic SCA3 mice.,hepatic/hepatotoxicity,B,Abstract; paragraph 1,reject,NA,False,True,NA,0.93,pmc_full_text,False,NONE,"Rejected: anti-ATXN3 ASO rescues disease-associated oligodendrocyte signatures, but the loaded passage does not provide a safety/toxicity/tolerability endpoint.",codex_gpt-5.5_manual_agent,reject,ni_jie,C,"Reject: PMID 38429929; Rejected: anti-ATXN3 ASO rescues disease-associated oligodendrocyte signatures, but the loaded passage does not provide a safety/toxicity/tolerability endpoint."
1187,toxicity_endpoint,1186,siRNA-mediated,38406263,PMC10894040,10.1093/narcan/zcae007,SAMHD1 expression contributes to doxorubicin resistance and predicts survival outcomes in diffuse large B-cell lymphoma patients.,general safety/cell viability/cytotoxicity,B,Materials and methods > Cell sensitivity and apoptosis assay; paragraph 6,abstain,none,False,False,NA,0.0,none,False,NONE,no source passage available; abstain required by Task A contract,codex_no_source_abstain_rule,reject,ni_jie,C,Reject: PMID 38406263; 'SAMHD1 expression contributes to doxorubicin resistance and predicts survival outcomes in diff?' does not provide a sufficiently specific administered-oligo toxicity endpoint for siRNA-mediated.
1188,toxicity_endpoint,1187,NPM1,38390737,PMC11175795,10.1161/CIRCULATIONAHA.123.065506,Targeting NPM1 Epigenetically Promotes Postinfarction Cardiac Repair by Reprogramming Reparative Macrophage Metabolism.,general toxicity/toxicity,B,Abstract > METHODS:; paragraph 2,abstain,none,False,False,NA,0.0,none,False,NONE,no source passage available; abstain required by Task A contract,codex_no_source_abstain_rule,reject,ni_jie,C,Reject: PMID 38390737 abstract/title reviewed; no clear in-scope general toxicity/toxicity endpoint is grounded for NPM1.
1189,toxicity_endpoint,1188,tofersen,38384337,PMC10878861,10.1016/j.eclinm.2024.102495,"Effects of tofersen treatment in patients with SOD1-ALS in a ""real-world"" setting - a 12-month multicenter cohort study from the German early access program.",hepatic/hepatotoxicity,B,Methods > Outcomes; paragraph 13,abstain,none,False,False,NA,0.0,none,False,NONE,no source passage available; abstain required by Task A contract,codex_no_source_abstain_rule,reject,ni_jie,C,Reject: PMID 38384337; no source passage or abstract wording gives a dependable toxicity call for tofersen.
1190,toxicity_endpoint,1189,signaling,38360682,PMC10870583,,A novel peptide PDHK1-241aa encoded by circPDHK1 promotes ccRCC progression via interacting with PPP1CA to inhibit AKT dephosphorylation and activate the AKT-mTOR signaling pathway.,hepatic/hepatotoxicity,B,Materials and methods > In vivo tumorigenesis and metastasis assays; paragraph 33,reject,NA,False,False,NA,0.93,pmc_full_text,False,NONE,"Rejected: circPDHK1 experiments use siRNAs/plasmids/lentivirus to study renal-cancer tumorigenesis and metastasis, not oligo safety.",codex_gpt-5.5_manual_agent,reject,ni_jie,C,"Reject: PMID 38360682; Rejected: circPDHK1 experiments use siRNAs/plasmids/lentivirus to study renal-cancer tumorigenesis and metastasis, not oligo safety."
1191,toxicity_endpoint,1190,significant,38331987,PMC10853245,10.1038/s41467-024-45350-8,Targeting DNA2 overcomes metabolic reprogramming in multiple myeloma.,hepatic/hepatotoxicity,A,Results > ILF2 ASOs induce DNA damage activation and enhance MM cells’ sensitivity to DNA-damaging agents; paragraph 8,abstain,none,False,False,NA,0.0,none,False,NONE,no source passage available; abstain required by Task A contract,codex_no_source_abstain_rule,reject,ni_jie,C,Reject: PMID 38331987; 'Targeting DNA2 overcomes metabolic reprogramming in multiple myeloma.' does not provide a sufficiently specific administered-oligo toxicity endpoint for significant.
1192,toxicity_endpoint,1191,volanesorsen,38287401,PMC10823737,10.1186/s12944-024-02026-y,Correlations between genetically predicted lipid-lowering drug targets and inflammatory bowel disease.,hepatic/hepatotoxicity,C,Conclusion; paragraph 39,abstain,none,False,False,NA,0.0,none,False,NONE,no source passage available; abstain required by Task A contract,codex_no_source_abstain_rule,reject,ni_jie,C,Reject: PMID 38287401; 'Correlations between genetically predicted lipid-lowering drug targets and inflammatory bowel?' does not provide a sufficiently specific administered-oligo toxicity endpoint for volanesorsen.
1193,toxicity_endpoint,1192,silencing,38183981,PMC10829792,10.1016/j.xcrm.2023.101354,Antitumor efficacy of a sequence-specific DNA-targeted γPNA-based c-Myc inhibitor.,hepatic/hepatotoxicity,A,Results > Transcriptome sequencing revealed impairment of DNA replication and repair pathways after silencing of c-Myc; paragraph 17,abstain,none,False,False,NA,0.0,none,False,NONE,no source passage available; abstain required by Task A contract,codex_no_source_abstain_rule,reject,ni_jie,C,Reject: PMID 38183981; available abstract is not enough to curate hepatic/hepatotoxicity for silencing as a verified toxicity record.
1194,toxicity_endpoint,1193,site,38182646,PMC10770117,10.1038/s41598-024-51203-7,QR-1011 restores defective ABCA4 splicing caused by multiple severe ABCA4 variants underlying Stargardt disease.,general toxicity/toxicity,B,Abstract; paragraph 1,abstain,none,False,False,NA,0.0,none,False,NONE,no source passage available; abstain required by Task A contract,codex_no_source_abstain_rule,reject,ni_jie,C,Reject: PMID 38182646; 'QR-1011 restores defective ABCA4 splicing caused by multiple severe ABCA4 variants underlying?' does not provide a sufficiently specific administered-oligo toxicity endpoint for site.
1195,toxicity_endpoint,1194,siRNA,39375761,PMC11460142,10.1186/s12951-024-02883-w,Ultrasound-responsive nanocarriers with siRNA and Fe(3)O(4) regulate macrophage polarization and phagocytosis for augmented non-small cell lung cancer immunotherapy.,hepatic/hepatotoxicity,A,Results > The biological safety evaluation of tumor therapy; paragraph 60,abstain,none,False,False,NA,0.0,none,False,NONE,no source passage available; abstain required by Task A contract,codex_no_source_abstain_rule,reject,ni_jie,C,Reject: PMID 39375761 abstract/title reviewed; no clear in-scope hepatic/hepatotoxicity endpoint is grounded for siRNA.
1196,toxicity_endpoint,1195,Silencing,39684389,PMC11641549,,Silencing of the MP Gene via dsRNA Affects Root Development and Growth in the Invasive Weed Mikania micrantha.,hepatic/hepatotoxicity,B,Abstract; paragraph 1,reject,NA,False,False,NA,0.93,pmc_full_text,False,NONE,Rejected: dsRNA silencing in the invasive weed Mikania micrantha is agricultural/plant RNAi and explicitly outside the therapeutic oligo toxicity scope.,codex_gpt-5.5_manual_agent,reject,ni_jie,C,Reject: PMID 39684389; Rejected: dsRNA silencing in the invasive weed Mikania micrantha is agricultural/plant RNAi and explicitly outside the therapeutic oligo toxicity scope.
1197,toxicity_endpoint,1196,siRNA,39258005,PMC11386068,10.2147/IJN.S475698,TME-Responsive Nanoplatform with Glutathione Depletion for Enhanced Tumor-Specific Mild Photothermal/Gene/Ferroptosis Synergistic Therapy.,hepatic/hepatotoxicity,A,Materials and Methods > Cell Cytotoxicity Assay; paragraph 27,abstain,none,False,False,NA,0.0,none,False,NONE,no source passage available; abstain required by Task A contract,codex_no_source_abstain_rule,reject,ni_jie,C,Reject: PMID 39258005; siRNA remains unsupported for hepatic/hepatotoxicity after abstract-level review of 'TME-Responsive Nanoplatform with Glutathione Depletion for Enhanced Tumor-Specific Mild Photot?'.
1198,toxicity_endpoint,1197,siRNA,38973319,PMC11425963,,Multifunctional Biomimetic Nanocarriers for Dual-Targeted Immuno-Gene Therapy Against Hepatocellular Carcinoma.,hepatic/hepatotoxicity,C,Results and Discussion > Multifunctional Validation of siRNA‐CaP@PD1‐NVs In Vitro; paragraph 15,accept,systemic safety/cytotoxicity/immunogenicity,True,True,A,0.94,pmc_full_text,True,"To further evaluate the in vivo toxicity of siPDL1‐CaP@PD1‐NVs, the serum and major organs (heart, liver, spleen, lung, kidney) were collected from the mice in different groups. H&E staining of important organs showed no obvious tissue morphological changes and intact cell morphology with distinct nucleus and cytoplasm (Figure S20, Supporting Information). Additionally, the serum biochemical markers also showed no significant change in any groups (Figure S21, Supporting Information). The results indicated that siPDL1‐CaP@PD1‐NVs possessed excellent in vivo safety with negligible side effects.",Full-text in vivo toxicity assessment measured organ histology and serum biochemical markers for the siRNA-CaP@PD1-NV therapeutic nanocarrier.,codex_gpt-5.5_manual_agent,accept,ni_jie,A,
1199,toxicity_endpoint,1198,and ASO,38255113,PMC10815760,10.3390/healthcare12020226,Sudden-Onset Acute Obsessive-Compulsive Disorder Associated with Streptococcus and Brain MRI Hyperintensity in a Young Adult.,general safety/systemic safety/tolerability,B,Abstract; paragraph 1,abstain,none,False,False,NA,0.0,none,False,NONE,no source passage available; abstain required by Task A contract,codex_no_source_abstain_rule,reject,ni_jie,C,Reject: PMID 38255113; available abstract is not enough to curate general safety/systemic safety/tolerability for and ASO as a verified toxicity record.
1200,toxicity_endpoint,1199,signals,36454263,PMC10623620,10.1089/nat.2022.0044,Integrated Assessment of Phase 2 Data on GalNAc(3)-Conjugated 2'-O-Methoxyethyl-Modified Antisense Oligonucleotides.,hepatic/hepatotoxicity,A,Results > Standard clinical laboratory tests > Liver; paragraph 19,abstain,none,False,False,NA,0.0,none,False,NONE,no source passage available; abstain required by Task A contract,codex_no_source_abstain_rule,reject,ni_jie,C,Reject: PMID 36454263 abstract/title reviewed; no clear in-scope hepatic/hepatotoxicity endpoint is grounded for signals.
1201,toxicity_endpoint,1200,siRNAs,37824025,PMC10684612,10.1007/s40262-023-01314-7,Plasma Pharmacokinetics of N-Acetylgalactosamine-Conjugated Small-Interfering Ribonucleic Acids (GalNAc-Conjugated siRNAs).,general toxicity/toxicity,B,Plasma Pharmacokinetics of N-Acetylgalactosamine (GalNAc)-Conjugated Small-Interfering Ribonucleic Acids (siRNAs) > Translation of Plasma Pharmacokinetics betwe,abstain,none,False,False,NA,0.0,none,False,NONE,no source passage available; abstain required by Task A contract,codex_no_source_abstain_rule,reject,ni_jie,C,Reject: PMID 37824025; 'Plasma Pharmacokinetics of N-Acetylgalactosamine-Conjugated Small-Interfering Ribonucleic Acid?' does not provide a sufficiently specific administered-oligo toxicity endpoint for siRNAs.
1202,toxicity_endpoint,1201,hDMDdel52,37036788,PMC10277991,10.1089/nat.2022.0063,Next Generation Exon 51 Skipping Antisense Oligonucleotides for Duchenne Muscular Dystrophy.,general toxicity/toxicity,B,Materials and Methods > Treatment of mice with different AONs; paragraph 18,abstain,none,False,False,NA,0.0,none,False,NONE,no source passage available; abstain required by Task A contract,codex_no_source_abstain_rule,reject,ni_jie,C,Reject: PMID 37036788; available abstract is not enough to curate general toxicity/toxicity for hDMDdel52 as a verified toxicity record.
1203,toxicity_endpoint,1202,signaling,37200862,PMC10185704,,Block or degrade? Balancing on- and off-target effects of antisense strategies against transcripts with expanded triplet repeats in DM1.,hepatic/hepatotoxicity,A,Results > RNA-seq reveals activation of the interferon response by all ASOs and additional off-target effects on gene expression by the repeat gapmer; paragraph 19,accept,immune/interferon response,True,True,B,0.88,pmc_full_text,True,"Overall, interferon signaling appeared to be similarly induced by all ASOs, while interleukin signaling was more prominent for the repeat gapmer and control gapmer (Figure 3A).",RNA-seq in DM1 myoblasts directly measured ASO-induced interferon/interleukin signaling and off-target expression effects for therapeutic ASO strategies.,codex_gpt-5.5_manual_agent,accept,ni_jie,B,
1204,toxicity_endpoint,1203,ABCA4,36910710,PMC9999166,10.1016/j.omtn.2023.02.020,Antisense oligonucleotide therapy corrects splicing in the common Stargardt disease type 1-causing variant ABCA4 c.5461-10T>C.,hepatic/hepatotoxicity,A,Materials and methods > In silico analysis of possible off-target effect of selected lead AON molecules; paragraph 31,abstain,none,False,False,NA,0.0,none,False,NONE,no source passage available; abstain required by Task A contract,codex_no_source_abstain_rule,reject,ni_jie,C,Reject: PMID 36910710; no source passage or abstract wording gives a dependable toxicity call for ABCA4.
1205,toxicity_endpoint,1204,similarity,37788110,PMC10688987,10.1172/JCI163464,A splice-switching oligonucleotide treatment ameliorates glycogen storage disease type 1a in mice with G6PC c.648G>T.,hepatic/hepatotoxicity,A,Results > Generation and pathophysiological characterization of G6PC c.648G>T–cKI mice.; paragraph 8,abstain,none,False,False,NA,0.0,none,False,NONE,no source passage available; abstain required by Task A contract,codex_no_source_abstain_rule,reject,ni_jie,C,Reject: PMID 37788110 abstract/title reviewed; no clear in-scope hepatic/hepatotoxicity endpoint is grounded for similarity.
1206,toxicity_endpoint,1205,siRNAs,36893269,PMC10089225,10.1073/pnas.2219523120,Divalent siRNAs are bioavailable in the lung and efficiently block SARS-CoV-2 infection.,general toxicity/toxicity,A,"Results > Multivalent, Fully Chemically Stabilized siRNA Configurations Support Robust Lung Delivery, Distribution, and Target Gene Silencing.; paragraph 20",abstain,none,False,False,NA,0.0,none,False,NONE,no source passage available; abstain required by Task A contract,codex_no_source_abstain_rule,reject,ni_jie,C,"Reject: PMID 36893269; the abstained record was checked at abstract level, but general toxicity/toxicity is still not directly recoverable for siRNAs."
1207,toxicity_endpoint,1206,nusinersen,36669889,PMC10019362,10.1261/rna.079540.122,"Development of tailored splice-switching oligonucleotides for progressive brain disorders in Europe: development, regulation, and implementation considerations.",hepatic/hepatotoxicity,A,LESSONS FROM REGULATORY INTERACTIONS FOR INDIVIDUALIZED ASO DEVELOPMENT IN THE EUROPEAN UNION > Safety studies; paragraph 20,abstain,none,False,False,NA,0.0,none,False,NONE,no source passage available; abstain required by Task A contract,codex_no_source_abstain_rule,reject,ni_jie,C,Reject: PMID 36669889; no source passage or abstract wording gives a dependable toxicity call for nusinersen.
1208,toxicity_endpoint,1207,siRNA,36576986,PMC10066779,10.1089/nat.2022.0043,Time Is a Critical Factor When Evaluating Oligonucleotide Therapeutics in hERG Assays.,general safety/cell viability/cytotoxicity,B,Methods > hERG siRNA tool molecules (KCNH2 siRNA): the positive control; paragraph 16,reject,NA,False,False,NA,0.95,pmc_full_text,False,NONE,Reject: KCNH2 siRNA is explicitly used as a positive-control/tool siRNA for hERG assay development; the viability measurement is not a therapeutic oligo safety endpoint.,codex_gpt-5.5_manual_agent,reject,ni_jie,C,Reject: PMID 36576986; Reject: KCNH2 siRNA is explicitly used as a positive-control/tool siRNA for hERG assay development; the viability measurement is not a therapeutic oligo safety endpoint.
1209,toxicity_endpoint,1208,AD3-CL1,37893074,PMC10604610,10.3390/biomedicines11102700,An Induced Pluripotent Stem Cell-Derived Human Blood-Brain Barrier (BBB) Model to Test the Crossing by Adeno-Associated Virus (AAV) Vectors and Antisense Oligonucleotides.,hepatic/hepatotoxicity,B,2. Materials and Methods > 2.1. Cell Culture and iPSC Differentiation to BMECs; paragraph 6,abstain,none,False,False,NA,0.0,none,False,NONE,no source passage available; abstain required by Task A contract,codex_no_source_abstain_rule,reject,ni_jie,C,"Reject: PMID 37893074; the abstained record was checked at abstract level, but hepatic/hepatotoxicity is still not directly recoverable for AD3-CL1."
1210,toxicity_endpoint,1209,similarity,37853497,PMC10585748,10.1186/s40478-023-01661-3,Antisense oligonucleotide-based targeting of Tau-tubulin kinase 1 prevents hippocampal accumulation of phosphorylated tau in PS19 tauopathy mice.,hepatic/hepatotoxicity,A,Results > ASO-Ttbk1 selectively suppresses Ttbk1 expression in the temporal cortex of PS19 mice; paragraph 14,abstain,none,False,False,NA,0.0,none,False,NONE,no source passage available; abstain required by Task A contract,codex_no_source_abstain_rule,reject,ni_jie,C,Reject: PMID 37853497; available abstract is not enough to curate hepatic/hepatotoxicity for similarity as a verified toxicity record.
1211,toxicity_endpoint,1210,bepirovirsen,37460153,PMC10578491,10.1261/rna.079699.123,Localization of unlabeled bepirovirsen antisense oligonucleotide in murine tissues using in situ hybridization and CARS imaging.,hepatic/hepatotoxicity,A,RESULTS > ISH detection of unlabeled bepirovirsen; FIGURE 2. caption,reject,NA,False,True,NA,0.95,pmc_full_text,False,NONE,"Reject: bepirovirsen is in scope, but the passage reports liver/kidney localization and tissue distribution, not hepatic toxicity or another safety endpoint.",codex_gpt-5.5_manual_agent,reject,ni_jie,C,"Reject: PMID 37460153; Reject: bepirovirsen is in scope, but the passage reports liver/kidney localization and tissue distribution, not hepatic toxicity or another safety endpoint."
1212,toxicity_endpoint,1211,similar,37095250,PMC10287562,10.1038/s41591-023-02326-3,"Tau-targeting antisense oligonucleotide MAPT(Rx) in mild Alzheimer's disease: a phase 1b, randomized, placebo-controlled trial.",hepatic/hepatotoxicity,A,Results > Primary endpoint of safety; paragraph 9,abstain,none,False,False,NA,0.0,none,False,NONE,no source passage available; abstain required by Task A contract,codex_no_source_abstain_rule,reject,ni_jie,C,Reject: PMID 37095250; no source passage or abstract wording gives a dependable toxicity call for similar.
1213,toxicity_endpoint,1212,signaling,37554515,PMC10404560,10.1016/j.omtn.2023.06.021,An unbiased seed-based RNAi selection screen identifies small RNAs that inhibit androgen signaling and prostate cancer cell growth.,genotoxicity/DNA damage response,A,Results > Depleted shRNAs reduce viability and growth of PCa cells and xenografts; paragraph 8,reject,NA,False,False,NA,0.96,pmc_full_text,False,NONE,"Reject: RNAi/shRNA sequences are used for prostate cancer cell killing efficacy and screening; this is excluded cancer-cell-killing cytotoxicity efficacy, not oligo toxicity.",codex_gpt-5.5_manual_agent,reject,ni_jie,C,"Reject: PMID 37554515; Reject: RNAi/shRNA sequences are used for prostate cancer cell killing efficacy and screening; this is excluded cancer-cell-killing cytotoxicity efficacy, not oligo toxicity."
1214,toxicity_endpoint,1213,siRNA,37925520,PMC10625637,10.1038/s41467-023-42714-4,Rational design of a JAK1-selective siRNA inhibitor for the modulation of autoimmunity in the skin.,hepatic/hepatotoxicity,A,Results > si3033 has a good safety profile and enables JAK1 silencing in mouse skin over 5 weeks; paragraph 11,accept,hematology/platelet; systemic safety/tolerability; histopathology,True,True,A,0.97,pmc_full_text,True,Blood chemistry and CBC profiles were similar between si3033 and PBS-injected mice except there was a transient decrease of platelet counts in the siRNA-treated mice (Fig. 3c).,"Full-text in vivo safety section reports blood chemistry/CBC after si3033 dosing, including a transient platelet decrease, with tolerability context.",codex_gpt-5.5_manual_agent,accept,ni_jie,A,
1215,toxicity_endpoint,1214,siRNA,38069409,PMC10707354,10.3390/ijms242317086,PSPC1 Inhibition Synergizes with Poly(ADP-ribose) Polymerase Inhibitors in a Preclinical Model of BRCA-Mutated Breast/Ovarian Cancer.,hepatic/hepatotoxicity,A,2. Results > 2.1. PSPC1 Inhibition Synergizes with Olaparib in BRCA1/2-Mutated PSPC1-Expressing Cells; paragraph 7,abstain,none,False,False,NA,0.0,none,False,NONE,no source passage available; abstain required by Task A contract,codex_no_source_abstain_rule,reject,ni_jie,C,Reject: PMID 38069409; available abstract is not enough to curate hepatic/hepatotoxicity for siRNA as a verified toxicity record.
1216,toxicity_endpoint,1215,significant,38028198,PMC10661462,10.1016/j.omtn.2023.102064,ASO-mediated knockdown or kinase inhibition of G2019S-Lrrk2 modulates lysosomal tubule-associated antigen presentation in macrophages.,immunotoxicity/immune activation,A,Results > G2019S pMac antigen presentation and lysosomal phenotypes are rescued by knockdown of Lrrk2; paragraph 19,abstain,none,False,False,NA,0.0,none,False,NONE,no source passage available; abstain required by Task A contract,codex_no_source_abstain_rule,reject,ni_jie,C,Reject: PMID 38028198; significant remains unsupported for immunotoxicity/immune activation after abstract-level review of 'ASO-mediated knockdown or kinase inhibition of G2019S-Lrrk2 modulates lysosomal tubule-associa?'.
1217,toxicity_endpoint,1216,single,37965143,PMC10641752,10.1016/j.isci.2023.108362,TMEM106B reduction does not rescue GRN deficiency in iPSC-derived human microglia and mouse models.,hepatic/hepatotoxicity,A,Results > Antisense oligonucleotide reduction of Tmem106b is safe in Wt and Grn +/− mice but toxic in Grn −/− mice; paragraph 17,abstain,none,False,False,NA,0.0,none,False,NONE,no source passage available; abstain required by Task A contract,codex_no_source_abstain_rule,reject,ni_jie,C,"Reject: PMID 37965143; the abstained record was checked at abstract level, but hepatic/hepatotoxicity is still not directly recoverable for single."
1218,toxicity_endpoint,1217,similar,37901602,PMC10603763manuscript-id: NIHMS1930666,10.3389/freae.2023.1187980,Targeted RNAi screen identifies transcriptional mechanisms that prevent premature degeneration of adult photoreceptors.,general toxicity/toxicity,B,Abstract; paragraph 1,reject,NA,False,False,NA,0.96,pmc_full_text,False,NONE,"Reject: RNAi is used as a Drosophila genetic screen to identify transcriptional regulators of photoreceptor survival; degeneration/cell death is target biology, not administered therapeutic oligo toxicity.",codex_gpt-5.5_manual_agent,reject,ni_jie,C,"Reject: PMID 37901602; Reject: RNAi is used as a Drosophila genetic screen to identify transcriptional regulators of photoreceptor survival; degeneration/cell death is target biology, not administered therapeutic oligo toxicity."
1219,toxicity_endpoint,1218,similar,37803087,PMC10558454,10.1038/s41598-023-44030-9,Replacement of saturated fatty acids with linoleic acid in western diet attenuates atherosclerosis in a mouse model with inducible ablation of hepatic LDL receptor.,hepatic/hepatotoxicity,A,Results > Diets and diet composition; paragraph 16,abstain,none,False,False,NA,0.0,none,False,NONE,no source passage available; abstain required by Task A contract,codex_no_source_abstain_rule,reject,ni_jie,C,Reject: PMID 37803087 abstract/title reviewed; no clear in-scope hepatic/hepatotoxicity endpoint is grounded for similar.
1220,toxicity_endpoint,1219,inotersen,37768671,PMC10540057,10.1001/jama.2023.18688,Eplontersen for Hereditary Transthyretin Amyloidosis With Polyneuropathy.,general safety/systemic safety/tolerability,B,PubMed abstract,accept,adverse events; mortality; systemic safety/tolerability,True,True,A,0.96,pmc_full_text,True,Adverse events by week 66 that led to study drug discontinuation occurred in 6 patients (4%) in the eplontersen group vs 2 (3%) in the placebo group.,Clinical trial passage directly reports adverse-event discontinuations for the administered ligand-conjugated ASO eplontersen versus placebo.,codex_gpt-5.5_manual_agent,accept,ni_jie,A,
1221,toxicity_endpoint,1220,siRNA,37745122,PMC10514894,10.3389/fcvm.2023.1130304,Dipyridamole and vascular healing following stent implantation.,general toxicity/toxicity,A,Abstract > Methods & Results; paragraph 2,abstain,none,False,False,NA,0.0,none,False,NONE,no source passage available; abstain required by Task A contract,codex_no_source_abstain_rule,reject,ni_jie,C,Reject: PMID 37745122; available abstract is not enough to curate general toxicity/toxicity for siRNA as a verified toxicity record.
1222,toxicity_endpoint,1221,similar,37707791,PMC10618740,10.1158/2159-8290.CD-23-0436,Neoadjuvant Durvalumab Alone or Combined with Novel Immuno-Oncology Agents in Resectable Lung Cancer: The Phase II NeoCOAST Platform Trial.,hepatic/hepatotoxicity,A,RESULTS > Safety and Toxicity; paragraph 16,abstain,none,False,False,NA,0.0,none,False,NONE,no source passage available; abstain required by Task A contract,codex_no_source_abstain_rule,reject,ni_jie,C,Reject: PMID 37707791; available abstract is not enough to curate hepatic/hepatotoxicity for similar as a verified toxicity record.
1223,toxicity_endpoint,1222,HEK293,37675986,PMC10541178,10.7554/eLife.83189,Translation of dipeptide repeat proteins in C9ORF72 ALS/FTD through unique and redundant AUG initiation codons.,general toxicity/toxicity,A,Results > A canonical AUG initiation codon located 273 bp upstream of CCCCGG repeats is required for poly-PR synthesis; paragraph 10,abstain,none,False,False,NA,0.0,none,False,NONE,no source passage available; abstain required by Task A contract,codex_no_source_abstain_rule,reject,ni_jie,C,"Reject: PMID 37675986; the abstained record was checked at abstract level, but general toxicity/toxicity is still not directly recoverable for HEK293."
1224,toxicity_endpoint,1223,patisiran,37523143,PMC10444729,10.1007/s40120-023-00522-4,Impact of Vutrisiran on Quality of Life and Physical Function in Patients with Hereditary Transthyretin-Mediated Amyloidosis with Polyneuropathy.,hepatic/hepatotoxicity,B,Methods > Trial Design and Participants; paragraph 12,abstain,none,False,False,NA,0.0,none,False,NONE,no source passage available; abstain required by Task A contract,codex_no_source_abstain_rule,reject,ni_jie,C,"Reject: PMID 37523143; the abstained record was checked at abstract level, but hepatic/hepatotoxicity is still not directly recoverable for patisiran."
1225,toxicity_endpoint,1224,siRNA,37507701,PMC10386636,10.1186/s12905-023-02547-1,"GEMIN4, a potential therapeutic targets for patients with basal-like subtype breast cancer.",hepatic/hepatotoxicity,A,Results > Biological function of GEMIN4 in BLBC cell lines; paragraph 27,abstain,none,False,False,NA,0.0,none,False,NONE,no source passage available; abstain required by Task A contract,codex_no_source_abstain_rule,reject,ni_jie,C,"Reject: PMID 37507701; the abstained record was checked at abstract level, but hepatic/hepatotoxicity is still not directly recoverable for siRNA."
1226,toxicity_endpoint,1225,Both ASO,37503274,PMC10370014,10.1101/2023.07.14.549028,Totally tubular: ASO-mediated knock-down of G2019S -Lrrk2 modulates lysosomal tubule-associated antigen presentation in macrophages.,hepatic/hepatotoxicity,B,Abstract; paragraph 1,abstain,none,False,False,NA,0.0,none,False,NONE,no source passage available; abstain required by Task A contract,codex_no_source_abstain_rule,reject,ni_jie,C,Reject: PMID 37503274; available abstract is not enough to curate hepatic/hepatotoxicity for Both ASO as a verified toxicity record.
1227,toxicity_endpoint,1226,Simple,37435531,PMC10331931,10.1093/narcan/zcad036,Dysfunction of ubiquitin protein ligase MYCBP2 leads to cell resilience in human breast cancers.,hepatic/hepatotoxicity,B,MATERIALS AND METHODS > Data sources; paragraph 6,abstain,none,False,False,NA,0.0,none,False,NONE,no source passage available; abstain required by Task A contract,codex_no_source_abstain_rule,reject,ni_jie,C,"Reject: PMID 37435531; the abstained record was checked at abstract level, but hepatic/hepatotoxicity is still not directly recoverable for Simple."
1228,toxicity_endpoint,1227,signaling,37235843,PMC10219656,10.18632/oncotarget.28447,Deconstructing the role of MALAT1 in MAPK-signaling in melanoma: insights from antisense oligonucleotide treatment.,hepatic/hepatotoxicity,A,RESULTS > ASO-mediated targeting of MALAT1 has high “on-target” and low “off-target” specificity.; paragraph 6,abstain,none,False,False,NA,0.0,none,False,NONE,no source passage available; abstain required by Task A contract,codex_no_source_abstain_rule,reject,ni_jie,C,Reject: PMID 37235843 abstract/title reviewed; no clear in-scope hepatic/hepatotoxicity endpoint is grounded for signaling.
1229,toxicity_endpoint,1228,silencing,35965411,PMC9931527,10.1016/j.ymthe.2022.08.005,DDX5 mRNA-targeting antisense oligonucleotide as a new promising therapeutic in combating castration-resistant prostate cancer.,hepatic/hepatotoxicity,A,Results > DDX5 inhibition with ASO technology restores treatment sensitivity in CR cells; paragraph 18,abstain,none,False,False,NA,0.0,none,False,NONE,no source passage available; abstain required by Task A contract,codex_no_source_abstain_rule,reject,ni_jie,C,Reject: PMID 35965411; available abstract is not enough to curate hepatic/hepatotoxicity for silencing as a verified toxicity record.
1230,toxicity_endpoint,1229,significant,37038354,PMC10339696,10.1111/cts.13522,In vivo tissue pharmacokinetics of ERBB2-specific binding oligonucleotide-based drugs by PET imaging.,hepatic/hepatotoxicity,B,Abstract; paragraph 1,reject,NA,False,True,NA,0.95,pmc_full_text,False,NONE,"Reject: the ERBB2 aptamer passage reports PET tissue pharmacokinetics, biodistribution, and excretion routes, not observed toxicity or tolerability.",codex_gpt-5.5_manual_agent,reject,ni_jie,C,"Reject: PMID 37038354; Reject: the ERBB2 aptamer passage reports PET tissue pharmacokinetics, biodistribution, and excretion routes, not observed toxicity or tolerability."
1231,toxicity_endpoint,1230,MBNL1,37847372,PMC10630271,10.1007/s40120-023-00548-8,Roadmap for C9ORF72 in Frontotemporal Dementia and Amyotrophic Lateral Sclerosis: Report on the C9ORF72 FTD/ALS Summit.,renal/renal safety,A,C9ORF72 Disease Biology > Role of RNA Toxicity in C9ORF72-FTD/ALS; paragraph 21,reject,NA,False,True,NA,0.95,pmc_full_text,False,NONE,"Reject: this is a roadmap/review discussion of C9ORF72 disease mechanisms and therapeutic strategies; RNA toxicity refers to endogenous disease biology, not primary administered oligo safety.",codex_gpt-5.5_manual_agent,reject,ni_jie,C,"Reject: PMID 37847372; Reject: this is a roadmap/review discussion of C9ORF72 disease mechanisms and therapeutic strategies; RNA toxicity refers to endogenous disease biology, not primary administered oligo safety."
1232,toxicity_endpoint,1231,significant,37660254,PMC10510067,10.1016/j.xhgg.2023.100236,Heterozygous nonsense variants in the ferritin heavy-chain gene FTH1 cause a neuroferritinopathy.,hepatic/hepatotoxicity,A,Results > ASO rescues FTH1 p.Ser164∗ variant cells; paragraph 35,abstain,none,False,False,NA,0.0,none,False,NONE,no source passage available; abstain required by Task A contract,codex_no_source_abstain_rule,reject,ni_jie,C,Reject: PMID 37660254; available abstract is not enough to curate hepatic/hepatotoxicity for significant as a verified toxicity record.
1233,toxicity_endpoint,1232,siRNA-mediated,37122688,PMC10133763,10.1016/j.jhepr.2023.100693,Hepatocyte mARC1 promotes fatty liver disease.,hepatic/hepatotoxicity,A,Abstract > Results; paragraph 3,abstain,none,False,False,NA,0.0,none,False,NONE,no source passage available; abstain required by Task A contract,codex_no_source_abstain_rule,reject,ni_jie,C,Reject: PMID 37122688; siRNA-mediated remains unsupported for hepatic/hepatotoxicity after abstract-level review of 'Hepatocyte mARC1 promotes fatty liver disease.'.
1234,toxicity_endpoint,1233,single,36993169,PMC10055305,10.1101/2023.03.20.533459,Self-delivering CRISPR RNAs for AAV Co-delivery and Genome Editing in vivo.,hepatic/hepatotoxicity,A,"Results > In vivo genome editing in adult mouse liver by co-delivery of AAV-expressed effector and tracrRNA and GalNac-conjugated, self-delivering crRNA; paragr",abstain,none,False,False,NA,0.0,none,False,NONE,no source passage available; abstain required by Task A contract,codex_no_source_abstain_rule,reject,ni_jie,C,Reject: PMID 36993169; 'Self-delivering CRISPR RNAs for AAV Co-delivery and Genome Editing in vivo.' does not provide a sufficiently specific administered-oligo toxicity endpoint for single.
1235,toxicity_endpoint,1234,some ASO,36788535,PMC9930273,10.1186/s12863-023-01114-9,Whole-genome sequence of Macaca fascicularis: liver tissue.,hematological/thrombocytopenia,B,Abstract > Objectives; paragraph 1,abstain,none,False,False,NA,0.0,none,False,NONE,no source passage available; abstain required by Task A contract,codex_no_source_abstain_rule,reject,ni_jie,C,Reject: PMID 36788535; no source passage or abstract wording gives a dependable toxicity call for some ASO.
1236,toxicity_endpoint,1235,single-center,36692196,PMC9879166,10.1080/0886022X.2023.2167661,"Acute kidney injury after arterial switch operation: incidence, risk factors, clinical impact - a retrospective single-center study.",renal/renal safety,B,Material and methods > Preoperative data; paragraph 12,abstain,none,False,False,NA,0.0,none,False,NONE,no source passage available; abstain required by Task A contract,codex_no_source_abstain_rule,reject,ni_jie,C,"Reject: PMID 36692196; single-center remains unsupported for renal/renal safety after abstract-level review of 'Acute kidney injury after arterial switch operation: incidence, risk factors, clinical impact?'."
1237,toxicity_endpoint,1236,siRNA,36583853,PMC10237440,10.1093/neuonc/noac286,Small molecule-mediated disruption of ribosome biogenesis synergizes with FGFR inhibitors to suppress glioma cell growth.,hepatic/hepatotoxicity,A,Abstract > Results; paragraph 3,abstain,none,False,False,NA,0.0,none,False,NONE,no source passage available; abstain required by Task A contract,codex_no_source_abstain_rule,reject,ni_jie,C,Reject: PMID 36583853 abstract/title reviewed; no clear in-scope hepatic/hepatotoxicity endpoint is grounded for siRNA.
1238,toxicity_endpoint,1237,silencing,35921401,PMC9389587,10.1021/jacs.2c01679,"Role of a ""Magic"" Methyl: 2'-Deoxy-2'-α-F-2'-β-C-methyl Pyrimidine Nucleotides Modulate RNA Interference Activity through Synergy with 5'-Phosphate Mimics and Mitigation of Off-Target Effects.",general safety/systemic safety/tolerability,C,Results and Discussion > In Vitro RNAi Activity of siRNAs Modified with 2-F/Me Nucleotides; paragraph 21,reject,NA,False,True,NA,0.86,pmc_full_text,False,NONE,"Reject: the passage mainly reports siRNA chemistry, potency, off-target mitigation, and a biochemical mitochondrial polymerase substrate assay used to infer safety; no direct administered/measured toxicity endpoint is reported.",codex_gpt-5.5_manual_agent,reject,ni_jie,C,"Reject: PMID 35921401; Reject: the passage mainly reports siRNA chemistry, potency, off-target mitigation, and a biochemical mitochondrial polymerase substrate assay used to infer safety; no direct administered/measured toxicity endpoint is reported."
1239,toxicity_endpoint,1238,volanesorsen,36195542,PMC9771980manuscript-id: NIHMS1840156,10.1016/j.jacl.2022.06.011,"Volanesorsen, an antisense oligonucleotide to apolipoprotein C-III, increases lipoprotein lipase activity and lowers triglycerides in partial lipodystrophy.",hematological/thrombocytopenia,A,RESULTS > EFFICACY SECONDARY END POINTS and EXPLORATORY ANALYSES > Quality of Life Measures > Safety and Tolerability; paragraph 43,abstain,none,False,False,NA,0.0,none,False,NONE,no source passage available; abstain required by Task A contract,codex_no_source_abstain_rule,reject,ni_jie,C,"Reject: PMID 36195542; 'Volanesorsen, an antisense oligonucleotide to apolipoprotein C-III, increases lipoprotein lipa?' does not provide a sufficiently specific administered-oligo toxicity endpoint for volanesorsen."
1240,toxicity_endpoint,1239,silencing,35667416,PMC9270256,10.1016/j.jlr.2022.100237,ANGPTL4 silencing via antisense oligonucleotides reduces plasma triglycerides and glucose in mice without causing lymphadenopathy.,hepatic/hepatotoxicity,B,Materials and methods > Animal studies > Study 1; paragraph 15,accept,hepatic/hepatotoxicity; lymphadenopathy; systemic safety/tolerability,True,True,A,0.97,pmc_full_text,True,"In separate experiments, injection of two different doses of ANGPTL4 ASO over 20 weeks of high-fat feeding reduced hepatic and adipose ANGPTL4 levels but did not trigger mesenteric lymphadenopathy, an acute phase response, chylous ascites, or any other pathological phenotypes.","Full-text abstract reports long-term ANGPTL4 ASO administration in mice and absence of lymphadenopathy, acute phase response, ascites, or other pathological phenotypes.",codex_gpt-5.5_manual_agent,accept,ni_jie,A,
1241,toxicity_endpoint,1240,siRNA,35208958,PMC8877324,10.3390/molecules27041170,Effect of Cationic Lipid Nanoparticle Loaded siRNA with Stearylamine against Chikungunya Virus.,hepatic/hepatotoxicity,A,4. Materials and Methods > 4.8. Cytotoxicity Assay (MTT Assay); paragraph 34,abstain,none,False,False,NA,0.0,none,False,NONE,no source passage available; abstain required by Task A contract,codex_no_source_abstain_rule,reject,ni_jie,C,Reject: PMID 35208958; available abstract is not enough to curate hepatic/hepatotoxicity for siRNA as a verified toxicity record.
1242,toxicity_endpoint,1241,simulations,36126230,PMC9755919,10.1002/psp4.12866,A case-study of model-informed drug development of a novel PCSK9 anti sense oligonucleotide. Part 1: First time in man to phase II.,hepatic/hepatotoxicity,B,PHASE II DESIGN AND ACCELERATION–STEP FIVE; paragraph 25,abstain,none,False,False,NA,0.0,none,False,NONE,no source passage available; abstain required by Task A contract,codex_no_source_abstain_rule,reject,ni_jie,C,Reject: PMID 36126230 abstract/title reviewed; no clear in-scope hepatic/hepatotoxicity endpoint is grounded for simulations.
1243,toxicity_endpoint,1242,significantly,35671982,PMC9167804,10.1016/j.virs.2022.06.002,LNP-CpG ODN-adjuvanted varicella-zoster virus glycoprotein E induced comparable levels of immunity with Shingrix™ in VZV-primed mice.,hepatic/hepatotoxicity,A,Results > LNP encapsulated gE and CpG ODN induced cytokine responses at levels comparable to that boosted with Shingrix™; paragraph 20,abstain,none,False,False,NA,0.0,none,False,NONE,no source passage available; abstain required by Task A contract,codex_no_source_abstain_rule,reject,ni_jie,C,Reject: PMID 35671982; available abstract is not enough to curate hepatic/hepatotoxicity for significantly as a verified toxicity record.
1244,toxicity_endpoint,1243,Single,35464859,PMC9019733,10.3389/fgene.2022.791416,"Single Stranded Fully Modified-Phosphorothioate Oligonucleotides can Induce Structured Nuclear Inclusions, Alter Nuclear Protein Localization and Disturb the Transcriptome In Vitro.",hepatic/hepatotoxicity,A,"Results > PMOs, or Double-Stranded 2′ O-methyl Phosphorothioate AOs, Do Not Form Nuclear Inclusions, Protecting From Cellular Toxicity and Off-Target Transcript Effects; paragraph 53",accept,general toxicity/cellular toxicity; off-target toxic inclusions,True,True,B,0.93,pmc_full_text,True,"Gapmer mixed-modified and DNA oligonucleotides on a phosphorothioate backbone can bind non-specifically to intracellular proteins to form a variety of toxic inclusions, driven by the phosphorothioate linkages, but also influenced by the oligonucleotide sequence.",Full-text abstract links phosphorothioate antisense oligonucleotide chemistry to observed toxic cellular inclusions/off-target cellular toxicity in vitro.,codex_gpt-5.5_manual_agent,accept,ni_jie,B,
1245,toxicity_endpoint,1244,SDP1,35720575,PMC9204166,10.3389/fpls.2022.931310,Suppression of Physaria fendleri SDP1 Increased Seed Oil and Hydroxy Fatty Acid Content While Maintaining Oil Biosynthesis Through Triacylglycerol Remodeling.,hepatic/hepatotoxicity,B,Abstract; paragraph 1,reject,NA,False,False,NA,0.97,pmc_full_text,False,NONE,"Reject: Physaria fendleri SDP1 RNAi is an agricultural/plant oil-biosynthesis study, explicitly out of therapeutic oligo toxicity scope.",codex_gpt-5.5_manual_agent,reject,ni_jie,C,"Reject: PMID 35720575; Reject: Physaria fendleri SDP1 RNAi is an agricultural/plant oil-biosynthesis study, explicitly out of therapeutic oligo toxicity scope."
1246,toxicity_endpoint,1245,siRBM3,35109796,PMC8811987,10.1186/s12885-021-09168-7,"Pre-clinical and clinical studies on the role of RBM3 in muscle-invasive bladder cancer: longitudinal expression, transcriptome-level effects and modulation of chemosensitivity.",hepatic/hepatotoxicity,A,Results > RBM3 suppression impairs sensitivity to chemotherapy in vitro; paragraph 28,reject,NA,False,False,NA,0.96,pmc_full_text,False,NONE,"Reject: siRBM3 is an in vitro knockdown tool in bladder cancer chemosensitivity experiments; cytotoxicity refers to cisplatin/gemcitabine efficacy, not oligo safety.",codex_gpt-5.5_manual_agent,reject,ni_jie,C,"Reject: PMID 35109796; Reject: siRBM3 is an in vitro knockdown tool in bladder cancer chemosensitivity experiments; cytotoxicity refers to cisplatin/gemcitabine efficacy, not oligo safety."
1247,toxicity_endpoint,1246,siRNA,35847173,PMC9263991,10.1016/j.omtn.2022.06.009,Chemical optimization of siRNA for safe and efficient silencing of placental sFLT1.,hepatic/hepatotoxicity,A,Results > Systematic chemical optimization of sFLT1-targeting siRNAs improves placental accumulation and degree of sFLT1 silencing with a better safety profile; paragraph 30,accept,immune/cytokine; systemic safety/tolerability,True,True,A,0.97,pmc_full_text,True,"The advanced siRNA did not stimulate IL-6 levels but caused a non-significant increase in IL-12 levels (IL-6: 0.8, IL-12: 1.7) (Figure 8B).",Full-text in vivo optimization study directly measures acute serum cytokine response after high-dose sFLT1 siRNA and reports reduced/no IL-6 stimulation for the advanced scaffold.,codex_gpt-5.5_manual_agent,accept,ni_jie,A,
1248,toxicity_endpoint,1247,significantly,35795486,PMC9240963,10.1016/j.omtn.2022.06.005,"PK-modifying anchors significantly alter clearance kinetics, tissue distribution, and efficacy of therapeutics siRNAs.",hepatic/hepatotoxicity,C,Discussion; paragraph 36,reject,NA,False,True,NA,0.95,pmc_full_text,False,NONE,"Reject: PK-modifying anchor data concern siRNA clearance, biodistribution, tissue exposure, and silencing efficacy, not toxicity or tolerability endpoints.",codex_gpt-5.5_manual_agent,reject,ni_jie,C,"Reject: PMID 35795486; Reject: PK-modifying anchor data concern siRNA clearance, biodistribution, tissue exposure, and silencing efficacy, not toxicity or tolerability endpoints."
1249,toxicity_endpoint,1248,siRNA,35364120,PMC8963978,10.1016/j.jconrel.2022.03.051,Inhibition of SARS-CoV-2 replication in the lung with siRNA/VIPER polyplexes.,general safety/cell viability/cytotoxicity,A,Experimental methods > In vitro characterization of siRNA/VIPER polyplexes in a lung epithelial cell line > In vitro cytotoxicity in lung cells > Cell viability,abstain,none,False,False,NA,0.0,none,False,NONE,no source passage available; abstain required by Task A contract,codex_no_source_abstain_rule,reject,ni_jie,C,Reject: PMID 35364120; available abstract is not enough to curate general safety/cell viability/cytotoxicity for siRNA as a verified toxicity record.
1250,toxicity_endpoint,1249,siRNAs,35251767,PMC8881630,10.1016/j.omtn.2022.02.004,Engineering miRNA features into siRNAs: Guide-strand bulges are compatible with gene repression.,immunotoxicity/immune activation,A,Results > Short guide-strand bulges are well tolerated in unmodified siRNAs; paragraph 11,reject,NA,False,True,NA,0.94,pmc_full_text,False,NONE,Reject: guide-strand bulge experiments measure siRNA repression/activity in hepatocytes and mice; no immune activation or other toxicity endpoint is reported in the passage.,codex_gpt-5.5_manual_agent,reject,ni_jie,C,Reject: PMID 35251767; Reject: guide-strand bulge experiments measure siRNA repression/activity in hepatocytes and mice; no immune activation or other toxicity endpoint is reported in the passage.
1251,toxicity_endpoint,1250,significantly,34893881,PMC8754652,10.1093/nar/gkab1199,Palmitic acid conjugation enhances potency of tricyclo-DNA splice switching oligonucleotides.,hepatic/hepatotoxicity,A,RESULTS > Safety profile of conjugated palm-tcDNA; paragraph 57,abstain,none,False,False,NA,0.0,none,False,NONE,no source passage available; abstain required by Task A contract,codex_no_source_abstain_rule,reject,ni_jie,C,Reject: PMID 34893881; available abstract is not enough to curate hepatic/hepatotoxicity for significantly as a verified toxicity record.
1252,toxicity_endpoint,1251,simulate,36575422,PMC9793391,10.1186/s12964-022-01010-2,Bioinformatic analysis and preliminary validation of potential therapeutic targets for COVID-19 infection in asthma patients.,hepatic/hepatotoxicity,A,Results > Preliminary laboratory validation of the key genes in a cell model of asthma; paragraph 33,reject,NA,False,False,NA,0.96,pmc_full_text,False,NONE,"Reject: siRNA-CXCR1 is a validation/knockdown tool in an asthma-COVID cell model; reduced cell viability is target biology/model validation, not oligo product toxicity.",codex_gpt-5.5_manual_agent,reject,ni_jie,C,"Reject: PMID 36575422; Reject: siRNA-CXCR1 is a validation/knockdown tool in an asthma-COVID cell model; reduced cell viability is target biology/model validation, not oligo product toxicity."
1253,toxicity_endpoint,1252,siRNAs,36333801,PMC9636786,10.1186/s12935-022-02740-6,Combinatorial targeting of menin and the histone methyltransferase DOT1L as a novel therapeutic strategy for treatment of chemotherapy-resistant ovarian cancer.,hepatic/hepatotoxicity,B,Materials and methods > Transient small interfering RNA transfection; paragraph 14,reject,NA,False,False,NA,0.96,pmc_full_text,False,NONE,Reject: menin/DOT1L siRNA experiments are cancer-cell proliferation/viability efficacy assays and not therapeutic oligo safety or toxicity endpoints.,codex_gpt-5.5_manual_agent,reject,ni_jie,C,Reject: PMID 36333801; Reject: menin/DOT1L siRNA experiments are cancer-cell proliferation/viability efficacy assays and not therapeutic oligo safety or toxicity endpoints.
1254,toxicity_endpoint,1253,signaling,36257830,PMC9700503,10.24272/j.issn.2095-8137.2022.278,Chronic lithium treatment ameliorates ketamine-induced mania-like behavior via the PI3K-AKT signaling pathway.,general toxicity/toxicity,A,RESULTS > Inhibition of AKT reversed ketamine-induced mania-like behavior; paragraph 38,reject,NA,False,False,NA,0.97,pmc_full_text,False,NONE,Reject: AKT-shRNA is delivered by AAV as a genetic manipulation tool in a ketamine/lithium behavior study; AAV/shRNA tools are excluded and body weight is not oligo toxicity here.,codex_gpt-5.5_manual_agent,reject,ni_jie,C,Reject: PMID 36257830; Reject: AKT-shRNA is delivered by AAV as a genetic manipulation tool in a ketamine/lithium behavior study; AAV/shRNA tools are excluded and body weight is not oligo toxicity here.
1255,toxicity_endpoint,1254,unspecified PMO,35393769,PMC9171417,10.15252/embr.202153955,Cardio-respiratory and phenotypic rescue of dystrophin/utrophin-deficient mice by combination therapy.,hepatic/hepatotoxicity,B,Abstract; paragraph 1,abstain,none,False,False,NA,0.0,none,False,NONE,no source passage available; abstain required by Task A contract,codex_no_source_abstain_rule,reject,ni_jie,C,Reject: PMID 35393769; 'Cardio-respiratory and phenotypic rescue of dystrophin/utrophin-deficient mice by combination?' does not provide a sufficiently specific administered-oligo toxicity endpoint for unspecified PMO.
1256,toxicity_endpoint,1255,significant,35369705,PMC9047643,10.1161/CIRCULATIONAHA.122.059266,Effect of Vupanorsen on Non-High-Density Lipoprotein Cholesterol Levels in Statin-Treated Patients With Elevated Cholesterol: TRANSLATE-TIMI 70.,hepatic/hepatotoxicity,B,PubMed abstract,abstain,none,False,False,NA,0.0,none,False,NONE,no source passage available; abstain required by Task A contract,codex_no_source_abstain_rule,reject,ni_jie,C,Reject: PMID 35369705; significant remains unsupported for hepatic/hepatotoxicity after abstract-level review of 'Effect of Vupanorsen on Non-High-Density Lipoprotein Cholesterol Levels in Statin-Treated Pati?'.
1257,toxicity_endpoint,1256,inotersen,35289020,PMC9314115,10.1111/ene.15325,Real-life experience with inotersen in hereditary transthyretin amyloidosis with late-onset phenotype: Data from an early-access program in Italy.,hematological/thrombocytopenia,A,RESULTS > Safety and tolerability; paragraph 21,accept,hematological/thrombocytopenia; renal safety; adverse events,True,True,A,0.98,pmc_full_text,True,"A significant decrease in platelet count (p = 0.001, Friedman test) was observed from baseline to month 6 (M6), but no patient permanently discontinued the treatment because of this reason and no severe thrombocytopenia (<50.000 per cubic millimeter) occurred.","Clinical real-world inotersen study directly reports platelet-count decrease, thrombocytopenia monitoring, and discontinuation/safety outcomes.",codex_gpt-5.5_manual_agent,accept,ni_jie,A,
1258,toxicity_endpoint,1257,volanesorsen,35207255,PMC8880470,10.3390/jcm11040982,Volanesorsen: A New Era in the Treatment of Severe Hypertriglyceridemia.,hepatic/hepatotoxicity,A,2. Body > 2.2. Clinical Data on Volanesorsen Efficacy and Safety; paragraph 15,abstain,none,False,False,NA,0.0,none,False,NONE,no source passage available; abstain required by Task A contract,codex_no_source_abstain_rule,reject,ni_jie,C,Reject: PMID 35207255; volanesorsen remains unsupported for hepatic/hepatotoxicity after abstract-level review of 'Volanesorsen: A New Era in the Treatment of Severe Hypertriglyceridemia.'.
1259,toxicity_endpoint,1258,siRNA,35102341,PMC8803605,10.1038/s42255-021-00518-0,PSD3 downregulation confers protection against fatty liver disease.,hepatic/hepatotoxicity,A,Results > PSD3 downregulation reduces intracellular lipid accumulation; paragraph 20,abstain,none,False,False,NA,0.0,none,False,NONE,no source passage available; abstain required by Task A contract,codex_no_source_abstain_rule,reject,ni_jie,C,Reject: PMID 35102341; available abstract is not enough to curate hepatic/hepatotoxicity for siRNA as a verified toxicity record.
1260,toxicity_endpoint,1259,olezarsen,35025993,PMC8986458,10.1093/eurheartj/ehab820,Apolipoprotein C-III reduction in subjects with moderate hypertriglyceridaemia and at high cardiovascular risk.,hepatic/hepatotoxicity,A,Results > Safety analyses; paragraph 30,abstain,none,False,False,NA,0.0,none,False,NONE,no source passage available; abstain required by Task A contract,codex_no_source_abstain_rule,reject,ni_jie,C,Reject: PMID 35025993 abstract/title reviewed; no clear in-scope hepatic/hepatotoxicity endpoint is grounded for olezarsen.
1261,toxicity_endpoint,1260,siPLK1,34853819,PMC8604671,10.1016/j.bioactmat.2021.05.051,Ionizable lipid-assisted efficient hepatic delivery of gene editing elements for oncotherapy.,hepatic/hepatotoxicity,A,Materials and methods > Safety evaluation; paragraph 25,abstain,none,False,False,NA,0.0,none,False,NONE,no source passage available; abstain required by Task A contract,codex_no_source_abstain_rule,reject,ni_jie,C,Reject: PMID 34853819; no source passage or abstract wording gives a dependable toxicity call for siPLK1.
1262,toxicity_endpoint,1261,sites,35423918,PMC8697723,10.1039/d1ra00878a,Evaluation of DNA segments in 2'-modified RNA sequences in designing efficient splice switching antisense oligonucleotides.,hepatic/hepatotoxicity,B,Abstract; paragraph 1,abstain,none,False,False,NA,0.0,none,False,NONE,no source passage available; abstain required by Task A contract,codex_no_source_abstain_rule,reject,ni_jie,C,Reject: PMID 35423918; 'Evaluation of DNA segments in 2'-modified RNA sequences in designing efficient splice switchin?' does not provide a sufficiently specific administered-oligo toxicity endpoint for sites.
1263,toxicity_endpoint,1262,Single-Stranded,34037271,PMC9291828,10.1002/hep.31920,Clinical Study of Single-Stranded Oligonucleotide RO7062931 in Healthy Volunteers and Patients With Chronic Hepatitis B.,hepatic/hepatotoxicity,A,Results > Safety and Tolerability; FIG. 3 caption,abstain,none,False,False,NA,0.0,none,False,NONE,no source passage available; abstain required by Task A contract,codex_no_source_abstain_rule,accept,ni_jie,B,"Accept B: PubMed abstract gives a direct abstract-level signal for hepatic/hepatotoxicity in Single-Stranded; no full passage, so curator kept confidence limited."
1264,toxicity_endpoint,1263,signaling,33850637,PMC8022159,10.1016/j.omtn.2021.03.002,Seed-mediated RNA interference of androgen signaling and survival networks induces cell death in prostate cancer cells.,hepatic/hepatotoxicity,A,Results > TMEFF2-targeted shRNAs reduce cell viability and growth of PCa cells; paragraph 6,reject,NA,False,False,NA,0.96,pmc_full_text,False,NONE,"Reject: shRNAs/siRNAs are used to induce prostate cancer cell death and validate androgen-signaling survival networks; this is excluded cancer-cell-killing efficacy/tool RNAi, not oligo toxicity.",codex_gpt-5.5_manual_agent,reject,ni_jie,C,"Reject: PMID 33850637; Reject: shRNAs/siRNAs are used to induce prostate cancer cell death and validate androgen-signaling survival networks; this is excluded cancer-cell-killing efficacy/tool RNAi, not oligo toxicity."
1265,toxicity_endpoint,1264,PS-cEt ASO,33577678,PMC7969025,10.1093/nar/gkab078,Binding of phosphorothioate oligonucleotides with RNase H1 can cause conformational changes in the protein and alter the interactions of RNase H1 with other proteins.,hepatic/hepatotoxicity,A,RESULTS > PS-ASO-binding can induce the interactions of RNase H1 with P54nrb and PSF proteins; paragraph 45,abstain,none,False,False,NA,0.0,none,False,NONE,no source passage available; abstain required by Task A contract,codex_no_source_abstain_rule,reject,ni_jie,C,Reject: PMID 33577678 abstract/title reviewed; no clear in-scope hepatic/hepatotoxicity endpoint is grounded for PS-cEt ASO.
1266,toxicity_endpoint,1265,siRNAs,34918046,PMC8677541,10.1093/brain/awab354,Therapeutic reversal of Huntington's disease by in vivo self-assembled siRNAs.,hepatic/hepatotoxicity,A,Results > Characterization of the genetic circuits in vitro; paragraph 40,reject,NA,False,True,NA,0.93,pmc_full_text,False,NONE,"Reject: the self-assembled mHTT siRNA passage reports delivery and Huntington disease efficacy; toxicity language concerns disease aggregates or general risks, with no primary safety endpoint for the administered product.",codex_gpt-5.5_manual_agent,reject,ni_jie,C,"Reject: PMID 34918046; Reject: the self-assembled mHTT siRNA passage reports delivery and Huntington disease efficacy; toxicity language concerns disease aggregates or general risks, with no primary safety endpoint for the administered product."
1267,toxicity_endpoint,1266,pathology19,33707773,PMC10158310manuscript-id: NIHMS1889193,10.1038/s41591-021-01274-0,A targeted antisense therapeutic approach for Hutchinson-Gilford progeria syndrome.,hepatic/hepatotoxicity,A,Results > Systemic delivery of SRP-2001 in the LMNAG/G HGPS mouse model.; paragraph 11,abstain,none,False,False,NA,0.0,none,False,NONE,no source passage available; abstain required by Task A contract,codex_no_source_abstain_rule,reject,ni_jie,C,Reject: PMID 33707773 abstract/title reviewed; no clear in-scope hepatic/hepatotoxicity endpoint is grounded for pathology19.
1268,toxicity_endpoint,1267,siRNAs,33577685,PMC7969009,10.1093/nar/gkab050,siRNAs containing 2'-fluorinated Northern-methanocarbacyclic (2'-F-NMC) nucleotides: in vitro and in vivo RNAi activity and inability of mitochondrial polymerases to incorporate 2'-F-NMC NTPs.,general toxicity/toxicity,B,MATERIALS AND METHODS > Evaluation of silencing in mice; paragraph 24,reject,NA,False,True,NA,0.88,pmc_full_text,False,NONE,"Reject: 2-F-NMC siRNA work reports activity and mitochondrial polymerase substrate testing to predict metabolite safety, but no direct toxicity/tolerability endpoint for an administered oligo product.",codex_gpt-5.5_manual_agent,reject,ni_jie,C,"Reject: PMID 33577685; Reject: 2-F-NMC siRNA work reports activity and mitochondrial polymerase substrate testing to predict metabolite safety, but no direct toxicity/tolerability endpoint for an administered oligo product."
1269,toxicity_endpoint,1268,Silencing,32311310,PMC8215415,10.1089/nat.2020.0852,Pharmacodynamic and Pharmacokinetic Properties of Full Phosphorothioate Small Interfering RNAs for Gene Silencing In Vivo.,hepatic/hepatotoxicity,A,Results; paragraph 26,reject,NA,False,True,NA,0.94,pmc_full_text,False,NONE,"Reject: full-phosphorothioate siRNA passage reports stability, biodistribution, and antitumor efficacy; toxicity statements are background/literature rather than primary safety endpoints.",codex_gpt-5.5_manual_agent,reject,ni_jie,C,"Reject: PMID 32311310; Reject: full-phosphorothioate siRNA passage reports stability, biodistribution, and antitumor efficacy; toxicity statements are background/literature rather than primary safety endpoints."
1270,toxicity_endpoint,1269,siRNAs,34172725,PMC8233311,10.1038/s41467-021-24191-9,A smart multiantenna gene theranostic system based on the programmed assembly of hypoxia-related siRNAs.,hepatic/hepatotoxicity,A,Results > In vitro cytotoxicity assay; paragraph 10,accept,cell viability/cytotoxicity; hemolysis; immune response; hematology,True,True,B,0.94,pmc_full_text,True,"In addition, the high biocompatibility of our EVs was demonstrated by a cytotoxicity assay, haemolysis test and systemic immune response analysis (Supplementary Fig. 15), as well as long-term haematology studies (Supplementary Fig. 16).","Full-text passage links the RNAi-prodrug EV delivery product to biocompatibility testing including cytotoxicity, hemolysis, systemic immune response, and hematology.",codex_gpt-5.5_manual_agent,accept,ni_jie,A,Grade adjusted B->A: PMID 34172725; full-text grounding and high confidence outweighed the conservative v2 grade for hepatic/hepatotoxicity.
1271,toxicity_endpoint,1270,silencing,33883545,PMC8060274,10.1038/s41467-021-22593-3,AAV2/9-mediated silencing of PMP22 prevents the development of pathological features in a rat model of Charcot-Marie-Tooth disease 1 A.,general safety/systemic safety/tolerability,B,Methods > Study design; paragraph 39,reject,NA,False,False,NA,0.95,pmc_full_text,False,NONE,"Rejected: AAV2/9 shRNA gene-therapy product is explicitly out of scope under the toxicity v2 exclusions for AAV/shRNA, despite immune/off-target statements.",codex_gpt-5.5_manual_agent,reject,ni_jie,C,"Reject: PMID 33883545; Rejected: AAV2/9 shRNA gene-therapy product is explicitly out of scope under the toxicity v2 exclusions for AAV/shRNA, despite immune/off-target statements."
1272,toxicity_endpoint,1271,situ,33651408,PMC8131270manuscript-id: NIHMS1685688,10.1002/mus.27216,hnRNP L is essential for myogenic differentiation and modulates myotonic dystrophy pathologies.,hepatic/hepatotoxicity,A,"Results > hnRNP L forms nuclear protein aggregates, and partially co-localizes with CUG repeats in the myoblasts of myotonic dystrophy patients.; paragraph 18",abstain,none,False,False,NA,0.0,none,False,NONE,no source passage available; abstain required by Task A contract,codex_no_source_abstain_rule,reject,ni_jie,C,Reject: PMID 33651408; available abstract is not enough to curate hepatic/hepatotoxicity for situ as a verified toxicity record.
1273,toxicity_endpoint,1272,TCID50,33164048,PMC7717290,10.1093/jac/dkaa460,Inhibition of SARS-CoV-2 in Vero cell cultures by peptide-conjugated morpholino oligomers.,general safety/cell viability/cytotoxicity,B,Abstract > Methods; paragraph 2,abstain,none,False,False,NA,0.0,none,False,NONE,no source passage available; abstain required by Task A contract,codex_no_source_abstain_rule,reject,ni_jie,C,Reject: PMID 33164048; TCID50 remains unsupported for general safety/cell viability/cytotoxicity after abstract-level review of 'Inhibition of SARS-CoV-2 in Vero cell cultures by peptide-conjugated morpholino oligomers.'.
1274,toxicity_endpoint,1273,antimiR132,32269522,PMC7109322,10.3389/fphar.2020.00220,Pharmacokinetic Studies of Antisense Oligonucleotides Using MALDI-TOF Mass Spectrometry.,general toxicity/toxicity,B,"Materials and Methods > Pilot PK Study, in Life Phase > Animal Groups and Size; paragraph 19",abstain,none,False,False,NA,0.0,none,False,NONE,no source passage available; abstain required by Task A contract,codex_no_source_abstain_rule,reject,ni_jie,C,Reject: PMID 32269522 abstract/title reviewed; no clear in-scope general toxicity/toxicity endpoint is grounded for antimiR132.
1275,toxicity_endpoint,1274,unspecified ASO,32146420,PMC7058714,10.1016/j.omtn.2020.01.036,Dose-Finding Study and Pharmacokinetics Profile of the Novel 13-Mer Antisense miR-221 Inhibitor in Sprague-Dawley Rats.,hepatic/hepatotoxicity,A,Results > Pivotal GLP Rat Toxicity Study; paragraph 6,abstain,none,False,False,NA,0.0,none,False,NONE,no source passage available; abstain required by Task A contract,codex_no_source_abstain_rule,reject,ni_jie,C,Reject: PMID 32146420; 'Dose-Finding Study and Pharmacokinetics Profile of the Novel 13-Mer Antisense miR-221 Inhibito?' does not provide a sufficiently specific administered-oligo toxicity endpoint for unspecified ASO.
1276,toxicity_endpoint,1275,side,32670352,PMC7330086,10.3389/fgene.2020.00589,Insecticidal Activity of Artemisia vulgaris Essential Oil and Transcriptome Analysis of Tribolium castaneum in Response to Oil Exposure.,hepatic/hepatotoxicity,B,Materials and Methods > RNAi to Evaluate the Roles of TcCYP4BN6 and TcOBPC11 Response to the A. vulgaris EO; paragraph 20,reject,NA,False,False,NA,0.95,pmc_full_text,False,NONE,"Rejected: passage concerns Artemisia essential oil toxicity and agricultural pest transcriptomics, not an administered therapeutic oligonucleotide safety endpoint.",codex_gpt-5.5_manual_agent,reject,ni_jie,C,"Reject: PMID 32670352; Rejected: passage concerns Artemisia essential oil toxicity and agricultural pest transcriptomics, not an administered therapeutic oligonucleotide safety endpoint."
1277,toxicity_endpoint,1276,signaling,32307524,PMC7322574,10.1093/hmg/ddaa072,ALS-associated genes in SCA2 mouse spinal cord transcriptomes.,hepatic/hepatotoxicity,C,Discussion > ASO treatment; paragraph 41,reject,NA,False,False,NA,0.95,pmc_full_text,False,NONE,Rejected: ALS/SCA2 transcriptomics passage does not provide an administered therapeutic oligonucleotide toxicity or tolerability endpoint.,codex_gpt-5.5_manual_agent,reject,ni_jie,C,Reject: PMID 32307524; Rejected: ALS/SCA2 transcriptomics passage does not provide an administered therapeutic oligonucleotide toxicity or tolerability endpoint.
1278,toxicity_endpoint,1277,site,32860031,PMC7750927,10.1093/eurheartj/ehaa689,"Vupanorsen, an N-acetyl galactosamine-conjugated antisense drug to ANGPTL3 mRNA, lowers triglycerides and atherogenic lipoproteins in patients with diabetes, hepatic steatosis, and hypertriglyceridaem",hepatic/hepatotoxicity,A,Results > Safety and tolerability; paragraph 20,abstain,none,False,False,NA,0.0,none,False,NONE,no source passage available; abstain required by Task A contract,codex_no_source_abstain_rule,reject,ni_jie,C,Reject: PMID 32860031 abstract/title reviewed; no clear in-scope hepatic/hepatotoxicity endpoint is grounded for site.
1279,toxicity_endpoint,1278,Simultaneous,32529301,PMC7387324,10.1007/s00216-020-02749-8,Simultaneous analysis of multiple oligonucleotides by temperature-responsive chromatography using a poly(N-isopropylacrylamide)-based stationary phase.,hepatic/hepatotoxicity,B,Abstract; paragraph 1,abstain,none,False,False,NA,0.0,none,False,NONE,no source passage available; abstain required by Task A contract,codex_no_source_abstain_rule,reject,ni_jie,C,Reject: PMID 32529301; Simultaneous remains unsupported for hepatic/hepatotoxicity after abstract-level review of 'Simultaneous analysis of multiple oligonucleotides by temperature-responsive chromatography us?'.
1280,toxicity_endpoint,1279,significantly,36968157,PMC9996716,10.1049/enb.2020.0017,Gene modification strategies using AO-mediated exon skipping and CRISPR/Cas9 as potential therapies for Duchenne muscular dystrophy patients.,hepatic/hepatotoxicity,B,Comparison of the efficacy of exon‐skipping and CRISPR‐Cas9 gene modification strategies; paragraph 11,abstain,none,False,False,NA,0.0,none,False,NONE,no source passage available; abstain required by Task A contract,codex_no_source_abstain_rule,reject,ni_jie,C,Reject: PMID 36968157; significantly remains unsupported for hepatic/hepatotoxicity after abstract-level review of 'Gene modification strategies using AO-mediated exon skipping and CRISPR/Cas9 as potential ther?'.
1281,toxicity_endpoint,1280,CD8,33426226,PMC7770409,10.1016/j.reth.2020.10.003,Development of a bioanalytical method for circulating human T cells in animals using Arthrobacter luteus-based quantitative polymerase chain reaction and its application in preclinical biodistribution,hepatic/hepatotoxicity,C,PubMed abstract,abstain,none,False,False,NA,0.0,none,False,NONE,no source passage available; abstain required by Task A contract,codex_no_source_abstain_rule,reject,ni_jie,C,"Reject: PMID 33426226; the abstained record was checked at abstract level, but hepatic/hepatotoxicity is still not directly recoverable for CD8."
1282,toxicity_endpoint,1281,unspecified PMO,33024974,PMC7536879,10.1101/2020.09.29.319731,Inhibition of SARS-CoV-2 in Vero cell cultures by peptide-conjugated morpholino-oligomers.,general safety/cell viability/cytotoxicity,B,Abstract > Objectives and Methods; paragraph 2,abstain,none,False,False,NA,0.0,none,False,NONE,no source passage available; abstain required by Task A contract,codex_no_source_abstain_rule,reject,ni_jie,C,Reject: PMID 33024974; no source passage or abstract wording gives a dependable toxicity call for unspecified PMO.
1283,toxicity_endpoint,1282,Side,32982982,PMC7485437,10.3389/fendo.2020.00598,Liver-Specific Knockdown of Class IIa HDACs Has Limited Efficacy on Glucose Metabolism but Entails Severe Organ Side Effects in Mice.,hepatic/hepatotoxicity,A,Results > Class IIa HDAC siRNA Knockdown in Mice Induced Morphological Changes in Spleen and Kidney; paragraph 37,abstain,none,False,False,NA,0.0,none,False,NONE,no source passage available; abstain required by Task A contract,codex_no_source_abstain_rule,reject,ni_jie,C,Reject: PMID 32982982; 'Liver-Specific Knockdown of Class IIa HDACs Has Limited Efficacy on Glucose Metabolism but Ent?' does not provide a sufficiently specific administered-oligo toxicity endpoint for Side.
1284,toxicity_endpoint,1283,components1,31873216,PMC7008088manuscript-id: NIHMS1542662,10.1038/s41587-019-0357-y,A reversible RNA on-switch that controls gene expression of AAV-delivered therapeutics in vivo.,hepatic/hepatotoxicity,B,Abstract; paragraph 1,abstain,none,False,False,NA,0.0,none,False,NONE,no source passage available; abstain required by Task A contract,codex_no_source_abstain_rule,reject,ni_jie,C,Reject: PMID 31873216; no source passage or abstract wording gives a dependable toxicity call for components1.
1285,toxicity_endpoint,1284,patisiran,31322739,PMC6972979,10.1002/jcph.1480,"Patisiran Pharmacokinetics, Pharmacodynamics, and Exposure-Response Analyses in the Phase 3 APOLLO Trial in Patients With Hereditary Transthyretin-Mediated (hATTR) Amyloidosis.",hepatic/hepatotoxicity,A,Results > Patient Demographics and Baseline Characteristics; paragraph 23,abstain,none,False,False,NA,0.0,none,False,NONE,no source passage available; abstain required by Task A contract,codex_no_source_abstain_rule,reject,ni_jie,C,Reject: PMID 31322739; available abstract is not enough to curate hepatic/hepatotoxicity for patisiran as a verified toxicity record.
1286,toxicity_endpoint,1285,single,30570431,PMC6386089,10.1089/nat.2018.0753,Integrated Assessment of the Clinical Performance of GalNAc(3)-Conjugated 2'-O-Methoxyethyl Chimeric Antisense Oligonucleotides: I. Human Volunteer Experience.,hepatic/hepatotoxicity,A,Results > Safety; paragraph 44,abstain,none,False,False,NA,0.0,none,False,NONE,no source passage available; abstain required by Task A contract,codex_no_source_abstain_rule,reject,ni_jie,C,Reject: PMID 30570431; no source passage or abstract wording gives a dependable toxicity call for single.
1287,toxicity_endpoint,1286,of ASO,31632266,PMC6778816,10.3389/fphar.2019.01049,A New Antisense Phosphoryl Guanidine Oligo-2'-O-Methylribonucleotide Penetrates Into Intracellular Mycobacteria and Suppresses Target Gene Expression.,hepatic/hepatotoxicity,A,Results > Ald-PGO Downregulates Ald Expression at the Translational Level; Figure 3 caption,abstain,none,False,False,NA,0.0,none,False,NONE,no source passage available; abstain required by Task A contract,codex_no_source_abstain_rule,reject,ni_jie,C,Reject: PMID 31632266; no source passage or abstract wording gives a dependable toxicity call for of ASO.
1288,toxicity_endpoint,1287,silencing,30772256,PMC6437635,10.1016/j.molmet.2019.01.013,Pnpla3 silencing with antisense oligonucleotides ameliorates nonalcoholic steatohepatitis and fibrosis in Pnpla3 I148M knock-in mice.,hepatic/hepatotoxicity,B,Materials and methods > Screening and selection of murine Pnpla3 cEt 5′-GalNAc3-conjugated cEt ASOs; paragraph 11,reject,NA,False,True,NA,0.95,pmc_full_text,False,NONE,"Rejected: Pnpla3 ASO liver/ALT findings are NASH efficacy or disease-biomarker outcomes; the only clear safety-style sentence is for a scrambled control ASO, not the therapeutic Pnpla3 ASO endpoint.",codex_gpt-5.5_manual_agent,reject,ni_jie,C,"Reject: PMID 30772256; Rejected: Pnpla3 ASO liver/ALT findings are NASH efficacy or disease-biomarker outcomes; the only clear safety-style sentence is for a scrambled control ASO, not the therapeutic Pnpla3 ASO endpoint."
1289,toxicity_endpoint,1288,significant,31479430,PMC6819114,10.1172/JCI128205,Peptide-conjugated oligonucleotides evoke long-lasting myotonic dystrophy correction in patient-derived cells and mice.,hepatic/hepatotoxicity,C,Results and Discussion; paragraph 10,accept,organ histology/liver/kidney tolerability,True,True,A,0.95,pmc_full_text,True,"Furthermore, mild histological changes observed in liver or kidney 2 weeks after Pip6a-PMO injections were mostly reversed 6 months later (Supplemental Table 5), supporting transient and reversible side effects of Pip6a-PMO treatment.","Full-text passage reports administered Pip6a-PMO safety/tolerability findings in liver and kidney histology, with reversibility over follow-up.",codex_gpt-5.5_manual_agent,accept,ni_jie,A,
1290,toxicity_endpoint,1289,Simplifying,31097994,PMC6511965,10.1021/acsmedchemlett.8b00652,Simplifying the Chemical Structure of Cationic Lipids for siRNA-Lipid Nanoparticles.,hepatic/hepatotoxicity,B,Abstract; paragraph 1,abstain,none,False,False,NA,0.0,none,False,NONE,no source passage available; abstain required by Task A contract,codex_no_source_abstain_rule,reject,ni_jie,C,Reject: PMID 31097994 abstract/title reviewed; no clear in-scope hepatic/hepatotoxicity endpoint is grounded for Simplifying.
1291,toxicity_endpoint,1290,single-dose,31070517,PMC6686700,10.1089/nat.2019.0779,Targeting Translation Termination Machinery with Antisense Oligonucleotides for Diseases Caused by Nonsense Mutations.,hepatic/hepatotoxicity,A,Results > ASO-mediated reduction of eRF1 and eRF3a is well tolerated in mice; paragraph 15,abstain,none,False,False,NA,0.0,none,False,NONE,no source passage available; abstain required by Task A contract,codex_no_source_abstain_rule,reject,ni_jie,C,Reject: PMID 31070517; available abstract is not enough to curate hepatic/hepatotoxicity for single-dose as a verified toxicity record.
1292,toxicity_endpoint,1291,siRNA,31140918,PMC6686697,10.1089/nat.2019.0784,Formulation of Biocompatible Targeted ECO/siRNA Nanoparticles with Long-Term Stability for Clinical Translation of RNAi.,hepatic/hepatotoxicity,B,Abstract; paragraph 1,accept,hemocompatibility/immunogenicity,True,True,B,0.90,pmc_full_text,True,"The frozen RGD-PEG-ECO/siβ3 nanoparticle formulation exhibits excellent biocompatibility, with no adverse effects on hemocompatibility and minimal immunogenicity.",Source passage directly links the RGD-PEG-ECO/siRNA nanoparticle formulation to hemocompatibility and immunogenicity safety endpoints.,codex_gpt-5.5_manual_agent,accept,ni_jie,B,
1293,toxicity_endpoint,1292,siRNAs,30535404,PMC6379714,10.1093/nar/gky1232,Hydrophobicity drives the systemic distribution of lipid-conjugated siRNAs via lipid transport pathways.,hepatic/hepatotoxicity,A,RESULTS > Lipid-hsiRNAs elicit sustained systemic in vivo gene silencing after a single injection > Liver; paragraph 26,accept,renal/systemic toxicity biomarkers,True,True,A,0.95,pmc_full_text,True,"We did not observe any variability in biomarkers of kidney toxicity, including blood urea nitrogen and creatinine levels (Supplementary Figure S5).",Full-text passage reports measured renal toxicity biomarkers after lipid-conjugated hsiRNA treatment.,codex_gpt-5.5_manual_agent,accept,ni_jie,A,
1294,toxicity_endpoint,1293,TLR9,30467420,PMC6804546,10.1038/s41423-018-0184-y,"TLR9 agonist enhances radiofrequency ablation-induced CTL responses, leading to the potent inhibition of primary tumor growth and lung metastasis.",hepatic/hepatotoxicity,B,Abstract; paragraph 1,abstain,none,False,False,NA,0.0,none,False,NONE,no source passage available; abstain required by Task A contract,codex_no_source_abstain_rule,reject,ni_jie,C,"Reject: PMID 30467420; 'TLR9 agonist enhances radiofrequency ablation-induced CTL responses, leading to the potent inh?' does not provide a sufficiently specific administered-oligo toxicity endpoint for TLR9."
1295,toxicity_endpoint,1294,significant,30020852,PMC6157346,10.1089/nat.2018.0738,Application of 2'-O-(2-N-Methylcarbamoylethyl) Nucleotides in RNase H-Dependent Antisense Oligonucleotides.,hepatic/hepatotoxicity,A,Results > MCE modification reduced hepatotoxic potential; paragraph 17,abstain,none,False,False,NA,0.0,none,False,NONE,no source passage available; abstain required by Task A contract,codex_no_source_abstain_rule,reject,ni_jie,C,Reject: PMID 30020852 abstract/title reviewed; no clear in-scope hepatic/hepatotoxicity endpoint is grounded for significant.
1296,toxicity_endpoint,1295,nusinersen,29806836,PMC6101168,10.3791/57530,Evaluation of Exon Inclusion Induced by Splice Switching Antisense Oligonucleotides in SMA Patient Fibroblasts.,hepatic/hepatotoxicity,B,Abstract; paragraph 1,abstain,none,False,False,NA,0.0,none,False,NONE,no source passage available; abstain required by Task A contract,codex_no_source_abstain_rule,reject,ni_jie,C,Reject: PMID 29806836; available abstract is not enough to curate hepatic/hepatotoxicity for nusinersen as a verified toxicity record.
1297,toxicity_endpoint,1296,silico,30114557,PMC6092551,10.1016/j.omtn.2018.07.010,Splice-Modulating Oligonucleotide QR-110 Restores CEP290 mRNA and Function in Human c.2991+1655A>G LCA10 Models.,hepatic/hepatotoxicity,A,Results > Identification of Lead Oligonucleotide Targeting the CEP290 c.2991+1655A>G Mutation; paragraph 6,accept,ocular tolerability/adverse findings,True,True,A,0.95,pmc_full_text,True,"In a single dose setting of 900 μg per eye, QR-110 was well tolerated for up to 28 days, and no adverse findings related to QR-110 were observed (Figure S4).",Full-text passage reports non-human-primate tolerability and absence of adverse findings after administered QR-110 oligonucleotide.,codex_gpt-5.5_manual_agent,accept,ni_jie,A,
1298,toxicity_endpoint,1297,inotersen,29972757,PMC12611561manuscript-id: NIHMS2093392,10.1056/NEJMoa1716793,Inotersen Treatment for Patients with Hereditary Transthyretin Amyloidosis.,hematological/thrombocytopenia,A,RESULTS > SAFETY; paragraph 26,abstain,none,False,False,NA,0.0,none,False,NONE,no source passage available; abstain required by Task A contract,codex_no_source_abstain_rule,reject,ni_jie,C,Reject: PMID 29972757; inotersen remains unsupported for hematological/thrombocytopenia after abstract-level review of 'Inotersen Treatment for Patients with Hereditary Transthyretin Amyloidosis.'.
1299,toxicity_endpoint,1298,significant,29316633,PMC5796116,10.3390/ijms19010167,Investigation of New Morpholino Oligomers to Increase Survival Motor Neuron Protein Levels in Spinal Muscular Atrophy.,hepatic/hepatotoxicity,A,2. Results > 2.2. Upregulation of SMN in SMA iPSCs; paragraph 10,abstain,none,False,False,NA,0.0,none,False,NONE,no source passage available; abstain required by Task A contract,codex_no_source_abstain_rule,reject,ni_jie,C,"Reject: PMID 29316633; the abstained record was checked at abstract level, but hepatic/hepatotoxicity is still not directly recoverable for significant."
1300,toxicity_endpoint,1299,sites,29246294,PMC5633351,10.1016/j.omtn.2017.09.002,Rational Design of Short Locked Nucleic Acid-Modified 2'-O-Methyl Antisense Oligonucleotides for Efficient Exon-Skipping In Vitro.,hepatic/hepatotoxicity,C,Discussion; paragraph 13,abstain,none,False,False,NA,0.0,none,False,NONE,no source passage available; abstain required by Task A contract,codex_no_source_abstain_rule,reject,ni_jie,C,"Reject: PMID 29246294; the abstained record was checked at abstract level, but hepatic/hepatotoxicity is still not directly recoverable for sites."
1301,toxicity_endpoint,1300,significant,29246296,PMC5633255,10.1016/j.omtn.2017.09.004,Antisense Oligonucleotides Targeting Y-Box Binding Protein-1 Inhibit Tumor Angiogenesis by Downregulating Bcl-xL-VEGFR2/-Tie Axes.,hepatic/hepatotoxicity,A,Results > Establishment of an ASO-Based YB-1 Knockdown System; paragraph 5,abstain,none,False,False,NA,0.0,none,False,NONE,no source passage available; abstain required by Task A contract,codex_no_source_abstain_rule,reject,ni_jie,C,Reject: PMID 29246296; 'Antisense Oligonucleotides Targeting Y-Box Binding Protein-1 Inhibit Tumor Angiogenesis by Dow?' does not provide a sufficiently specific administered-oligo toxicity endpoint for significant.
1302,toxicity_endpoint,1301,significant,27285612,PMC4927712,10.3791/53776,Multi-exon Skipping Using Cocktail Antisense Oligonucleotides in the Canine X-linked Muscular Dystrophy.,hepatic/hepatotoxicity,A,Representative Results; paragraph 72,abstain,none,False,False,NA,0.0,none,False,NONE,no source passage available; abstain required by Task A contract,codex_no_source_abstain_rule,reject,ni_jie,C,Reject: PMID 27285612; no source passage or abstract wording gives a dependable toxicity call for significant.
1303,toxicity_endpoint,1302,unspecified siRNA,26573217,PMC5064753,10.1002/ana.24555,Longitudinal effect of eteplirsen versus historical control on ambulation in Duchenne muscular dystrophy.,general safety/systemic safety/tolerability,A,Results > Safety; paragraph 47,abstain,none,False,False,NA,0.0,none,False,NONE,no source passage available; abstain required by Task A contract,codex_no_source_abstain_rule,reject,ni_jie,C,Reject: PMID 26573217; unspecified siRNA remains unsupported for general safety/systemic safety/tolerability after abstract-level review of 'Longitudinal effect of eteplirsen versus historical control on ambulation in Duchenne muscular?'.
1304,toxicity_endpoint,1303,significant,26623937,PMC5014533,10.1038/mtna.2015.39,Evaluation of 2'-Deoxy-2'-fluoro Antisense Oligonucleotides for Exon Skipping in Duchenne Muscular Dystrophy.,hepatic/hepatotoxicity,A,Results > In vivo evaluation; paragraph 10,abstain,none,False,False,NA,0.0,none,False,NONE,no source passage available; abstain required by Task A contract,codex_no_source_abstain_rule,reject,ni_jie,C,"Reject: PMID 26623937; the abstained record was checked at abstract level, but hepatic/hepatotoxicity is still not directly recoverable for significant."
1305,toxicity_endpoint,1304,unspecified siRNA,25915865,PMC4410960,10.1371/journal.pone.0125494,Towards Fluorescence In Vivo Hybridization (FIVH) Detection of H. pylori in Gastric Mucosa Using Advanced LNA Probes.,hepatic/hepatotoxicity,A,Results > 5. Toxicity studies; paragraph 47,reject,NA,True,False,NA,0.95,pmc_full_text,False,NONE,"Rejected: toxicity testing is for an LNA/2OMe FISH diagnostic probe/tool oligonucleotide, not a therapeutic oligo product.",codex_gpt-5.5_manual_agent,reject,ni_jie,C,"Reject: PMID 25915865; Rejected: toxicity testing is for an LNA/2OMe FISH diagnostic probe/tool oligonucleotide, not a therapeutic oligo product."
1306,toxicity_endpoint,1305,signs,24308267,PMC3908873manuscript-id: NIHMS548399,10.1021/nn4053827,Cell surface self-assembly of hybrid nanoconjugates via oligonucleotide hybridization induces apoptosis.,hepatic/hepatotoxicity,B,MATERIALS AND METHODS > In vivo anticancer efficacy; paragraph 31,accept,organ histology/body weight/systemic toxicity,True,True,A,0.95,pmc_full_text,True,"Importantly, histology suggested no toxicity caused by the treatments in any of the tissues evaluated; this corresponded to a stable body weight growth of the treated animals (Supplementary Figure S13).",Full-text passage reports in vivo organ histology and body-weight safety after Fab-MORF1/P-MORF2 nanomedicine treatment.,codex_gpt-5.5_manual_agent,accept,ni_jie,A,
1307,toxicity_endpoint,1306,similar,23344236,PMC3464881,10.1038/mtna.2012.38,Long-term Exon Skipping Studies With 2'-O-Methyl Phosphorothioate Antisense Oligonucleotides in Dystrophic Mouse Models.,hepatic/hepatotoxicity,A,Results > AON uptake and exon in mdx and mdx/utrn+/− mice; paragraph 7,abstain,none,False,False,NA,0.0,none,False,NONE,no source passage available; abstain required by Task A contract,codex_no_source_abstain_rule,reject,ni_jie,C,"Reject: PMID 23344236; the abstained record was checked at abstract level, but hepatic/hepatotoxicity is still not directly recoverable for similar."
1308,toxicity_endpoint,1307,PCSK9,22108858,PMC3277239,10.1038/mt.2011.260,PCSK9 LNA antisense oligonucleotides induce sustained reduction of LDL cholesterol in nonhuman primates.,hepatic/hepatotoxicity,B,Abstract; paragraph 1,abstain,none,False,False,NA,0.0,none,False,NONE,no source passage available; abstain required by Task A contract,codex_no_source_abstain_rule,reject,ni_jie,C,Reject: PMID 22108858; no source passage or abstract wording gives a dependable toxicity call for PCSK9.
1309,toxicity_endpoint,1308,siRNA,23344237,PMC3464879,10.1038/mtna.2012.32,"Development of a 2',4'-BNA/LNA-based siRNA for Dyslipidemia and Assessment of the Effects of Its Chemical Modifications In Vivo.",hepatic/hepatotoxicity,A,Results > Hepatotoxicity and nephrotoxicity in each siRNA-treated group; paragraph 17,abstain,none,False,False,NA,0.0,none,False,NONE,no source passage available; abstain required by Task A contract,codex_no_source_abstain_rule,reject,ni_jie,C,Reject: PMID 23344237; available abstract is not enough to curate hepatic/hepatotoxicity for siRNA as a verified toxicity record.
1310,toxicity_endpoint,1309,signal,20924365,PMC3017443,10.1038/mt.2010.212,Antisense-induced myostatin exon skipping leads to muscle hypertrophy in mice following octa-guanidine morpholino oligomer treatment.,hepatic/hepatotoxicity,B,Abstract; paragraph 1,abstain,none,False,False,NA,0.0,none,False,NONE,no source passage available; abstain required by Task A contract,codex_no_source_abstain_rule,reject,ni_jie,C,Reject: PMID 20924365; no source passage or abstract wording gives a dependable toxicity call for signal.
1311,toxicity_endpoint,1310,single,42018666,,10.1126/scitranslmed.adx3491,Preclinical evaluation of antisense oligonucleotide therapy in a mouse model of HNRNPH2-related neurodevelopmental disorder.,hepatic/hepatotoxicity,B,PubMed abstract,abstain,none,False,False,NA,0.0,none,False,NONE,no source passage available; abstain required by Task A contract,codex_no_source_abstain_rule,reject,ni_jie,C,"Reject: PMID 42018666; the abstained record was checked at abstract level, but hepatic/hepatotoxicity is still not directly recoverable for single."
1312,toxicity_endpoint,1311,silica-based,41663223,,10.1016/j.aca.2026.345156,"Synthesis, characterization, and application of sorbents for the mixed-mode extraction of antisense oligonucleotides from cerebrospinal fluid samples.",hepatic/hepatotoxicity,B,PubMed abstract,abstain,none,False,False,NA,0.0,none,False,NONE,no source passage available; abstain required by Task A contract,codex_no_source_abstain_rule,reject,ni_jie,C,Reject: PMID 41663223 abstract/title reviewed; no clear in-scope hepatic/hepatotoxicity endpoint is grounded for silica-based.
1313,toxicity_endpoint,1312,siRNA,42173448,,10.1016/j.jconrel.2026.115039,Biomimetic lipid nanoparticles for macrophage reprogramming in cancer immunotherapy.,hepatic/hepatotoxicity,C,PubMed abstract,abstain,none,False,False,NA,0.0,none,False,NONE,no source passage available; abstain required by Task A contract,codex_no_source_abstain_rule,reject,ni_jie,C,Reject: PMID 42173448; siRNA remains unsupported for hepatic/hepatotoxicity after abstract-level review of 'Biomimetic lipid nanoparticles for macrophage reprogramming in cancer immunotherapy.'.
1314,toxicity_endpoint,1313,single,41949512,,10.1016/j.jacc.2026.03.034,Efficacy of Tonlamarsen in Patients With Uncontrolled Hypertension: The KARDINAL Phase 2 Randomized Clinical Trial.,hepatic/hepatotoxicity,B,PubMed abstract,abstain,none,False,False,NA,0.0,none,False,NONE,no source passage available; abstain required by Task A contract,codex_no_source_abstain_rule,reject,ni_jie,C,Reject: PMID 41949512; single remains unsupported for hepatic/hepatotoxicity after abstract-level review of 'Efficacy of Tonlamarsen in Patients With Uncontrolled Hypertension: The KARDINAL Phase 2 Rando?'.
1315,toxicity_endpoint,1314,siRNA,41832731,,10.2174/0113894501438507251212062604,"The Computational Journey of siRNA Silencing Efficiency: Resources, Methods, and Future Directions.",hepatic/hepatotoxicity,B,PubMed abstract,reject,NA,False,False,NA,0.95,pubmed_abstract,False,NONE,"Rejected: review abstract discusses siRNA design resources and future safety modeling needs, not a primary administered/measured toxicity endpoint.",codex_gpt-5.5_manual_agent,reject,ni_jie,C,"Reject: PMID 41832731; Rejected: review abstract discusses siRNA design resources and future safety modeling needs, not a primary administered/measured toxicity endpoint."
1316,toxicity_endpoint,1315,single,41707138,,10.1056/NEJMoa2407326,An Antibody-Oligonucleotide Conjugate for Myotonic Dystrophy Type 1.,hepatic/hepatotoxicity,B,PubMed abstract,abstain,none,False,False,NA,0.0,none,False,NONE,no source passage available; abstain required by Task A contract,codex_no_source_abstain_rule,reject,ni_jie,C,Reject: PMID 41707138; available abstract is not enough to curate hepatic/hepatotoxicity for single as a verified toxicity record.
1317,toxicity_endpoint,1316,Silencing,41797405,,10.1021/acsnano.5c16693,Lung-Accumulating Mucin 5AC Silencing by Noninflammatory Lipid Nanoparticles for Asthma Treatment.,hepatic/hepatotoxicity,B,PubMed abstract,accept,biosafety/inflammatory tolerability,True,True,B,0.90,pubmed_abstract,True,"After three rounds of screening-evaluating gene silencing efficiency (in vitro and in vivo), LNP physicochemical properties and biosafety─we identify a lead candidate formulation (Formulation 1) that achieves 85% MUC5AC silencing efficiency in vivo, outperforming the integrin αvβ6 ligand-modified siRNA (69%), and demonstrates notably improved biosafety when compared to SM102 LNPs and MC3 LNPs.",PubMed abstract reports observed biosafety comparison for the lead siRNA LNP formulation against reference LNP carriers.,codex_gpt-5.5_manual_agent,accept,ni_jie,B,
1318,toxicity_endpoint,1317,siRNA,41528981,,10.1158/1078-0432.CCR-25-3189,A Phase II Trial of an Extended-Release siRNA Implant Targeting KRASG12D/V in Locally Advanced Pancreatic Cancer.,hepatic/hepatotoxicity,B,PubMed abstract,abstain,none,False,False,NA,0.0,none,False,NONE,no source passage available; abstain required by Task A contract,codex_no_source_abstain_rule,reject,ni_jie,C,Reject: PMID 41528981; 'A Phase II Trial of an Extended-Release siRNA Implant Targeting KRASG12D/V in Locally Advanced?' does not provide a sufficiently specific administered-oligo toxicity endpoint for siRNA.
1319,toxicity_endpoint,1318,similar,41213485,,10.1016/j.ijpharm.2025.126364,Theoretical calculation of the amounts of nucleotide deletion impurities in oligonucleotides.,renal/renal safety,B,PubMed abstract,abstain,none,False,False,NA,0.0,none,False,NONE,no source passage available; abstain required by Task A contract,codex_no_source_abstain_rule,reject,ni_jie,C,Reject: PMID 41213485; available abstract is not enough to curate renal/renal safety for similar as a verified toxicity record.
1320,toxicity_endpoint,1319,sites,41849580,,10.1126/scitranslmed.adv0702,Selective targeting of mutant huntingtin intron 1 improves rescue provided by antisense oligonucleotides in Huntington's disease mice.,hepatic/hepatotoxicity,C,PubMed abstract,abstain,none,False,False,NA,0.0,none,False,NONE,no source passage available; abstain required by Task A contract,codex_no_source_abstain_rule,reject,ni_jie,C,Reject: PMID 41849580 abstract/title reviewed; no clear in-scope hepatic/hepatotoxicity endpoint is grounded for sites.
1321,toxicity_endpoint,1320,siRNA-mediated,41265187,,10.1016/j.colsurfb.2025.115284,Novel nanoparticle-combined therapy through EGFR and PD-L1 blockade: PFPR-siRNA-mediated suppressing NSCLC proliferation via PDT and enhanced antitumor immunity.,hepatic/hepatotoxicity,C,PubMed abstract,abstain,none,False,False,NA,0.0,none,False,NONE,no source passage available; abstain required by Task A contract,codex_no_source_abstain_rule,reject,ni_jie,C,Reject: PMID 41265187; siRNA-mediated remains unsupported for hepatic/hepatotoxicity after abstract-level review of 'Novel nanoparticle-combined therapy through EGFR and PD-L1 blockade: PFPR-siRNA-mediated suppr?'.
1322,toxicity_endpoint,1321,silencing,40999856,,10.1002/ps.70231,"RNA interference-mediated silencing of hypoxia-inducible factor 1 signaling pathway genes enhanced the hypoxia sensitivity in the brown-legged grain mite, Aleuroglyphus ovatus.",general safety/systemic safety/tolerability,C,PubMed abstract,reject,NA,False,False,NA,0.95,pubmed_abstract,False,NONE,Rejected: agricultural/storage-pest RNAi mortality study is excluded and not a therapeutic oligonucleotide safety endpoint.,codex_gpt-5.5_manual_agent,reject,ni_jie,C,Reject: PMID 40999856; Rejected: agricultural/storage-pest RNAi mortality study is excluded and not a therapeutic oligonucleotide safety endpoint.
1323,toxicity_endpoint,1322,inclisiran,40769373,,10.1016/j.ahj.2025.08.001,Design and rationale of a randomized clinical trial assessing the effect of inclisiran on atherosclerotic plaque in individuals without previous cardiovascular event and without flow- limiting lesions,general safety/systemic safety/tolerability,B,PubMed abstract,abstain,none,False,False,NA,0.0,none,False,NONE,no source passage available; abstain required by Task A contract,codex_no_source_abstain_rule,reject,ni_jie,C,Reject: PMID 40769373 abstract/title reviewed; no clear in-scope general safety/systemic safety/tolerability endpoint is grounded for inclisiran.
1324,toxicity_endpoint,1323,single,42208637,,10.1016/j.athoracsur.2026.05.016,Arterial Switch Operation in the First Two Days of Life.,hepatic/hepatotoxicity,B,PubMed abstract,abstain,none,False,False,NA,0.0,none,False,NONE,no source passage available; abstain required by Task A contract,codex_no_source_abstain_rule,reject,ni_jie,C,Reject: PMID 42208637; available abstract is not enough to curate hepatic/hepatotoxicity for single as a verified toxicity record.
1325,toxicity_endpoint,1324,bepirovirsen,42206582,,10.1056/NEJMoa2515131,Phase 3 Results of Bepirovirsen Treatment for Chronic Hepatitis B Virus Infection.,hepatic/hepatotoxicity,B,PubMed abstract,abstain,none,False,False,NA,0.0,none,False,NONE,no source passage available; abstain required by Task A contract,codex_no_source_abstain_rule,reject,ni_jie,C,Reject: PMID 42206582; 'Phase 3 Results of Bepirovirsen Treatment for Chronic Hepatitis B Virus Infection.' does not provide a sufficiently specific administered-oligo toxicity endpoint for bepirovirsen.
1326,toxicity_endpoint,1325,significantly,42203013,,10.1016/j.exer.2026.111087,R-loop-associated regulator VDAC1 drives malignant phenotypes in uveal melanoma.,hepatic/hepatotoxicity,B,PubMed abstract,abstain,none,False,False,NA,0.0,none,False,NONE,no source passage available; abstain required by Task A contract,codex_no_source_abstain_rule,reject,ni_jie,C,Reject: PMID 42203013; significantly remains unsupported for hepatic/hepatotoxicity after abstract-level review of 'R-loop-associated regulator VDAC1 drives malignant phenotypes in uveal melanoma.'.
1327,toxicity_endpoint,1326,significant,42190775,,10.1016/j.ijbiomac.2026.152720,Characterization of a newly identified vitellogenin-like gene (LvVTG-like) and its role in the defense against Vibrio parahaemolyticus infection in Litopenaeus vannamei.,renal/renal safety,C,PubMed abstract,abstain,none,False,False,NA,0.0,none,False,NONE,no source passage available; abstain required by Task A contract,codex_no_source_abstain_rule,reject,ni_jie,C,Reject: PMID 42190775 abstract/title reviewed; no clear in-scope renal/renal safety endpoint is grounded for significant.
1328,toxicity_endpoint,1327,siRNA-mediated,42185680,,10.1007/s10735-026-10838-8,p97/VCP as a dual regulator of UPS and autophagy in ovarian cancer: a novel therapeutic target.,hepatic/hepatotoxicity,C,PubMed abstract,abstain,none,False,False,NA,0.0,none,False,NONE,no source passage available; abstain required by Task A contract,codex_no_source_abstain_rule,reject,ni_jie,C,Reject: PMID 42185680; 'p97/VCP as a dual regulator of UPS and autophagy in ovarian cancer: a novel therapeutic target.' does not provide a sufficiently specific administered-oligo toxicity endpoint for siRNA-mediated.
1329,toxicity_endpoint,1328,single,42173110,,10.1016/S2468-1253(26)00058-0,"The small interfering RNA imdusiran as single and multiple doses in healthy, randomised individuals and non-randomised individuals with chronic hepatitis B (AB-729-001): a phase 1a/b trial.",hepatic/hepatotoxicity,B,PubMed abstract,abstain,none,False,False,NA,0.0,none,False,NONE,no source passage available; abstain required by Task A contract,codex_no_source_abstain_rule,accept,ni_jie,B,"Accept B: PubMed abstract gives a direct abstract-level signal for hepatic/hepatotoxicity in single; no full passage, so curator kept confidence limited."
1330,toxicity_endpoint,1329,signaling,42156718,,10.1038/s41420-026-03157-0,Redox regulation of EGFR activation by thioredoxin reductase 3 drives resistance to EGFR inhibitors in triple-negative breast cancer.,hepatic/hepatotoxicity,B,PubMed abstract,abstain,none,False,False,NA,0.0,none,False,NONE,no source passage available; abstain required by Task A contract,codex_no_source_abstain_rule,reject,ni_jie,C,"Reject: PMID 42156718; the abstained record was checked at abstract level, but hepatic/hepatotoxicity is still not directly recoverable for signaling."
1331,toxicity_endpoint,1330,siRNA-based,42155048,,10.1093/eurheartj/ehag328,Lipoprotein apheresis in the era of new lipid-lowering therapies.,hepatic/hepatotoxicity,B,PubMed abstract sentence 5,abstain,none,False,False,NA,0.0,none,False,NONE,no source passage available; abstain required by Task A contract,codex_no_source_abstain_rule,reject,ni_jie,C,Reject: PMID 42155048; no source passage or abstract wording gives a dependable toxicity call for siRNA-based.
1332,toxicity_endpoint,1331,YBX1,42154661,,10.1152/ajpheart.00135.2026,Myocardial YBX1 is dispensable for cardiac development and function.,hepatic/hepatotoxicity,B,PubMed abstract,abstain,none,False,False,NA,0.0,none,False,NONE,no source passage available; abstain required by Task A contract,codex_no_source_abstain_rule,reject,ni_jie,C,Reject: PMID 42154661; 'Myocardial YBX1 is dispensable for cardiac development and function.' does not provide a sufficiently specific administered-oligo toxicity endpoint for YBX1.
1333,toxicity_endpoint,1332,significantly,42144579,,10.1186/s12865-026-00846-4,IL-21 rs2055979 and serum IL-21 levels are associated with both non-segmental and segmental vitiligo in an Iranian cohort.,hepatic/hepatotoxicity,B,PubMed abstract,abstain,none,False,False,NA,0.0,none,False,NONE,no source passage available; abstain required by Task A contract,codex_no_source_abstain_rule,reject,ni_jie,C,Reject: PMID 42144579; 'IL-21 rs2055979 and serum IL-21 levels are associated with both non-segmental and segmental vi?' does not provide a sufficiently specific administered-oligo toxicity endpoint for significantly.
1334,toxicity_endpoint,1333,significantly,42138477,,10.5603/ep.110841,The sodium-glucose cotransporter 2 inhibitor empagliflozin reverses hyperglycemia-triggered vascular endothelial cell dysfunction by regulating mitochondria dynamics.,renal/renal safety,B,PubMed abstract,abstain,none,False,False,NA,0.0,none,False,NONE,no source passage available; abstain required by Task A contract,codex_no_source_abstain_rule,reject,ni_jie,C,Reject: PMID 42138477; significantly remains unsupported for renal/renal safety after abstract-level review of 'The sodium-glucose cotransporter 2 inhibitor empagliflozin reverses hyperglycemia-triggered va?'.
1335,toxicity_endpoint,1334,silencing,42136331,,10.3881/j.issn.1000-503X.16674,Pan-Cancer Landscape of Thymine DNA Glycosylase and Its Potential Role in Lung Adenocarcinoma.,hepatic/hepatotoxicity,B,PubMed abstract,abstain,none,False,False,NA,0.0,none,False,NONE,no source passage available; abstain required by Task A contract,codex_no_source_abstain_rule,reject,ni_jie,C,Reject: PMID 42136331; silencing remains unsupported for hepatic/hepatotoxicity after abstract-level review of 'Pan-Cancer Landscape of Thymine DNA Glycosylase and Its Potential Role in Lung Adenocarcinoma.'.
1336,toxicity_endpoint,1335,inclisiran,42132192,,10.1161/JAHA.125.043655,"Low-Density Lipoprotein Cholesterol Lowering With Inclisiran Plus Usual Care in Recent Acute Coronary Syndrome: VICTORION-INCEPTION, a Randomized, Controlled, Open-Label Trial.",general safety/systemic safety/tolerability,B,PubMed abstract,abstain,none,False,False,NA,0.0,none,False,NONE,no source passage available; abstain required by Task A contract,codex_no_source_abstain_rule,reject,ni_jie,C,"Reject: PMID 42132192; the abstained record was checked at abstract level, but general safety/systemic safety/tolerability is still not directly recoverable for inclisiran."
1337,toxicity_endpoint,1336,Signaling,42116759,,10.5152/tjg.2026.25775,"Aspirin (Acetylsalicylic Acid) Exerts Antineoplastic Effects on Bile Duct Carcinoma Cells Through Modulation of COX-2/ EGFR, AMPK, and IGF-1R Signaling Pathways.",hepatic/hepatotoxicity,C,PubMed abstract,abstain,none,False,False,NA,0.0,none,False,NONE,no source passage available; abstain required by Task A contract,codex_no_source_abstain_rule,reject,ni_jie,C,Reject: PMID 42116759; Signaling remains unsupported for hepatic/hepatotoxicity after abstract-level review of 'Aspirin (Acetylsalicylic Acid) Exerts Antineoplastic Effects on Bile Duct Carcinoma Cells Thro?'.
1338,toxicity_endpoint,1337,significantly,42107693,,10.1016/j.lfs.2026.124447,CircClint1/miR-378b/NPDC1 axis: A novel therapeutic target and biomarker for myocardial infarction.,hepatic/hepatotoxicity,B,PubMed abstract,abstain,none,False,False,NA,0.0,none,False,NONE,no source passage available; abstain required by Task A contract,codex_no_source_abstain_rule,reject,ni_jie,C,Reject: PMID 42107693; 'CircClint1/miR-378b/NPDC1 axis: A novel therapeutic target and biomarker for myocardial infarc?' does not provide a sufficiently specific administered-oligo toxicity endpoint for significantly.
1339,toxicity_endpoint,1338,signaling,42106016,,10.1016/j.jep.2026.121833,Herb pair of Eucommiae Folium and Gardeniae Fructus enhanced hippocampal PACAP-mediated neuroplasticity via the non-classic downstream PI3K/AKT signaling to exert antidepressant effects.,hepatic/hepatotoxicity,B,PubMed abstract,abstain,none,False,False,NA,0.0,none,False,NONE,no source passage available; abstain required by Task A contract,codex_no_source_abstain_rule,reject,ni_jie,C,Reject: PMID 42106016; available abstract is not enough to curate hepatic/hepatotoxicity for signaling as a verified toxicity record.
1340,toxicity_endpoint,1339,significantly,42092626,,10.1016/j.pupt.2026.102422,Synergistic induction of apoptosis in lung cancer cells via TOP2A targeting through combined dihydroartemisinin and chrysin treatment.,genotoxicity/DNA damage response,C,PubMed abstract,abstain,none,False,False,NA,0.0,none,False,NONE,no source passage available; abstain required by Task A contract,codex_no_source_abstain_rule,reject,ni_jie,C,"Reject: PMID 42092626; the abstained record was checked at abstract level, but genotoxicity/DNA damage response is still not directly recoverable for significantly."
1341,toxicity_endpoint,1340,silencing,42092489,,10.1016/j.jlr.2026.101053,HIV-1 Tat-induced VAPB disruption initiates a cascade of organellar failures culminating in neuronal lipid accumulation.,hepatic/hepatotoxicity,C,PubMed abstract,abstain,none,False,False,NA,0.0,none,False,NONE,no source passage available; abstain required by Task A contract,codex_no_source_abstain_rule,reject,ni_jie,C,Reject: PMID 42092489; 'HIV-1 Tat-induced VAPB disruption initiates a cascade of organellar failures culminating in ne?' does not provide a sufficiently specific administered-oligo toxicity endpoint for silencing.
1342,toxicity_endpoint,1341,silences,42068681,,10.1016/j.jcis.2026.140604,Tumor microenvironment-activated nanoplatform via Fe(3+)-mediated self-assembly for synergistic chemodynamic/gene/chemo therapy.,hepatic/hepatotoxicity,B,PubMed abstract,abstain,none,False,False,NA,0.0,none,False,NONE,no source passage available; abstain required by Task A contract,codex_no_source_abstain_rule,reject,ni_jie,C,Reject: PMID 42068681; available abstract is not enough to curate hepatic/hepatotoxicity for silences as a verified toxicity record.
1343,toxicity_endpoint,1342,significantly,42034417,,10.1016/j.pestbp.2026.107104,Nano-bioprotectant dsRsGH1@ε-PL@CMCS enhances RNAi efficacy against Rhizoctonia solani via dual mechanisms: Interacting with the vesicle transport protein SEC22 and modulating the tobacco phyllosphere,hepatic/hepatotoxicity,B,PubMed abstract,abstain,none,False,False,NA,0.0,none,False,NONE,no source passage available; abstain required by Task A contract,codex_no_source_abstain_rule,reject,ni_jie,C,Reject: PMID 42034417; 'Nano-bioprotectant dsRsGH1@ε-PL@CMCS enhances RNAi efficacy against Rhizoctonia solani via dua?' does not provide a sufficiently specific administered-oligo toxicity endpoint for significantly.
1344,toxicity_endpoint,1343,signaling,42030890,,10.1016/j.intimp.2026.116665,Targeting NBL1/PI3K/AKT axis to enhance the chemosensitivity and radiosensitivity of esophageal squamous cell carcinoma.,hepatic/hepatotoxicity,B,PubMed abstract,abstain,none,False,False,NA,0.0,none,False,NONE,no source passage available; abstain required by Task A contract,codex_no_source_abstain_rule,reject,ni_jie,C,"Reject: PMID 42030890; the abstained record was checked at abstract level, but hepatic/hepatotoxicity is still not directly recoverable for signaling."
1345,toxicity_endpoint,1344,simple,41996006,,10.1007/s40291-026-00848-3,Therapeutic Strategies Targeting the Molecular Pathogenesis of Myotonic Dystrophy Type 1: Current Status and Future Directions.,hepatic/hepatotoxicity,B,PubMed abstract,abstain,none,False,False,NA,0.0,none,False,NONE,no source passage available; abstain required by Task A contract,codex_no_source_abstain_rule,reject,ni_jie,C,Reject: PMID 41996006 abstract/title reviewed; no clear in-scope hepatic/hepatotoxicity endpoint is grounded for simple.
1346,toxicity_endpoint,1345,signaling,41980472,,10.1016/j.prp.2026.156468,ACE2 impairs epidermal regeneration by inhibiting TNC expression and PI3K/AKT/mTOR signaling.,general safety/systemic safety/tolerability,B,PubMed abstract,abstain,none,False,False,NA,0.0,none,False,NONE,no source passage available; abstain required by Task A contract,codex_no_source_abstain_rule,reject,ni_jie,C,"Reject: PMID 41980472; the abstained record was checked at abstract level, but general safety/systemic safety/tolerability is still not directly recoverable for signaling."
1347,toxicity_endpoint,1346,ANGPTL3,41946917,,10.1038/s41591-026-04307-8,Zodasiran for cholesterol and triglyceride lowering in patients with hyperlipidemia: final report of phase 1 basket trial.,hepatic/hepatotoxicity,B,PubMed abstract,abstain,none,False,False,NA,0.0,none,False,NONE,no source passage available; abstain required by Task A contract,codex_no_source_abstain_rule,reject,ni_jie,C,Reject: PMID 41946917 abstract/title reviewed; no clear in-scope hepatic/hepatotoxicity endpoint is grounded for ANGPTL3.
1348,toxicity_endpoint,1347,siRNA,41946126,,10.1016/j.intimp.2026.116591,TFEB has a protective effect in cisplatin induced AKI through regulating exosome-MVBs pathway.,hepatic/hepatotoxicity,C,PubMed abstract,abstain,none,False,False,NA,0.0,none,False,NONE,no source passage available; abstain required by Task A contract,codex_no_source_abstain_rule,reject,ni_jie,C,Reject: PMID 41946126; siRNA remains unsupported for hepatic/hepatotoxicity after abstract-level review of 'TFEB has a protective effect in cisplatin induced AKI through regulating exosome-MVBs pathway.'.
1349,toxicity_endpoint,1348,significant,41935388,,10.2174/0127724328440604260225063619,Emerging Pharmacological Therapies in the Management of Hyperlipidemia.,hepatic/hepatotoxicity,B,PubMed abstract,abstain,none,False,False,NA,0.0,none,False,NONE,no source passage available; abstain required by Task A contract,codex_no_source_abstain_rule,reject,ni_jie,C,Reject: PMID 41935388; significant remains unsupported for hepatic/hepatotoxicity after abstract-level review of 'Emerging Pharmacological Therapies in the Management of Hyperlipidemia.'.
1350,toxicity_endpoint,1349,since,41919975,,10.1097/MOP.0000000000001558,Treatment advances for Duchenne muscular dystrophy.,hepatic/hepatotoxicity,C,PubMed abstract,abstain,none,False,False,NA,0.0,none,False,NONE,no source passage available; abstain required by Task A contract,codex_no_source_abstain_rule,reject,ni_jie,C,Reject: PMID 41919975; 'Treatment advances for Duchenne muscular dystrophy.' does not provide a sufficiently specific administered-oligo toxicity endpoint for since.
1351,toxicity_endpoint,1350,silencing,41876745,,10.1038/s41401-026-01788-8,BMAL1 silencing as a promising chemosensitizing strategy for triple-negative breast cancer.,hepatic/hepatotoxicity,B,PubMed abstract,reject,NA,False,True,NA,0.95,pubmed_abstract,False,NONE,"Rejected: apoptosis and DNA-damage effects are cancer chemosensitization efficacy readouts, not safety/toxicity of the siRNA/LNP product.",codex_gpt-5.5_manual_agent,reject,ni_jie,C,"Reject: PMID 41876745; Rejected: apoptosis and DNA-damage effects are cancer chemosensitization efficacy readouts, not safety/toxicity of the siRNA/LNP product."
1352,toxicity_endpoint,1351,Signaling,41854123,,10.1177/1096620X261434812,Neohesperidin from Aurantii Fructus Immaturus Exerts Antidepressant-Like Effects and Modulates Glucocorticoid Receptor Signaling in a Chronic Stress Model.,hepatic/hepatotoxicity,C,PubMed abstract,abstain,none,False,False,NA,0.0,none,False,NONE,no source passage available; abstain required by Task A contract,codex_no_source_abstain_rule,reject,ni_jie,C,Reject: PMID 41854123; no source passage or abstract wording gives a dependable toxicity call for Signaling.
1353,toxicity_endpoint,1352,Sixty-five,41830315,,10.1111/all.70294,Switching Long-Term Prophylaxis to Donidalorsen for Hereditary Angioedema: 1-Year OASISplus Results.,general safety/systemic safety/tolerability,B,PubMed abstract,abstain,none,False,False,NA,0.0,none,False,NONE,no source passage available; abstain required by Task A contract,codex_no_source_abstain_rule,reject,ni_jie,C,Reject: PMID 41830315; 'Switching Long-Term Prophylaxis to Donidalorsen for Hereditary Angioedema: 1-Year OASISplus Re?' does not provide a sufficiently specific administered-oligo toxicity endpoint for Sixty-five.
1354,toxicity_endpoint,1353,significantly,41818942,,10.1016/j.phymed.2026.158040,Indole-3-carbinol attenuates cisplatin-induced premature ovarian failure by activating Nrf2 through competitive binding of Keap1.,general safety/cell viability/cytotoxicity,C,PubMed abstract,abstain,none,False,False,NA,0.0,none,False,NONE,no source passage available; abstain required by Task A contract,codex_no_source_abstain_rule,reject,ni_jie,C,"Reject: PMID 41818942; the abstained record was checked at abstract level, but general safety/cell viability/cytotoxicity is still not directly recoverable for significantly."
1355,toxicity_endpoint,1354,site,41802598,,10.1016/j.anai.2026.02.019,"Donidalorsen for hereditary angioedema: Long-term results from a 4-year, phase 2, open-label extension study.",general safety/systemic safety/tolerability,B,PubMed abstract,abstain,none,False,False,NA,0.0,none,False,NONE,no source passage available; abstain required by Task A contract,codex_no_source_abstain_rule,reject,ni_jie,C,Reject: PMID 41802598 abstract/title reviewed; no clear in-scope general safety/systemic safety/tolerability endpoint is grounded for site.
1356,toxicity_endpoint,1355,single-ascending-dose,41780062,,10.1056/NEJMoa2506295,Zorevunersen in Children and Adolescents with Dravet Syndrome.,general safety/systemic safety/tolerability,B,PubMed abstract,abstain,none,False,False,NA,0.0,none,False,NONE,no source passage available; abstain required by Task A contract,codex_no_source_abstain_rule,reject,ni_jie,C,Reject: PMID 41780062; single-ascending-dose remains unsupported for general safety/systemic safety/tolerability after abstract-level review of 'Zorevunersen in Children and Adolescents with Dravet Syndrome.'.
1357,toxicity_endpoint,1356,silenced,41763165,,10.1016/j.intimp.2026.116448,Non-steroidal mineralocorticoid receptor antagonist finerenone ameliorates diabetic nephropathy via suppressing SLC7A11-mediated ferroptosis.,renal/renal safety,B,PubMed abstract,abstain,none,False,False,NA,0.0,none,False,NONE,no source passage available; abstain required by Task A contract,codex_no_source_abstain_rule,reject,ni_jie,C,Reject: PMID 41763165; 'Non-steroidal mineralocorticoid receptor antagonist finerenone ameliorates diabetic nephropath?' does not provide a sufficiently specific administered-oligo toxicity endpoint for silenced.
1358,toxicity_endpoint,1357,silencing,41709848,,10.1039/d5tb02487k,Effective inhibition of lung metastatic melanoma by pH-responsive lipopeptide/PLGA hybrid nanoparticles silencing PD-L1 with augmented suppression of the AKT/β-catenin pathway.,hepatic/hepatotoxicity,B,PubMed abstract,reject,NA,False,True,NA,0.95,pubmed_abstract,False,NONE,"Rejected: passage reports antitumor efficacy and immune modulation for PD-L1 siRNA/resveratrol nanoparticles; adverse-event language refers to checkpoint inhibitors generally, not product toxicity.",codex_gpt-5.5_manual_agent,reject,ni_jie,C,"Reject: PMID 41709848; Rejected: passage reports antitumor efficacy and immune modulation for PD-L1 siRNA/resveratrol nanoparticles; adverse-event language refers to checkpoint inhibitors generally, not product toxicity."
1359,toxicity_endpoint,1358,siRNA,41655546,,10.1016/j.phymed.2026.157886,Eicosapentaenoic acid attenuates heart failure with preserved ejection fraction via promoting TREM2-dependent efferocytosis.,hepatic/hepatotoxicity,C,PubMed abstract,abstain,none,False,False,NA,0.0,none,False,NONE,no source passage available; abstain required by Task A contract,codex_no_source_abstain_rule,reject,ni_jie,C,Reject: PMID 41655546; no source passage or abstract wording gives a dependable toxicity call for siRNA.
1360,toxicity_endpoint,1359,significantly,41629025,,10.1016/j.pestbp.2026.106957,BmC-LZM-like2/4 mediates antiviral defense against BmNPV via dorsal pathway.,hepatic/hepatotoxicity,C,PubMed abstract,abstain,none,False,False,NA,0.0,none,False,NONE,no source passage available; abstain required by Task A contract,codex_no_source_abstain_rule,reject,ni_jie,C,"Reject: PMID 41629025; the abstained record was checked at abstract level, but hepatic/hepatotoxicity is still not directly recoverable for significantly."
1361,toxicity_endpoint,1360,siRNA-mediated,41617458,,10.21873/anticanres.17977,Selective Inhibition of Protein Kinase D2 Activity Reduces Human Neutrophil Survival.,general safety/cell viability/cytotoxicity,C,PubMed abstract sentence 4,abstain,none,False,False,NA,0.0,none,False,NONE,no source passage available; abstain required by Task A contract,codex_no_source_abstain_rule,reject,ni_jie,C,Reject: PMID 41617458; available abstract is not enough to curate general safety/cell viability/cytotoxicity for siRNA-mediated as a verified toxicity record.
1362,toxicity_endpoint,1361,significantly,41611156,,10.1016/j.ijbiomac.2026.150576,Aptamer-mediated targeted approach to disrupt oncogenic HSP90α.,hepatic/hepatotoxicity,C,PubMed abstract,abstain,none,False,False,NA,0.0,none,False,NONE,no source passage available; abstain required by Task A contract,codex_no_source_abstain_rule,reject,ni_jie,C,Reject: PMID 41611156; available abstract is not enough to curate hepatic/hepatotoxicity for significantly as a verified toxicity record.
1363,toxicity_endpoint,1362,siRNA,41587381,,10.1096/fj.202502868R,Dapagliflozin Attenuates Atherosclerosis Under Chronic Stress by Maintaining AKT/FoxO1 Pathway Through Downregulation of REDD1.,hepatic/hepatotoxicity,C,PubMed abstract,abstain,none,False,False,NA,0.0,none,False,NONE,no source passage available; abstain required by Task A contract,codex_no_source_abstain_rule,reject,ni_jie,C,Reject: PMID 41587381; no source passage or abstract wording gives a dependable toxicity call for siRNA.
1364,toxicity_endpoint,1363,size,41575474,,10.1007/s10495-026-02264-8,BMP7 attenuates myocardial injury and preserves cardiac function after myocardial infarction by inhibiting cardiomyocyte pyroptosis.,hepatic/hepatotoxicity,B,PubMed abstract,abstain,none,False,False,NA,0.0,none,False,NONE,no source passage available; abstain required by Task A contract,codex_no_source_abstain_rule,reject,ni_jie,C,Reject: PMID 41575474; size remains unsupported for hepatic/hepatotoxicity after abstract-level review of 'BMP7 attenuates myocardial injury and preserves cardiac function after myocardial infarction b?'.
1365,toxicity_endpoint,1364,significant,41570782,,10.1016/j.phymed.2026.157836,Morus alba L. (Sangzhi) alkaloids alleviate diabetic nephropathy by suppressing endoplasmic reticulum stress and modulating AMPK-associated phosphatidylethanolamine content.,hepatic/hepatotoxicity,B,PubMed abstract,abstain,none,False,False,NA,0.0,none,False,NONE,no source passage available; abstain required by Task A contract,codex_no_source_abstain_rule,reject,ni_jie,C,Reject: PMID 41570782; no source passage or abstract wording gives a dependable toxicity call for significant.
1366,toxicity_endpoint,1365,Sirtuin,41549423,,10.1093/jleuko/qiag006,Sirtuin 1 is an endogenous NETosis inhibitor that becomes dysfunctional in diabetes.,hepatic/hepatotoxicity,C,PubMed abstract,abstain,none,False,False,NA,0.0,none,False,NONE,no source passage available; abstain required by Task A contract,codex_no_source_abstain_rule,reject,ni_jie,C,Reject: PMID 41549423; available abstract is not enough to curate hepatic/hepatotoxicity for Sirtuin as a verified toxicity record.
1367,toxicity_endpoint,1366,significant,41533526,,10.1161/CIRCRESAHA.125.326772,1-Phosphatidylinositol 3-Phosphate 5-Kinase Inhibition by Apilimod Promotes an Adipocyte-Like Vascular Smooth Muscle Cell Phenotype and Prevents Arterial Calcification.,hepatic/hepatotoxicity,B,PubMed abstract,abstain,none,False,False,NA,0.0,none,False,NONE,no source passage available; abstain required by Task A contract,codex_no_source_abstain_rule,reject,ni_jie,C,Reject: PMID 41533526; available abstract is not enough to curate hepatic/hepatotoxicity for significant as a verified toxicity record.
1368,toxicity_endpoint,1367,siRNA,41518406,,10.1007/s10495-025-02231-9,DDIT3 drives nucleus pulposus cell PANoptosis and intervertebral disc degeneration progression.,immunotoxicity/immune activation,C,PubMed abstract,abstain,none,False,False,NA,0.0,none,False,NONE,no source passage available; abstain required by Task A contract,codex_no_source_abstain_rule,reject,ni_jie,C,Reject: PMID 41518406; no source passage or abstract wording gives a dependable toxicity call for siRNA.
1369,toxicity_endpoint,1368,significantly,41512600,,10.1016/j.colsurfb.2026.115427,Enhancing properties of damaged hair through moisture control via construction of highly hydrophobic surface.,hepatic/hepatotoxicity,B,PubMed abstract,abstain,none,False,False,NA,0.0,none,False,NONE,no source passage available; abstain required by Task A contract,codex_no_source_abstain_rule,reject,ni_jie,C,"Reject: PMID 41512600; the abstained record was checked at abstract level, but hepatic/hepatotoxicity is still not directly recoverable for significantly."
1370,toxicity_endpoint,1369,silencing,41503700,,10.1111/apm.70127,Sevoflurane Preconditioning Mitigates Hypoxia and Reoxygenation Injury in Cardiomyocytes Through microRNA-451a Regulation.,hepatic/hepatotoxicity,B,PubMed abstract,abstain,none,False,False,NA,0.0,none,False,NONE,no source passage available; abstain required by Task A contract,codex_no_source_abstain_rule,reject,ni_jie,C,Reject: PMID 41503700 abstract/title reviewed; no clear in-scope hepatic/hepatotoxicity endpoint is grounded for silencing.
1371,toxicity_endpoint,1370,siRNA,41468644,,10.1016/j.bbrc.2025.153176,"Leveraging genomic conservation in emerging SARS-CoV-2 variants for precision diagnostics, vaccines, and RNAi therapeutics.",hepatic/hepatotoxicity,B,PubMed abstract,abstain,none,False,False,NA,0.0,none,False,NONE,no source passage available; abstain required by Task A contract,codex_no_source_abstain_rule,reject,ni_jie,C,"Reject: PMID 41468644; siRNA remains unsupported for hepatic/hepatotoxicity after abstract-level review of 'Leveraging genomic conservation in emerging SARS-CoV-2 variants for precision diagnostics, vac?'."
1372,toxicity_endpoint,1371,siRNA-mediated,41456811,,10.1016/j.freeradbiomed.2025.12.048,AIM2-mediated senescence of gingival fibroblasts exacerbates inflammaging in periodontitis.,hepatic/hepatotoxicity,B,PubMed abstract,abstain,none,False,False,NA,0.0,none,False,NONE,no source passage available; abstain required by Task A contract,codex_no_source_abstain_rule,reject,ni_jie,C,Reject: PMID 41456811; no source passage or abstract wording gives a dependable toxicity call for siRNA-mediated.
1373,toxicity_endpoint,1372,signaling,41456525,,10.1016/j.phymed.2025.157730,Paeoniflorin promotes therapeutic senescence in melanoma through endoplasmic reticulum stress and the calpain1/ERK5/p27 axis.,hepatic/hepatotoxicity,B,PubMed abstract,abstain,none,False,False,NA,0.0,none,False,NONE,no source passage available; abstain required by Task A contract,codex_no_source_abstain_rule,reject,ni_jie,C,"Reject: PMID 41456525; the abstained record was checked at abstract level, but hepatic/hepatotoxicity is still not directly recoverable for signaling."
1374,toxicity_endpoint,1373,significantly,41412541,,10.1016/j.abb.2025.110708,"Quercetin enhances muscle FNDC5/irisin, partly through AMPK activation, and induces white adipose tissue browning in high-fat-fed rats.",general safety/systemic safety/tolerability,B,PubMed abstract,abstain,none,False,False,NA,0.0,none,False,NONE,no source passage available; abstain required by Task A contract,codex_no_source_abstain_rule,reject,ni_jie,C,"Reject: PMID 41412541; the abstained record was checked at abstract level, but general safety/systemic safety/tolerability is still not directly recoverable for significantly."
1375,toxicity_endpoint,1374,elebsiran,41211943,,10.1056/NEJMoa2508827,A Phase 2 Trial of Tobevibart plus Elebsiran in Hepatitis D.,hepatic/hepatotoxicity,C,PubMed abstract sentence 5,abstain,none,False,False,NA,0.0,none,False,NONE,no source passage available; abstain required by Task A contract,codex_no_source_abstain_rule,reject,ni_jie,C,"Reject: PMID 41211943; the abstained record was checked at abstract level, but hepatic/hepatotoxicity is still not directly recoverable for elebsiran."
1376,toxicity_endpoint,1375,simulated,41199668,,10.1002/adhm.202503437,Glutathione-Depletable Nanoinducer for Boosting Immunomodulatory Synergistic Therapy to Reverse Breast Cancer Chemoresistance.,hepatic/hepatotoxicity,C,PubMed abstract,abstain,none,False,False,NA,0.0,none,False,NONE,no source passage available; abstain required by Task A contract,codex_no_source_abstain_rule,reject,ni_jie,C,Reject: PMID 41199668; simulated remains unsupported for hepatic/hepatotoxicity after abstract-level review of 'Glutathione-Depletable Nanoinducer for Boosting Immunomodulatory Synergistic Therapy to Revers?'.
1377,toxicity_endpoint,1376,significant,41120778,,10.1007/s13346-025-02001-9,Assessment of AAV/polyketal chimeric nanoparticles for ocular gene transduction using an animal model.,hepatic/hepatotoxicity,C,PubMed abstract,abstain,none,False,False,NA,0.0,none,False,NONE,no source passage available; abstain required by Task A contract,codex_no_source_abstain_rule,reject,ni_jie,C,Reject: PMID 41120778; available abstract is not enough to curate hepatic/hepatotoxicity for significant as a verified toxicity record.
1378,toxicity_endpoint,1377,single-cell,41043722,,10.1016/j.jhep.2025.09.022,Targeting cell-state plasticity driven by FOXM1/CEBPB axis disrupts developmental heterogeneity and therapeutic resistance in hepatocellular carcinoma.,hepatic/hepatotoxicity,B,PubMed abstract,abstain,none,False,False,NA,0.0,none,False,NONE,no source passage available; abstain required by Task A contract,codex_no_source_abstain_rule,reject,ni_jie,C,"Reject: PMID 41043722; the abstained record was checked at abstract level, but hepatic/hepatotoxicity is still not directly recoverable for single-cell."
1379,toxicity_endpoint,1378,nusinersen,41028674,,10.1007/978-1-0716-4738-7_2,DG9-Conjugated Morpholino Rescues Phenotype in Spinal Muscular Atrophy Mice.,hepatic/hepatotoxicity,B,PubMed abstract,abstain,none,False,False,NA,0.0,none,False,NONE,no source passage available; abstain required by Task A contract,codex_no_source_abstain_rule,reject,ni_jie,C,Reject: PMID 41028674; no source passage or abstract wording gives a dependable toxicity call for nusinersen.
1380,toxicity_endpoint,1379,DG9-Conjugated,41028673,,10.1007/978-1-0716-4738-7_1,DG9-Conjugated Morpholino-Based Exon 51-Skipping Therapy for Duchenne Muscular Dystrophy.,general safety/systemic safety/tolerability,C,PubMed abstract sentence 8,abstain,none,False,False,NA,0.0,none,False,NONE,no source passage available; abstain required by Task A contract,codex_no_source_abstain_rule,reject,ni_jie,C,Reject: PMID 41028673; 'DG9-Conjugated Morpholino-Based Exon 51-Skipping Therapy for Duchenne Muscular Dystrophy.' does not provide a sufficiently specific administered-oligo toxicity endpoint for DG9-Conjugated.
1381,toxicity_endpoint,1380,lumasiran,40982237,,10.1093/ndt/gfaf188,Long-term lumasiran therapy final results from a Phase 2 open-label extension study in primary hyperoxaluria.,hepatic/hepatotoxicity,B,PubMed abstract,abstain,none,False,False,NA,0.0,none,False,NONE,no source passage available; abstain required by Task A contract,codex_no_source_abstain_rule,reject,ni_jie,C,Reject: PMID 40982237 abstract/title reviewed; no clear in-scope hepatic/hepatotoxicity endpoint is grounded for lumasiran.
1382,toxicity_endpoint,1381,since,40957780,,10.1016/j.acvd.2025.07.010,Transcatheter closure of ostium secundum atrial septal defects in 2253 children and adults: Early outcomes.,general safety/systemic safety/tolerability,B,PubMed abstract,abstain,none,False,False,NA,0.0,none,False,NONE,no source passage available; abstain required by Task A contract,codex_no_source_abstain_rule,reject,ni_jie,C,Reject: PMID 40957780; 'Transcatheter closure of ostium secundum atrial septal defects in 2253 children and adults: Ea?' does not provide a sufficiently specific administered-oligo toxicity endpoint for since.
1383,toxicity_endpoint,1382,site-specific,40840061,,10.1016/j.jpba.2025.117097,Characterisation of small RNA-based therapeutics and their process impurities by fast and sensitive liquid chromatography high resolution mass spectrometry.,hepatic/hepatotoxicity,B,PubMed abstract,abstain,none,False,False,NA,0.0,none,False,NONE,no source passage available; abstain required by Task A contract,codex_no_source_abstain_rule,reject,ni_jie,C,Reject: PMID 40840061 abstract/title reviewed; no clear in-scope hepatic/hepatotoxicity endpoint is grounded for site-specific.
1384,toxicity_endpoint,1383,single,40816607,,10.1016/j.ophtha.2025.07.039,A Randomized Sham-Controlled Phase 2/3 Trial of QPI-1007 for Acute Nonarteritic Anterior Ischemic Optic Neuropathy.,hepatic/hepatotoxicity,B,PubMed abstract,abstain,none,False,False,NA,0.0,none,False,NONE,no source passage available; abstain required by Task A contract,codex_no_source_abstain_rule,reject,ni_jie,C,Reject: PMID 40816607; available abstract is not enough to curate hepatic/hepatotoxicity for single as a verified toxicity record.
1385,toxicity_endpoint,1384,Site,39916530,,10.1089/nat.2024.0049,Targeting a Novel Site in Exon 51 with Antisense Oligonucleotides Induces Enhanced Exon Skipping in a Mouse Model of Duchenne Muscular Dystrophy.,hepatic/hepatotoxicity,B,PubMed abstract,abstain,none,False,False,NA,0.0,none,False,NONE,no source passage available; abstain required by Task A contract,codex_no_source_abstain_rule,reject,ni_jie,C,Reject: PMID 39916530 abstract/title reviewed; no clear in-scope hepatic/hepatotoxicity endpoint is grounded for Site.
1386,toxicity_endpoint,1385,silencing,41124364,,10.1093/brain/awaf403,Antisense oligonucleotides reverse SPTLC1-related hereditary sensory neuropathy in a mouse model.,hepatic/hepatotoxicity,B,PubMed abstract,abstain,none,False,False,NA,0.0,none,False,NONE,no source passage available; abstain required by Task A contract,codex_no_source_abstain_rule,reject,ni_jie,C,Reject: PMID 41124364 abstract/title reviewed; no clear in-scope hepatic/hepatotoxicity endpoint is grounded for silencing.
1387,toxicity_endpoint,1386,siRNA,40179932,,10.1016/S0140-6736(25)00507-0,"Durability and efficacy of solbinsiran, a GalNAc-conjugated siRNA targeting ANGPTL3, in adults with mixed dyslipidaemia (PROLONG-ANG3): a double-blind, randomised, placebo-controlled, phase 2 trial.",hepatic/hepatotoxicity,B,PubMed abstract,abstain,none,False,False,NA,0.0,none,False,NONE,no source passage available; abstain required by Task A contract,codex_no_source_abstain_rule,accept,ni_jie,B,"Accept B: PubMed abstract gives a direct abstract-level signal for hepatic/hepatotoxicity in siRNA; no full passage, so curator kept confidence limited."
1388,toxicity_endpoint,1387,since,40954399,,10.1007/s12032-025-03015-6,Antisense LNA GapmeR targeting hsa-piR-33195 induces antiproliferative and apoptotic effects on human acute myeloid leukemia.,hepatic/hepatotoxicity,B,PubMed abstract,abstain,none,False,False,NA,0.0,none,False,NONE,no source passage available; abstain required by Task A contract,codex_no_source_abstain_rule,reject,ni_jie,C,"Reject: PMID 40954399; the abstained record was checked at abstract level, but hepatic/hepatotoxicity is still not directly recoverable for since."
1389,toxicity_endpoint,1388,Silencing,40772591,,10.1021/acsnano.5c06115,Synergizing Ferroptosis Suppressor Protein 1 Gene Silencing and Photodynamic Therapy Based on Photosensitive Lipid Nanoparticles for Colon Cancer Immunotherapy.,hepatic/hepatotoxicity,B,PubMed abstract,reject,NA,False,True,NA,0.95,pubmed_abstract,False,NONE,"Rejected: ferroptosis/immunogenic cell death and antitumor efficacy in colon cancer are excluded cancer-cell-killing efficacy endpoints, not safety/toxicity.",codex_gpt-5.5_manual_agent,reject,ni_jie,C,"Reject: PMID 40772591; Rejected: ferroptosis/immunogenic cell death and antitumor efficacy in colon cancer are excluded cancer-cell-killing efficacy endpoints, not safety/toxicity."
1390,toxicity_endpoint,1389,single-stranded,39919854,,10.1016/j.aca.2025.343624,Preconcentration and purification of oligonucleotides from heat-treated human plasma by anion-exchange microextraction devices coupled to high performance liquid chromatography-mass spectrometry.,hepatic/hepatotoxicity,B,PubMed abstract,abstain,none,False,False,NA,0.0,none,False,NONE,no source passage available; abstain required by Task A contract,codex_no_source_abstain_rule,reject,ni_jie,C,Reject: PMID 39919854 abstract/title reviewed; no clear in-scope hepatic/hepatotoxicity endpoint is grounded for single-stranded.
1391,toxicity_endpoint,1390,siRNA,40383157,,10.1016/j.jconrel.2025.113857,A combinatorial siRNA and mRNA approach for obesity treatment using targeting lipid nanoparticles.,hepatic/hepatotoxicity,C,PubMed abstract,abstain,none,False,False,NA,0.0,none,False,NONE,no source passage available; abstain required by Task A contract,codex_no_source_abstain_rule,reject,ni_jie,C,Reject: PMID 40383157 abstract/title reviewed; no clear in-scope hepatic/hepatotoxicity endpoint is grounded for siRNA.
1392,toxicity_endpoint,1391,significantly,40637307,,10.1002/ps.70047,Targeting V-ATPase subunits via RNA interference disrupts ultrastructural and normal life activities in Bursaphelenchus xylophilus: a novel strategy for sustainable pine wilt disease management.,hepatic/hepatotoxicity,C,PubMed abstract,abstain,none,False,False,NA,0.0,none,False,NONE,no source passage available; abstain required by Task A contract,codex_no_source_abstain_rule,reject,ni_jie,C,Reject: PMID 40637307; significantly remains unsupported for hepatic/hepatotoxicity after abstract-level review of 'Targeting V-ATPase subunits via RNA interference disrupts ultrastructural and normal life acti?'.
1393,toxicity_endpoint,1392,siRNA,40600720,,10.1021/acsami.5c07950,M1 Macrophage-Derived Extracellular Vesicles Loaded with CX3CR1 siRNA for the Treatment of Pancreatic Cancer.,hepatic/hepatotoxicity,B,PubMed abstract,abstain,none,False,False,NA,0.0,none,False,NONE,no source passage available; abstain required by Task A contract,codex_no_source_abstain_rule,reject,ni_jie,C,Reject: PMID 40600720; no source passage or abstract wording gives a dependable toxicity call for siRNA.
1394,toxicity_endpoint,1393,silences,40576350,,10.1097/CRD.0000000000000976,RNA Interference-Mediated ANGPTL3 Inhibition: The Emerging Therapeutic Potential of Zodasiran in Lipid Management.,hepatic/hepatotoxicity,B,PubMed abstract,abstain,none,False,False,NA,0.0,none,False,NONE,no source passage available; abstain required by Task A contract,codex_no_source_abstain_rule,reject,ni_jie,C,Reject: PMID 40576350; available abstract is not enough to curate hepatic/hepatotoxicity for silences as a verified toxicity record.
1395,toxicity_endpoint,1394,side,40480693,,10.1016/j.aca.2025.344218,A versatile two-dimensional liquid chromatography coupled to high-resolution mass spectrometry platform for unraveling chromatographic profiles of large synthetic oligonucleotides.,renal/renal safety,B,PubMed abstract,abstain,none,False,False,NA,0.0,none,False,NONE,no source passage available; abstain required by Task A contract,codex_no_source_abstain_rule,reject,ni_jie,C,Reject: PMID 40480693 abstract/title reviewed; no clear in-scope renal/renal safety endpoint is grounded for side.
1396,toxicity_endpoint,1395,siRNA,40163299,,10.1007/978-1-0716-4418-8_5,A Robust siRNA Screening Approach with Optimized Conditions for Large-Scale Transfection in Multiple Human Cancer Cell Lines.,hepatic/hepatotoxicity,B,PubMed abstract,abstain,none,False,False,NA,0.0,none,False,NONE,no source passage available; abstain required by Task A contract,codex_no_source_abstain_rule,reject,ni_jie,C,Reject: PMID 40163299; available abstract is not enough to curate hepatic/hepatotoxicity for siRNA as a verified toxicity record.
1397,toxicity_endpoint,1396,signaling,40103484,,10.1002/adma.202500883,Peptide-Oligonucleotide Nanohybrids Designed for Precise Gene Therapy of Rheumatoid Arthritis.,hepatic/hepatotoxicity,B,PubMed abstract,abstain,none,False,False,NA,0.0,none,False,NONE,no source passage available; abstain required by Task A contract,codex_no_source_abstain_rule,reject,ni_jie,C,Reject: PMID 40103484; 'Peptide-Oligonucleotide Nanohybrids Designed for Precise Gene Therapy of Rheumatoid Arthritis.' does not provide a sufficiently specific administered-oligo toxicity endpoint for signaling.
1398,toxicity_endpoint,1397,siRNA-Based,40028836,,10.1111/all.16515,Phase 2-3 Trial: Prevention of the Progression to Moderate and Severe COVID-19 in SARS-CoV-2-Infected Non-Hospitalized Adults With Inhaled siRNA-Based MIR 19.,general safety/systemic safety/tolerability,B,PubMed abstract,abstain,none,False,False,NA,0.0,none,False,NONE,no source passage available; abstain required by Task A contract,codex_no_source_abstain_rule,reject,ni_jie,C,"Reject: PMID 40028836; the abstained record was checked at abstract level, but general safety/systemic safety/tolerability is still not directly recoverable for siRNA-Based."
1399,toxicity_endpoint,1398,significant,41135269,,10.1016/j.ecoenv.2025.119266,miR-31a-5p targeting Crebbp suppresses Wnt/β-catenin and TGF-β pathways to alleviate oil mist particulate matter-induced pulmonary fibrosis.,hepatic/hepatotoxicity,C,PubMed abstract,abstain,none,False,False,NA,0.0,none,False,NONE,no source passage available; abstain required by Task A contract,codex_no_source_abstain_rule,reject,ni_jie,C,Reject: PMID 41135269; significant remains unsupported for hepatic/hepatotoxicity after abstract-level review of 'miR-31a-5p targeting Crebbp suppresses Wnt/β-catenin and TGF-β pathways to alleviate oil mist?'.
1400,toxicity_endpoint,1399,Signaling,41115043,,10.1021/acs.jafc.5c03678,Lactobacillus johnsonii 1735 Confers Dual-Targeted Protection against Antimicrobial-Resistant aEPEC: Suppressing NleA Virulence and Activating EGFR/AKT Signaling to Attenuate Intestinal Epithelial Str,hepatic/hepatotoxicity,C,PubMed abstract,abstain,none,False,False,NA,0.0,none,False,NONE,no source passage available; abstain required by Task A contract,codex_no_source_abstain_rule,reject,ni_jie,C,Reject: PMID 41115043; no source passage or abstract wording gives a dependable toxicity call for Signaling.
1401,toxicity_endpoint,1400,SIRT1-mediated,41101071,,10.1016/j.phymed.2025.157384,Diosgenin exerts dual impacts on Th17 cell differentiation in adjuvant-induced arthritis rats by impairing SIRT1-mediated deacetylation.,general toxicity/toxicity,C,PubMed abstract,abstain,none,False,False,NA,0.0,none,False,NONE,no source passage available; abstain required by Task A contract,codex_no_source_abstain_rule,reject,ni_jie,C,"Reject: PMID 41101071; the abstained record was checked at abstract level, but general toxicity/toxicity is still not directly recoverable for SIRT1-mediated."
1402,toxicity_endpoint,1401,siRNA,41086680,,10.1016/j.bbrc.2025.152788,CLDND1 as a prognostic ferroptosis-associated biomarker in oral squamous cell carcinoma.,general toxicity/toxicity,C,PubMed abstract sentence 4,abstain,none,False,False,NA,0.0,none,False,NONE,no source passage available; abstain required by Task A contract,codex_no_source_abstain_rule,reject,ni_jie,C,Reject: PMID 41086680; available abstract is not enough to curate general toxicity/toxicity for siRNA as a verified toxicity record.
1403,toxicity_endpoint,1402,siRNA-mediated,41017094,,10.2174/0118715303387442250918111006,Integrated Multiomics Analysis Identifies CDO1 as a Novel Therapeutic Target for Osteoarthritis.,general toxicity/toxicity,C,PubMed abstract sentence 7,abstain,none,False,False,NA,0.0,none,False,NONE,no source passage available; abstain required by Task A contract,codex_no_source_abstain_rule,reject,ni_jie,C,Reject: PMID 41017094 abstract/title reviewed; no clear in-scope general toxicity/toxicity endpoint is grounded for siRNA-mediated.
1404,toxicity_endpoint,1403,significance,40934697,,10.1016/j.prp.2025.156215,Integrin β5-positive cancer-associated fibroblasts promoting lung adenocarcinoma invasion leading to poor prognosis.,hepatic/hepatotoxicity,B,PubMed abstract,abstain,none,False,False,NA,0.0,none,False,NONE,no source passage available; abstain required by Task A contract,codex_no_source_abstain_rule,reject,ni_jie,C,"Reject: PMID 40934697; the abstained record was checked at abstract level, but hepatic/hepatotoxicity is still not directly recoverable for significance."
1405,toxicity_endpoint,1404,Single-cell,40925436,,10.1016/j.ijbiomac.2025.147504,Single-cell and spatial transcriptomics identify dihydrolipoic acid succinyltransferase as a promoter of tumor invasion via vascular pathways in cutaneous melanoma.,hepatic/hepatotoxicity,B,PubMed abstract,abstain,none,False,False,NA,0.0,none,False,NONE,no source passage available; abstain required by Task A contract,codex_no_source_abstain_rule,reject,ni_jie,C,Reject: PMID 40925436; 'Single-cell and spatial transcriptomics identify dihydrolipoic acid succinyltransferase as a p?' does not provide a sufficiently specific administered-oligo toxicity endpoint for Single-cell.
1406,toxicity_endpoint,1405,olezarsen,40888739,,10.1056/NEJMoa2507227,Targeting APOC3 with Olezarsen in Moderate Hypertriglyceridemia.,hepatic/hepatotoxicity,B,PubMed abstract,abstain,none,False,False,NA,0.0,none,False,NONE,no source passage available; abstain required by Task A contract,codex_no_source_abstain_rule,reject,ni_jie,C,Reject: PMID 40888739 abstract/title reviewed; no clear in-scope hepatic/hepatotoxicity endpoint is grounded for olezarsen.
1407,toxicity_endpoint,1406,inclisiran,40884558,,10.1093/eurheartj/ehaf685,Inclisiran-based treatment strategy in hypercholesterolaemia: the VICTORION-Difference trial.,hepatic/hepatotoxicity,B,PubMed abstract,abstain,none,False,False,NA,0.0,none,False,NONE,no source passage available; abstain required by Task A contract,codex_no_source_abstain_rule,reject,ni_jie,C,Reject: PMID 40884558; inclisiran remains unsupported for hepatic/hepatotoxicity after abstract-level review of 'Inclisiran-based treatment strategy in hypercholesterolaemia: the VICTORION-Difference trial.'.
1408,toxicity_endpoint,1407,Single-cell,40840404,,10.1016/j.drup.2025.101292,Targeting CLK1/SRSF7 axis-dependent alternative splicing sensitizes pancreatic ductal adenocarcinoma to chemotherapy and immunotherapy.,hepatic/hepatotoxicity,B,PubMed abstract,abstain,none,False,False,NA,0.0,none,False,NONE,no source passage available; abstain required by Task A contract,codex_no_source_abstain_rule,reject,ni_jie,C,Reject: PMID 40840404; available abstract is not enough to curate hepatic/hepatotoxicity for Single-cell as a verified toxicity record.
1409,toxicity_endpoint,1408,unspecified CpG oligodeoxynucleotide,40839797,,10.1021/acsabm.5c01361,Needle-Free Transdermal Patch for Influenza Vaccination.,hepatic/hepatotoxicity,B,PubMed abstract,abstain,none,False,False,NA,0.0,none,False,NONE,no source passage available; abstain required by Task A contract,codex_no_source_abstain_rule,reject,ni_jie,C,Reject: PMID 40839797; unspecified CpG oligodeoxynucleotide remains unsupported for hepatic/hepatotoxicity after abstract-level review of 'Needle-Free Transdermal Patch for Influenza Vaccination.'.
1410,toxicity_endpoint,1409,signaling,40839167,,10.1093/stmcls/sxaf058,Human obesity decreases the anti-inflammatory functionality of adipose tissue-derived mesenchymal stem/stomal cells by upregulating IL-1β expression.,hepatic/hepatotoxicity,B,PubMed abstract,abstain,none,False,False,NA,0.0,none,False,NONE,no source passage available; abstain required by Task A contract,codex_no_source_abstain_rule,reject,ni_jie,C,"Reject: PMID 40839167; the abstained record was checked at abstract level, but hepatic/hepatotoxicity is still not directly recoverable for signaling."
1411,toxicity_endpoint,1410,siRNA,40816424,,10.1016/j.phrs.2025.107903,Osteoclast precursor cell-derived Flot2 is a novel therapeutic target for bone loss diseases.,hepatic/hepatotoxicity,C,PubMed abstract sentence 10,abstain,none,False,False,NA,0.0,none,False,NONE,no source passage available; abstain required by Task A contract,codex_no_source_abstain_rule,reject,ni_jie,C,"Reject: PMID 40816424; the abstained record was checked at abstract level, but hepatic/hepatotoxicity is still not directly recoverable for siRNA."
1412,toxicity_endpoint,1411,silence,40772726,,10.1097/CRD.0000000000001017,Advances in RNA-Based Therapies Targeted at Lipoprotein(a): Olpasiran in the Management of Atherosclerotic Cardiovascular Disease.,hepatic/hepatotoxicity,B,PubMed abstract,abstain,none,False,False,NA,0.0,none,False,NONE,no source passage available; abstain required by Task A contract,codex_no_source_abstain_rule,reject,ni_jie,C,"Reject: PMID 40772726; the abstained record was checked at abstract level, but hepatic/hepatotoxicity is still not directly recoverable for silence."
1413,toxicity_endpoint,1412,simulate,40753527,,10.1007/s11010-025-05361-5,Nitric oxide induces apoptosis of human primary melanocytes by regulating calcium homeostasis via VDAC1.,hepatic/hepatotoxicity,B,PubMed abstract,abstain,none,False,False,NA,0.0,none,False,NONE,no source passage available; abstain required by Task A contract,codex_no_source_abstain_rule,reject,ni_jie,C,"Reject: PMID 40753527; the abstained record was checked at abstract level, but hepatic/hepatotoxicity is still not directly recoverable for simulate."
1414,toxicity_endpoint,1413,significant,40752151,,10.1016/j.ecoenv.2025.118758,Mono(2-ethylhexyl) phthalate impairs synaptic structure via altering long non-coding RNA MALAT1 in primary hippocampal neurons.,hepatic/hepatotoxicity,C,PubMed abstract,abstain,none,False,False,NA,0.0,none,False,NONE,no source passage available; abstain required by Task A contract,codex_no_source_abstain_rule,reject,ni_jie,C,Reject: PMID 40752151; 'Mono(2-ethylhexyl) phthalate impairs synaptic structure via altering long non-coding RNA MALAT?' does not provide a sufficiently specific administered-oligo toxicity endpoint for significant.
1415,toxicity_endpoint,1414,silencing-guided,40706921,,10.1016/j.ijbiomac.2025.146217,Exercise-imitating adipocyte targeted poly-Lipidic DendroRNAi Nanovesicles for gene silencing-guided treatment of obesity in high-fat diet mouse model.,hepatic/hepatotoxicity,C,PubMed abstract,reject,NA,False,False,NA,0.95,pubmed_abstract,False,NONE,Rejected: miR-130b endogenous ncRNA nanovesicle for obesity is excluded; reported weight/organ-weight changes are pharmacodynamic efficacy rather than oligo toxicity.,codex_gpt-5.5_manual_agent,reject,ni_jie,C,Reject: PMID 40706921; Rejected: miR-130b endogenous ncRNA nanovesicle for obesity is excluded; reported weight/organ-weight changes are pharmacodynamic efficacy rather than oligo toxicity.
1416,toxicity_endpoint,1415,situ,40679654,,10.1007/s10126-025-10496-z,"Reduced Sox2 Gene Expression Leads to Impaired Gonadal Development in Female Triploid Pacific Oyster, Crassostrea gigas.",renal/renal safety,C,PubMed abstract,abstain,none,False,False,NA,0.0,none,False,NONE,no source passage available; abstain required by Task A contract,codex_no_source_abstain_rule,reject,ni_jie,C,Reject: PMID 40679654 abstract/title reviewed; no clear in-scope renal/renal safety endpoint is grounded for situ.
1417,toxicity_endpoint,1416,NCT05392114,40673861,,10.1016/j.jaip.2025.06.018,Donidalorsen Treatment of Hereditary Angioedema in Patients Previously on Long-Term Prophylaxis.,immunotoxicity/immune activation,B,PubMed abstract,abstain,none,False,False,NA,0.0,none,False,NONE,no source passage available; abstain required by Task A contract,codex_no_source_abstain_rule,reject,ni_jie,C,Reject: PMID 40673861; 'Donidalorsen Treatment of Hereditary Angioedema in Patients Previously on Long-Term Prophylaxi?' does not provide a sufficiently specific administered-oligo toxicity endpoint for NCT05392114.
1418,toxicity_endpoint,1417,inclisiran,40670197,,10.1016/j.jacl.2025.06.015,Insights from a real-world experience with inclisiran at a large United States lipid clinic.,hepatic/hepatotoxicity,B,PubMed abstract,abstain,none,False,False,NA,0.0,none,False,NONE,no source passage available; abstain required by Task A contract,codex_no_source_abstain_rule,reject,ni_jie,C,Reject: PMID 40670197; 'Insights from a real-world experience with inclisiran at a large United States lipid clinic.' does not provide a sufficiently specific administered-oligo toxicity endpoint for inclisiran.
1419,toxicity_endpoint,1418,simplification,40643013,,10.1152/ajplung.00322.2024,Intrauterine inflammation-induced neonatal lung injury via succinic acid-mediated alveolar epithelial E-cadherin downregulation.,renal/renal safety,B,PubMed abstract,abstain,none,False,False,NA,0.0,none,False,NONE,no source passage available; abstain required by Task A contract,codex_no_source_abstain_rule,reject,ni_jie,C,Reject: PMID 40643013; available abstract is not enough to curate renal/renal safety for simplification as a verified toxicity record.
1420,toxicity_endpoint,1419,significant,40637829,,10.1245/s10434-025-17789-6,ASO Author Reflections: Patient Selection and Technique for Robotic Spleen-Preserving Distal Pancreatectomy.,hepatic/hepatotoxicity,B,PubMed abstract,abstain,none,False,False,NA,0.0,none,False,NONE,no source passage available; abstain required by Task A contract,codex_no_source_abstain_rule,reject,ni_jie,C,Reject: PMID 40637829 abstract/title reviewed; no clear in-scope hepatic/hepatotoxicity endpoint is grounded for significant.
1421,toxicity_endpoint,1420,signaling,40632359,,10.1007/s10735-025-10500-9,CYP2E1 overexpression in hepatocellular carcinoma modulates tumor invasion and migration via Wnt/β-catenin signaling pathway.,hepatic/hepatotoxicity,C,PubMed abstract,abstain,none,False,False,NA,0.0,none,False,NONE,no source passage available; abstain required by Task A contract,codex_no_source_abstain_rule,reject,ni_jie,C,Reject: PMID 40632359; no source passage or abstract wording gives a dependable toxicity call for signaling.
1422,toxicity_endpoint,1421,significance,40619262,,10.3760/cma.j.cn112151-20250108-00023,[Clinical significance of SLIT2/ROBO1 expression in prostate cancer].,hepatic/hepatotoxicity,B,PubMed abstract,abstain,none,False,False,NA,0.0,none,False,NONE,no source passage available; abstain required by Task A contract,codex_no_source_abstain_rule,reject,ni_jie,C,"Reject: PMID 40619262; the abstained record was checked at abstract level, but hepatic/hepatotoxicity is still not directly recoverable for significance."
1423,toxicity_endpoint,1422,SIRT6-regulated,40609497,,10.1016/j.ejcb.2025.151503,Cadmium exposure triggers vimentin phosphorylation via SIRT6-regulated AKT/PI3K signaling pathway in COPD.,hepatic/hepatotoxicity,C,PubMed abstract,abstain,none,False,False,NA,0.0,none,False,NONE,no source passage available; abstain required by Task A contract,codex_no_source_abstain_rule,reject,ni_jie,C,Reject: PMID 40609497; 'Cadmium exposure triggers vimentin phosphorylation via SIRT6-regulated AKT/PI3K signaling path?' does not provide a sufficiently specific administered-oligo toxicity endpoint for SIRT6-regulated.
1424,toxicity_endpoint,1423,siRNA-mediated,40550345,,10.1016/j.gene.2025.149641,Impact of PLA2G2A rs11573156 C > G Variant on Phospholipase Expression and Metastatic Behavior in Prostate Cancer.,hepatic/hepatotoxicity,C,PubMed abstract,abstain,none,False,False,NA,0.0,none,False,NONE,no source passage available; abstain required by Task A contract,codex_no_source_abstain_rule,reject,ni_jie,C,Reject: PMID 40550345 abstract/title reviewed; no clear in-scope hepatic/hepatotoxicity endpoint is grounded for siRNA-mediated.
1425,toxicity_endpoint,1424,Signaling,40501349,,10.1089/thy.2025.0062,Cigarette Smoking Drives Thyroid Eye Disease Progression via RAGE Signaling Activation.,hepatic/hepatotoxicity,B,PubMed abstract,abstain,none,False,False,NA,0.0,none,False,NONE,no source passage available; abstain required by Task A contract,codex_no_source_abstain_rule,reject,ni_jie,C,"Reject: PMID 40501349; the abstained record was checked at abstract level, but hepatic/hepatotoxicity is still not directly recoverable for Signaling."
1426,toxicity_endpoint,1425,significance,40470916,,10.1002/jcph.70055,"Population Pharmacokinetic Modeling of Subcutaneous Plozasiran in Healthy Volunteers and Patients with Familial Chylomicronemia Syndrome, Severe Hypertriglyceridemia, and Mixed Hyperlipidemia.",hepatic/hepatotoxicity,B,PubMed abstract,abstain,none,False,False,NA,0.0,none,False,NONE,no source passage available; abstain required by Task A contract,codex_no_source_abstain_rule,reject,ni_jie,C,Reject: PMID 40470916; available abstract is not enough to curate hepatic/hepatotoxicity for significance as a verified toxicity record.
1427,toxicity_endpoint,1426,siHIF-,40456494,,10.1016/j.freeradbiomed.2025.05.433,siHIF-1α-loaded micellar nanoparticles inhibit M1 macrophage activation to ameliorate chronic rhinosinusitis.,hepatic/hepatotoxicity,B,PubMed abstract,abstain,none,False,False,NA,0.0,none,False,NONE,no source passage available; abstain required by Task A contract,codex_no_source_abstain_rule,reject,ni_jie,C,Reject: PMID 40456494; siHIF- remains unsupported for hepatic/hepatotoxicity after abstract-level review of 'siHIF-1α-loaded micellar nanoparticles inhibit M1 macrophage activation to ameliorate chronic?'.
1428,toxicity_endpoint,1427,significantly,40424981,,10.1016/j.phymed.2025.156870,Icaritin induces paraptosis in hepatocellular carcinoma cells by targeting BHLHE40 via endoplasmic reticulum stress and mitochondrial dysfunction.,renal/renal safety,C,PubMed abstract,abstain,none,False,False,NA,0.0,none,False,NONE,no source passage available; abstain required by Task A contract,codex_no_source_abstain_rule,reject,ni_jie,C,Reject: PMID 40424981; no source passage or abstract wording gives a dependable toxicity call for significantly.
1429,toxicity_endpoint,1428,simplification,40399040,,10.1111/vox.70054,One-tube genotyping using TaqMan-PCR without DNA extraction.,hematological/thrombocytopenia,C,PubMed abstract,abstain,none,False,False,NA,0.0,none,False,NONE,no source passage available; abstain required by Task A contract,codex_no_source_abstain_rule,reject,ni_jie,C,Reject: PMID 40399040; no source passage or abstract wording gives a dependable toxicity call for simplification.
1430,toxicity_endpoint,1429,similar,40368359,,10.1177/21501351251333305,"Aspirin Use Following the Arterial Switch Operation in the United States: Variability, Trends, and Perioperative Outcomes.",general safety/systemic safety/tolerability,B,PubMed abstract,abstain,none,False,False,NA,0.0,none,False,NONE,no source passage available; abstain required by Task A contract,codex_no_source_abstain_rule,reject,ni_jie,C,Reject: PMID 40368359 abstract/title reviewed; no clear in-scope general safety/systemic safety/tolerability endpoint is grounded for similar.
1431,toxicity_endpoint,1430,unspecified siRNA,40350233,,10.1016/j.pestbp.2025.106420,RNAi-mediated knockdown of juvenile hormone acid methyltransferase depresses reproductive performance in female Aethina tumida.,general safety/systemic safety/tolerability,B,PubMed abstract sentence 15,abstain,none,False,False,NA,0.0,none,False,NONE,no source passage available; abstain required by Task A contract,codex_no_source_abstain_rule,reject,ni_jie,C,Reject: PMID 40350233 abstract/title reviewed; no clear in-scope general safety/systemic safety/tolerability endpoint is grounded for unspecified siRNA.
1432,toxicity_endpoint,1431,nusinersen,40311394,,10.1016/j.nmd.2025.105365,Aseptic meningoencephalitis during nusinersen therapy in a patient with type III spinal muscular atrophy: a case report.,general safety/systemic safety/tolerability,B,PubMed abstract sentence 6,abstain,none,False,False,NA,0.0,none,False,NONE,no source passage available; abstain required by Task A contract,codex_no_source_abstain_rule,reject,ni_jie,C,Reject: PMID 40311394 abstract/title reviewed; no clear in-scope general safety/systemic safety/tolerability endpoint is grounded for nusinersen.
1433,toxicity_endpoint,1432,signaling,40298147,,10.1021/acs.chemrestox.4c00551,HDAC6-Mediated NLRP3 Inflammasome Activation Is Involved in Nickel Nanoparticle-Induced Pulmonary Inflammation and Fibrosis.,hepatic/hepatotoxicity,B,PubMed abstract,abstain,none,False,False,NA,0.0,none,False,NONE,no source passage available; abstain required by Task A contract,codex_no_source_abstain_rule,reject,ni_jie,C,Reject: PMID 40298147 abstract/title reviewed; no clear in-scope hepatic/hepatotoxicity endpoint is grounded for signaling.
1434,toxicity_endpoint,1433,unspecified ASO,40274035,,10.1016/j.ymeth.2025.04.013,Development and optimization of an antibody-free nucleic acid lateral flow assay (AF-NALFA) as part of a molecular toolkit for visual readout of amplified Listeria monocytogenes DNA.,hepatic/hepatotoxicity,C,PubMed abstract,abstain,none,False,False,NA,0.0,none,False,NONE,no source passage available; abstain required by Task A contract,codex_no_source_abstain_rule,reject,ni_jie,C,Reject: PMID 40274035; unspecified ASO remains unsupported for hepatic/hepatotoxicity after abstract-level review of 'Development and optimization of an antibody-free nucleic acid lateral flow assay (AF-NALFA) as?'.
1435,toxicity_endpoint,1434,siRNA,40239402,,10.1016/j.bioorg.2025.108411,Hybride nanoparticles composed of SN38-modified [12]aneN(3) and biotinylated lipids for targeted and synergistic lung Cancer therapy.,hepatic/hepatotoxicity,C,PubMed abstract,abstain,none,False,False,NA,0.0,none,False,NONE,no source passage available; abstain required by Task A contract,codex_no_source_abstain_rule,reject,ni_jie,C,Reject: PMID 40239402; siRNA remains unsupported for hepatic/hepatotoxicity after abstract-level review of 'Hybride nanoparticles composed of SN38-modified [12]aneN(3) and biotinylated lipids for target?'.
1436,toxicity_endpoint,1435,situ,40187509,,10.1016/j.hrthm.2025.03.1996,Transseptal puncture for catheter ablation of atrial fibrillation in patients with septal occluder devices.,hepatic/hepatotoxicity,B,PubMed abstract,abstain,none,False,False,NA,0.0,none,False,NONE,no source passage available; abstain required by Task A contract,codex_no_source_abstain_rule,reject,ni_jie,C,Reject: PMID 40187509; situ remains unsupported for hepatic/hepatotoxicity after abstract-level review of 'Transseptal puncture for catheter ablation of atrial fibrillation in patients with septal occl?'.
1437,toxicity_endpoint,1436,site,40162643,,10.1056/NEJMoa2415818,Lepodisiran - A Long-Duration Small Interfering RNA Targeting Lipoprotein(a).,hepatic/hepatotoxicity,B,PubMed abstract,abstain,none,False,False,NA,0.0,none,False,NONE,no source passage available; abstain required by Task A contract,codex_no_source_abstain_rule,reject,ni_jie,C,Reject: PMID 40162643 abstract/title reviewed; no clear in-scope hepatic/hepatotoxicity endpoint is grounded for site.
1438,toxicity_endpoint,1437,single-ascending-dose,40158211,,10.1016/j.jacc.2025.03.005,Effect of ANGPTL3 Inhibition With Solbinsiran in Preclinical and Early Human Studies.,hepatic/hepatotoxicity,B,PubMed abstract,abstain,none,False,False,NA,0.0,none,False,NONE,no source passage available; abstain required by Task A contract,codex_no_source_abstain_rule,reject,ni_jie,C,Reject: PMID 40158211; no source passage or abstract wording gives a dependable toxicity call for single-ascending-dose.
