candidate_id,queue_id,source_document_id,pmid,pmcid,doi,title,journal_or_agency,publication_year,source_url,evidence_domain,candidate_modality,candidate_source_location,candidate_matched_terms,fetch_status,article_type,pmc_license,proposed_source_location,source_anchor_hash,machine_matched_terms,molecule_name_proposed,molecule_id,molecule_canonical_name,modality_name,target_gene_symbol_proposed,target_gene_symbol,disease_context,therapeutic_status,external_ids,verified_entity_table,endpoint_name_proposed,endpoint_name,endpoint_category_proposed,endpoint_category,evidence_type_proposed,evidence_type,assay_type_proposed,assay_type,model_context_proposed,model_context,organism,cell_line_or_tissue,dose_value,dose_unit,exposure_time_value,exposure_time_unit,replicate_count,assay_source_location,measured_value_proposed,measured_value,measured_unit_proposed,measured_unit,direction_proposed,direction,significance_label_proposed,significance_label,offtarget_gene_symbol,offtarget_transcript_id,measured_effect,effect_unit,match_type,seed_match_length,is_observed_experimental,is_computational_prediction,evidence_grade_proposed,evidence_grade,source_location_verified,benchmark_eligible_proposed,curator_decision,curator_id,validation_status,audit_note_proposed,audit_note,risk_flags
52,120,1031,41994868,PMC13096799,10.1093/nar/gkag345,Acyclic serinol nucleic acid modification of siRNAs overcomes seed region mediated off-target effects while maintaining potency.,Nucleic Acids Res,2026,https://pubmed.ncbi.nlm.nih.gov/41994868/,offtarget,siRNA,PubMed abstract sentence 5,off-target;seed,cache,research-article,,Results > In vitro gene silencing of modified siRNA containing SNA modifications; paragraph 28,d46dd71ea9b7a983,off-target; risc; sirna; rnai; galnac; phosphorothioate; lna,,,SNA-modified GalNAc-siRNA panel from PMID 41994868,siRNA,,TTR,,,{},offtarget_evidence,,,,,off-target evidence,seed-mediated off-target effect,full_text_experimental_context_needs_curator_resolution,dual-luciferase off-target reporter assay,,COS-7 cells; GalNAc-siRNA targeting Ttr,human,COS-7 cells,,,,,,Results > Analysis of miRNA-like off-target activity in a luciferase reporter assay; paragraph 3,,,,,,,,,,,,,seed,7,1,0,B,A,Results > Analysis of miRNA-like off-target activity in a luciferase reporter assay; paragraph 3,true,accept,jie_ni,curator_verified,"Machine pre-curation only. Human curator must verify source anchor, molecule identity, assay context, endpoint, and grade before promotion.",Full text checked; Results section directly supports SNA-modified GalNAc-siRNA mitigation of seed-mediated off-target reporter activity.,none
278,592,1154,41646886,PMC12870468,10.1016/j.omtn.2026.102835,2'-Ribose-modified nucleotides: A strategy for reducing off-target effects of oligonucleotide drugs.,Mol Ther Nucleic Acids,2026,https://pubmed.ncbi.nlm.nih.gov/41646886/,offtarget,ASO,PubMed abstract sentence 4,off-target;silencing,cache,research-article,,Discussion; paragraph 27,60a3b67ebc8736ba,off-target; seed; unintended; silencing; antisense; aso; sirna; rnai; galnac; lna,,,,ASO,,,,,{},offtarget_evidence,,,,,seed-mediated off-target effect,seed-mediated off-target effect,full_text_experimental_context_needs_curator_resolution,,,,,,,,,,,,,,,,,,,,,,,,,,1,0,B,B,Discussion; paragraph 27,false,pending_pi_review,,machine_extracted_needs_human_verification,"Machine pre-curation only. Human curator must verify source anchor, molecule identity, assay context, endpoint, and grade before promotion.","Machine pre-curation only. Human curator must verify source anchor, molecule identity, assay context, endpoint, and grade before promotion.",discussion_or_conclusion_anchor
1830,4384,2274,41755844,PMC12933297,10.1021/jacsau.5c01765,Taming the Achilles' Heel: A Chemical and Structural Design to Address Off-Target Effects in siRNA Therapeutics.,JACS Au,2026,https://pubmed.ncbi.nlm.nih.gov/41755844/,offtarget,siRNA,PubMed abstract sentence 8,off-target;seed,cache,research-article,,article body; paragraph 18,715e54c8da589af8,off-target; seed; transcriptome; silencing; risc; sirna; rnai,,,,siRNA,,,,,{},offtarget_evidence,,,,,seed-mediated off-target effect,seed-mediated off-target effect,full_text_experimental_context_needs_curator_resolution,,,,,,,,,,,,,,,,,,,,,,,,,,1,0,B,B,article body; paragraph 18,true,pending_pi_review,,machine_extracted_needs_human_verification,"Machine pre-curation only. Human curator must verify source anchor, molecule identity, assay context, endpoint, and grade before promotion.","Machine pre-curation only. Human curator must verify source anchor, molecule identity, assay context, endpoint, and grade before promotion.",none
284,604,1157,41467115,PMC12744844,10.1016/j.omtn.2025.102693,An siRMSD parameter of structural distortion induced by chemical modification is predictive of the off-target effect of siRNA.,Mol Ther Nucleic Acids,2025,https://pubmed.ncbi.nlm.nih.gov/41467115/,offtarget,siRNA,PubMed abstract sentence 3,off-target;unintended,cache,research-article,,Results > RNAi and off-target activities of siRNAs with chemical modifications; paragraph 10,594ce937d05e3452,off-target; seed; sirna; rnai,,,siVIM-270 chemical modification panel from PMID 41467115,siRNA,,VIM,,,{},offtarget_evidence,,,,,seed-mediated off-target effect,seed-mediated off-target effect,full_text_experimental_context_needs_curator_resolution,dual-luciferase reporter assay and transcriptome validation,,HeLa cells and luciferase reporter constructs,human,HeLa cells,,,,,,Results > RNAi and off-target activities of siRNAs with chemical modifications; paragraph 10,,,,,,,,,,,,,seed,7,1,0,B,A,Results > RNAi and off-target activities of siRNAs with chemical modifications; paragraph 10,true,accept,jie_ni,curator_verified,"Machine pre-curation only. Human curator must verify source anchor, molecule identity, assay context, endpoint, and grade before promotion.",Full text checked; Results section directly measures seed-region chemical modification effects on siRNA off-target reporter activity.,none
616,1442,1410,41315228,PMC12663328,10.1038/s41467-025-65799-5,The nucleobase guanine at the 3'-terminus of oligonucleotide RGLS4326 drives off-target AMPAR inhibition and CNS toxicity.,Nat Commun,2025,https://pubmed.ncbi.nlm.nih.gov/41315228/,offtarget,ASO,PubMed abstract sentence 1,off-target;unintended,cache,research-article,,Results > RGLS4326 inhibits AMPAR ligand binding and function; paragraph 10,28e7c96cb37b861f,off-target; unintended; hybridization,RGLS4326,,RGLS4326,ASO,,,,,{},offtarget_evidence,,,,,hybridization/mismatch off-target effect,off-target evidence,full_text_experimental_context_needs_curator_resolution,SpectrumScreen binding panel and AMPAR functional assay,,molecular target binding panel and AMPAR assay,,,,,,,,Results > RGLS4326 inhibits AMPAR ligand binding and function; paragraph 10,,,,,,,,,,,,,off-target pharmacology,,1,0,B,B,Results > RGLS4326 inhibits AMPAR ligand binding and function; paragraph 10,true,accept,jie_ni,curator_verified,"Machine pre-curation only. Human curator must verify source anchor, molecule identity, assay context, endpoint, and grade before promotion.",Full text checked; Results section supports RGLS4326 off-target AMPAR ligand-binding/function inhibition as a CNS toxicity mechanism.,none
676,1566,1442,41066632,PMC12581821,10.1093/hmg/ddaf153,Determining off-target effects of splice-switching antisense oligonucleotides using short read RNAseq in neuronally differentiated human induced pluripotent stem cells.,Hum Mol Genet,2025,https://pubmed.ncbi.nlm.nih.gov/41066632/,offtarget,ASO,PubMed abstract sentence 5,off-target;transcriptome;hybridization,cache,research-article,,Results > Hybridization-dependent off-target splicing events do not play a major role after transfection; paragraph 19,52665c371b59be1b,transcriptome; mismatch; hybridization,,,APP-AON/ATXN3-AON/HTT-AON panel from PMID 41066632,ASO,,,,,{},offtarget_evidence,,,,,transcriptome-level off-target effect,hybridization/mismatch off-target effect,full_text_experimental_context_needs_curator_resolution,short-read RNA-seq with RT-PCR validation,,neuronally differentiated human induced pluripotent stem cells,human,neuronally differentiated hiPSCs,,,,,,Results > Hybridization-dependent off-target splicing events do not play a major role after transfection; paragraph 19,,,,,,,,,,,,,hybridization/mismatch,,1,0,B,A,Results > Hybridization-dependent off-target splicing events do not play a major role after transfection; paragraph 19,true,accept,jie_ni,curator_verified,"Machine pre-curation only. Human curator must verify source anchor, molecule identity, assay context, endpoint, and grade before promotion.",Full text checked; Results section links AON-specific splicing events to predicted off-target binding sites and validates selected events.,none
3441,8369,3461,41141640,PMC12550521,10.21769/BioProtoc.5475,Effective Gene Silencing in Plants by Synthetic Trans-Acting siRNAs Derived From Minimal Precursors.,Bio Protoc,2025,https://pubmed.ncbi.nlm.nih.gov/41141640/,offtarget,siRNA,PubMed abstract sentence 6,off-target;silencing,cache,methods-article,,General notes and troubleshooting; paragraph 348,356c784839257f96,off-target; transcriptome; sirna,,,,siRNA,,,,,{},offtarget_evidence,,,,,transcriptome-level off-target effect,transcriptome-level off-target effect,full_text_experimental_context_needs_curator_resolution,,,,,,,,,,,,,,,,,,,,,,,,,,1,0,B,B,General notes and troubleshooting; paragraph 348,true,pending_pi_review,,machine_extracted_needs_human_verification,"Machine pre-curation only. Human curator must verify source anchor, molecule identity, assay context, endpoint, and grade before promotion.","Machine pre-curation only. Human curator must verify source anchor, molecule identity, assay context, endpoint, and grade before promotion.",none
8,16,1001,38192001,PMC10799297,10.1093/bioinformatics/btae011,SeedMatchR: identify off-target effects mediated by siRNA seed regions in RNA-seq experiments.,Bioinformatics,2024,https://pubmed.ncbi.nlm.nih.gov/38192001/,offtarget,siRNA,PubMed abstract sentence 2,off-target;seed,cache,brief-report,,1 Introduction; paragraph 5,6a806e6ccc1fcd2f,off-target; seed; transcriptome; sirna,,,,siRNA,,,,,{},offtarget_evidence,,,,,seed-mediated off-target effect,seed-mediated off-target effect,full_text_experimental_context_needs_curator_resolution,,,,,,,,,,,,,,,,,,,,,,,,,,1,0,B,B,1 Introduction; paragraph 5,false,pending_pi_review,,machine_extracted_needs_human_verification,"Machine pre-curation only. Human curator must verify source anchor, molecule identity, assay context, endpoint, and grade before promotion.","Machine pre-curation only. Human curator must verify source anchor, molecule identity, assay context, endpoint, and grade before promotion.",intro_anchor_needs_primary_result
881,2035,1574,38993932,PMC11238192,10.1016/j.omtn.2024.102237,Strategies to improve the design of gapmer antisense oligonucleotide on allele-specific silencing.,Mol Ther Nucleic Acids,2024,https://pubmed.ncbi.nlm.nih.gov/38993932/,offtarget,ASO,PubMed abstract sentence 8,mismatch;silencing,cache,research-article,,Results > Mixmer ASOs silence COL6A3 via RNase H-mediated RNA cleavage; paragraph 21,e26b0e55bb534b42,silencing; risc; aso; sirna; gapmer; lna,,,,ASO,,,,,{},offtarget_evidence,,,,,off-target evidence,off-target evidence,full_text_experimental_context_needs_curator_resolution,,,,,,,,,,,,,,,,,,,,,,,,,,1,0,B,B,Results > Mixmer ASOs silence COL6A3 via RNase H-mediated RNA cleavage; paragraph 21,true,reject,jie_ni,curator_rejected,"Machine pre-curation only. Human curator must verify source anchor, molecule identity, assay context, endpoint, and grade before promotion.","Reject: source location supports RNase H-mediated COL6A3 silencing/MOA, not primary ASO off-target evidence.",none
8792,30952,12077,39231537,PMC11472056,10.1093/nar/gkae741,Synthesis of 2'-formamidonucleoside phosphoramidites for suppressing the seed-based off-target effects of siRNAs.,Nucleic Acids Res,2024,https://pubmed.ncbi.nlm.nih.gov/39231537/,offtarget,siRNA,PubMed abstract sentence 1,off-target;seed,cache,research-article,,Introduction; paragraph 2,164ce04b457b38df,off-target; seed; unintended; silencing; risc; sirna; small interfering rna; rnai,,,,siRNA,,,,,{},offtarget_evidence,,,,,seed-mediated off-target effect,seed-mediated off-target effect,full_text_experimental_context_needs_curator_resolution,,,,,,,,,,,,,,,,,,,,,,,,,,1,0,B,B,Introduction; paragraph 2,false,pending_pi_review,,machine_extracted_needs_human_verification,"Machine pre-curation only. Human curator must verify source anchor, molecule identity, assay context, endpoint, and grade before promotion.","Machine pre-curation only. Human curator must verify source anchor, molecule identity, assay context, endpoint, and grade before promotion.",intro_anchor_needs_primary_result
244,522,1136,38042877,PMC10693639,10.1038/s41467-023-43714-0,Dynamic and static control of the off-target interactions of antisense oligonucleotides using toehold chemistry.,Nat Commun,2023,https://pubmed.ncbi.nlm.nih.gov/38042877/,offtarget,ASO,PubMed abstract sentence 4,off-target;hybridization,cache,research-article,,Results > Hybridization-dependent mechanism: complementary PNA strand mitigates off-target hybridizations; paragraph 31,5e1facd2a00d8049,off-target; mismatch; hybridization; antisense; aso; gapmer; lna,,,PNA-braced ASO panel from PMID 38042877,ASO,,,,,{},offtarget_evidence,,,,,hybridization/mismatch off-target effect,hybridization/mismatch off-target effect,full_text_experimental_context_needs_curator_resolution,FRET strand-exchange assay and Huh-7 off-target knockdown assay,,Huh-7 cells and in-cuvette hybridization assay,human,Huh-7 cells,,,,,,Results > Hybridization-dependent mechanism: complementary PNA strand mitigates off-target hybridizations; paragraph 31,,,,,,,,,,,,,hybridization/mismatch,,1,0,B,A,Results > Hybridization-dependent mechanism: complementary PNA strand mitigates off-target hybridizations; paragraph 31,true,accept,jie_ni,curator_verified,"Machine pre-curation only. Human curator must verify source anchor, molecule identity, assay context, endpoint, and grade before promotion.",Full text checked; Results section directly supports PNA bracing suppressing hybridization-dependent ASO off-target knockdown.,none
748,1716,1481,37200862,PMC10185704,10.1016/j.omtn.2023.04.010,Block or degrade? Balancing on- and off-target effects of antisense strategies against transcripts with expanded triplet repeats in DM1.,Mol Ther Nucleic Acids,2023,https://pubmed.ncbi.nlm.nih.gov/37200862/,offtarget,ASO,PubMed abstract sentence 8,off-target;transcriptome,cache,research-article,,Results > The repeat-blocking ASO and both gapmers lead to downregulation of DMPK RNA; paragraph 8,7fe4b72162204bd9,off-target; aso; gapmer; phosphorothioate,DM1,,DM1 ASO panel from PMID 37200862,ASO,,DMPK,,,{},offtarget_evidence,,,,,off-target evidence,transcriptome-level off-target effect,full_text_experimental_context_needs_curator_resolution,RNA-seq transcriptome profiling,,DM1 patient-derived immortalized myoblasts,human,DM1 myoblasts,,,,,,Results > RNA-seq reveals activation of the interferon response by all ASOs and additional off-target effects on gene expression by the repeat gapmer; paragraph 3,,,,,,,,,,,,,transcriptome,,1,0,B,A,Results > RNA-seq reveals activation of the interferon response by all ASOs and additional off-target effects on gene expression by the repeat gapmer; paragraph 3,true,accept,jie_ni,curator_verified,"Machine pre-curation only. Human curator must verify source anchor, molecule identity, assay context, endpoint, and grade before promotion.",Full text checked; updated to the Results RNA-seq section that directly reports transcriptome-level off-target expression changes for repeat-targeting ASOs.,none
621,1449,1411,35736224,PMC9262600,10.1093/nar/gkac539,From bench to bedside: Improving the clinical safety of GalNAc-siRNA conjugates using seed-pairing destabilization.,Nucleic Acids Res,2022,https://pubmed.ncbi.nlm.nih.gov/35736224/,offtarget,siRNA,PubMed abstract sentence 2,off-target;seed,cache,research-article,,RESULTS > Application of ESC+ design to improve the specificity and safety of ALN-HBV; paragraph 46,d2cc5d7a92cd60b0,off-target; seed; transcriptome; hybridization; risc; sirna; rnai; galnac; lna,,,ALN-HBV/ALN-HBV02 GalNAc-siRNA panel from PMID 35736224,siRNA,,HBV,,,{},offtarget_evidence,,,,,seed-mediated off-target effect,seed-mediated off-target effect,full_text_experimental_context_needs_curator_resolution,RNA-seq specificity profiling after siRNA transfection,,HepG2.2.15 cells and HBV-AAV mouse model,human; mouse,HepG2.2.15 cells,,,,,,RESULTS > Application of ESC+ design to improve the specificity and safety of ALN-HBV; paragraph 46,,,,,,,,,,,,,seed,7,1,0,B,A,RESULTS > Application of ESC+ design to improve the specificity and safety of ALN-HBV; paragraph 46,true,accept,jie_ni,curator_verified,"Machine pre-curation only. Human curator must verify source anchor, molecule identity, assay context, endpoint, and grade before promotion.",Full text checked; Results section supports ESC+ seed-pairing destabilization reducing ALN-HBV transcriptome dysregulation/off-target risk.,none
1791,4307,2255,35071927,PMC8771963,10.1021/acsomega.1c06455,siRNA Seed Region Is Divided into Two Functionally Different Domains in RNA Interference in Response to 2'-OMe Modifications.,ACS Omega,2022,https://pubmed.ncbi.nlm.nih.gov/35071927/,offtarget,siRNA,PubMed abstract sentence 2,seed;unintended,cache,research-article,,Introduction; paragraph 4,247a9d2f3a1d4c84,off-target; seed; silencing; risc; sirna; rnai; locked nucleic acid,,,,siRNA,,,,,{},offtarget_evidence,,,,,seed-mediated off-target effect,seed-mediated off-target effect,full_text_experimental_context_needs_curator_resolution,,,,,,,,,,,,,,,,,,,,,,,,,,1,0,B,B,Introduction; paragraph 4,false,pending_pi_review,,machine_extracted_needs_human_verification,"Machine pre-curation only. Human curator must verify source anchor, molecule identity, assay context, endpoint, and grade before promotion.","Machine pre-curation only. Human curator must verify source anchor, molecule identity, assay context, endpoint, and grade before promotion.",intro_anchor_needs_primary_result
1892,4514,2308,35205363,PMC8872465,10.3390/genes13020319,The siRNA Off-Target Effect Is Determined by Base-Pairing Stabilities of Two Different Regions with Opposite Effects.,Genes (Basel),2022,https://pubmed.ncbi.nlm.nih.gov/35205363/,offtarget,siRNA,PubMed abstract sentence 2,seed;unintended,cache,research-article,,1. Introduction; paragraph 4,4980ab729b47ba37,off-target; seed; silencing; risc; aso; sirna; rnai,,,,siRNA,,,,,{},offtarget_evidence,,,,,seed-mediated off-target effect,seed-mediated off-target effect,full_text_experimental_context_needs_curator_resolution,,,,,,,,,,,,,,,,,,,,,,,,,,1,0,B,B,1. Introduction; paragraph 4,false,pending_pi_review,,machine_extracted_needs_human_verification,"Machine pre-curation only. Human curator must verify source anchor, molecule identity, assay context, endpoint, and grade before promotion.","Machine pre-curation only. Human curator must verify source anchor, molecule identity, assay context, endpoint, and grade before promotion.",intro_anchor_needs_primary_result
4297,10419,4058,36276652,PMC9576606,10.7150/thno.77830,Specificity of oligonucleotide gene therapy (OGT) agents.,Theranostics,2022,https://pubmed.ncbi.nlm.nih.gov/36276652/,offtarget,ASO,PubMed abstract sentence 8,off-target;hybridization,cache,review-article,,2. Antisense oligonucleotides (ASO agents) > 2.3. In vitro and in vivo hybridization dependent OTE; paragraph 13,799fccc53dd3ef3a,off-target; unintended; mismatch; hybridization; antisense oligonucleotide; antisense; oligonucleotide; aso; sirna; gapmer; lna,,,,ASO,,,,,{},offtarget_evidence,,,,,hybridization/mismatch off-target effect,hybridization/mismatch off-target effect,full_text_experimental_context_needs_curator_resolution,,,,,,,,,,,,,,,,,,,,,,,,,,1,0,C,C,2. Antisense oligonucleotides (ASO agents) > 2.3. In vitro and in vivo hybridization dependent OTE; paragraph 13,false,pending_pi_review,,machine_extracted_needs_human_verification,"Machine pre-curation only. Human curator must verify source anchor, molecule identity, assay context, endpoint, and grade before promotion.","Machine pre-curation only. Human curator must verify source anchor, molecule identity, assay context, endpoint, and grade before promotion.",review_or_meta_analysis
1577,3809,2113,34388351,PMC8713556,10.1089/nat.2020.0921,Transcriptome-Wide Off-Target Effects of Steric-Blocking Oligonucleotides.,Nucleic Acid Ther,2021,https://pubmed.ncbi.nlm.nih.gov/34388351/,offtarget,ASO,PubMed abstract sentence 2,off-target;transcriptome,cache,research-article,,Introduction; paragraph 4,9bf30d230ca58160,off-target; mismatch; hybridization; oligonucleotide; aso; gapmer; locked nucleic acid,,,,ASO,,,,,{},offtarget_evidence,,,,,hybridization/mismatch off-target effect,hybridization/mismatch off-target effect,full_text_experimental_context_needs_curator_resolution,,,,,,,,,,,,,,,,,,,,,,,,,,1,0,B,B,Introduction; paragraph 4,false,pending_pi_review,,machine_extracted_needs_human_verification,"Machine pre-curation only. Human curator must verify source anchor, molecule identity, assay context, endpoint, and grade before promotion.","Machine pre-curation only. Human curator must verify source anchor, molecule identity, assay context, endpoint, and grade before promotion.",intro_anchor_needs_primary_result
1475,3597,2058,29459660,PMC5818625,10.1038/s41467-018-02989-4,Selection of GalNAc-conjugated siRNAs with limited off-target-driven rat hepatotoxicity.,Nat Commun,2018,https://pubmed.ncbi.nlm.nih.gov/29459660/,offtarget,siRNA,PubMed abstract sentence 4,off-target;hybridization,cache,research-article,OpenAccess,Results > siRNA off-targets are enriched for seed complementarity; paragraph 17,8219cabdf209b40b,off-target; seed; transcriptome; risc; antisense; sirna; rnai; galnac; lna,,,GalNAc-siRNA panel from PMID 29459660,siRNA,,,,,{},offtarget_evidence,,,,,seed-mediated off-target effect,seed-mediated off-target effect,full_text_experimental_context_needs_curator_resolution,RNA-seq off-target profiling in hepatocytes and rat liver,,rat hepatocytes and rat liver after GalNAc-siRNA exposure,rat,rat hepatocytes; rat liver,,,,,,Results > siRNA off-targets are enriched for seed complementarity; paragraph 17,,,,,,,,,,,,,seed,7,1,0,B,A,Results > siRNA off-targets are enriched for seed complementarity; paragraph 17,true,accept,jie_ni,curator_verified,"Machine pre-curation only. Human curator must verify source anchor, molecule identity, assay context, endpoint, and grade before promotion.",Full text checked; Results section directly supports seed-complement-enriched GalNAc-siRNA off-target transcript dysregulation in vitro and in vivo.,none
1584,3824,2117,29450406,PMC5808362,10.1021/acsomega.7b00291,Chemical Modification of the siRNA Seed Region Suppresses Off-Target Effects by Steric Hindrance to Base-Pairing with Targets.,ACS Omega,2017,https://pubmed.ncbi.nlm.nih.gov/29450406/,offtarget,siRNA,PubMed abstract sentence 1,off-target;seed,cache,research-article,,Results and Discussion; paragraph 18,cb966e7e0b08c47d,seed; silencing; risc; sirna; rnai; lna,,,,siRNA,,,,,{},offtarget_evidence,,,,,seed-mediated off-target effect,seed-mediated off-target effect,full_text_experimental_context_needs_curator_resolution,,,,,,,,,,,,,,,,,,,,,,,,,,1,0,B,B,Results and Discussion; paragraph 18,false,pending_pi_review,,machine_extracted_needs_human_verification,"Machine pre-curation only. Human curator must verify source anchor, molecule identity, assay context, endpoint, and grade before promotion.","Machine pre-curation only. Human curator must verify source anchor, molecule identity, assay context, endpoint, and grade before promotion.",discussion_or_conclusion_anchor
1777,4275,2246,21687525,PMC3109444,10.4161/adna.1.1.12204,In vivo efficacy and off-target effects of locked nucleic acid (LNA) and unlocked nucleic acid (UNA) modified siRNA and small internally segmented interfering RNA (sisiRNA) in mice bearing human tumor xenografts.,Artif DNA PNA XNA,2010,https://pubmed.ncbi.nlm.nih.gov/21687525/,offtarget,siRNA,PubMed abstract sentence 10,off-target;seed,cache,research-article,,Abstract; paragraph 1,ede50b9c0b589f09,off-target; seed; antisense; sirna; small interfering rna; lna,,,,siRNA,,,,,{},offtarget_evidence,,,,,seed-mediated off-target effect,seed-mediated off-target effect,full_text_experimental_context_needs_curator_resolution,,,,,,,,,,,,,,,,,,,,,,,,,,1,0,B,B,Abstract; paragraph 1,false,pending_pi_review,,machine_extracted_needs_human_verification,"Machine pre-curation only. Human curator must verify source anchor, molecule identity, assay context, endpoint, and grade before promotion.","Machine pre-curation only. Human curator must verify source anchor, molecule identity, assay context, endpoint, and grade before promotion.",abstract_anchor_only
2129,5043,2454,41020503,PMC12477598,10.1093/nar/gkaf937,Modified unlocked nucleic acid (MUNA) mitigates off-target effects of small interfering RNAs.,Nucleic Acids Res,2025,https://pubmed.ncbi.nlm.nih.gov/41020503/,offtarget,ASO/siRNA,PubMed abstract sentence 4,off-target;seed,cache,research-article,,Results > Modified UNAs mitigate off-target activity without reducing on-target activity in cell culture; paragraph 69,31159022c2584801,off-target; seed; silencing; antisense; sirna,,,,ASO/siRNA mixed context,,,,,{},offtarget_evidence,,,,,seed-mediated off-target effect,seed-mediated off-target effect,full_text_experimental_context_needs_curator_resolution,,,,,,,,,,,,,,,,,,,,,,,,,,1,0,B,B,Results > Modified UNAs mitigate off-target activity without reducing on-target activity in cell culture; paragraph 69,false,pending_pi_review,,machine_extracted_needs_human_verification,"Machine pre-curation only. Human curator must verify source anchor, molecule identity, assay context, endpoint, and grade before promotion.","Machine pre-curation only. Human curator must verify source anchor, molecule identity, assay context, endpoint, and grade before promotion.",mixed_modality_needs_resolution
4489,10939,4222,29860520,PMC6093183,10.1093/nar/gky437,"Specificity of RNAi, LNA and CRISPRi as loss-of-function methods in transcriptional analysis.",Nucleic Acids Res,2018,https://pubmed.ncbi.nlm.nih.gov/29860520/,offtarget,siRNA,PubMed abstract sentence 3,off-target;transcriptome,cache,research-article,http://creativecommons.org/licenses/by/4.0/,RESULTS > LNA and RNAi technologies are associated with non-negligible off-target effects; Figure 1. caption,eef0edbaefca344e,off-target; oligonucleotide; sirna; rnai; lna,,,negative-control siRNA panel from PMID 29860520,siRNA,,,,,{},offtarget_evidence,,,,,off-target evidence,transcriptome-level off-target effect,full_text_experimental_context_needs_curator_resolution,RNA-seq differential expression profiling,,HeLa cells treated with negative-control siRNAs,human,HeLa cells,,,,,,RESULTS > LNA and RNAi technologies are associated with non-negligible off-target effects; Figure 1. caption,,,,,,,,,,,,,transcriptome,,1,0,B,A,RESULTS > LNA and RNAi technologies are associated with non-negligible off-target effects; Figure 1. caption,true,accept,jie_ni,curator_verified,"Machine pre-curation only. Human curator must verify source anchor, molecule identity, assay context, endpoint, and grade before promotion.",Full text checked; Results/Figure 1 section directly supports sequence-dependent transcriptome off-target effects from control siRNAs.,none
2591,6223,2813,26338776,PMC4605310,10.1093/nar/gkv857,In silico and in vitro evaluation of exonic and intronic off-target effects form a critical element of therapeutic ASO gapmer optimization.,Nucleic Acids Res,2015,https://pubmed.ncbi.nlm.nih.gov/26338776/,offtarget,ASO,PubMed abstract sentence 3,off-target;hybridization,cache,research-article,http://creativecommons.org/licenses/by-nc/4.0/,RESULTS > Intronic regions are markedly more susceptible to ASO-silencing than exonic sequence; paragraph 24,84b1f719835e30c1,off-target; unintended; mismatch; aso; gapmer; lna,,,GSK2910546A ASO gapmer panel from PMID 26338776,ASO,,BACH1,,,{},offtarget_evidence,,,,,hybridization/mismatch off-target effect,hybridization/mismatch off-target effect,full_text_experimental_context_needs_curator_resolution,OpenArray qPCR off-target knockdown assay,,normal human bronchial epithelial cells,human,NHBE cells,,,,,,RESULTS > Intronic regions are markedly more susceptible to ASO-silencing than exonic sequence; paragraph 24,,,,,,,,,,,,,hybridization/mismatch,,1,0,B,A,RESULTS > Intronic regions are markedly more susceptible to ASO-silencing than exonic sequence; paragraph 24,true,accept,jie_ni,curator_verified,"Machine pre-curation only. Human curator must verify source anchor, molecule identity, assay context, endpoint, and grade before promotion.",Full text checked; Results section directly supports mismatch-tolerant ASO gapmer knockdown of predicted intronic off-target transcripts.,none
11,21,1002,41760661,PMC12954066,10.1038/s41467-026-69980-2,Dysregulation of the DNA damage response by phosphorothioate antisense oligonucleotides.,Nat Commun,2026,https://pubmed.ncbi.nlm.nih.gov/41760661/,toxicity,ASO,PubMed abstract sentence 6,toxic;dna damage,cache,research-article,,Results > ASO treatment cause activation of DNA repair enzymes and these proteins are enriched in ASO-seeded PS bodies; paragraph 15,ec2deef359e68dc1,dna damage; aso,,,phosphorothioate ASO panel from PMID 41760661,ASO,,,,,{},toxicity_endpoint,DNA damage response,DNA damage response,genotoxicity,genotoxicity,,,full_text_experimental_context_needs_curator_resolution,cell-based DNA damage response assay and mouse ICV study,,U2OS cells and mouse brain after ASO exposure,human; mouse,U2OS cells; brain,,,,,,Results > ASO treatment cause activation of DNA repair enzymes and these proteins are enriched in ASO-seeded PS bodies; paragraph 15,,,,,,increased,,significant,,,,,,,1,0,B,A,Results > ASO treatment cause activation of DNA repair enzymes and these proteins are enriched in ASO-seeded PS bodies; paragraph 15,true,accept,jie_ni,curator_verified,"Machine pre-curation only. Human curator must verify source anchor, molecule identity, assay context, endpoint, and grade before promotion.",Full text checked; Results section supports ASO-associated activation of DNA repair enzymes and DNA damage response signaling.,none
60,136,1035,41918821,PMC13034028,10.1093/narmme/ugag016,Integrating transcriptomics and proteomics to assess antisense oligonucleotide safety and efficacy: a time-resolved approach.,NAR Mol Med,2026,https://pubmed.ncbi.nlm.nih.gov/41918821/,toxicity,ASO,PubMed abstract sentence 1,toxicity;toxic;safety,cache,research-article,,Results > Tool ASO safety profile characterization in vitro and in vivo; paragraph 32,016fd63af7ecc448,toxicity; toxic; liver; safety; tolerability; aso; lna,,,tool ASO safety panel from PMID 41918821,ASO,,,,,{},toxicity_endpoint,hepatotoxicity,hepatotoxicity,hepatic,hepatic,,,full_text_experimental_context_needs_curator_resolution,mouse acute tolerability study and HepG2 Caspase 3/7 cytotoxicity assay,,mouse high-dose ASO exposure and HepG2 transfection time course,mouse; human,HepG2 cells; plasma,,,,,,Results > Tool ASO safety profile characterization in vitro and in vivo; paragraph 32,,,,,,increased,,significant,,,,,,,1,0,B,A,Results > Tool ASO safety profile characterization in vitro and in vivo; paragraph 32,true,accept,jie_ni,curator_verified,"Machine pre-curation only. Human curator must verify source anchor, molecule identity, assay context, endpoint, and grade before promotion.",Full text checked; Results section supports differential ASO liver toxicity by ALT elevation and concordant in vitro caspase activation.,none
103,227,1059,41949334,PMC13059674,10.1111/cts.70536,A Long-Term Human Liver Spheroid Model for Assessing Silencing and Durability of GalNAc-Conjugated siRNAs.,Clin Transl Sci,2026,https://pubmed.ncbi.nlm.nih.gov/41949334/,toxicity,siRNA,PubMed abstract sentence 9,toxicity;toxic;hepatotoxicity,cache,research-article,,Abstract; paragraph 1,18eb5ef4bc278fbd,toxicity; toxic; hepatotoxicity; liver; tolerability; sirna; galnac; phosphorothioate; lna,,,,siRNA,,,,,{},toxicity_endpoint,hepatotoxicity,hepatotoxicity,hepatic,hepatic,,,full_text_experimental_context_needs_curator_resolution,,,,,,,,,,,,,,,,,,,,,,,,,,1,0,B,B,Abstract; paragraph 1,false,pending_pi_review,,machine_extracted_needs_human_verification,"Machine pre-curation only. Human curator must verify source anchor, molecule identity, assay context, endpoint, and grade before promotion.","Machine pre-curation only. Human curator must verify source anchor, molecule identity, assay context, endpoint, and grade before promotion.",abstract_anchor_only
115,251,1065,41754970,PMC12944301,10.3390/pharmaceutics18020228,Unconventional Lysine-Type Lipid Assemblies Enable Efficient Antisense Oligonucleotide Delivery with Distinct Structural Features.,Pharmaceutics,2026,https://pubmed.ncbi.nlm.nih.gov/41754970/,toxicity,ASO,PubMed abstract sentence 6,toxicity;toxic,cache,research-article,,4. Conclusions; paragraph 33,c636b21c4df6d45a,toxicity; toxic; liver; safety; cytotoxicity; antisense oligonucleotide; antisense; oligonucleotide; aso,,,,ASO,,,,,{},toxicity_endpoint,hepatotoxicity,hepatotoxicity,hepatic,hepatic,,,full_text_experimental_context_needs_curator_resolution,,,,,,,,,,,,,,,,,,,,,,,,,,1,0,B,B,4. Conclusions; paragraph 33,false,pending_pi_review,,machine_extracted_needs_human_verification,"Machine pre-curation only. Human curator must verify source anchor, molecule identity, assay context, endpoint, and grade before promotion.","Machine pre-curation only. Human curator must verify source anchor, molecule identity, assay context, endpoint, and grade before promotion.",discussion_or_conclusion_anchor
254,542,1141,42042810,PMC13119646,10.3390/vaccines14040334,CTLA-4 Antisense Oligonucleotide Contributes to Enhanced Immunogenicity of an Adjuvanted Recombinant Sporothrix spp. Enolase Antigen.,Vaccines (Basel),2026,https://pubmed.ncbi.nlm.nih.gov/42042810/,toxicity,ASO,PubMed abstract sentence 5,toxicity;toxic,cache,research-article,,1. Introduction; paragraph 5,db94a080eb012dd5,toxicity; toxic; cytotoxicity; immunogenicity; antisense oligonucleotide; antisense; oligonucleotide; aso,,,,ASO,,,,,{},toxicity_endpoint,immune activation,immune activation,immunotoxicity,immunotoxicity,,,full_text_experimental_context_needs_curator_resolution,,,,,,,,,,,,,,,,,,,,,,,,,,1,0,B,B,1. Introduction; paragraph 5,false,pending_pi_review,,machine_extracted_needs_human_verification,"Machine pre-curation only. Human curator must verify source anchor, molecule identity, assay context, endpoint, and grade before promotion.","Machine pre-curation only. Human curator must verify source anchor, molecule identity, assay context, endpoint, and grade before promotion.",intro_anchor_needs_primary_result
276,588,1153,41669684,PMC12883765,10.3389/fphar.2026.1736821,Efficacy and safety of small interfering RNA (siRNA) therapies for hypertriglyceridemia and mixed dyslipidemia: an updated systematic review and meta-analysis.,Front Pharmacol,2026,https://pubmed.ncbi.nlm.nih.gov/41669684/,toxicity,siRNA,PubMed abstract sentence 12,risk;adverse,cache,systematic-review,,Introduction; paragraph 6,03a803a5b6e663a3,liver; safety; antisense oligonucleotide; antisense; oligonucleotide; sirna; small interfering rna; galnac; lna,,,,siRNA,,,,,{},toxicity_endpoint,hepatotoxicity,hepatotoxicity,hepatic,hepatic,,,full_text_experimental_context_needs_curator_resolution,,,,,,,,,,,,,,,,,,,,,,,,,,1,0,B,B,Introduction; paragraph 6,false,pending_pi_review,,machine_extracted_needs_human_verification,"Machine pre-curation only. Human curator must verify source anchor, molecule identity, assay context, endpoint, and grade before promotion.","Machine pre-curation only. Human curator must verify source anchor, molecule identity, assay context, endpoint, and grade before promotion.",intro_anchor_needs_primary_result; review_or_meta_analysis
282,600,1156,41565351,PMC13053874,10.1177/10915818261417235,An Industry Perspective on Key Considerations for the ICH S13 Guidance: Nonclinical Safety Evaluations of Oligonucleotide-Based Therapeutics.,Int J Toxicol,2026,https://pubmed.ncbi.nlm.nih.gov/41565351/,toxicity,ASO,PubMed abstract sentence 7,toxicity;toxic;safety,cache,research-article,,Key Considerations and Recommendations > Genetic Toxicology; paragraph 21,e47a50b4af404122,toxicity; toxic; kidney; liver; oligonucleotide,,,,ASO,,,,,{},toxicity_endpoint,hepatotoxicity,hepatotoxicity,hepatic,hepatic,,,full_text_experimental_context_needs_curator_resolution,,,,,,,,,,,,,,,,,,,,,,,,,,1,0,C,C,Key Considerations and Recommendations > Genetic Toxicology; paragraph 21,false,pending_pi_review,,machine_extracted_needs_human_verification,"Machine pre-curation only. Human curator must verify source anchor, molecule identity, assay context, endpoint, and grade before promotion.","Machine pre-curation only. Human curator must verify source anchor, molecule identity, assay context, endpoint, and grade before promotion.",review_or_meta_analysis
336,716,1187,41977221,PMC13073686,10.3390/ijms27073032,siRNA Nanoparticle Delivery Strategies and Clinical Trial Advances in Tumor Therapy.,Int J Mol Sci,2026,https://pubmed.ncbi.nlm.nih.gov/41977221/,toxicity,siRNA,PubMed abstract sentence 6,toxicity;toxic,cache,review-article,,3. siRNA Nanoparticle Delivery System > 3.6. Coupling Technology; paragraph 34,0d5f5e74541095f0,toxicity; toxic; renal; liver; safety; cytotoxicity; immunogenicity; complement; sirna,,,,siRNA,,,,,{},toxicity_endpoint,hepatotoxicity,hepatotoxicity,hepatic,hepatic,,,full_text_experimental_context_needs_curator_resolution,,,,,,,,,,,,,,,,,,,,,,,,,,1,0,C,C,3. siRNA Nanoparticle Delivery System > 3.6. Coupling Technology; paragraph 34,false,pending_pi_review,,machine_extracted_needs_human_verification,"Machine pre-curation only. Human curator must verify source anchor, molecule identity, assay context, endpoint, and grade before promotion.","Machine pre-curation only. Human curator must verify source anchor, molecule identity, assay context, endpoint, and grade before promotion.",review_or_meta_analysis
382,818,1215,41399312,PMC12877987,10.1002/smll.202509094,Delivery of Antisense Oligonucleotides Using the Nano-Cell Vesicle Technology System (nCVTs) for Targeted Cancer Therapy.,Small,2026,https://pubmed.ncbi.nlm.nih.gov/41399312/,toxicity,ASO,PubMed abstract sentence 4,toxicity;toxic,cache,research-article,,Results and Discussion; paragraph 25,60458b7b07ead307,toxicity; toxic; kidney; liver; safety,,,,ASO,,,,,{},toxicity_endpoint,hepatotoxicity,hepatotoxicity,hepatic,hepatic,,,full_text_experimental_context_needs_curator_resolution,,,,,,,,,,,,,,,,,,,,,,,,,,1,0,B,B,Results and Discussion; paragraph 25,false,pending_pi_review,,machine_extracted_needs_human_verification,"Machine pre-curation only. Human curator must verify source anchor, molecule identity, assay context, endpoint, and grade before promotion.","Machine pre-curation only. Human curator must verify source anchor, molecule identity, assay context, endpoint, and grade before promotion.",discussion_or_conclusion_anchor
579,1357,1386,41922680,PMC13181104,10.1038/s41598-026-46162-0,Co-delivery of cisplatin and Bmi1 siRNA via nanocapsules overcomes chemoresistance in ovarian cancer.,Sci Rep,2026,https://pubmed.ncbi.nlm.nih.gov/41922680/,toxicity,siRNA,PubMed abstract sentence 7,toxicity;toxic,cache,research-article,,Results and discussion > CCL@Bmi1 siRNA suppress tumor growth in OC xenograft mouse models; paragraph 55,1d7877fe9f9f2204,toxicity; toxic; renal; kidney; liver; safety; sirna,Bmi1,,,siRNA,,,,,{},toxicity_endpoint,hepatotoxicity,hepatotoxicity,hepatic,hepatic,,,full_text_experimental_context_needs_curator_resolution,,,,,,,,,,,,,,,,,,,,,,,,,,1,0,B,B,Results and discussion > CCL@Bmi1 siRNA suppress tumor growth in OC xenograft mouse models; paragraph 55,false,pending_pi_review,,machine_extracted_needs_human_verification,"Machine pre-curation only. Human curator must verify source anchor, molecule identity, assay context, endpoint, and grade before promotion.","Machine pre-curation only. Human curator must verify source anchor, molecule identity, assay context, endpoint, and grade before promotion.",discussion_or_conclusion_anchor
610,1430,1407,41611213,PMC12893320embargo-date: 2027/01/29,10.1021/acs.biomac.5c02041,Bifunctional Silk Nanospheres for Targeted Delivery of Oligonucleotide Therapeutics to VEGFR-Positive Cells in the Tumor Microenvironment.,Biomacromolecules,2026,https://pubmed.ncbi.nlm.nih.gov/41611213/,toxicity,ASO,PubMed abstract sentence 2,toxicity;toxic,cache,research-article,,Abstract; paragraph 1,3f1a9694db4e5389,toxicity; toxic; liver; sirna; small interfering rna,,,,ASO,,,,,{},toxicity_endpoint,hepatotoxicity,hepatotoxicity,hepatic,hepatic,,,full_text_experimental_context_needs_curator_resolution,,,,,,,,,,,,,,,,,,,,,,,,,,1,0,B,B,Abstract; paragraph 1,false,pending_pi_review,,machine_extracted_needs_human_verification,"Machine pre-curation only. Human curator must verify source anchor, molecule identity, assay context, endpoint, and grade before promotion.","Machine pre-curation only. Human curator must verify source anchor, molecule identity, assay context, endpoint, and grade before promotion.",abstract_anchor_only
625,1457,1413,41928909,PMC13040562,10.1039/d5cb00316d,Guanine base modifications in antisense oligonucleotides mitigate acute central nervous system toxicity.,RSC Chem Biol,2026,https://pubmed.ncbi.nlm.nih.gov/41928909/,toxicity,ASO,PubMed abstract sentence 2,toxicity;toxic,cache,research-article,,Result > Nucleobase-dependent effects of hypoxanthine substitution on in vivo CNS toxicity; Fig. 3 caption,751fd2b232f6b2b1,toxicity; toxic; neurotoxicity; tolerability; aso; gapmer; lna,,,,ASO,,,,,{},toxicity_endpoint,neurotoxicity,neurotoxicity,neurological,neurological,,,full_text_experimental_context_needs_curator_resolution,,,,,,,,,,,,,,,,,,,,,,,,,,1,0,B,B,Result > Nucleobase-dependent effects of hypoxanthine substitution on in vivo CNS toxicity; Fig. 3 caption,true,pending_pi_review,,machine_extracted_needs_human_verification,"Machine pre-curation only. Human curator must verify source anchor, molecule identity, assay context, endpoint, and grade before promotion.","Machine pre-curation only. Human curator must verify source anchor, molecule identity, assay context, endpoint, and grade before promotion.",none
731,1685,1474,41783787,PMC12955106,10.1016/j.omtn.2026.102865,GalNAc-conjugated siRNA targeting C/EBPβ reverses metabolic dysfunction and restores liver homeostasis in a murine MASLD model.,Mol Ther Nucleic Acids,2026,https://pubmed.ncbi.nlm.nih.gov/41783787/,toxicity,siRNA,PubMed abstract sentence 4,toxicity;toxic;hepatotoxicity,cache,brief-report,,Results > In vitro silencing activity of GalNAc-siCEBPβ in primary mouse hepatocytes; paragraph 6,c55083d88dfc009a,toxicity; toxic; liver; cytotoxicity; sirna; galnac; lna,,,GalNAc-siCEBP?,siRNA,,CEBPB,,,{},toxicity_endpoint,hepatotoxicity,cytotoxicity,hepatic,cytotoxicity,,,full_text_experimental_context_needs_curator_resolution,primary mouse hepatocyte dose-response cytotoxicity observation,,primary mouse hepatocytes treated with GalNAc-siCEBP? for 48 h,mouse,primary mouse hepatocytes,,,,,,Results > In vitro silencing activity of GalNAc-siCEBPβ in primary mouse hepatocytes; paragraph 6,,,,,,no observed toxicity,,descriptive,,,,,,,1,0,B,C,Results > In vitro silencing activity of GalNAc-siCEBPβ in primary mouse hepatocytes; paragraph 6,true,accept,jie_ni,curator_verified,"Machine pre-curation only. Human curator must verify source anchor, molecule identity, assay context, endpoint, and grade before promotion.","Full text checked; Results section reports no cytotoxicity during primary mouse hepatocyte GalNAc-siCEBP? dose-response testing, but details are data-not-shown.",none
1086,2580,1744,41755009,PMC12944025,10.3390/pharmaceutics18020268,Calcium/Aluminum-Cored Asymmetric Bilayer Nanoparticles for Codelivery of Ziyuglycoside II and PD-L1 siRNA Exert Anti-Breast Tumor Effects.,Pharmaceutics,2026,https://pubmed.ncbi.nlm.nih.gov/41755009/,toxicity,siRNA,PubMed abstract sentence 5,toxicity;toxic,cache,research-article,,3. Results and Discussion > 3.13. H&E Staining; paragraph 54,991d1d2bbbbb848f,toxicity; toxic; kidney; liver,,,,siRNA,,,,,{},toxicity_endpoint,hepatotoxicity,hepatotoxicity,hepatic,hepatic,,,full_text_experimental_context_needs_curator_resolution,,,,,,,,,,,,,,,,,,,,,,,,,,1,0,B,B,3. Results and Discussion > 3.13. H&E Staining; paragraph 54,false,pending_pi_review,,machine_extracted_needs_human_verification,"Machine pre-curation only. Human curator must verify source anchor, molecule identity, assay context, endpoint, and grade before promotion.","Machine pre-curation only. Human curator must verify source anchor, molecule identity, assay context, endpoint, and grade before promotion.",discussion_or_conclusion_anchor
1946,4624,2336,41810468,PMC12907858,10.1016/j.ajps.2026.101126,In vivo self-assembled siRNAs targeting VEGFR2 and mTOR for renal cell carcinoma treatment.,Asian J Pharm Sci,2026,https://pubmed.ncbi.nlm.nih.gov/41810468/,toxicity,siRNA,PubMed abstract sentence 4,toxicity;toxic,cache,research-article,,Results and discussion > Assessment of efficacy and toxicity in combined therapy for advanced ccRCC; paragraph 36,8724d6d7251812fa,toxicity; toxic; hepatotoxicity; liver; safety,VEGFR2,,,siRNA,,,,,{},toxicity_endpoint,hepatotoxicity,hepatotoxicity,hepatic,hepatic,,,full_text_experimental_context_needs_curator_resolution,,,,,,,,,,,,,,,,,,,,,,,,,,1,0,B,B,Results and discussion > Assessment of efficacy and toxicity in combined therapy for advanced ccRCC; paragraph 36,false,pending_pi_review,,machine_extracted_needs_human_verification,"Machine pre-curation only. Human curator must verify source anchor, molecule identity, assay context, endpoint, and grade before promotion.","Machine pre-curation only. Human curator must verify source anchor, molecule identity, assay context, endpoint, and grade before promotion.",discussion_or_conclusion_anchor
3111,7539,3211,41898774,PMC13026121,10.3390/ijms27062915,Functional siRNA Delivery via Jet Nebulization: Proof-of-Concept IL-1ß Silencing in Macrophage-like THP-1 Cells.,Int J Mol Sci,2026,https://pubmed.ncbi.nlm.nih.gov/41898774/,toxicity,siRNA,PubMed abstract sentence 4,toxicity;toxic,cache,research-article,,2. Results > 2.6. Knockdown of Endogenously Expressed IL-1β by Nebulized siRNA; paragraph 27,811c450443103704,toxicity; toxic; liver; cytotoxicity; sirna,,,,siRNA,,,,,{},toxicity_endpoint,hepatotoxicity,hepatotoxicity,hepatic,hepatic,,,full_text_experimental_context_needs_curator_resolution,,,,,,,,,,,,,,,,,,,,,,,,,,1,0,B,B,2. Results > 2.6. Knockdown of Endogenously Expressed IL-1β by Nebulized siRNA; paragraph 27,true,pending_pi_review,,machine_extracted_needs_human_verification,"Machine pre-curation only. Human curator must verify source anchor, molecule identity, assay context, endpoint, and grade before promotion.","Machine pre-curation only. Human curator must verify source anchor, molecule identity, assay context, endpoint, and grade before promotion.",none
3148,7628,3237,41767047,PMC12945794,10.3389/fmolb.2026.1767656,ATP-sensitive peptide-based coacervates for intracellular delivery of therapeutic oligonucleotides.,Front Mol Biosci,2026,https://pubmed.ncbi.nlm.nih.gov/41767047/,toxicity,ASO,PubMed abstract sentence 2,toxicity;toxic,cache,brief-report,,Results and discussion; FIGURE 2 caption,80512edfa062e365,toxicity; toxic; liver; cytotoxicity,,,,ASO,,,,,{},toxicity_endpoint,hepatotoxicity,hepatotoxicity,hepatic,hepatic,,,full_text_experimental_context_needs_curator_resolution,,,,,,,,,,,,,,,,,,,,,,,,,,1,0,B,B,Results and discussion; FIGURE 2 caption,false,pending_pi_review,,machine_extracted_needs_human_verification,"Machine pre-curation only. Human curator must verify source anchor, molecule identity, assay context, endpoint, and grade before promotion.","Machine pre-curation only. Human curator must verify source anchor, molecule identity, assay context, endpoint, and grade before promotion.",discussion_or_conclusion_anchor
3159,7655,3245,41754897,PMC12944518,10.3390/pharmaceutics18020154,"Delivery of siRNA and Chloroquine Through an Aspherical, Nanostructured Microparticle for Passive Targeting of Alveolar Macrophages and Inhibition of Local TNF-α Secretion.",Pharmaceutics,2026,https://pubmed.ncbi.nlm.nih.gov/41754897/,toxicity,siRNA,PubMed abstract sentence 5,toxicity;toxic,cache,research-article,,3. Results and Discussion > 3.9. Testing of siRNA Activity for Different Microrod Formulations; paragraph 72,020aaa3db81a97d6,toxicity; toxic; liver; cytotoxicity; sirna,,,,siRNA,,,,,{},toxicity_endpoint,hepatotoxicity,hepatotoxicity,hepatic,hepatic,,,full_text_experimental_context_needs_curator_resolution,,,,,,,,,,,,,,,,,,,,,,,,,,1,0,B,B,3. Results and Discussion > 3.9. Testing of siRNA Activity for Different Microrod Formulations; paragraph 72,false,pending_pi_review,,machine_extracted_needs_human_verification,"Machine pre-curation only. Human curator must verify source anchor, molecule identity, assay context, endpoint, and grade before promotion.","Machine pre-curation only. Human curator must verify source anchor, molecule identity, assay context, endpoint, and grade before promotion.",discussion_or_conclusion_anchor
3220,7818,3296,41561442,PMC12813501,10.1093/narcan/zcag002,Identification of siRNA silencing TGFβ1 and VEGFR2 and utility of the combination in targeting immune modulation and angiogenesis in treating melanoma in vivo.,NAR Cancer,2026,https://pubmed.ncbi.nlm.nih.gov/41561442/,toxicity,siRNA,PubMed abstract sentence 8,toxicity;toxic,cache,research-article,,Results and discussion; paragraph 56,aee8eaf3c40c0f24,toxic; liver; sirna,VEGFR2,,,siRNA,,,,,{},toxicity_endpoint,hepatotoxicity,hepatotoxicity,hepatic,hepatic,,,full_text_experimental_context_needs_curator_resolution,,,,,,,,,,,,,,,,,,,,,,,,,,1,0,B,B,Results and discussion; paragraph 56,false,pending_pi_review,,machine_extracted_needs_human_verification,"Machine pre-curation only. Human curator must verify source anchor, molecule identity, assay context, endpoint, and grade before promotion.","Machine pre-curation only. Human curator must verify source anchor, molecule identity, assay context, endpoint, and grade before promotion.",discussion_or_conclusion_anchor
3274,7940,3330,41477663,PMC12752751,10.1016/j.bioactmat.2025.11.049,Chiral metal nanozyme-enabled SOD2 activation and siRNA delivery cooperatively mitigating chronic heart failure.,Bioact Mater,2026,https://pubmed.ncbi.nlm.nih.gov/41477663/,toxicity,siRNA,PubMed abstract sentence 1,toxicity;toxic,cache,research-article,,Results and discussion > Biosafety of MnO2 nanozymes; paragraph 22,4ec0a83e57ec33fb,toxicity; toxic; renal; kidney; liver; safety,SOD2,,,siRNA,,,,,{},toxicity_endpoint,hepatotoxicity,hepatotoxicity,hepatic,hepatic,,,full_text_experimental_context_needs_curator_resolution,,,,,,,,,,,,,,,,,,,,,,,,,,1,0,B,B,Results and discussion > Biosafety of MnO2 nanozymes; paragraph 22,false,pending_pi_review,,machine_extracted_needs_human_verification,"Machine pre-curation only. Human curator must verify source anchor, molecule identity, assay context, endpoint, and grade before promotion.","Machine pre-curation only. Human curator must verify source anchor, molecule identity, assay context, endpoint, and grade before promotion.",discussion_or_conclusion_anchor
44,106,1028,41467114,PMC12744863,10.1016/j.omtn.2025.102692,Unraveling and controlling late-onset neurotoxicity of antisense oligonucleotides through strategic chemical modifications.,Mol Ther Nucleic Acids,2025,https://pubmed.ncbi.nlm.nih.gov/41467114/,toxicity,ASO,PubMed abstract sentence 2,toxicity;toxic;adverse,cache,research-article,,Results > Gap modification of 5′-CP mitigates cytotoxicity and in vivo neurotoxicity across various PS-ASOs; paragraph 25,8427a5bfa70b3ba7,toxicity; toxic; neurotoxicity; liver; tolerability; cytotoxicity; aso,,,5?-CP-modified PS-ASO panel from PMID 41467114,ASO,,,,,{},toxicity_endpoint,hepatotoxicity,neurotoxicity,hepatic,neurological,,,full_text_experimental_context_needs_curator_resolution,Neuro-2a cytotoxicity assay and rodent in vivo neurotoxicity study,,"Neuro-2a cells, mouse ICV dosing, and rat intrathecal dosing",mouse; rat,Neuro-2a cells; CNS tissue,,,,,,Results > Gap modification of 5′-CP mitigates cytotoxicity and in vivo neurotoxicity across various PS-ASOs; paragraph 25,,,,,,mitigated,,significant,,,,,,,1,0,B,A,Results > Gap modification of 5′-CP mitigates cytotoxicity and in vivo neurotoxicity across various PS-ASOs; paragraph 25,true,accept,jie_ni,curator_verified,"Machine pre-curation only. Human curator must verify source anchor, molecule identity, assay context, endpoint, and grade before promotion.",Full text checked; Results section directly supports 5?-CP gap modification mitigating PS-ASO cytotoxicity and late-onset neurotoxicity.,none
50,116,1030,41021771,PMC12478598,10.1111/cts.70344,"Pharmacokinetics and Safety of Pelacarsen, a GalNAc(3)-Conjugated Antisense Oligonucleotide Targeting Apo(a), in Participants With Mild Hepatic Impairment.",Clin Transl Sci,2025,https://pubmed.ncbi.nlm.nih.gov/41021771/,toxicity,ASO,PubMed abstract sentence 2,safety;tolerability,cache,research-article,,Introduction; paragraph 4,336dcd916200f133,kidney; liver; adverse; safety; tolerability; antisense oligonucleotide; antisense; oligonucleotide; aso; galnac; lna,Pelacarsen,,,ASO,,,,,{},toxicity_endpoint,hepatotoxicity,hepatotoxicity,hepatic,hepatic,,,full_text_experimental_context_needs_curator_resolution,,,,,,,,,,,,,,,,,,,,,,,,,,1,0,B,B,Introduction; paragraph 4,false,pending_pi_review,,machine_extracted_needs_human_verification,"Machine pre-curation only. Human curator must verify source anchor, molecule identity, assay context, endpoint, and grade before promotion.","Machine pre-curation only. Human curator must verify source anchor, molecule identity, assay context, endpoint, and grade before promotion.",intro_anchor_needs_primary_result
67,153,1040,41186228,PMC12691668,10.1128/aac.00679-25,"Safety, pharmacokinetics, and pharmacodynamics of the antisense oligonucleotide RO7239958 in healthy volunteers and adults with chronic hepatitis B infection.",Antimicrob Agents Chemother,2025,https://pubmed.ncbi.nlm.nih.gov/41186228/,toxicity,ASO,PubMed abstract sentence 3,safety;tolerability,cache,research-article,,INTRODUCTION; paragraph 4,b7b6fa2895bb7070,toxicity; toxic; neurotoxicity; renal; kidney; liver; antisense oligonucleotide; antisense; oligonucleotide; aso; galnac; locked nucleic acid; lna,RO7239958,,,ASO,,,,,{},toxicity_endpoint,hepatotoxicity,hepatotoxicity,hepatic,hepatic,,,full_text_experimental_context_needs_curator_resolution,,,,,,,,,,,,,,,,,,,,,,,,,,1,0,B,B,INTRODUCTION; paragraph 4,false,pending_pi_review,,machine_extracted_needs_human_verification,"Machine pre-curation only. Human curator must verify source anchor, molecule identity, assay context, endpoint, and grade before promotion.","Machine pre-curation only. Human curator must verify source anchor, molecule identity, assay context, endpoint, and grade before promotion.",intro_anchor_needs_primary_result
262,560,1146,40034209,PMC11875678,10.1016/j.omtn.2025.102476,SNA-modified antisense oligonucleotides: A new pathway for renal targeting?,Mol Ther Nucleic Acids,2025,https://pubmed.ncbi.nlm.nih.gov/40034209/,toxicity,ASO,PubMed abstract sentence 5,toxicity;toxic;renal;tolerability,cache,news,,Main text; paragraph 7,338aeb0a052d1d71,toxicity; toxic; renal; kidney; liver; safety; tolerability; oligonucleotide; aso,,,,ASO,,,,,{},toxicity_endpoint,hepatotoxicity,hepatotoxicity,hepatic,hepatic,,,full_text_experimental_context_needs_curator_resolution,,,,,,,,,,,,,,,,,,,,,,,,,,1,0,B,B,Main text; paragraph 7,true,pending_pi_review,,machine_extracted_needs_human_verification,"Machine pre-curation only. Human curator must verify source anchor, molecule identity, assay context, endpoint, and grade before promotion.","Machine pre-curation only. Human curator must verify source anchor, molecule identity, assay context, endpoint, and grade before promotion.",none
286,612,1160,40654713,PMC12247940,10.1101/2025.05.01.651722,"Anti-Sense Oligonucleotide as a Therapeutic for Synucleinopathies: Pharmacokinetic, Safety and Efficacy Evaluation.",bioRxiv,2025,https://pubmed.ncbi.nlm.nih.gov/40654713/,toxicity,ASO,PubMed abstract sentence 7,toxicity;toxic,cache,research-article,,Abstract; paragraph 1,159793ed1dfd869a,toxicity; toxic; liver; antisense oligonucleotide; antisense; oligonucleotide; aso,,,,ASO,,,,,{},toxicity_endpoint,hepatotoxicity,hepatotoxicity,hepatic,hepatic,,,full_text_experimental_context_needs_curator_resolution,,,,,,,,,,,,,,,,,,,,,,,,,,1,0,B,B,Abstract; paragraph 1,false,pending_pi_review,,machine_extracted_needs_human_verification,"Machine pre-curation only. Human curator must verify source anchor, molecule identity, assay context, endpoint, and grade before promotion.","Machine pre-curation only. Human curator must verify source anchor, molecule identity, assay context, endpoint, and grade before promotion.",abstract_anchor_only
612,1434,1408,41169576,PMC12569656,10.1021/jacsau.5c01005,"Cycloalkane Incorporation Into the 2',4'-Bridge of Locked Nucleic Acid: Enhancing Nuclease Stability, Reducing Phosphorothioate Modifications, and Lowering Hepatotoxicity in Antisense Oligonucleotides.",JACS Au,2025,https://pubmed.ncbi.nlm.nih.gov/41169576/,toxicity,ASO,PubMed abstract sentence 7,toxicity;toxic;hepatotoxicity,cache,research-article,,Results and Discussion > Reduction of Hepatotoxicity by scpBNA Series; paragraph 23,4dfcffc05c2234e9,toxicity; toxic; hepatotoxicity; renal; liver; safety; aso; gapmer; lna,,,,ASO,,,,,{},toxicity_endpoint,hepatotoxicity,hepatotoxicity,hepatic,hepatic,,,full_text_experimental_context_needs_curator_resolution,,,,,,,,,,,,,,,,,,,,,,,,,,1,0,B,B,Results and Discussion > Reduction of Hepatotoxicity by scpBNA Series; paragraph 23,false,pending_pi_review,,machine_extracted_needs_human_verification,"Machine pre-curation only. Human curator must verify source anchor, molecule identity, assay context, endpoint, and grade before promotion.","Machine pre-curation only. Human curator must verify source anchor, molecule identity, assay context, endpoint, and grade before promotion.",discussion_or_conclusion_anchor
615,1441,1410,41315228,PMC12663328,10.1038/s41467-025-65799-5,The nucleobase guanine at the 3'-terminus of oligonucleotide RGLS4326 drives off-target AMPAR inhibition and CNS toxicity.,Nat Commun,2025,https://pubmed.ncbi.nlm.nih.gov/41315228/,toxicity,ASO,PubMed abstract sentence 2,toxicity;toxic,cache,research-article,,"Method > Toxicology, pharmacokinetic, and pharmacodynamic studies; paragraph 28",66b651d11187d603,toxicity; toxic; kidney; liver; adverse; safety; complement,RGLS4326,,,ASO,,,,,{},toxicity_endpoint,hepatotoxicity,hepatotoxicity,hepatic,hepatic,,,full_text_experimental_context_needs_curator_resolution,,,,,,,,,,,,,,,,,,,,,,,,,,1,0,B,B,"Method > Toxicology, pharmacokinetic, and pharmacodynamic studies; paragraph 28",true,pending_pi_review,,machine_extracted_needs_human_verification,"Machine pre-curation only. Human curator must verify source anchor, molecule identity, assay context, endpoint, and grade before promotion.","Machine pre-curation only. Human curator must verify source anchor, molecule identity, assay context, endpoint, and grade before promotion.",none
819,1879,1527,41283704,PMC12703748,10.1021/acs.jmedchem.5c02209,Dually Decorated Palmitate-Containing Lipid Nanoparticles for the Targeted Delivery of siRNAs against HER2 and Hsp27 in HER2(+) Breast Cancer.,J Med Chem,2025,https://pubmed.ncbi.nlm.nih.gov/41283704/,toxicity,siRNA,PubMed abstract sentence 6,toxicity;toxic,cache,research-article,,Results and Discussion > Dually Functionalized LNPs; paragraph 41,d9c92027ce573458,toxicity; toxic; safety; tolerability; cytotoxicity; sirna,HER2; Hsp27,,,siRNA,,,,,{},toxicity_endpoint,safety/tolerability,safety/tolerability,general safety,general safety,,,full_text_experimental_context_needs_curator_resolution,,,,,,,,,,,,,,,,,,,,,,,,,,1,0,B,B,Results and Discussion > Dually Functionalized LNPs; paragraph 41,false,pending_pi_review,,machine_extracted_needs_human_verification,"Machine pre-curation only. Human curator must verify source anchor, molecule identity, assay context, endpoint, and grade before promotion.","Machine pre-curation only. Human curator must verify source anchor, molecule identity, assay context, endpoint, and grade before promotion.",discussion_or_conclusion_anchor
847,1947,1547,40091434,PMC12038542,10.1002/adma.202419538,Formulation and Characterization of Novel Ionizable and Cationic Lipid Nanoparticles for the Delivery of Splice-Switching Oligonucleotides.,Adv Mater,2025,https://pubmed.ncbi.nlm.nih.gov/40091434/,toxicity,ASO,PubMed abstract sentence 4,toxicity;toxic,cache,research-article,,Results and Discussion > Novel Lipid Nanoparticle Formulation can Outperform MC3 LNPs in Certain Cell Types; paragraph 21,7796e88ee60afc40,toxicity; toxic; liver; cytotoxicity,,,,ASO,,,,,{},toxicity_endpoint,hepatotoxicity,hepatotoxicity,hepatic,hepatic,,,full_text_experimental_context_needs_curator_resolution,,,,,,,,,,,,,,,,,,,,,,,,,,1,0,B,B,Results and Discussion > Novel Lipid Nanoparticle Formulation can Outperform MC3 LNPs in Certain Cell Types; paragraph 21,false,pending_pi_review,,machine_extracted_needs_human_verification,"Machine pre-curation only. Human curator must verify source anchor, molecule identity, assay context, endpoint, and grade before promotion.","Machine pre-curation only. Human curator must verify source anchor, molecule identity, assay context, endpoint, and grade before promotion.",discussion_or_conclusion_anchor
1128,2690,1778,41658564,PMC12875956,10.3389/fonc.2025.1722906,Direct pulmonary delivery route in lung cancer: a highway for siRNA therapeutics.,Front Oncol,2025,https://pubmed.ncbi.nlm.nih.gov/41658564/,toxicity,siRNA,PubMed abstract sentence 6,toxicity;toxic,cache,review-article,,Introduction; paragraph 5,ee226830e0f2ee05,liver; safety; immunogenicity; antisense oligonucleotide; antisense; oligonucleotide; aso; sirna; small interfering rna; galnac; lna,,,,siRNA,,,,,{},toxicity_endpoint,hepatotoxicity,hepatotoxicity,hepatic,hepatic,,,full_text_experimental_context_needs_curator_resolution,,,,,,,,,,,,,,,,,,,,,,,,,,1,0,C,C,Introduction; paragraph 5,false,pending_pi_review,,machine_extracted_needs_human_verification,"Machine pre-curation only. Human curator must verify source anchor, molecule identity, assay context, endpoint, and grade before promotion.","Machine pre-curation only. Human curator must verify source anchor, molecule identity, assay context, endpoint, and grade before promotion.",intro_anchor_needs_primary_result; review_or_meta_analysis
1131,2697,1780,41480638,PMC12754785,10.1093/narcan/zcaf053,IGF1R-targeted delivery of a bridged nucleic acid oligonucleotide-peptide conjugate for microRNA-21 inhibition in triple-negative breast cancer.,NAR Cancer,2025,https://pubmed.ncbi.nlm.nih.gov/41480638/,toxicity,ASO,PubMed abstract sentence 11,toxicity;toxic,cache,research-article,,Results > Liver and kidney toxicity assessment of BND6482; paragraph 61,11b22be0822190dc,toxicity; toxic; kidney; liver; safety; antisense oligonucleotide; antisense; oligonucleotide; lna,IGF1R-targeted,,BND6482,ASO,,,,,{},toxicity_endpoint,hepatotoxicity,hepatotoxicity,hepatic,hepatic,,,full_text_experimental_context_needs_curator_resolution,mouse serum chemistry and liver/kidney immunohistochemistry,,EMT6 tumor-bearing female Balb/c mice treated with BND6482,mouse,serum; liver; kidney,5,mg/kg,,,,Results > Liver and kidney toxicity assessment of BND6482; paragraph 61,,,,,,no observed toxicity,,non-significant,,,,,,,1,0,B,B,Results > Liver and kidney toxicity assessment of BND6482; paragraph 61,true,accept,jie_ni,curator_verified,"Machine pre-curation only. Human curator must verify source anchor, molecule identity, assay context, endpoint, and grade before promotion.",Full text checked; Results section supports no significant liver or kidney toxicity markers for BND6482 at the tested dose.,none
1134,2704,1782,41446212,PMC12724171,10.64898/2025.12.17.693452,Evaluating the effects of aging on biodistribution and gene silencing activity of lipid-siRNA conjugates delivered into cerebrospinal fluid.,bioRxiv,2025,https://pubmed.ncbi.nlm.nih.gov/41446212/,toxicity,siRNA,PubMed abstract sentence 2,toxicity;toxic,cache,research-article,,Results > Safety assessments reveal L2-Htt is well tolerated in aged mice; paragraph 43,27f39429d563c168,toxicity; toxic; renal; kidney; liver; safety; sirna,,,L2-Htt,siRNA,,HTT,,,{},toxicity_endpoint,hepatotoxicity,safety/tolerability,hepatic,general safety,,,full_text_experimental_context_needs_curator_resolution,mouse ICV safety assessment with serum chemistry and cytokine profiling,,aged mice after CSF delivery of lipid-siRNA conjugate,mouse,cortex; serum; liver; kidney,15,nanomole,,,,Results > Safety assessments reveal L2-Htt is well tolerated in aged mice; paragraph 43,,,,,,no observed toxicity,,non-significant,,,,,,,1,0,B,B,Results > Safety assessments reveal L2-Htt is well tolerated in aged mice; paragraph 43,true,accept,jie_ni,curator_verified,"Machine pre-curation only. Human curator must verify source anchor, molecule identity, assay context, endpoint, and grade before promotion.","Full text checked; Results section supports L2-Htt/L2-siRNA tolerability in aged mice without systemic toxicity, neuroinflammation, or organ dysfunction.",none
1156,2760,1799,41050095,PMC12495476,10.1016/j.mtbio.2025.102314,pH-responsive 2D niobium carbide nanosheets for targeted circPUM1 siRNA delivery in ovarian cancer therapy.,Mater Today Bio,2025,https://pubmed.ncbi.nlm.nih.gov/41050095/,toxicity,siRNA,PubMed abstract sentence 6,toxicity;toxic,cache,research-article,,Results and discussion > In vitro antitumor performance of P-Nb2C@si-circPUM1 in ovarian cancer cells; paragraph 38,57deae165f529581,toxicity; toxic; safety; cytotoxicity,circPUM1,,,siRNA,,,,,{},toxicity_endpoint,safety/tolerability,safety/tolerability,general safety,general safety,,,full_text_experimental_context_needs_curator_resolution,,,,,,,,,,,,,,,,,,,,,,,,,,1,0,B,B,Results and discussion > In vitro antitumor performance of P-Nb2C@si-circPUM1 in ovarian cancer cells; paragraph 38,false,pending_pi_review,,machine_extracted_needs_human_verification,"Machine pre-curation only. Human curator must verify source anchor, molecule identity, assay context, endpoint, and grade before promotion.","Machine pre-curation only. Human curator must verify source anchor, molecule identity, assay context, endpoint, and grade before promotion.",discussion_or_conclusion_anchor
1187,2837,1822,40700483,PMC12285696,10.1126/sciadv.adv6990,Engineering hybrid nanoparticles for targeted codelivery of triptolide and CYP3A4-siRNA against pulmonary metastatic melanoma.,Sci Adv,2025,https://pubmed.ncbi.nlm.nih.gov/40700483/,toxicity,siRNA,PubMed abstract sentence 6,toxicity;toxic,cache,research-article,,RESULTS > Anti-PMM effect of TP-siRC@tHyNPs in vivo; paragraph 30,b3fcdfde934a2ba8,toxicity; toxic; hepatotoxicity; kidney; liver; safety; thrombocytopenia,CYP3A4-siRNA,,TP-siRC@tHyNPs (CYP3A4-siRNA),siRNA,,CYP3A4,,,{},toxicity_endpoint,hepatotoxicity,safety/tolerability,hepatic,general safety,,,full_text_experimental_context_needs_curator_resolution,28-day in vivo biocompatibility and serum chemistry study,,pulmonary metastatic melanoma mouse model treated with TP-siRC@tHyNPs,mouse,serum; lung; hematology,,,,,,RESULTS > Anti-PMM effect of TP-siRC@tHyNPs in vivo; paragraph 30,,,,,,mitigated,,descriptive,,,,,,,1,0,B,C,RESULTS > Anti-PMM effect of TP-siRC@tHyNPs in vivo; paragraph 30,true,accept,jie_ni,curator_verified,"Machine pre-curation only. Human curator must verify source anchor, molecule identity, assay context, endpoint, and grade before promotion.","Full text checked; Results section supports reduced systemic toxicity/biocompatibility of the CYP3A4-siRNA hybrid nanoparticle formulation, but evidence is formulation-level.",none
1218,2916,1846,40178922,PMC12233840,10.34067/KID.0000000771,Ameliorative Effect of an Anti-MicroRNA-21 Oligonucleotide on Animal and Human Models of Cystic Kidney Disease.,Kidney360,2025,https://pubmed.ncbi.nlm.nih.gov/40178922/,toxicity,ASO,PubMed abstract sentence 13,toxicity;toxic;hepatotoxicity,cache,research-article,,Results > Anti–miR-21-SNA Treatment Inhibits Kidney Cyst Growth; paragraph 32,3135cd9ec5c5da11,toxicity; toxic; hepatotoxicity; renal; kidney,,,anti-miR-21-SNA,ASO,,MIR21,,,{},toxicity_endpoint,hepatotoxicity,hepatotoxicity,hepatic,hepatic,,,full_text_experimental_context_needs_curator_resolution,pcy mouse blood chemistry safety assessment,,pcy cystic kidney mouse model after systemic anti-miR-21-SNA administration,mouse,blood; kidney,,,,,,Results > Anti–miR-21-SNA Treatment Inhibits Kidney Cyst Growth; paragraph 32,,,,,,no observed toxicity,,non-significant,,,,,,,1,0,B,B,Results > Anti–miR-21-SNA Treatment Inhibits Kidney Cyst Growth; paragraph 32,true,accept,jie_ni,curator_verified,"Machine pre-curation only. Human curator must verify source anchor, molecule identity, assay context, endpoint, and grade before promotion.",Full text checked; Results section supports anti-miR-21-SNA kidney efficacy with reduced BUN and no observed hepatotoxicity by AST/ALT.,none
1222,2922,1847,40161818,PMC11952343,10.1101/2025.03.09.642231,IGF1R-Targeted Delivery of a Bridged Nucleic Acid Oligonucleotide-Peptide Conjugate for MicroRNA-21 Inhibition in Triple-Negative Breast Cancer.,bioRxiv,2025,https://pubmed.ncbi.nlm.nih.gov/40161818/,toxicity,ASO,PubMed abstract sentence 8,toxicity;toxic,cache,research-article,,Abstract; paragraph 1,1fe193c643af6296,toxicity; toxic; kidney; liver; safety,IGF1R-Targeted,,,ASO,,,,,{},toxicity_endpoint,hepatotoxicity,hepatotoxicity,hepatic,hepatic,,,full_text_experimental_context_needs_curator_resolution,,,,,,,,,,,,,,,,,,,,,,,,,,1,0,B,B,Abstract; paragraph 1,false,pending_pi_review,,machine_extracted_needs_human_verification,"Machine pre-curation only. Human curator must verify source anchor, molecule identity, assay context, endpoint, and grade before promotion.","Machine pre-curation only. Human curator must verify source anchor, molecule identity, assay context, endpoint, and grade before promotion.",abstract_anchor_only
1538,3736,2096,41439881,PMC12730731,10.3390/biomimetics10120812,"Biocompatible Copolymerized Gold Nanoclusters: Anti-TNF-α siRNA Binding, Cellular Uptake, Cytotoxicity, Oxidative Stress and Cell Cycle Effects In Vitro.",Biomimetics (Basel),2025,https://pubmed.ncbi.nlm.nih.gov/41439881/,toxicity,siRNA,PubMed abstract sentence 6,toxicity;toxic,cache,research-article,,3. Results and Discussion > 3.3. Cytotoxicity Studies > 3.3.2. Apoptosis Studies; paragraph 43,053ba171fb17acba,toxicity; toxic; liver; cytotoxicity; sirna,,,,siRNA,,,,,{},toxicity_endpoint,hepatotoxicity,hepatotoxicity,hepatic,hepatic,,,full_text_experimental_context_needs_curator_resolution,,,,,,,,,,,,,,,,,,,,,,,,,,1,0,B,B,3. Results and Discussion > 3.3. Cytotoxicity Studies > 3.3.2. Apoptosis Studies; paragraph 43,false,pending_pi_review,,machine_extracted_needs_human_verification,"Machine pre-curation only. Human curator must verify source anchor, molecule identity, assay context, endpoint, and grade before promotion.","Machine pre-curation only. Human curator must verify source anchor, molecule identity, assay context, endpoint, and grade before promotion.",discussion_or_conclusion_anchor
1542,3744,2098,40911569,PMC12412931,10.1371/journal.pone.0327375,"Upscaling, toxicity and efficacy of multifaceted dressing embedded with dsirna-loaded gold nanoparticles for enhancing diabetic wound treatment.",PLoS One,2025,https://pubmed.ncbi.nlm.nih.gov/40911569/,toxicity,siRNA,PubMed abstract sentence 7,toxicity;toxic;adverse,cache,research-article,,3 Results and discussion > 3.7. Sub-acute skin toxicity of PF127 gel > 3.7.4. Assessment of hepatic enzyme markers.; paragraph 99,26a1d62c57715b19,toxicity; toxic; hepatotoxicity; liver; safety; sirna,,,,siRNA,,,,,{},toxicity_endpoint,hepatotoxicity,hepatotoxicity,hepatic,hepatic,,,full_text_experimental_context_needs_curator_resolution,,,,,,,,,,,,,,,,,,,,,,,,,,1,0,B,B,3 Results and discussion > 3.7. Sub-acute skin toxicity of PF127 gel > 3.7.4. Assessment of hepatic enzyme markers.; paragraph 99,false,pending_pi_review,,machine_extracted_needs_human_verification,"Machine pre-curation only. Human curator must verify source anchor, molecule identity, assay context, endpoint, and grade before promotion.","Machine pre-curation only. Human curator must verify source anchor, molecule identity, assay context, endpoint, and grade before promotion.",discussion_or_conclusion_anchor
1543,3747,2099,40800004,PMC12341522,10.1016/j.omton.2025.201020,Allele-specific depletion of GNAQ (Q209L) via siRNA or an rAAV2-shRNA vector induces selective toxicity in GNAQ (Q209L) uveal melanoma cells.,Mol Ther Oncol,2025,https://pubmed.ncbi.nlm.nih.gov/40800004/,toxicity,siRNA,PubMed abstract sentence 5,toxicity;toxic,cache,research-article,,Discussion; paragraph 21,f287b6816741932f,toxicity; toxic; liver; safety; sirna,rAAV2-shRNA,,,siRNA,,,,,{},toxicity_endpoint,hepatotoxicity,hepatotoxicity,hepatic,hepatic,,,full_text_experimental_context_needs_curator_resolution,,,,,,,,,,,,,,,,,,,,,,,,,,1,0,B,B,Discussion; paragraph 21,false,pending_pi_review,,machine_extracted_needs_human_verification,"Machine pre-curation only. Human curator must verify source anchor, molecule identity, assay context, endpoint, and grade before promotion.","Machine pre-curation only. Human curator must verify source anchor, molecule identity, assay context, endpoint, and grade before promotion.",discussion_or_conclusion_anchor
1849,4425,2285,40160160,PMC11955805,10.1111/cts.70207,"A First-In-Human Phase 1 Study to Evaluate the Safety and Tolerability of LEM-S401, a Novel siRNA-DegradaBALL Drug Targeting CTGF in Healthy Adults.",Clin Transl Sci,2025,https://pubmed.ncbi.nlm.nih.gov/40160160/,toxicity,siRNA,PubMed abstract sentence 4,safety;adverse;tolerability,cache,research-article,,Results > Safety and Tolerability; paragraph 24,5fd174cb46d11539,adverse; safety; tolerability,,,LEM-S401,siRNA,,CTGF,,,{},toxicity_endpoint,safety/tolerability,safety/tolerability,general safety,general safety,,,full_text_experimental_context_needs_curator_resolution,first-in-human phase 1 clinical safety analysis,,healthy adult volunteers receiving single-dose LEM-S401,human,healthy volunteers,,,,,,Results > Safety and Tolerability; paragraph 24,,,,,,increased,,descriptive,,,,,,,1,0,B,A,Results > Safety and Tolerability; paragraph 24,true,accept,jie_ni,curator_verified,"Machine pre-curation only. Human curator must verify source anchor, molecule identity, assay context, endpoint, and grade before promotion.",Full text checked; Results section supports LEM-S401 safety/tolerability evidence with dose-group injection-site adverse reactions and no clinically significant systemic findings.,none
1851,4429,2286,40116355,PMC11926758,10.1111/cts.70202,"Pharmacokinetics and Safety Profile of SNS812, a First in Human Fully Modified siRNA Targeting Wide-Spectrum SARS-CoV-2, in Healthy Subjects.",Clin Transl Sci,2025,https://pubmed.ncbi.nlm.nih.gov/40116355/,toxicity,siRNA,PubMed abstract sentence 3,safety;tolerability,cache,research-article,,article body; paragraph 2,97404ea298006a2e,liver; adverse; safety; tolerability; immunogenicity; sirna; rnai,SNS812,,,siRNA,,,,,{},toxicity_endpoint,hepatotoxicity,hepatotoxicity,hepatic,hepatic,,,full_text_experimental_context_needs_curator_resolution,,,,,,,,,,,,,,,,,,,,,,,,,,1,0,B,B,article body; paragraph 2,true,pending_pi_review,,machine_extracted_needs_human_verification,"Machine pre-curation only. Human curator must verify source anchor, molecule identity, assay context, endpoint, and grade before promotion.","Machine pre-curation only. Human curator must verify source anchor, molecule identity, assay context, endpoint, and grade before promotion.",none
2106,4992,2440,41256914,PMC12621563,10.1016/j.ijpx.2025.100428,Engineered extracellular vesicles demonstrate altered endocytosis and biodistribution and have superior oral siRNA delivery efficiency compared to lipid nanoparticles.,Int J Pharm X,2025,https://pubmed.ncbi.nlm.nih.gov/41256914/,toxicity,siRNA,PubMed abstract sentence 5,toxicity;toxic,cache,research-article,,Results and discussion > Effect of LNPs and EV-LNP hybrids on cell viability; paragraph 45,920f43e9a96d0098,toxicity; toxic; cytotoxicity,,,,siRNA,,,,,{},toxicity_endpoint,toxicity,toxicity,general toxicity,general toxicity,,,full_text_experimental_context_needs_curator_resolution,,,,,,,,,,,,,,,,,,,,,,,,,,1,0,B,B,Results and discussion > Effect of LNPs and EV-LNP hybrids on cell viability; paragraph 45,false,pending_pi_review,,machine_extracted_needs_human_verification,"Machine pre-curation only. Human curator must verify source anchor, molecule identity, assay context, endpoint, and grade before promotion.","Machine pre-curation only. Human curator must verify source anchor, molecule identity, assay context, endpoint, and grade before promotion.",discussion_or_conclusion_anchor
2112,5002,2442,41220634,PMC12599544,10.1039/d5ra05904f,"Enhancing the intracellular delivery of antisense oligonucleotides (ASO) : a comparative study of aptamer, vitamin E, and cholesterol ASO conjugates.",RSC Adv,2025,https://pubmed.ncbi.nlm.nih.gov/41220634/,toxicity,ASO,PubMed abstract sentence 6,toxicity;toxic,cache,research-article,,Results > Cytotoxicity of conjugates; paragraph 50,0c94bf4ad4fd35a9,toxicity; toxic; cytotoxicity; aso,,,,ASO,,,,,{},toxicity_endpoint,toxicity,toxicity,general toxicity,general toxicity,,,full_text_experimental_context_needs_curator_resolution,,,,,,,,,,,,,,,,,,,,,,,,,,1,0,B,B,Results > Cytotoxicity of conjugates; paragraph 50,true,pending_pi_review,,machine_extracted_needs_human_verification,"Machine pre-curation only. Human curator must verify source anchor, molecule identity, assay context, endpoint, and grade before promotion.","Machine pre-curation only. Human curator must verify source anchor, molecule identity, assay context, endpoint, and grade before promotion.",none
2142,5076,2464,40862077,PMC12371500,10.1021/acsnanoscienceau.4c00066,Lipid Nanoparticle Delivery of mRNA and siRNA for Concurrent Restoration of Tumor Suppressor and Inhibition of Tumorigenic Driver in Prostate Cancer.,ACS Nanosci Au,2025,https://pubmed.ncbi.nlm.nih.gov/40862077/,toxicity,siRNA,PubMed abstract sentence 6,toxicity;toxic,cache,research-article,,Results and Discussion > Optimization of LNP Formulation for Delivery of siRNA and mRNA; paragraph 16,9e3dc8c0e46a7744,toxicity; toxic; liver; cytotoxicity; sirna,,,,siRNA,,,,,{},toxicity_endpoint,hepatotoxicity,hepatotoxicity,hepatic,hepatic,,,full_text_experimental_context_needs_curator_resolution,,,,,,,,,,,,,,,,,,,,,,,,,,1,0,B,B,Results and Discussion > Optimization of LNP Formulation for Delivery of siRNA and mRNA; paragraph 16,false,pending_pi_review,,machine_extracted_needs_human_verification,"Machine pre-curation only. Human curator must verify source anchor, molecule identity, assay context, endpoint, and grade before promotion.","Machine pre-curation only. Human curator must verify source anchor, molecule identity, assay context, endpoint, and grade before promotion.",discussion_or_conclusion_anchor
2164,5136,2483,40604820,PMC12225093,10.1186/s12951-025-03529-1,Ultrasmall nanoparticles for co-delivery of antisense oligonucleotides targeting miR-21 and miR-210 to treat glioblastoma.,J Nanobiotechnology,2025,https://pubmed.ncbi.nlm.nih.gov/40604820/,toxicity,ASO,PubMed abstract sentence 8,toxicity;toxic,cache,research-article,,Introduction; paragraph 5,41ed86aed9e303a4,toxicity; toxic; liver; complement; antisense oligonucleotide; antisense; oligonucleotide; aso,,,,ASO,,,,,{},toxicity_endpoint,hepatotoxicity,hepatotoxicity,hepatic,hepatic,,,full_text_experimental_context_needs_curator_resolution,,,,,,,,,,,,,,,,,,,,,,,,,,1,0,B,B,Introduction; paragraph 5,false,pending_pi_review,,machine_extracted_needs_human_verification,"Machine pre-curation only. Human curator must verify source anchor, molecule identity, assay context, endpoint, and grade before promotion.","Machine pre-curation only. Human curator must verify source anchor, molecule identity, assay context, endpoint, and grade before promotion.",intro_anchor_needs_primary_result
2211,5243,2513,40166479,PMC11956074,10.3762/bjnano.16.34,Synthetic-polymer-assisted antisense oligonucleotide delivery: targeted approaches for precision disease treatment.,Beilstein J Nanotechnol,2025,https://pubmed.ncbi.nlm.nih.gov/40166479/,toxicity,ASO,PubMed abstract sentence 2,toxicity;toxic,cache,review-article,,Review > Synthetic polymers for enhanced ASOs delivery > Polyamines; paragraph 40,5d0e569466e5883e,toxicity; toxic; liver; adverse; cytotoxicity; antisense; oligonucleotide; aso; sirna; phosphorothioate,,,,ASO,,,,,{},toxicity_endpoint,hepatotoxicity,hepatotoxicity,hepatic,hepatic,,,full_text_experimental_context_needs_curator_resolution,,,,,,,,,,,,,,,,,,,,,,,,,,1,0,C,C,Review > Synthetic polymers for enhanced ASOs delivery > Polyamines; paragraph 40,false,pending_pi_review,,machine_extracted_needs_human_verification,"Machine pre-curation only. Human curator must verify source anchor, molecule identity, assay context, endpoint, and grade before promotion.","Machine pre-curation only. Human curator must verify source anchor, molecule identity, assay context, endpoint, and grade before promotion.",review_or_meta_analysis
2235,5293,2526,40006524,PMC11859093,10.3390/pharmaceutics17020157,Engineering Lipid Nanoparticles to Enhance Intracellular Delivery of Transforming Growth Factor-Beta siRNA (siTGF-β1) via Inhalation for Improving Pulmonary Fibrosis Post-Bleomycin Challenge.,Pharmaceutics,2025,https://pubmed.ncbi.nlm.nih.gov/40006524/,toxicity,siRNA,PubMed abstract sentence 5,toxicity;toxic,cache,research-article,,"3. Results and Discussion > 3.7. Toxicity Evaluation of Heart, Kidney, Liver, and Spleen; paragraph 55",17b6d20b12d690cc,toxicity; toxic; kidney; liver; safety,,,,siRNA,,,,,{},toxicity_endpoint,hepatotoxicity,hepatotoxicity,hepatic,hepatic,,,full_text_experimental_context_needs_curator_resolution,,,,,,,,,,,,,,,,,,,,,,,,,,1,0,B,B,"3. Results and Discussion > 3.7. Toxicity Evaluation of Heart, Kidney, Liver, and Spleen; paragraph 55",false,pending_pi_review,,machine_extracted_needs_human_verification,"Machine pre-curation only. Human curator must verify source anchor, molecule identity, assay context, endpoint, and grade before promotion.","Machine pre-curation only. Human curator must verify source anchor, molecule identity, assay context, endpoint, and grade before promotion.",discussion_or_conclusion_anchor
3372,8184,3403,41471333,PMC12736085,10.3390/ph18121844,Development of a Dual Gene-Targeted Multi-Sirna with Branched Structure and Its Role in the Therapy of Liver Cancer.,Pharmaceuticals (Basel),2025,https://pubmed.ncbi.nlm.nih.gov/41471333/,toxicity,siRNA,PubMed abstract sentence 4,toxicity;toxic,cache,research-article,,3. Discussion; paragraph 15,fd04e7ac4c07779f,toxicity; toxic; liver; immunogenicity; aso; sirna; rnai,,,,siRNA,,,,,{},toxicity_endpoint,hepatotoxicity,hepatotoxicity,hepatic,hepatic,,,full_text_experimental_context_needs_curator_resolution,,,,,,,,,,,,,,,,,,,,,,,,,,1,0,B,B,3. Discussion; paragraph 15,false,pending_pi_review,,machine_extracted_needs_human_verification,"Machine pre-curation only. Human curator must verify source anchor, molecule identity, assay context, endpoint, and grade before promotion.","Machine pre-curation only. Human curator must verify source anchor, molecule identity, assay context, endpoint, and grade before promotion.",discussion_or_conclusion_anchor
3376,8194,3406,41438365,PMC12719085,10.1016/j.omtn.2025.102776,The role of exosomes as oligonucleotide delivery system for managing α-synuclein in Parkinson's disease: A systematic review of in vivo studies.,Mol Ther Nucleic Acids,2025,https://pubmed.ncbi.nlm.nih.gov/41438365/,toxicity,ASO,PubMed abstract sentence 9,toxicity;toxic,cache,research-article,,Results > Animal motor performance; paragraph 26,a32be3add91bb381,toxicity; toxic; liver; cytotoxicity; oligonucleotide,,,,ASO,,,,,{},toxicity_endpoint,hepatotoxicity,hepatotoxicity,hepatic,hepatic,,,full_text_experimental_context_needs_curator_resolution,,,,,,,,,,,,,,,,,,,,,,,,,,1,0,B,B,Results > Animal motor performance; paragraph 26,false,pending_pi_review,,machine_extracted_needs_human_verification,"Machine pre-curation only. Human curator must verify source anchor, molecule identity, assay context, endpoint, and grade before promotion.","Machine pre-curation only. Human curator must verify source anchor, molecule identity, assay context, endpoint, and grade before promotion.",review_or_meta_analysis
3398,8248,3422,41361792,PMC12687539,10.1186/s12951-025-03827-8,Synergistic effect study on the co-delivery of paclitaxel and SiRNA targeting STMN1 based on MPDA nanoparticles in the therapy of ovarian cancer.,J Nanobiotechnology,2025,https://pubmed.ncbi.nlm.nih.gov/41361792/,toxicity,siRNA,PubMed abstract sentence 5,toxicity;toxic,cache,research-article,,Discussion; paragraph 34,0636a7b2d35890ba,toxicity; toxic; kidney; liver; sirna,STMN1,,,siRNA,,,,,{},toxicity_endpoint,hepatotoxicity,hepatotoxicity,hepatic,hepatic,,,full_text_experimental_context_needs_curator_resolution,,,,,,,,,,,,,,,,,,,,,,,,,,1,0,C,C,Discussion; paragraph 34,false,pending_pi_review,,machine_extracted_needs_human_verification,"Machine pre-curation only. Human curator must verify source anchor, molecule identity, assay context, endpoint, and grade before promotion.","Machine pre-curation only. Human curator must verify source anchor, molecule identity, assay context, endpoint, and grade before promotion.",discussion_or_conclusion_anchor
3407,8269,3428,41299672,PMC12837076,10.1186/s12951-025-03872-3,Peptide-modified phase-transition nanoparticles co-deliver FTO siRNA and Ce6 for sonodynamic metabolism-immunotherapy of melanoma.,J Nanobiotechnology,2025,https://pubmed.ncbi.nlm.nih.gov/41299672/,toxicity,siRNA,PubMed abstract sentence 9,toxicity;toxic,cache,research-article,,Conclusion; paragraph 41,fda1a908b59dd03d,toxicity; toxic; liver; cytotoxicity; aso; sirna,Ce6,,,siRNA,,,,,{},toxicity_endpoint,hepatotoxicity,hepatotoxicity,hepatic,hepatic,,,full_text_experimental_context_needs_curator_resolution,,,,,,,,,,,,,,,,,,,,,,,,,,1,0,B,B,Conclusion; paragraph 41,false,pending_pi_review,,machine_extracted_needs_human_verification,"Machine pre-curation only. Human curator must verify source anchor, molecule identity, assay context, endpoint, and grade before promotion.","Machine pre-curation only. Human curator must verify source anchor, molecule identity, assay context, endpoint, and grade before promotion.",discussion_or_conclusion_anchor
3414,8286,3433,41264094,PMC12698833,10.1007/s13402-025-01104-2,A Tumor-homing nanoplatform for the co-delivery of triptolide and siRNA-A4B2 conspicuously overcomes peritoneum metastasis of ovarian cancer.,Cell Oncol (Dordr),2025,https://pubmed.ncbi.nlm.nih.gov/41264094/,toxicity,siRNA,PubMed abstract sentence 4,toxicity;toxic,cache,research-article,,Results and discussions > Effect of si/TP@Exos on ovarian cancer cells; paragraph 40,9dd74abc9aeac3ca,toxic; kidney; liver,,,,siRNA,,,,,{},toxicity_endpoint,hepatotoxicity,hepatotoxicity,hepatic,hepatic,,,full_text_experimental_context_needs_curator_resolution,,,,,,,,,,,,,,,,,,,,,,,,,,1,0,B,B,Results and discussions > Effect of si/TP@Exos on ovarian cancer cells; paragraph 40,true,pending_pi_review,,machine_extracted_needs_human_verification,"Machine pre-curation only. Human curator must verify source anchor, molecule identity, assay context, endpoint, and grade before promotion.","Machine pre-curation only. Human curator must verify source anchor, molecule identity, assay context, endpoint, and grade before promotion.",none
3428,8326,3446,41186073,PMC12674264embargo-date: 2026/11/04,10.1080/17435889.2025.2574249,"Nanoemulsions as carriers for malignant brain tumors treatment: a scoping review on drugs, natural compounds, and siRNA delivery.",Nanomedicine (Lond),2025,https://pubmed.ncbi.nlm.nih.gov/41186073/,toxicity,siRNA,PubMed abstract sentence 6,toxicity;toxic,cache,review-article,,Abstract; paragraph 1,85ea4f64902055f6,toxicity; toxic; liver; safety; cytotoxicity; sirna,,,,siRNA,,,,,{},toxicity_endpoint,hepatotoxicity,hepatotoxicity,hepatic,hepatic,,,full_text_experimental_context_needs_curator_resolution,,,,,,,,,,,,,,,,,,,,,,,,,,1,0,C,C,Abstract; paragraph 1,false,pending_pi_review,,machine_extracted_needs_human_verification,"Machine pre-curation only. Human curator must verify source anchor, molecule identity, assay context, endpoint, and grade before promotion.","Machine pre-curation only. Human curator must verify source anchor, molecule identity, assay context, endpoint, and grade before promotion.",abstract_anchor_only; review_or_meta_analysis
3486,8478,3493,41007671,PMC12467891,10.3390/biomedicines13092108,Crossing Barriers: PEGylated Gold Nanoparticles as Promising Delivery Vehicles for siRNA Delivery in Alzheimer's Disease.,Biomedicines,2025,https://pubmed.ncbi.nlm.nih.gov/41007671/,toxicity,siRNA,PubMed abstract sentence 6,toxicity;toxic;dna damage,cache,research-article,,4. Discussion; paragraph 29,49f9ee01dcc04a50,toxicity; toxic; adverse; dna damage; cytotoxicity; sirna,,,,siRNA,,,,,{},toxicity_endpoint,DNA damage response,DNA damage response,genotoxicity,genotoxicity,,,full_text_experimental_context_needs_curator_resolution,,,,,,,,,,,,,,,,,,,,,,,,,,1,0,B,B,4. Discussion; paragraph 29,false,pending_pi_review,,machine_extracted_needs_human_verification,"Machine pre-curation only. Human curator must verify source anchor, molecule identity, assay context, endpoint, and grade before promotion.","Machine pre-curation only. Human curator must verify source anchor, molecule identity, assay context, endpoint, and grade before promotion.",discussion_or_conclusion_anchor
3491,8497,3500,40978531,PMC12447568,10.1016/j.omtn.2025.102671,Nose-to-brain siRNA delivery by PEI/PPI-based nanoparticles reduces α-synuclein expression in a Parkinson's disease mouse model.,Mol Ther Nucleic Acids,2025,https://pubmed.ncbi.nlm.nih.gov/40978531/,toxicity,siRNA,PubMed abstract sentence 5,toxicity;toxic,cache,research-article,,Results > PEI/PPI-based nanoparticles reveal low cytotoxic potential and polymer-dependently knock down SNCA mRNA in vitro; paragraph 6,a87c613aa872017c,toxicity; toxic; liver; cytotoxicity; sirna; small interfering rna,,,,siRNA,,,,,{},toxicity_endpoint,hepatotoxicity,hepatotoxicity,hepatic,hepatic,,,full_text_experimental_context_needs_curator_resolution,,,,,,,,,,,,,,,,,,,,,,,,,,1,0,B,B,Results > PEI/PPI-based nanoparticles reveal low cytotoxic potential and polymer-dependently knock down SNCA mRNA in vitro; paragraph 6,true,pending_pi_review,,machine_extracted_needs_human_verification,"Machine pre-curation only. Human curator must verify source anchor, molecule identity, assay context, endpoint, and grade before promotion.","Machine pre-curation only. Human curator must verify source anchor, molecule identity, assay context, endpoint, and grade before promotion.",none
3506,8532,3510,40943370,PMC12428409,10.3390/ijms26178448,Enhancing Antitumor Efficacy of MUC1 mRNA Nano-Vaccine by CTLA-4 siRNA-Mediated Immune Checkpoint Modulation in Triple Negative Breast Cancer Mice Model.,Int J Mol Sci,2025,https://pubmed.ncbi.nlm.nih.gov/40943370/,toxicity,siRNA,PubMed abstract sentence 8,toxicity;toxic,cache,research-article,,3. Discussion; paragraph 21,33d3ee46dc91f0f4,toxicity; toxic; liver; safety; cytotoxicity; immunogenicity,MUC1,,,siRNA,,,,,{},toxicity_endpoint,hepatotoxicity,hepatotoxicity,hepatic,hepatic,,,full_text_experimental_context_needs_curator_resolution,,,,,,,,,,,,,,,,,,,,,,,,,,1,0,B,B,3. Discussion; paragraph 21,false,pending_pi_review,,machine_extracted_needs_human_verification,"Machine pre-curation only. Human curator must verify source anchor, molecule identity, assay context, endpoint, and grade before promotion.","Machine pre-curation only. Human curator must verify source anchor, molecule identity, assay context, endpoint, and grade before promotion.",discussion_or_conclusion_anchor
3519,8559,3517,40919077,PMC12409438,10.1016/j.jhepr.2025.101516,Peginterferon-alpha-2a add-on to treatment with siRNA JNJ-73763989 in virologically suppressed chronic hepatitis B: The phase II PENGUIN study.,JHEP Rep,2025,https://pubmed.ncbi.nlm.nih.gov/40919077/,toxicity,siRNA,PubMed abstract sentence 5,safety;tolerability,cache,research-article,,Results > Safety; paragraph 22,68825431467e39a4,renal; adverse,,,,siRNA,,,,,{},toxicity_endpoint,renal safety,renal safety,renal,renal,,,full_text_experimental_context_needs_curator_resolution,,,,,,,,,,,,,,,,,,,,,,,,,,1,0,B,B,Results > Safety; paragraph 22,true,pending_pi_review,,machine_extracted_needs_human_verification,"Machine pre-curation only. Human curator must verify source anchor, molecule identity, assay context, endpoint, and grade before promotion.","Machine pre-curation only. Human curator must verify source anchor, molecule identity, assay context, endpoint, and grade before promotion.",none
3535,8599,3529,40898177,PMC12406594,10.1186/s12896-025-01000-5,Biomimetic nanoparticles coated with ScFv-modified macrophage membranes for siRNA delivery to relieve brain metastases of lung cancer.,BMC Biotechnol,2025,https://pubmed.ncbi.nlm.nih.gov/40898177/,toxicity,siRNA,PubMed abstract sentence 11,toxicity;toxic,cache,research-article,,Results > In vivo safety access; paragraph 30,62e7faadcc97ab3d,toxicity; toxic; renal; kidney; liver; safety,,,,siRNA,,,,,{},toxicity_endpoint,hepatotoxicity,hepatotoxicity,hepatic,hepatic,,,full_text_experimental_context_needs_curator_resolution,,,,,,,,,,,,,,,,,,,,,,,,,,1,0,B,B,Results > In vivo safety access; paragraph 30,true,pending_pi_review,,machine_extracted_needs_human_verification,"Machine pre-curation only. Human curator must verify source anchor, molecule identity, assay context, endpoint, and grade before promotion.","Machine pre-curation only. Human curator must verify source anchor, molecule identity, assay context, endpoint, and grade before promotion.",none
3601,8749,3571,40747059,PMC12308423,10.1021/jacsau.5c00474,Programmable Comodification of DNA Soccer Framework with Fluorocarbon and Aptamer for Efficient siRNA Delivery.,JACS Au,2025,https://pubmed.ncbi.nlm.nih.gov/40747059/,toxicity,siRNA,PubMed abstract sentence 6,toxicity;toxic,cache,research-article,,Results and Discussion; 5 caption,7d5a8cd8d747108b,toxicity; toxic; liver; cytotoxicity; sirna,,,,siRNA,,,,,{},toxicity_endpoint,hepatotoxicity,hepatotoxicity,hepatic,hepatic,,,full_text_experimental_context_needs_curator_resolution,,,,,,,,,,,,,,,,,,,,,,,,,,1,0,B,B,Results and Discussion; 5 caption,false,pending_pi_review,,machine_extracted_needs_human_verification,"Machine pre-curation only. Human curator must verify source anchor, molecule identity, assay context, endpoint, and grade before promotion.","Machine pre-curation only. Human curator must verify source anchor, molecule identity, assay context, endpoint, and grade before promotion.",discussion_or_conclusion_anchor
3607,8761,3574,40735032,PMC12305587,10.1016/j.jpha.2025.101203,pH-responsive biomimetic zeolitic imidazolate framework-based nanoparticles for co-delivery of cetuximab and siRNA in synergistic therapy of laryngeal squamous cell carcinoma.,J Pharm Anal,2025,https://pubmed.ncbi.nlm.nih.gov/40735032/,toxicity,siRNA,PubMed abstract sentence 7,toxicity;toxic;safety,cache,research-article,,"Results > In vitro evaluation of cytotoxicity, homologous targeting, and immune escape; paragraph 32",14d0d10a172d337a,toxicity; toxic; cytotoxicity; small interfering rna,,,,siRNA,,,,,{},toxicity_endpoint,toxicity,toxicity,general toxicity,general toxicity,,,full_text_experimental_context_needs_curator_resolution,,,,,,,,,,,,,,,,,,,,,,,,,,1,0,B,B,"Results > In vitro evaluation of cytotoxicity, homologous targeting, and immune escape; paragraph 32",true,pending_pi_review,,machine_extracted_needs_human_verification,"Machine pre-curation only. Human curator must verify source anchor, molecule identity, assay context, endpoint, and grade before promotion.","Machine pre-curation only. Human curator must verify source anchor, molecule identity, assay context, endpoint, and grade before promotion.",none
3633,8819,3590,40688667,PMC12274865,10.1016/j.mtbio.2025.102074,Hyaluronic acid-anchored nanoparticles co-delivering emodin and siRNA confers protection against rheumatoid arthritis via macrophage polarization.,Mater Today Bio,2025,https://pubmed.ncbi.nlm.nih.gov/40688667/,toxicity,siRNA,PubMed abstract sentence 8,toxicity;toxic;safety,cache,research-article,,Results > Assessment of biosafety in vivo; paragraph 42,b6b59d231821e94b,toxicity; toxic; renal; kidney; liver; safety; cytotoxicity,,,,siRNA,,,,,{},toxicity_endpoint,hepatotoxicity,hepatotoxicity,hepatic,hepatic,,,full_text_experimental_context_needs_curator_resolution,,,,,,,,,,,,,,,,,,,,,,,,,,1,0,B,B,Results > Assessment of biosafety in vivo; paragraph 42,true,pending_pi_review,,machine_extracted_needs_human_verification,"Machine pre-curation only. Human curator must verify source anchor, molecule identity, assay context, endpoint, and grade before promotion.","Machine pre-curation only. Human curator must verify source anchor, molecule identity, assay context, endpoint, and grade before promotion.",none
3647,8849,3598,40673060,PMC12264612,10.1016/j.omtm.2025.101513,A systemically deliverable lipid-conjugated siRNA targeting DUX4 as an facioscapulohumeral muscular dystrophy therapeutic.,Mol Ther Methods Clin Dev,2025,https://pubmed.ncbi.nlm.nih.gov/40673060/,toxicity,siRNA,PubMed abstract sentence 2,toxicity;toxic,cache,research-article,,Results > Subcutaneous delivery of DCA lipid-conjugated siRNADUX4 knocked down DUX4 target gene expression in FSHD patient muscle xenografts; paragraph 11,d06d44cc1bf9f484,toxicity; toxic; liver; sirna,DUX4,,,siRNA,,,,,{},toxicity_endpoint,hepatotoxicity,hepatotoxicity,hepatic,hepatic,,,full_text_experimental_context_needs_curator_resolution,,,,,,,,,,,,,,,,,,,,,,,,,,1,0,B,B,Results > Subcutaneous delivery of DCA lipid-conjugated siRNADUX4 knocked down DUX4 target gene expression in FSHD patient muscle xenografts; paragraph 11,true,pending_pi_review,,machine_extracted_needs_human_verification,"Machine pre-curation only. Human curator must verify source anchor, molecule identity, assay context, endpoint, and grade before promotion.","Machine pre-curation only. Human curator must verify source anchor, molecule identity, assay context, endpoint, and grade before promotion.",none
3658,8876,3606,40646074,PMC12254362,10.1038/s41598-025-10720-9,Nanocarrier mediated DOX/siRNA targeted co-delivery for synergistic treatment of cutaneous melanoma in outdoor athletes.,Sci Rep,2025,https://pubmed.ncbi.nlm.nih.gov/40646074/,toxicity,siRNA,PubMed abstract sentence 5,toxicity;toxic,cache,research-article,,Results > Cytotoxicity of siRNAIGF1R/DOX/FBqS NPs; paragraph 22,15c9a1a757eae746,toxicity; toxic; cytotoxicity; sirna; rnai,,,,siRNA,,,,,{},toxicity_endpoint,toxicity,toxicity,general toxicity,general toxicity,,,full_text_experimental_context_needs_curator_resolution,,,,,,,,,,,,,,,,,,,,,,,,,,1,0,B,B,Results > Cytotoxicity of siRNAIGF1R/DOX/FBqS NPs; paragraph 22,true,pending_pi_review,,machine_extracted_needs_human_verification,"Machine pre-curation only. Human curator must verify source anchor, molecule identity, assay context, endpoint, and grade before promotion.","Machine pre-curation only. Human curator must verify source anchor, molecule identity, assay context, endpoint, and grade before promotion.",none
3698,8962,3629,40573259,PMC12196244,10.3390/ph18060864,Engineering Lipid-Polymer Nanoparticles for siRNA Delivery to Cancer Cells.,Pharmaceuticals (Basel),2025,https://pubmed.ncbi.nlm.nih.gov/40573259/,toxicity,siRNA,PubMed abstract sentence 5,toxicity;toxic,cache,research-article,,2. Results and Discussion > 2.2. Cellular Internalization of siRNA Formulations; paragraph 11,ff70b02e298b2e0d,toxicity; toxic; hepatotoxicity; liver; sirna,,,,siRNA,,,,,{},toxicity_endpoint,hepatotoxicity,hepatotoxicity,hepatic,hepatic,,,full_text_experimental_context_needs_curator_resolution,,,,,,,,,,,,,,,,,,,,,,,,,,1,0,B,B,2. Results and Discussion > 2.2. Cellular Internalization of siRNA Formulations; paragraph 11,false,pending_pi_review,,machine_extracted_needs_human_verification,"Machine pre-curation only. Human curator must verify source anchor, molecule identity, assay context, endpoint, and grade before promotion.","Machine pre-curation only. Human curator must verify source anchor, molecule identity, assay context, endpoint, and grade before promotion.",discussion_or_conclusion_anchor
3751,9089,3666,40433119,PMC12106909,10.2147/IJN.S510514,Lipid-Coated Ag@MnO(2) Core-Shell Nanoparticles for Co-Delivery of Survivin siRNA in Breast Tumor Therapy.,Int J Nanomedicine,2025,https://pubmed.ncbi.nlm.nih.gov/40433119/,toxicity,siRNA,PubMed abstract sentence 5,toxicity;toxic,cache,research-article,,Results and Discussion > Biodistribution; paragraph 44,dedbd74b8c034318,toxicity; toxic; kidney; liver; safety,,,,siRNA,,,,,{},toxicity_endpoint,hepatotoxicity,hepatotoxicity,hepatic,hepatic,,,full_text_experimental_context_needs_curator_resolution,,,,,,,,,,,,,,,,,,,,,,,,,,1,0,B,B,Results and Discussion > Biodistribution; paragraph 44,false,pending_pi_review,,machine_extracted_needs_human_verification,"Machine pre-curation only. Human curator must verify source anchor, molecule identity, assay context, endpoint, and grade before promotion.","Machine pre-curation only. Human curator must verify source anchor, molecule identity, assay context, endpoint, and grade before promotion.",discussion_or_conclusion_anchor
3849,9335,3740,40046817,PMC11881639,10.2147/IJN.S497428,Injured Cardiac Tissue-Targeted Delivery of TGFβ1 siRNA by FAP Aptamer-Functionalized Extracellular Vesicles Promotes Cardiac Repair.,Int J Nanomedicine,2025,https://pubmed.ncbi.nlm.nih.gov/40046817/,toxicity,siRNA,PubMed abstract sentence 11,toxicity;toxic,cache,research-article,,Results > In vivo Safety of hEV@FAP-siTGFβ1; paragraph 42,dd38913c80be78ab,toxicity; toxic; kidney; liver; safety; sirna,,,,siRNA,,,,,{},toxicity_endpoint,hepatotoxicity,hepatotoxicity,hepatic,hepatic,,,full_text_experimental_context_needs_curator_resolution,,,,,,,,,,,,,,,,,,,,,,,,,,1,0,B,B,Results > In vivo Safety of hEV@FAP-siTGFβ1; paragraph 42,true,pending_pi_review,,machine_extracted_needs_human_verification,"Machine pre-curation only. Human curator must verify source anchor, molecule identity, assay context, endpoint, and grade before promotion.","Machine pre-curation only. Human curator must verify source anchor, molecule identity, assay context, endpoint, and grade before promotion.",none
3866,9374,3751,39980062,PMC11842220,10.1111/cts.70169,"Low Proarrhythmic Risk of Imetelstat, a Novel Oligonucleotide Telomerase Inhibitor: A Translational Analysis.",Clin Transl Sci,2025,https://pubmed.ncbi.nlm.nih.gov/39980062/,toxicity,ASO,PubMed abstract sentence 10,risk;proarrhythmic,cache,research-article,,Introduction; paragraph 4,210694a7523a1e25,toxicity; toxic; safety; tolerability,,,,ASO,,,,,{},toxicity_endpoint,safety/tolerability,safety/tolerability,general safety,general safety,,,full_text_experimental_context_needs_curator_resolution,,,,,,,,,,,,,,,,,,,,,,,,,,1,0,B,B,Introduction; paragraph 4,false,pending_pi_review,,machine_extracted_needs_human_verification,"Machine pre-curation only. Human curator must verify source anchor, molecule identity, assay context, endpoint, and grade before promotion.","Machine pre-curation only. Human curator must verify source anchor, molecule identity, assay context, endpoint, and grade before promotion.",intro_anchor_needs_primary_result
3877,9401,3759,39934917,PMC11816505,10.1186/s13287-025-04151-6,Development and evaluation of siRNA-mediated gene silencing strategies for ADO2 therapy utilizing iPSCs model and DMPC-SPIONs delivery system.,Stem Cell Res Ther,2025,https://pubmed.ncbi.nlm.nih.gov/39934917/,toxicity,siRNA,PubMed abstract sentence 5,toxicity;toxic,cache,brief-report,,Discussion; paragraph 15,d8279275436207b1,toxicity; toxic; liver; adverse; safety; cytotoxicity; sirna; rnai; galnac; phosphorothioate; lna,ADO2,,,siRNA,,,,,{},toxicity_endpoint,hepatotoxicity,hepatotoxicity,hepatic,hepatic,,,full_text_experimental_context_needs_curator_resolution,,,,,,,,,,,,,,,,,,,,,,,,,,1,0,B,B,Discussion; paragraph 15,false,pending_pi_review,,machine_extracted_needs_human_verification,"Machine pre-curation only. Human curator must verify source anchor, molecule identity, assay context, endpoint, and grade before promotion.","Machine pre-curation only. Human curator must verify source anchor, molecule identity, assay context, endpoint, and grade before promotion.",discussion_or_conclusion_anchor
8787,30941,12074,39829590,PMC11740622,10.1021/acsomega.4c08314,"Comparative Study of Functionalized Carbosilane Dendrimers for siRNA Delivery: Synthesis, Cytotoxicity, and Biophysical Properties.",ACS Omega,2025,https://pubmed.ncbi.nlm.nih.gov/39829590/,toxicity,siRNA,PubMed abstract sentence 4,toxicity;toxic,cache,research-article,,Results and Discussion > Cytotoxicity; paragraph 34,531265664997e4cd,toxicity; toxic; liver; cytotoxicity; immunogenicity; sirna,,,,siRNA,,,,,{},toxicity_endpoint,hepatotoxicity,hepatotoxicity,hepatic,hepatic,,,full_text_experimental_context_needs_curator_resolution,,,,,,,,,,,,,,,,,,,,,,,,,,1,0,B,B,Results and Discussion > Cytotoxicity; paragraph 34,false,pending_pi_review,,machine_extracted_needs_human_verification,"Machine pre-curation only. Human curator must verify source anchor, molecule identity, assay context, endpoint, and grade before promotion.","Machine pre-curation only. Human curator must verify source anchor, molecule identity, assay context, endpoint, and grade before promotion.",discussion_or_conclusion_anchor
9157,31847,12342,41304812,PMC12655120,10.3390/pharmaceutics17111476,Heterofunctional Cationic Polyester Dendrimers as Potent Nonviral Vectors for siRNA Delivery.,Pharmaceutics,2025,https://pubmed.ncbi.nlm.nih.gov/41304812/,toxicity,siRNA,PubMed abstract sentence 4,toxicity;toxic,cache,research-article,,3. Results and Discussion; paragraph 21,3cc1a2948ef0ada0,toxicity; toxic; neurotoxicity; safety; cytotoxicity,,,,siRNA,,,,,{},toxicity_endpoint,neurotoxicity,neurotoxicity,neurological,neurological,,,full_text_experimental_context_needs_curator_resolution,,,,,,,,,,,,,,,,,,,,,,,,,,1,0,B,B,3. Results and Discussion; paragraph 21,false,pending_pi_review,,machine_extracted_needs_human_verification,"Machine pre-curation only. Human curator must verify source anchor, molecule identity, assay context, endpoint, and grade before promotion.","Machine pre-curation only. Human curator must verify source anchor, molecule identity, assay context, endpoint, and grade before promotion.",discussion_or_conclusion_anchor
9266,32124,12426,39448881,PMC12018592manuscript-id: NIHMS2046510,10.1038/s41587-024-02448-0,Gold-siRNA supraclusters enhance the anti-tumor immune response of stereotactic ablative radiotherapy at primary and metastatic tumors.,Nat Biotechnol,2025,https://pubmed.ncbi.nlm.nih.gov/39448881/,toxicity,siRNA,PubMed abstract sentence 3,toxicity;toxic,cache,research-article,,Results > In vivo clearance and traceable delivery of supraclusters; paragraph 8,ae403fffb29fb54d,renal; kidney; liver,,,,siRNA,,,,,{},toxicity_endpoint,hepatotoxicity,hepatotoxicity,hepatic,hepatic,,,full_text_experimental_context_needs_curator_resolution,,,,,,,,,,,,,,,,,,,,,,,,,,1,0,B,B,Results > In vivo clearance and traceable delivery of supraclusters; paragraph 8,true,pending_pi_review,,machine_extracted_needs_human_verification,"Machine pre-curation only. Human curator must verify source anchor, molecule identity, assay context, endpoint, and grade before promotion.","Machine pre-curation only. Human curator must verify source anchor, molecule identity, assay context, endpoint, and grade before promotion.",none
19,35,1005,38204162,PMC10861989,10.1016/j.ymthe.2024.01.005,The landscape of nanoparticle-based siRNA delivery and therapeutic development.,Mol Ther,2024,https://pubmed.ncbi.nlm.nih.gov/38204162/,toxicity,siRNA,PubMed abstract sentence 2,toxicity;toxic;renal,cache,review-article,,Abstract; paragraph 1,9928682d89e5680b,toxicity; toxic; renal; liver; sirna; small interfering rna,,,,siRNA,,,,,{},toxicity_endpoint,hepatotoxicity,hepatotoxicity,hepatic,hepatic,,,full_text_experimental_context_needs_curator_resolution,,,,,,,,,,,,,,,,,,,,,,,,,,1,0,C,C,Abstract; paragraph 1,false,pending_pi_review,,machine_extracted_needs_human_verification,"Machine pre-curation only. Human curator must verify source anchor, molecule identity, assay context, endpoint, and grade before promotion.","Machine pre-curation only. Human curator must verify source anchor, molecule identity, assay context, endpoint, and grade before promotion.",abstract_anchor_only; review_or_meta_analysis
196,422,1110,38978695,PMC11229412,10.1016/j.omtn.2024.102161,"Favorable efficacy and reduced acute neurotoxicity by antisense oligonucleotides with 2',4'-BNA/LNA with 9-(aminoethoxy)phenoxazine.",Mol Ther Nucleic Acids,2024,https://pubmed.ncbi.nlm.nih.gov/38978695/,toxicity,ASO,PubMed abstract sentence 4,toxicity;toxic,cache,research-article,,Results > G-clamp modification in ASO targeting Malat1 RNA mitigates acute CNS toxicity of ASO; paragraph 11,ff3b12a0bba95b5d,toxicity; toxic; neurotoxicity; tolerability; aso; gapmer; lna,,,,ASO,,,,,{},toxicity_endpoint,neurotoxicity,neurotoxicity,neurological,neurological,,,full_text_experimental_context_needs_curator_resolution,,,,,,,,,,,,,,,,,,,,,,,,,,1,0,B,B,Results > G-clamp modification in ASO targeting Malat1 RNA mitigates acute CNS toxicity of ASO; paragraph 11,true,pending_pi_review,,machine_extracted_needs_human_verification,"Machine pre-curation only. Human curator must verify source anchor, molecule identity, assay context, endpoint, and grade before promotion.","Machine pre-curation only. Human curator must verify source anchor, molecule identity, assay context, endpoint, and grade before promotion.",none
207,443,1115,39554992,PMC11567125,10.1016/j.omtn.2024.102359,Preventing acute neurotoxicity of CNS therapeutic oligonucleotides with the addition of Ca(2+) and Mg(2+) in the formulation.,Mol Ther Nucleic Acids,2024,https://pubmed.ncbi.nlm.nih.gov/39554992/,toxicity,ASO,PubMed abstract sentence 2,toxicity;toxic,cache,research-article,,Results > Using aCSF+ reduces the acute neurotoxicity of CNS-administered ASOs; paragraph 26,77d0f2fa3a0231f7,toxicity; toxic; neurotoxicity; liver; safety; tolerability; antisense; oligonucleotide; aso; sirna; gapmer,,,,ASO,,,,,{},toxicity_endpoint,hepatotoxicity,hepatotoxicity,hepatic,hepatic,,,full_text_experimental_context_needs_curator_resolution,,,,,,,,,,,,,,,,,,,,,,,,,,1,0,B,B,Results > Using aCSF+ reduces the acute neurotoxicity of CNS-administered ASOs; paragraph 26,true,pending_pi_review,,machine_extracted_needs_human_verification,"Machine pre-curation only. Human curator must verify source anchor, molecule identity, assay context, endpoint, and grade before promotion.","Machine pre-curation only. Human curator must verify source anchor, molecule identity, assay context, endpoint, and grade before promotion.",none
209,447,1116,38895198,PMC11185713,10.1101/2024.06.06.597639,Preventing acute neurotoxicity of CNS therapeutic oligonucleotides with the addition of Ca(2+) and Mg(2+) in the formulation.,bioRxiv,2024,https://pubmed.ncbi.nlm.nih.gov/38895198/,toxicity,ASO,PubMed abstract sentence 2,toxicity;toxic,cache,research-article,,Results > Di-siRNA phosphorothioate content and structure have minimal impact on the divalent cation formulation necessary to prevent neurotoxicity.; paragraph 21,048a0aae7a3c911b,toxicity; toxic; hepatotoxicity; neurotoxicity; adverse; tolerability; oligonucleotide; aso; sirna,,,,ASO,,,,,{},toxicity_endpoint,hepatotoxicity,hepatotoxicity,hepatic,hepatic,,,full_text_experimental_context_needs_curator_resolution,,,,,,,,,,,,,,,,,,,,,,,,,,1,0,B,B,Results > Di-siRNA phosphorothioate content and structure have minimal impact on the divalent cation formulation necessary to prevent neurotoxicity.; paragraph 21,true,pending_pi_review,,machine_extracted_needs_human_verification,"Machine pre-curation only. Human curator must verify source anchor, molecule identity, assay context, endpoint, and grade before promotion.","Machine pre-curation only. Human curator must verify source anchor, molecule identity, assay context, endpoint, and grade before promotion.",none
242,518,1135,39119918,PMC11417397,10.1093/nar/gkae686,"Efficacy, biodistribution and safety comparison of chemically modified antisense oligonucleotides in the retina.",Nucleic Acids Res,2024,https://pubmed.ncbi.nlm.nih.gov/39119918/,toxicity,ASO,PubMed abstract sentence 2,toxicity;toxic,cache,research-article,,Discussion; paragraph 46,fc95aa1f3df372f3,toxicity; toxic; liver; cytotoxicity; oligonucleotide; aso,,,,ASO,,,,,{},toxicity_endpoint,hepatotoxicity,hepatotoxicity,hepatic,hepatic,,,full_text_experimental_context_needs_curator_resolution,,,,,,,,,,,,,,,,,,,,,,,,,,1,0,B,B,Discussion; paragraph 46,false,pending_pi_review,,machine_extracted_needs_human_verification,"Machine pre-curation only. Human curator must verify source anchor, molecule identity, assay context, endpoint, and grade before promotion.","Machine pre-curation only. Human curator must verify source anchor, molecule identity, assay context, endpoint, and grade before promotion.",discussion_or_conclusion_anchor
451,1031,1287,39335447,PMC11428300,10.3390/biomedicines12091933,Calcium-Enhanced Medium-Based Delivery of Splice Modulating Antisense Oligonucleotides in 2D and 3D hiPSC-Derived Neuronal Models.,Biomedicines,2024,https://pubmed.ncbi.nlm.nih.gov/39335447/,toxicity,ASO,PubMed abstract sentence 4,toxicity;toxic,cache,research-article,,4. Discussion; paragraph 29,8a1026d4040f0e9e,toxicity; toxic; liver; cytotoxicity; oligonucleotide; aso; phosphorothioate; locked nucleic acid; lna,,,,ASO,,,,,{},toxicity_endpoint,hepatotoxicity,hepatotoxicity,hepatic,hepatic,,,full_text_experimental_context_needs_curator_resolution,,,,,,,,,,,,,,,,,,,,,,,,,,1,0,B,B,4. Discussion; paragraph 29,false,pending_pi_review,,machine_extracted_needs_human_verification,"Machine pre-curation only. Human curator must verify source anchor, molecule identity, assay context, endpoint, and grade before promotion.","Machine pre-curation only. Human curator must verify source anchor, molecule identity, assay context, endpoint, and grade before promotion.",discussion_or_conclusion_anchor
629,1469,1417,38391508,PMC10885958,10.3390/antibiotics13020122,General and Specific Cytotoxicity of Chimeric Antisense Oligonucleotides in Bacterial Cells and Human Cell Lines.,Antibiotics (Basel),2024,https://pubmed.ncbi.nlm.nih.gov/38391508/,toxicity,ASO,PubMed abstract sentence 2,toxicity;toxic,cache,research-article,,3. Results > 3.3. Cell Growth Inhibition by Antisense Oligonucleotides; paragraph 19,a1e4cf0d38c45d12,toxicity; toxic; cytotoxicity; aso,,,,ASO,,,,,{},toxicity_endpoint,toxicity,toxicity,general toxicity,general toxicity,,,full_text_experimental_context_needs_curator_resolution,,,,,,,,,,,,,,,,,,,,,,,,,,1,0,B,B,3. Results > 3.3. Cell Growth Inhibition by Antisense Oligonucleotides; paragraph 19,true,pending_pi_review,,machine_extracted_needs_human_verification,"Machine pre-curation only. Human curator must verify source anchor, molecule identity, assay context, endpoint, and grade before promotion.","Machine pre-curation only. Human curator must verify source anchor, molecule identity, assay context, endpoint, and grade before promotion.",none
1278,3056,1886,39264964,PMC11421824,10.1371/journal.pntd.0012502,Development of a Lipid-encapsulated TGFβRI-siRNA Drug for Liver Fibrosis Induced by Schistosoma mansoni.,PLoS Negl Trop Dis,2024,https://pubmed.ncbi.nlm.nih.gov/39264964/,toxicity,siRNA,PubMed abstract sentence 10,toxicity;toxic,cache,research-article,,3. Results > 3.7. In vivo toxicity of LNP-siTGFβRI; paragraph 36,592cb815ff7613cb,toxicity; toxic; kidney; safety,,,,siRNA,,,,,{},toxicity_endpoint,renal safety,renal safety,renal,renal,,,full_text_experimental_context_needs_curator_resolution,,,,,,,,,,,,,,,,,,,,,,,,,,1,0,B,B,3. Results > 3.7. In vivo toxicity of LNP-siTGFβRI; paragraph 36,true,pending_pi_review,,machine_extracted_needs_human_verification,"Machine pre-curation only. Human curator must verify source anchor, molecule identity, assay context, endpoint, and grade before promotion.","Machine pre-curation only. Human curator must verify source anchor, molecule identity, assay context, endpoint, and grade before promotion.",none
1552,3766,2104,39539730,PMC11558258,10.1016/j.bioactmat.2024.06.008,Gelatin and lipidoid integrate to create gelasomes to enhance siRNA delivery with low toxicity.,Bioact Mater,2024,https://pubmed.ncbi.nlm.nih.gov/39539730/,toxicity,siRNA,PubMed abstract sentence 7,toxicity;toxic,cache,research-article,,Results and discussion > In vivo repeat dose toxicity of gelasomes; paragraph 55,ab520fedcd383cf2,toxicity; toxic; adverse; aso; sirna,,,,siRNA,,,,,{},toxicity_endpoint,safety/tolerability,safety/tolerability,general safety,general safety,,,full_text_experimental_context_needs_curator_resolution,,,,,,,,,,,,,,,,,,,,,,,,,,1,0,B,B,Results and discussion > In vivo repeat dose toxicity of gelasomes; paragraph 55,false,pending_pi_review,,machine_extracted_needs_human_verification,"Machine pre-curation only. Human curator must verify source anchor, molecule identity, assay context, endpoint, and grade before promotion.","Machine pre-curation only. Human curator must verify source anchor, molecule identity, assay context, endpoint, and grade before promotion.",discussion_or_conclusion_anchor
